[{"0.1": {"batsman": "DA Warner", "bowler": "SK Raina", "non_striker": "S Dhawan", "runs": {"batsman": 0, "extras": 0, "total": 0}}}, {"0.2": {"batsman": "DA Warner", "bowler": "SK Raina", "non_striker": "S Dhawan", "runs": {"batsman": 1, "extras": 0, "total": 1}}}, {"0.3": {"batsman": "S Dhawan", "bowler": "SK Raina", "non_striker": "DA Warner", "runs": {"batsman": 1, "extras": 0, "total": 1}}}, {"0.4": {"batsman": "DA Warner", "bowler": "SK Raina", "non_striker": "S Dhawan", "runs": {"batsman": 1, "extras": 0, "total": 1}}}, {"0.5": {"batsman": "S Dhawan", "bowler": "SK Raina", "non_striker": "DA Warner", "runs": {"batsman": 0, "extras": 0, "total": 0}}}, {"0.6": {"batsman": "S Dhawan", "bowler": "SK Raina", "non_striker": "DA Warner", "runs": {"batsman": 0, "extras": 0, "total": 0}}}, {"1.1": {"batsman": "DA Warner", "bowler": "P Kumar", "non_striker": "S Dhawan", "runs": {"batsman": 4, "extras": 0, "total": 4}}}, {"1.2": {"batsman": "DA Warner", "bowler": "P Kumar", "non_striker": "S Dhawan", "runs": {"batsman": 1, "extras": 0, "total": 1}}}, {"1.3": {"batsman": "S Dhawan", "bowler": "P Kumar", "non_striker": "DA Warner", "runs": {"batsman": 0, "extras": 0, "total": 0}}}, {"1.4": {"batsman": "S Dhawan", "bowler": "P Kumar", "non_striker": "DA Warner", "runs": {"batsman": 0, "extras": 0, "total": 0}}}, {"1.5": {"batsman": "S Dhawan", "bowler": "P Kumar", "non_striker": "DA Warner", "runs": {"batsman": 1, "extras": 0, "total": 1}}}, {"1.6": {"batsman": "DA Warner", "bowler": "P Kumar", "non_striker": "S Dhawan", "runs": {"batsman": 2, "extras": 0, "total": 2}}}, {"2.1": {"batsman": "S Dhawan", "bowler": "SK Raina", "non_striker": "DA Warner", "runs": {"batsman": 6, "extras": 0, "total": 6}}}, {"2.2": {"batsman": "S Dhawan", "bowler": "SK Raina", "non_striker": "DA Warner", "runs": {"batsman": 1, "extras": 0, "total": 1}}}, {"2.3": {"batsman": "DA Warner", "bowler": "SK Raina", "non_striker": "S Dhawan", "runs": {"batsman": 0, "extras": 0, "total": 0}}}, {"2.4": {"batsman": "DA Warner", "bowler": "SK Raina", "non_striker": "S Dhawan", "runs": {"batsman": 6, "extras": 0, "total": 6}}}, {"2.5": {"batsman": "DA Warner", "bowler": "SK Raina", "non_striker": "S Dhawan", "runs": {"batsman": 2, "extras": 0, "total": 2}}}, {"2.6": {"batsman": "DA Warner", "bowler": "SK Raina", "non_striker": "S Dhawan", "runs": {"batsman": 6, "extras": 0, "total": 6}}}, {"3.1": {"batsman": "S Dhawan", "bowler": "P Kumar", "non_striker": "DA Warner", "runs": {"batsman": 0, "extras": 0, "total": 0}, "wicket": {"fielders": ["BB McCullum"], "kind": "caught", "player_out": "S Dhawan"}}}, {"3.2": {"batsman": "MC Henriques", "bowler": "P Kumar", "non_striker": "DA Warner", "runs": {"batsman": 0, "extras": 0, "total": 0}}}, {"3.3": {"batsman": "MC Henriques", "bowler": "P Kumar", "non_striker": "DA Warner", "runs": {"batsman": 0, "extras": 0, "total": 0}}}, {"3.4": {"batsman": "MC Henriques", "bowler": "P Kumar", "non_striker": "DA Warner", "runs": {"batsman": 4, "extras": 0, "total": 4}}}, {"3.5": {"batsman": "MC Henriques", "bowler": "P Kumar", "non_striker": "DA Warner", "runs": {"batsman": 2, "extras": 0, "total": 2}}}, {"3.6": {"batsman": "MC Henriques", "bowler": "P Kumar", "non_striker": "DA Warner", "runs": {"batsman": 2, "extras": 0, "total": 2}}}, {"4.1": {"batsman": "DA Warner", "bowler": "Tejas Baroka", "non_striker": "MC Henriques", "runs": {"batsman": 4, "extras": 0, "total": 4}}}, {"4.2": {"batsman": "DA Warner", "bowler": "Tejas Baroka", "non_striker": "MC Henriques", "runs": {"batsman": 4, "extras": 0, "total": 4}}}, {"4.3": {"batsman": "DA Warner", "bowler": "Tejas Baroka", "non_striker": "MC Henriques", "runs": {"batsman": 0, "extras": 0, "total": 0}}}, {"4.4": {"batsman": "DA Warner", "bowler": "Tejas Baroka", "non_striker": "MC Henriques", "runs": {"batsman": 0, "extras": 0, "total": 0}}}, {"4.5": {"batsman": "DA Warner", "bowler": "Tejas Baroka", "non_striker": "MC Henriques", "runs": {"batsman": 0, "extras": 0, "total": 0}}}, {"4.6": {"batsman": "DA Warner", "bowler": "Tejas Baroka", "non_striker": "MC Henriques", "runs": {"batsman": 0, "extras": 0, "total": 0}}}, {"5.1": {"batsman": "MC Henriques", "bowler": "DS Kulkarni", "non_striker": "DA Warner", "runs": {"batsman": 0, "extras": 0, "total": 0}}}, {"5.2": {"batsman": "MC Henriques", "bowler": "DS Kulkarni", "non_striker": "DA Warner", "runs": {"batsman": 1, "extras": 0, "total": 1}}}, {"5.3": {"batsman": "DA Warner", "bowler": "DS Kulkarni", "non_striker": "MC Henriques", "runs": {"batsman": 1, "extras": 0, "total": 1}}}, {"5.4": {"batsman": "MC Henriques", "bowler": "DS Kulkarni", "non_striker": "DA Warner", "runs": {"batsman": 4, "extras": 0, "total": 4}}}, {"5.5": {"batsman": "MC Henriques", "bowler": "DS Kulkarni", "non_striker": "DA Warner", "runs": {"batsman": 4, "extras": 0, "total": 4}}}, {"5.6": {"batsman": "MC Henriques", "bowler": "DS Kulkarni", "non_striker": "DA Warner", "runs": {"batsman": 1, "extras": 0, "total": 1}}}, {"6.1": {"batsman": "MC Henriques", "bowler": "S Kaushik", "non_striker": "DA Warner", "runs": {"batsman": 0, "extras": 0, "total": 0}}}, {"6.2": {"batsman": "MC Henriques", "bowler": "S Kaushik", "non_striker": "DA Warner", "runs": {"batsman": 4, "extras": 0, "total": 4}}}, {"6.3": {"batsman": "MC Henriques", "bowler": "S Kaushik", "extras": {"wides": 1}, "non_striker": "DA Warner", "runs": {"batsman": 0, "extras": 1, "total": 1}}}, {"6.4": {"batsman": "MC Henriques", "bowler": "S Kaushik", "non_striker": "DA Warner", "runs": {"batsman": 2, "extras": 0, "total": 2}}}, {"6.5": {"batsman": "MC Henriques", "bowler": "S Kaushik", "non_striker": "DA Warner", "runs": {"batsman": 0, "extras": 0, "total": 0}}}, {"6.6": {"batsman": "MC Henriques", "bowler": "S Kaushik", "non_striker": "DA Warner", "runs": {"batsman": 0, "extras": 0, "total": 0}}}, {"6.7": {"batsman": "MC Henriques", "bowler": "S Kaushik", "non_striker": "DA Warner", "runs": {"batsman": 1, "extras": 0, "total": 1}}}, {"7.1": {"batsman": "MC Henriques", "bowler": "Tejas Baroka", "non_striker": "DA Warner", "runs": {"batsman": 1, "extras": 0, "total": 1}}}, {"7.2": {"batsman": "DA Warner", "bowler": "Tejas Baroka", "non_striker": "MC Henriques", "runs": {"batsman": 2, "extras": 0, "total": 2}}}, {"7.3": {"batsman": "DA Warner", "bowler": "Tejas Baroka", "non_striker": "MC Henriques", "runs": {"batsman": 0, "extras": 0, "total": 0}}}, {"7.4": {"batsman": "DA Warner", "bowler": "Tejas Baroka", "non_striker": "MC Henriques", "runs": {"batsman": 0, "extras": 0, "total": 0}}}, {"7.5": {"batsman": "DA Warner", "bowler": "Tejas Baroka", "non_striker": "MC Henriques", "runs": {"batsman": 1, "extras": 0, "total": 1}}}, {"7.6": {"batsman": "MC Henriques", "bowler": "Tejas Baroka", "non_striker": "DA Warner", "runs": {"batsman": 1, "extras": 0, "total": 1}}}, {"8.1": {"batsman": "MC Henriques", "bowler": "S Kaushik", "non_striker": "DA Warner", "runs": {"batsman": 0, "extras": 0, "total": 0}}}, {"8.2": {"batsman": "MC Henriques", "bowler": "S Kaushik", "non_striker": "DA Warner", "runs": {"batsman": 1, "extras": 0, "total": 1}}}, {"8.3": {"batsman": "DA Warner", "bowler": "S Kaushik", "non_striker": "MC Henriques", "runs": {"batsman": 1, "extras": 0, "total": 1}}}, {"8.4": {"batsman": "MC Henriques", "bowler": "S Kaushik", "non_striker": "DA Warner", "runs": {"batsman": 1, "extras": 0, "total": 1}}}, {"8.5": {"batsman": "DA Warner", "bowler": "S Kaushik", "non_striker": "MC Henriques", "runs": {"batsman": 0, "extras": 0, "total": 0}}}, {"8.6": {"batsman": "DA Warner", "bowler": "S Kaushik", "non_striker": "MC Henriques", "runs": {"batsman": 1, "extras": 0, "total": 1}}}, {"9.1": {"batsman": "DA Warner", "bowler": "Basil Thampi", "non_striker": "MC Henriques", "runs": {"batsman": 4, "extras": 0, "total": 4}}}, {"9.2": {"batsman": "DA Warner", "bowler": "Basil Thampi", "non_striker": "MC Henriques", "runs": {"batsman": 4, "extras": 0, "total": 4}}}, {"9.3": {"batsman": "DA Warner", "bowler": "Basil Thampi", "extras": {"wides": 1}, "non_striker": "MC Henriques", "runs": {"batsman": 0, "extras": 1, "total": 1}}}, {"9.4": {"batsman": "DA Warner", "bowler": "Basil Thampi", "non_striker": "MC Henriques", "runs": {"batsman": 2, "extras": 0, "total": 2}}}, {"9.5": {"batsman": "DA Warner", "bowler": "Basil Thampi", "non_striker": "MC Henriques", "runs": {"batsman": 0, "extras": 0, "total": 0}}}, {"9.6": {"batsman": "DA Warner", "bowler": "Basil Thampi", "non_striker": "MC Henriques", "runs": {"batsman": 1, "extras": 0, "total": 1}}}, {"9.7": {"batsman": "MC Henriques", "bowler": "Basil Thampi", "non_striker": "DA Warner", "runs": {"batsman": 1, "extras": 0, "total": 1}}}, {"10.1": {"batsman": "MC Henriques", "bowler": "S Kaushik", "non_striker": "DA Warner", "runs": {"batsman": 2, "extras": 0, "total": 2}}}, {"10.2": {"batsman": "MC Henriques", "bowler": "S Kaushik", "non_striker": "DA Warner", "runs": {"batsman": 1, "extras": 0, "total": 1}}}, {"10.3": {"batsman": "DA Warner", "bowler": "S Kaushik", "non_striker": "MC Henriques", "runs": {"batsman": 1, "extras": 0, "total": 1}}}, {"10.4": {"batsman": "MC Henriques", "bowler": "S Kaushik", "non_striker": "DA Warner", "runs": {"batsman": 0, "extras": 0, "total": 0}}}, {"10.5": {"batsman": "MC Henriques", "bowler": "S Kaushik", "non_striker": "DA Warner", "runs": {"batsman": 4, "extras": 0, "total": 4}}}, {"10.6": {"batsman": "MC Henriques", "bowler": "S Kaushik", "non_striker": "DA Warner", "runs": {"batsman": 4, "extras": 0, "total": 4}}}, {"11.1": {"batsman": "DA Warner", "bowler": "Basil Thampi", "non_striker": "MC Henriques", "runs": {"batsman": 4, "extras": 0, "total": 4}}}, {"11.2": {"batsman": "DA Warner", "bowler": "Basil Thampi", "extras": {"wides": 1}, "non_striker": "MC Henriques", "runs": {"batsman": 0, "extras": 1, "total": 1}}}, {"11.3": {"batsman": "DA Warner", "bowler": "Basil Thampi", "non_striker": "MC Henriques", "runs": {"batsman": 0, "extras": 0, "total": 0}}}, {"11.4": {"batsman": "DA Warner", "bowler": "Basil Thampi", "non_striker": "MC Henriques", "runs": {"batsman": 1, "extras": 0, "total": 1}}}, {"11.5": {"batsman": "MC Henriques", "bowler": "Basil Thampi", "non_striker": "DA Warner", "runs": {"batsman": 0, "extras": 0, "total": 0}}}, {"11.6": {"batsman": "MC Henriques", "bowler": "Basil Thampi", "non_striker": "DA Warner", "runs": {"batsman": 1, "extras": 0, "total": 1}}}, {"11.7": {"batsman": "DA Warner", "bowler": "Basil Thampi", "non_striker": "MC Henriques", "runs": {"batsman": 1, "extras": 0, "total": 1}}}, {"12.1": {"batsman": "DA Warner", "bowler": "Tejas Baroka", "non_striker": "MC Henriques", "runs": {"batsman": 6, "extras": 0, "total": 6}}}, {"12.2": {"batsman": "DA Warner", "bowler": "Tejas Baroka", "non_striker": "MC Henriques", "runs": {"batsman": 1, "extras": 0, "total": 1}}}, {"12.3": {"batsman": "MC Henriques", "bowler": "Tejas Baroka", "non_striker": "DA Warner", "runs": {"batsman": 1, "extras": 0, "total": 1}}}, {"12.4": {"batsman": "DA Warner", "bowler": "Tejas Baroka", "non_striker": "MC Henriques", "runs": {"batsman": 1, "extras": 0, "total": 1}}}, {"12.5": {"batsman": "MC Henriques", "bowler": "Tejas Baroka", "non_striker": "DA Warner", "runs": {"batsman": 1, "extras": 0, "total": 1}}}, {"12.6": {"batsman": "DA Warner", "bowler": "Tejas Baroka", "non_striker": "MC Henriques", "runs": {"batsman": 1, "extras": 0, "total": 1}}}, {"13.1": {"batsman": "DA Warner", "bowler": "DS Kulkarni", "non_striker": "MC Henriques", "runs": {"batsman": 1, "extras": 0, "total": 1}}}, {"13.2": {"batsman": "MC Henriques", "bowler": "DS Kulkarni", "non_striker": "DA Warner", "runs": {"batsman": 1, "extras": 0, "total": 1}}}, {"13.3": {"batsman": "DA Warner", "bowler": "DS Kulkarni", "non_striker": "MC Henriques", "runs": {"batsman": 0, "extras": 0, "total": 0}}}, {"13.4": {"batsman": "DA Warner", "bowler": "DS Kulkarni", "non_striker": "MC Henriques", "runs": {"batsman": 2, "extras": 0, "total": 2}}}, {"13.5": {"batsman": "DA Warner", "bowler": "DS Kulkarni", "non_striker": "MC Henriques", "runs": {"batsman": 1, "extras": 0, "total": 1}}}, {"13.6": {"batsman": "MC Henriques", "bowler": "DS Kulkarni", "non_striker": "DA Warner", "runs": {"batsman": 1, "extras": 0, "total": 1}}}, {"14.1": {"batsman": "MC Henriques", "bowler": "S Kaushik", "non_striker": "DA Warner", "runs": {"batsman": 1, "extras": 0, "total": 1}}}, {"14.2": {"batsman": "DA Warner", "bowler": "S Kaushik", "non_striker": "MC Henriques", "runs": {"batsman": 1, "extras": 0, "total": 1}}}, {"14.3": {"batsman": "MC Henriques", "bowler": "S Kaushik", "non_striker": "DA Warner", "runs": {"batsman": 1, "extras": 0, "total": 1}}}, {"14.4": {"batsman": "DA Warner", "bowler": "S Kaushik", "non_striker": "MC Henriques", "runs": {"batsman": 1, "extras": 0, "total": 1}}}, {"14.5": {"batsman": "MC Henriques", "bowler": "S Kaushik", "non_striker": "DA Warner", "runs": {"batsman": 0, "extras": 0, "total": 0}}}, {"14.6": {"batsman": "MC Henriques", "bowler": "S Kaushik", "non_striker": "DA Warner", "runs": {"batsman": 1, "extras": 0, "total": 1}}}, {"15.1": {"batsman": "MC Henriques", "bowler": "Tejas Baroka", "non_striker": "DA Warner", "runs": {"batsman": 2, "extras": 0, "total": 2}}}, {"15.2": {"batsman": "MC Henriques", "bowler": "Tejas Baroka", "non_striker": "DA Warner", "runs": {"batsman": 1, "extras": 0, "total": 1}}}, {"15.3": {"batsman": "DA Warner", "bowler": "Tejas Baroka", "non_striker": "MC Henriques", "runs": {"batsman": 6, "extras": 0, "total": 6}}}]