[{"0.1": {"batsman": "DA Warner", "bowler": "NM Coulter-Nile", "non_striker": "S Dhawan", "runs": {"batsman": 0, "extras": 0, "total": 0}}}, {"0.2": {"batsman": "DA Warner", "bowler": "NM Coulter-Nile", "non_striker": "S Dhawan", "runs": {"batsman": 2, "extras": 0, "total": 2}}}, {"0.3": {"batsman": "DA Warner", "bowler": "NM Coulter-Nile", "non_striker": "S Dhawan", "runs": {"batsman": 0, "extras": 0, "total": 0}}}, {"0.4": {"batsman": "DA Warner", "bowler": "NM Coulter-Nile", "non_striker": "S Dhawan", "runs": {"batsman": 4, "extras": 0, "total": 4}}}, {"0.5": {"batsman": "DA Warner", "bowler": "NM Coulter-Nile", "non_striker": "S Dhawan", "runs": {"batsman": 0, "extras": 0, "total": 0}}}, {"0.6": {"batsman": "DA Warner", "bowler": "NM Coulter-Nile", "non_striker": "S Dhawan", "runs": {"batsman": 0, "extras": 0, "total": 0}}}, {"1.1": {"batsman": "S Dhawan", "bowler": "UT Yadav", "non_striker": "DA Warner", "runs": {"batsman": 0, "extras": 0, "total": 0}}}, {"1.2": {"batsman": "S Dhawan", "bowler": "UT Yadav", "non_striker": "DA Warner", "runs": {"batsman": 1, "extras": 0, "total": 1}}}, {"1.3": {"batsman": "DA Warner", "bowler": "UT Yadav", "non_striker": "S Dhawan", "runs": {"batsman": 6, "extras": 0, "total": 6}}}, {"1.4": {"batsman": "DA Warner", "bowler": "UT Yadav", "non_striker": "S Dhawan", "runs": {"batsman": 1, "extras": 0, "total": 1}}}, {"1.5": {"batsman": "S Dhawan", "bowler": "UT Yadav", "non_striker": "DA Warner", "runs": {"batsman": 1, "extras": 0, "total": 1}}}, {"1.6": {"batsman": "DA Warner", "bowler": "UT Yadav", "non_striker": "S Dhawan", "runs": {"batsman": 3, "extras": 0, "total": 3}}}, {"2.1": {"batsman": "DA Warner", "bowler": "CR Woakes", "non_striker": "S Dhawan", "runs": {"batsman": 4, "extras": 0, "total": 4}}}, {"2.2": {"batsman": "DA Warner", "bowler": "CR Woakes", "non_striker": "S Dhawan", "runs": {"batsman": 6, "extras": 0, "total": 6}}}, {"2.3": {"batsman": "DA Warner", "bowler": "CR Woakes", "non_striker": "S Dhawan", "runs": {"batsman": 0, "extras": 0, "total": 0}}}, {"2.4": {"batsman": "DA Warner", "bowler": "CR Woakes", "non_striker": "S Dhawan", "runs": {"batsman": 1, "extras": 0, "total": 1}}}, {"2.5": {"batsman": "S Dhawan", "bowler": "CR Woakes", "non_striker": "DA Warner", "runs": {"batsman": 0, "extras": 0, "total": 0}}}, {"2.6": {"batsman": "S Dhawan", "bowler": "CR Woakes", "non_striker": "DA Warner", "runs": {"batsman": 6, "extras": 0, "total": 6}}}, {"3.1": {"batsman": "DA Warner", "bowler": "YK Pathan", "non_striker": "S Dhawan", "runs": {"batsman": 0, "extras": 0, "total": 0}}}, {"3.2": {"batsman": "DA Warner", "bowler": "YK Pathan", "non_striker": "S Dhawan", "runs": {"batsman": 4, "extras": 0, "total": 4}}}, {"3.3": {"batsman": "DA Warner", "bowler": "YK Pathan", "non_striker": "S Dhawan", "runs": {"batsman": 4, "extras": 0, "total": 4}}}, {"3.4": {"batsman": "DA Warner", "bowler": "YK Pathan", "non_striker": "S Dhawan", "runs": {"batsman": 6, "extras": 0, "total": 6}}}, {"3.5": {"batsman": "DA Warner", "bowler": "YK Pathan", "non_striker": "S Dhawan", "runs": {"batsman": 2, "extras": 0, "total": 2}}}, {"3.6": {"batsman": "DA Warner", "bowler": "YK Pathan", "non_striker": "S Dhawan", "runs": {"batsman": 1, "extras": 0, "total": 1}}}, {"4.1": {"batsman": "DA Warner", "bowler": "SP Narine", "non_striker": "S Dhawan", "runs": {"batsman": 6, "extras": 0, "total": 6}}}, {"4.2": {"batsman": "DA Warner", "bowler": "SP Narine", "extras": {"wides": 1}, "non_striker": "S Dhawan", "runs": {"batsman": 0, "extras": 1, "total": 1}}}, {"4.3": {"batsman": "DA Warner", "bowler": "SP Narine", "non_striker": "S Dhawan", "runs": {"batsman": 0, "extras": 0, "total": 0}}}, {"4.4": {"batsman": "DA Warner", "bowler": "SP Narine", "non_striker": "S Dhawan", "runs": {"batsman": 4, "extras": 0, "total": 4}}}, {"4.5": {"batsman": "DA Warner", "bowler": "SP Narine", "non_striker": "S Dhawan", "runs": {"batsman": 3, "extras": 0, "total": 3}}}, {"4.6": {"batsman": "S Dhawan", "bowler": "SP Narine", "non_striker": "DA Warner", "runs": {"batsman": 0, "extras": 0, "total": 0}}}, {"4.7": {"batsman": "S Dhawan", "bowler": "SP Narine", "non_striker": "DA Warner", "runs": {"batsman": 1, "extras": 0, "total": 1}}}, {"5.1": {"batsman": "S Dhawan", "bowler": "Kuldeep Yadav", "non_striker": "DA Warner", "runs": {"batsman": 4, "extras": 0, "total": 4}}}, {"5.2": {"batsman": "S Dhawan", "bowler": "Kuldeep Yadav", "non_striker": "DA Warner", "runs": {"batsman": 0, "extras": 0, "total": 0}}}, {"5.3": {"batsman": "S Dhawan", "bowler": "Kuldeep Yadav", "extras": {"wides": 2}, "non_striker": "DA Warner", "runs": {"batsman": 0, "extras": 2, "total": 2}}}, {"5.4": {"batsman": "DA Warner", "bowler": "Kuldeep Yadav", "non_striker": "S Dhawan", "runs": {"batsman": 4, "extras": 0, "total": 4}}}, {"5.5": {"batsman": "DA Warner", "bowler": "Kuldeep Yadav", "non_striker": "S Dhawan", "runs": {"batsman": 1, "extras": 0, "total": 1}}}, {"5.6": {"batsman": "S Dhawan", "bowler": "Kuldeep Yadav", "non_striker": "DA Warner", "runs": {"batsman": 0, "extras": 0, "total": 0}}}, {"5.7": {"batsman": "S Dhawan", "bowler": "Kuldeep Yadav", "extras": {"wides": 1}, "non_striker": "DA Warner", "runs": {"batsman": 0, "extras": 1, "total": 1}}}, {"5.8": {"batsman": "S Dhawan", "bowler": "Kuldeep Yadav", "non_striker": "DA Warner", "runs": {"batsman": 0, "extras": 0, "total": 0}}}, {"6.1": {"batsman": "DA Warner", "bowler": "UT Yadav", "non_striker": "S Dhawan", "runs": {"batsman": 6, "extras": 0, "total": 6}}}, {"6.2": {"batsman": "DA Warner", "bowler": "UT Yadav", "non_striker": "S Dhawan", "runs": {"batsman": 1, "extras": 0, "total": 1}}}, {"6.3": {"batsman": "S Dhawan", "bowler": "UT Yadav", "non_striker": "DA Warner", "runs": {"batsman": 0, "extras": 0, "total": 0}}}, {"6.4": {"batsman": "S Dhawan", "bowler": "UT Yadav", "non_striker": "DA Warner", "runs": {"batsman": 1, "extras": 0, "total": 1}}}, {"6.5": {"batsman": "DA Warner", "bowler": "UT Yadav", "non_striker": "S Dhawan", "runs": {"batsman": 0, "extras": 0, "total": 0}}}, {"6.6": {"batsman": "DA Warner", "bowler": "UT Yadav", "non_striker": "S Dhawan", "runs": {"batsman": 0, "extras": 0, "total": 0}}}, {"7.1": {"batsman": "S Dhawan", "bowler": "Kuldeep Yadav", "non_striker": "DA Warner", "runs": {"batsman": 1, "extras": 0, "total": 1}}}, {"7.2": {"batsman": "DA Warner", "bowler": "Kuldeep Yadav", "non_striker": "S Dhawan", "runs": {"batsman": 1, "extras": 0, "total": 1}}}, {"7.3": {"batsman": "S Dhawan", "bowler": "Kuldeep Yadav", "non_striker": "DA Warner", "runs": {"batsman": 1, "extras": 0, "total": 1}}}, {"7.4": {"batsman": "DA Warner", "bowler": "Kuldeep Yadav", "non_striker": "S Dhawan", "runs": {"batsman": 2, "extras": 0, "total": 2}}}, {"7.5": {"batsman": "DA Warner", "bowler": "Kuldeep Yadav", "non_striker": "S Dhawan", "runs": {"batsman": 1, "extras": 0, "total": 1}}}, {"7.6": {"batsman": "S Dhawan", "bowler": "Kuldeep Yadav", "non_striker": "DA Warner", "runs": {"batsman": 1, "extras": 0, "total": 1}}}, {"8.1": {"batsman": "S Dhawan", "bowler": "NM Coulter-Nile", "extras": {"legbyes": 1}, "non_striker": "DA Warner", "runs": {"batsman": 0, "extras": 1, "total": 1}}}, {"8.2": {"batsman": "DA Warner", "bowler": "NM Coulter-Nile", "non_striker": "S Dhawan", "runs": {"batsman": 1, "extras": 0, "total": 1}}}, {"8.3": {"batsman": "S Dhawan", "bowler": "NM Coulter-Nile", "extras": {"wides": 1}, "non_striker": "DA Warner", "runs": {"batsman": 0, "extras": 1, "total": 1}}}, {"8.4": {"batsman": "S Dhawan", "bowler": "NM Coulter-Nile", "non_striker": "DA Warner", "runs": {"batsman": 1, "extras": 0, "total": 1}}}, {"8.5": {"batsman": "DA Warner", "bowler": "NM Coulter-Nile", "non_striker": "S Dhawan", "runs": {"batsman": 6, "extras": 0, "total": 6}}}, {"8.6": {"batsman": "DA Warner", "bowler": "NM Coulter-Nile", "non_striker": "S Dhawan", "runs": {"batsman": 0, "extras": 0, "total": 0}}}, {"8.7": {"batsman": "DA Warner", "bowler": "NM Coulter-Nile", "non_striker": "S Dhawan", "runs": {"batsman": 1, "extras": 0, "total": 1}}}, {"9.1": {"batsman": "DA Warner", "bowler": "Kuldeep Yadav", "non_striker": "S Dhawan", "runs": {"batsman": 1, "extras": 0, "total": 1}}}, {"9.2": {"batsman": "S Dhawan", "bowler": "Kuldeep Yadav", "non_striker": "DA Warner", "runs": {"batsman": 0, "extras": 0, "total": 0}}}, {"9.3": {"batsman": "S Dhawan", "bowler": "Kuldeep Yadav", "non_striker": "DA Warner", "runs": {"batsman": 1, "extras": 0, "total": 1}}}, {"9.4": {"batsman": "DA Warner", "bowler": "Kuldeep Yadav", "non_striker": "S Dhawan", "runs": {"batsman": 4, "extras": 0, "total": 4}}}, {"9.5": {"batsman": "DA Warner", "bowler": "Kuldeep Yadav", "non_striker": "S Dhawan", "runs": {"batsman": 6, "extras": 0, "total": 6}}}, {"9.6": {"batsman": "DA Warner", "bowler": "Kuldeep Yadav", "non_striker": "S Dhawan", "runs": {"batsman": 6, "extras": 0, "total": 6}}}, {"10.1": {"batsman": "S Dhawan", "bowler": "UT Yadav", "non_striker": "DA Warner", "runs": {"batsman": 0, "extras": 0, "total": 0}}}, {"10.2": {"batsman": "S Dhawan", "bowler": "UT Yadav", "non_striker": "DA Warner", "runs": {"batsman": 0, "extras": 0, "total": 0}}}, {"10.3": {"batsman": "S Dhawan", "bowler": "UT Yadav", "non_striker": "DA Warner", "runs": {"batsman": 1, "extras": 0, "total": 1}}}, {"10.4": {"batsman": "DA Warner", "bowler": "UT Yadav", "non_striker": "S Dhawan", "runs": {"batsman": 0, "extras": 0, "total": 0}}}, {"10.5": {"batsman": "DA Warner", "bowler": "UT Yadav", "non_striker": "S Dhawan", "runs": {"batsman": 0, "extras": 0, "total": 0}}}, {"10.6": {"batsman": "DA Warner", "bowler": "UT Yadav", "non_striker": "S Dhawan", "runs": {"batsman": 2, "extras": 0, "total": 2}}}, {"11.1": {"batsman": "S Dhawan", "bowler": "SP Narine", "non_striker": "DA Warner", "runs": {"batsman": 1, "extras": 0, "total": 1}}}, {"11.2": {"batsman": "DA Warner", "bowler": "SP Narine", "non_striker": "S Dhawan", "runs": {"batsman": 1, "extras": 0, "total": 1}}}, {"11.3": {"batsman": "S Dhawan", "bowler": "SP Narine", "non_striker": "DA Warner", "runs": {"batsman": 1, "extras": 0, "total": 1}}}, {"11.4": {"batsman": "DA Warner", "bowler": "SP Narine", "non_striker": "S Dhawan", "runs": {"batsman": 1, "extras": 0, "total": 1}}}, {"11.5": {"batsman": "S Dhawan", "bowler": "SP Narine", "non_striker": "DA Warner", "runs": {"batsman": 1, "extras": 0, "total": 1}}}, {"11.6": {"batsman": "DA Warner", "bowler": "SP Narine", "non_striker": "S Dhawan", "runs": {"batsman": 2, "extras": 0, "total": 2}}}, {"12.1": {"batsman": "S Dhawan", "bowler": "CR Woakes", "non_striker": "DA Warner", "runs": {"batsman": 2, "extras": 0, "total": 2}}}, {"12.2": {"batsman": "S Dhawan", "bowler": "CR Woakes", "non_striker": "DA Warner", "runs": {"batsman": 4, "extras": 0, "total": 4}}}, {"12.3": {"batsman": "S Dhawan", "bowler": "CR Woakes", "non_striker": "DA Warner", "runs": {"batsman": 0, "extras": 0, "total": 0}}}, {"12.4": {"batsman": "S Dhawan", "bowler": "CR Woakes", "non_striker": "DA Warner", "runs": {"batsman": 0, "extras": 0, "total": 0}, "wicket": {"fielders": ["Kuldeep Yadav"], "kind": "run out", "player_out": "S Dhawan"}}}, {"12.5": {"batsman": "DA Warner", "bowler": "CR Woakes", "non_striker": "KS Williamson", "runs": {"batsman": 0, "extras": 0, "total": 0}}}, {"12.6": {"batsman": "DA Warner", "bowler": "CR Woakes", "non_striker": "KS Williamson", "runs": {"batsman": 1, "extras": 0, "total": 1}}}, {"13.1": {"batsman": "DA Warner", "bowler": "Kuldeep Yadav", "non_striker": "KS Williamson", "runs": {"batsman": 1, "extras": 0, "total": 1}}}, {"13.2": {"batsman": "KS Williamson", "bowler": "Kuldeep Yadav", "non_striker": "DA Warner", "runs": {"batsman": 0, "extras": 0, "total": 0}}}, {"13.3": {"batsman": "KS Williamson", "bowler": "Kuldeep Yadav", "non_striker": "DA Warner", "runs": {"batsman": 1, "extras": 0, "total": 1}}}, {"13.4": {"batsman": "DA Warner", "bowler": "Kuldeep Yadav", "non_striker": "KS Williamson", "runs": {"batsman": 2, "extras": 0, "total": 2}}}, {"13.5": {"batsman": "DA Warner", "bowler": "Kuldeep Yadav", "non_striker": "KS Williamson", "runs": {"batsman": 1, "extras": 0, "total": 1}}}, {"13.6": {"batsman": "KS Williamson", "bowler": "Kuldeep Yadav", "non_striker": "DA Warner", "runs": {"batsman": 1, "extras": 0, "total": 1}}}, {"14.1": {"batsman": "KS Williamson", "bowler": "UT Yadav", "non_striker": "DA Warner", "runs": {"batsman": 0, "extras": 0, "total": 0}}}, {"14.2": {"batsman": "KS Williamson", "bowler": "UT Yadav", "extras": {"legbyes": 1}, "non_striker": "DA Warner", "runs": {"batsman": 0, "extras": 1, "total": 1}}}, {"14.3": {"batsman": "DA Warner", "bowler": "UT Yadav", "non_striker": "KS Williamson", "runs": {"batsman": 1, "extras": 0, "total": 1}}}, {"14.4": {"batsman": "KS Williamson", "bowler": "UT Yadav", "non_striker": "DA Warner", "runs": {"batsman": 4, "extras": 0, "total": 4}}}, {"14.5": {"batsman": "KS Williamson", "bowler": "UT Yadav", "non_striker": "DA Warner", "runs": {"batsman": 2, "extras": 0, "total": 2}}}, {"14.6": {"batsman": "KS Williamson", "bowler": "UT Yadav", "non_striker": "DA Warner", "runs": {"batsman": 0, "extras": 0, "total": 0}}}, {"15.1": {"batsman": "DA Warner", "bowler": "SP Narine", "non_striker": "KS Williamson", "runs": {"batsman": 4, "extras": 0, "total": 4}}}, {"15.2": {"batsman": "DA Warner", "bowler": "SP Narine", "non_striker": "KS Williamson", "runs": {"batsman": 4, "extras": 0, "total": 4}}}, {"15.3": {"batsman": "DA Warner", "bowler": "SP Narine", "non_striker": "KS Williamson", "runs": {"batsman": 4, "extras": 0, "total": 4}}}, {"15.4": {"batsman": "DA Warner", "bowler": "SP Narine", "non_striker": "KS Williamson", "runs": {"batsman": 1, "extras": 0, "total": 1}}}, {"15.5": {"batsman": "KS Williamson", "bowler": "SP Narine", "non_striker": "DA Warner", "runs": {"batsman": 1, "extras": 0, "total": 1}}}, {"15.6": {"batsman": "DA Warner", "bowler": "SP Narine", "non_striker": "KS Williamson", "runs": {"batsman": 1, "extras": 0, "total": 1}}}, {"16.1": {"batsman": "DA Warner", "bowler": "CR Woakes", "non_striker": "KS Williamson", "runs": {"batsman": 2, "extras": 0, "total": 2}}}, {"16.2": {"batsman": "DA Warner", "bowler": "CR Woakes", "non_striker": "KS Williamson", "runs": {"batsman": 0, "extras": 0, "total": 0}, "wicket": {"fielders": ["G Gambhir"], "kind": "caught", "player_out": "DA Warner"}}}, {"16.3": {"batsman": "KS Williamson", "bowler": "CR Woakes", "non_striker": "Yuvraj Singh", "runs": {"batsman": 1, "extras": 0, "total": 1}}}, {"16.4": {"batsman": "Yuvraj Singh", "bowler": "CR Woakes", "non_striker": "KS Williamson", "runs": {"batsman": 1, "extras": 0, "total": 1}}}, {"16.5": {"batsman": "KS Williamson", "bowler": "CR Woakes", "non_striker": "Yuvraj Singh", "runs": {"batsman": 2, "extras": 0, "total": 2}}}, {"16.6": {"batsman": "KS Williamson", "bowler": "CR Woakes", "non_striker": "Yuvraj Singh", "runs": {"batsman": 0, "extras": 0, "total": 0}}}, {"17.1": {"batsman": "Yuvraj Singh", "bowler": "NM Coulter-Nile", "non_striker": "KS Williamson", "runs": {"batsman": 1, "extras": 0, "total": 1}}}, {"17.2": {"batsman": "KS Williamson", "bowler": "NM Coulter-Nile", "non_striker": "Yuvraj Singh", "runs": {"batsman": 1, "extras": 0, "total": 1}}}, {"17.3": {"batsman": "Yuvraj Singh", "bowler": "NM Coulter-Nile", "non_striker": "KS Williamson", "runs": {"batsman": 1, "extras": 0, "total": 1}}}, {"17.4": {"batsman": "KS Williamson", "bowler": "NM Coulter-Nile", "non_striker": "Yuvraj Singh", "runs": {"batsman": 2, "extras": 0, "total": 2}}}, {"17.5": {"batsman": "KS Williamson", "bowler": "NM Coulter-Nile", "non_striker": "Yuvraj Singh", "runs": {"batsman": 4, "extras": 0, "total": 4}}}, {"17.6": {"batsman": "KS Williamson", "bowler": "NM Coulter-Nile", "non_striker": "Yuvraj Singh", "runs": {"batsman": 2, "extras": 0, "total": 2}}}, {"18.1": {"batsman": "Yuvraj Singh", "bowler": "CR Woakes", "extras": {"wides": 1}, "non_striker": "KS Williamson", "runs": {"batsman": 0, "extras": 1, "total": 1}}}, {"18.2": {"batsman": "Yuvraj Singh", "bowler": "CR Woakes", "non_striker": "KS Williamson", "runs": {"batsman": 1, "extras": 0, "total": 1}}}, {"18.3": {"batsman": "KS Williamson", "bowler": "CR Woakes", "non_striker": "Yuvraj Singh", "runs": {"batsman": 0, "extras": 0, "total": 0}}}, {"18.4": {"batsman": "KS Williamson", "bowler": "CR Woakes", "non_striker": "Yuvraj Singh", "runs": {"batsman": 4, "extras": 0, "total": 4}}}, {"18.5": {"batsman": "KS Williamson", "bowler": "CR Woakes", "non_striker": "Yuvraj Singh", "runs": {"batsman": 2, "extras": 0, "total": 2}}}, {"18.6": {"batsman": "KS Williamson", "bowler": "CR Woakes", "non_striker": "Yuvraj Singh", "runs": {"batsman": 4, "extras": 0, "total": 4}}}, {"18.7": {"batsman": "KS Williamson", "bowler": "CR Woakes", "non_striker": "Yuvraj Singh", "runs": {"batsman": 4, "extras": 0, "total": 4}}}, {"19.1": {"batsman": "Yuvraj Singh", "bowler": "NM Coulter-Nile", "non_striker": "KS Williamson", "runs": {"batsman": 1, "extras": 0, "total": 1}}}, {"19.2": {"batsman": "KS Williamson", "bowler": "NM Coulter-Nile", "non_striker": "Yuvraj Singh", "runs": {"batsman": 2, "extras": 0, "total": 2}}}, {"19.3": {"batsman": "KS Williamson", "bowler": "NM Coulter-Nile", "non_striker": "Yuvraj Singh", "runs": {"batsman": 2, "extras": 0, "total": 2}}}, {"19.4": {"batsman": "KS Williamson", "bowler": "NM Coulter-Nile", "non_striker": "Yuvraj Singh", "runs": {"batsman": 0, "extras": 0, "total": 0}}}, {"19.5": {"batsman": "KS Williamson", "bowler": "NM Coulter-Nile", "non_striker": "Yuvraj Singh", "runs": {"batsman": 1, "extras": 0, "total": 1}}}, {"19.6": {"batsman": "Yuvraj Singh", "bowler": "NM Coulter-Nile", "non_striker": "KS Williamson", "runs": {"batsman": 1, "extras": 0, "total": 1}, "wicket": {"fielders": ["NM Coulter-Nile", "RV Uthappa"], "kind": "run out", "player_out": "KS Williamson"}}}]