[{"0.1": {"batsman": "JJ Roy", "bowler": "Bipul Sharma", "non_striker": "BB McCullum", "runs": {"batsman": 0, "extras": 0, "total": 0}}}, {"0.2": {"batsman": "JJ Roy", "bowler": "Bipul Sharma", "non_striker": "BB McCullum", "runs": {"batsman": 0, "extras": 0, "total": 0}}}, {"0.3": {"batsman": "JJ Roy", "bowler": "Bipul Sharma", "non_striker": "BB McCullum", "runs": {"batsman": 1, "extras": 0, "total": 1}}}, {"0.4": {"batsman": "BB McCullum", "bowler": "Bipul Sharma", "non_striker": "JJ Roy", "runs": {"batsman": 0, "extras": 0, "total": 0}}}, {"0.5": {"batsman": "BB McCullum", "bowler": "Bipul Sharma", "non_striker": "JJ Roy", "runs": {"batsman": 1, "extras": 0, "total": 1}}}, {"0.6": {"batsman": "JJ Roy", "bowler": "Bipul Sharma", "non_striker": "BB McCullum", "runs": {"batsman": 1, "extras": 0, "total": 1}}}, {"1.1": {"batsman": "JJ Roy", "bowler": "B Kumar", "non_striker": "BB McCullum", "runs": {"batsman": 0, "extras": 0, "total": 0}}}, {"1.2": {"batsman": "JJ Roy", "bowler": "B Kumar", "non_striker": "BB McCullum", "runs": {"batsman": 0, "extras": 0, "total": 0}}}, {"1.3": {"batsman": "JJ Roy", "bowler": "B Kumar", "non_striker": "BB McCullum", "runs": {"batsman": 4, "extras": 0, "total": 4}}}, {"1.4": {"batsman": "JJ Roy", "bowler": "B Kumar", "non_striker": "BB McCullum", "runs": {"batsman": 4, "extras": 0, "total": 4}}}, {"1.5": {"batsman": "JJ Roy", "bowler": "B Kumar", "non_striker": "BB McCullum", "runs": {"batsman": 1, "extras": 0, "total": 1}}}, {"1.6": {"batsman": "BB McCullum", "bowler": "B Kumar", "non_striker": "JJ Roy", "runs": {"batsman": 1, "extras": 0, "total": 1}}}, {"2.1": {"batsman": "BB McCullum", "bowler": "Bipul Sharma", "non_striker": "JJ Roy", "runs": {"batsman": 1, "extras": 0, "total": 1}}}, {"2.2": {"batsman": "JJ Roy", "bowler": "Bipul Sharma", "non_striker": "BB McCullum", "runs": {"batsman": 0, "extras": 0, "total": 0}}}, {"2.3": {"batsman": "JJ Roy", "bowler": "Bipul Sharma", "non_striker": "BB McCullum", "runs": {"batsman": 2, "extras": 0, "total": 2}}}, {"2.4": {"batsman": "JJ Roy", "bowler": "Bipul Sharma", "non_striker": "BB McCullum", "runs": {"batsman": 4, "extras": 0, "total": 4}}}, {"2.5": {"batsman": "JJ Roy", "bowler": "Bipul Sharma", "non_striker": "BB McCullum", "runs": {"batsman": 4, "extras": 0, "total": 4}}}, {"2.6": {"batsman": "JJ Roy", "bowler": "Bipul Sharma", "non_striker": "BB McCullum", "runs": {"batsman": 1, "extras": 0, "total": 1}}}, {"3.1": {"batsman": "JJ Roy", "bowler": "A Nehra", "non_striker": "BB McCullum", "runs": {"batsman": 0, "extras": 0, "total": 0}}}, {"3.2": {"batsman": "JJ Roy", "bowler": "A Nehra", "non_striker": "BB McCullum", "runs": {"batsman": 4, "extras": 0, "total": 4}}}, {"3.3": {"batsman": "JJ Roy", "bowler": "A Nehra", "non_striker": "BB McCullum", "runs": {"batsman": 1, "extras": 0, "total": 1}}}, {"3.4": {"batsman": "BB McCullum", "bowler": "A Nehra", "non_striker": "JJ Roy", "runs": {"batsman": 0, "extras": 0, "total": 0}}}, {"3.5": {"batsman": "BB McCullum", "bowler": "A Nehra", "extras": {"legbyes": 1}, "non_striker": "JJ Roy", "runs": {"batsman": 0, "extras": 1, "total": 1}}}, {"3.6": {"batsman": "JJ Roy", "bowler": "A Nehra", "non_striker": "BB McCullum", "runs": {"batsman": 1, "extras": 0, "total": 1}}}, {"4.1": {"batsman": "JJ Roy", "bowler": "Rashid Khan", "non_striker": "BB McCullum", "runs": {"batsman": 1, "extras": 0, "total": 1}}}, {"4.2": {"batsman": "BB McCullum", "bowler": "Rashid Khan", "non_striker": "JJ Roy", "runs": {"batsman": 0, "extras": 0, "total": 0}}}, {"4.3": {"batsman": "BB McCullum", "bowler": "Rashid Khan", "non_striker": "JJ Roy", "runs": {"batsman": 2, "extras": 0, "total": 2}}}, {"4.4": {"batsman": "BB McCullum", "bowler": "Rashid Khan", "non_striker": "JJ Roy", "runs": {"batsman": 0, "extras": 0, "total": 0}}}, {"4.5": {"batsman": "BB McCullum", "bowler": "Rashid Khan", "non_striker": "JJ Roy", "runs": {"batsman": 0, "extras": 0, "total": 0}, "wicket": {"kind": "lbw", "player_out": "BB McCullum"}}}, {"4.6": {"batsman": "SK Raina", "bowler": "Rashid Khan", "non_striker": "JJ Roy", "runs": {"batsman": 0, "extras": 0, "total": 0}}}, {"5.1": {"batsman": "JJ Roy", "bowler": "B Kumar", "non_striker": "SK Raina", "runs": {"batsman": 2, "extras": 0, "total": 2}}}, {"5.2": {"batsman": "JJ Roy", "bowler": "B Kumar", "non_striker": "SK Raina", "runs": {"batsman": 0, "extras": 0, "total": 0}, "wicket": {"fielders": ["S Dhawan"], "kind": "caught", "player_out": "JJ Roy"}}}, {"5.3": {"batsman": "AJ Finch", "bowler": "B Kumar", "non_striker": "SK Raina", "runs": {"batsman": 0, "extras": 0, "total": 0}}}, {"5.4": {"batsman": "AJ Finch", "bowler": "B Kumar", "extras": {"legbyes": 1}, "non_striker": "SK Raina", "runs": {"batsman": 0, "extras": 1, "total": 1}}}, {"5.5": {"batsman": "SK Raina", "bowler": "B Kumar", "non_striker": "AJ Finch", "runs": {"batsman": 1, "extras": 0, "total": 1}}}, {"5.6": {"batsman": "AJ Finch", "bowler": "B Kumar", "non_striker": "SK Raina", "runs": {"batsman": 1, "extras": 0, "total": 1}}}, {"6.1": {"batsman": "AJ Finch", "bowler": "Rashid Khan", "non_striker": "SK Raina", "runs": {"batsman": 2, "extras": 0, "total": 2}}}, {"6.2": {"batsman": "AJ Finch", "bowler": "Rashid Khan", "non_striker": "SK Raina", "runs": {"batsman": 0, "extras": 0, "total": 0}, "wicket": {"kind": "lbw", "player_out": "AJ Finch"}}}, {"6.3": {"batsman": "KD Karthik", "bowler": "Rashid Khan", "non_striker": "SK Raina", "runs": {"batsman": 1, "extras": 0, "total": 1}}}, {"6.4": {"batsman": "SK Raina", "bowler": "Rashid Khan", "non_striker": "KD Karthik", "runs": {"batsman": 1, "extras": 0, "total": 1}}}, {"6.5": {"batsman": "KD Karthik", "bowler": "Rashid Khan", "non_striker": "SK Raina", "runs": {"batsman": 1, "extras": 0, "total": 1}}}, {"6.6": {"batsman": "SK Raina", "bowler": "Rashid Khan", "non_striker": "KD Karthik", "runs": {"batsman": 1, "extras": 0, "total": 1}}}, {"7.1": {"batsman": "SK Raina", "bowler": "A Nehra", "non_striker": "KD Karthik", "runs": {"batsman": 1, "extras": 0, "total": 1}}}, {"7.2": {"batsman": "KD Karthik", "bowler": "A Nehra", "non_striker": "SK Raina", "runs": {"batsman": 4, "extras": 0, "total": 4}}}, {"7.3": {"batsman": "KD Karthik", "bowler": "A Nehra", "non_striker": "SK Raina", "runs": {"batsman": 2, "extras": 0, "total": 2}}}, {"7.4": {"batsman": "KD Karthik", "bowler": "A Nehra", "non_striker": "SK Raina", "runs": {"batsman": 0, "extras": 0, "total": 0}}}, {"7.5": {"batsman": "KD Karthik", "bowler": "A Nehra", "non_striker": "SK Raina", "runs": {"batsman": 1, "extras": 0, "total": 1}}}, {"7.6": {"batsman": "SK Raina", "bowler": "A Nehra", "non_striker": "KD Karthik", "runs": {"batsman": 0, "extras": 0, "total": 0}}}, {"8.1": {"batsman": "KD Karthik", "bowler": "Rashid Khan", "non_striker": "SK Raina", "runs": {"batsman": 0, "extras": 0, "total": 0}}}, {"8.2": {"batsman": "KD Karthik", "bowler": "Rashid Khan", "non_striker": "SK Raina", "runs": {"batsman": 0, "extras": 0, "total": 0}}}, {"8.3": {"batsman": "KD Karthik", "bowler": "Rashid Khan", "non_striker": "SK Raina", "runs": {"batsman": 1, "extras": 0, "total": 1}}}, {"8.4": {"batsman": "SK Raina", "bowler": "Rashid Khan", "non_striker": "KD Karthik", "runs": {"batsman": 1, "extras": 0, "total": 1}}}, {"8.5": {"batsman": "KD Karthik", "bowler": "Rashid Khan", "non_striker": "SK Raina", "runs": {"batsman": 1, "extras": 0, "total": 1}}}, {"8.6": {"batsman": "SK Raina", "bowler": "Rashid Khan", "non_striker": "KD Karthik", "runs": {"batsman": 0, "extras": 0, "total": 0}, "wicket": {"kind": "lbw", "player_out": "SK Raina"}}}, {"9.1": {"batsman": "KD Karthik", "bowler": "Bipul Sharma", "non_striker": "DR Smith", "runs": {"batsman": 0, "extras": 0, "total": 0}}}, {"9.2": {"batsman": "KD Karthik", "bowler": "Bipul Sharma", "non_striker": "DR Smith", "runs": {"batsman": 1, "extras": 0, "total": 1}}}, {"9.3": {"batsman": "DR Smith", "bowler": "Bipul Sharma", "non_striker": "KD Karthik", "runs": {"batsman": 1, "extras": 0, "total": 1}}}, {"9.4": {"batsman": "KD Karthik", "bowler": "Bipul Sharma", "non_striker": "DR Smith", "runs": {"batsman": 1, "extras": 0, "total": 1}}}, {"9.5": {"batsman": "DR Smith", "bowler": "Bipul Sharma", "non_striker": "KD Karthik", "runs": {"batsman": 0, "extras": 0, "total": 0}}}, {"9.6": {"batsman": "DR Smith", "bowler": "Bipul Sharma", "non_striker": "KD Karthik", "runs": {"batsman": 0, "extras": 0, "total": 0}}}, {"10.1": {"batsman": "KD Karthik", "bowler": "BCJ Cutting", "non_striker": "DR Smith", "runs": {"batsman": 1, "extras": 0, "total": 1}}}, {"10.2": {"batsman": "DR Smith", "bowler": "BCJ Cutting", "non_striker": "KD Karthik", "runs": {"batsman": 1, "extras": 0, "total": 1}}}, {"10.3": {"batsman": "KD Karthik", "bowler": "BCJ Cutting", "non_striker": "DR Smith", "runs": {"batsman": 1, "extras": 0, "total": 1}}}, {"10.4": {"batsman": "DR Smith", "bowler": "BCJ Cutting", "non_striker": "KD Karthik", "runs": {"batsman": 0, "extras": 0, "total": 0}}}, {"10.5": {"batsman": "DR Smith", "bowler": "BCJ Cutting", "non_striker": "KD Karthik", "runs": {"batsman": 4, "extras": 0, "total": 4}}}, {"10.6": {"batsman": "DR Smith", "bowler": "BCJ Cutting", "non_striker": "KD Karthik", "runs": {"batsman": 1, "extras": 0, "total": 1}}}, {"11.1": {"batsman": "DR Smith", "bowler": "Rashid Khan", "non_striker": "KD Karthik", "runs": {"batsman": 2, "extras": 0, "total": 2}}}, {"11.2": {"batsman": "DR Smith", "bowler": "Rashid Khan", "non_striker": "KD Karthik", "runs": {"batsman": 0, "extras": 0, "total": 0}}}, {"11.3": {"batsman": "DR Smith", "bowler": "Rashid Khan", "non_striker": "KD Karthik", "runs": {"batsman": 0, "extras": 0, "total": 0}}}, {"11.4": {"batsman": "DR Smith", "bowler": "Rashid Khan", "non_striker": "KD Karthik", "runs": {"batsman": 1, "extras": 0, "total": 1}}}, {"11.5": {"batsman": "KD Karthik", "bowler": "Rashid Khan", "non_striker": "DR Smith", "runs": {"batsman": 4, "extras": 0, "total": 4}}}, {"11.6": {"batsman": "KD Karthik", "bowler": "Rashid Khan", "non_striker": "DR Smith", "runs": {"batsman": 0, "extras": 0, "total": 0}}}, {"12.1": {"batsman": "DR Smith", "bowler": "MC Henriques", "non_striker": "KD Karthik", "runs": {"batsman": 4, "extras": 0, "total": 4}}}, {"12.2": {"batsman": "DR Smith", "bowler": "MC Henriques", "non_striker": "KD Karthik", "runs": {"batsman": 4, "extras": 0, "total": 4}}}, {"12.3": {"batsman": "DR Smith", "bowler": "MC Henriques", "non_striker": "KD Karthik", "runs": {"batsman": 1, "extras": 0, "total": 1}}}, {"12.4": {"batsman": "KD Karthik", "bowler": "MC Henriques", "non_striker": "DR Smith", "runs": {"batsman": 1, "extras": 0, "total": 1}}}, {"12.5": {"batsman": "DR Smith", "bowler": "MC Henriques", "non_striker": "KD Karthik", "runs": {"batsman": 1, "extras": 0, "total": 1}}}, {"12.6": {"batsman": "KD Karthik", "bowler": "MC Henriques", "non_striker": "DR Smith", "runs": {"batsman": 1, "extras": 0, "total": 1}}}, {"13.1": {"batsman": "KD Karthik", "bowler": "A Nehra", "non_striker": "DR Smith", "runs": {"batsman": 1, "extras": 0, "total": 1}}}, {"13.2": {"batsman": "DR Smith", "bowler": "A Nehra", "non_striker": "KD Karthik", "runs": {"batsman": 0, "extras": 0, "total": 0}}}, {"13.3": {"batsman": "DR Smith", "bowler": "A Nehra", "non_striker": "KD Karthik", "runs": {"batsman": 0, "extras": 0, "total": 0}}}, {"13.4": {"batsman": "DR Smith", "bowler": "A Nehra", "non_striker": "KD Karthik", "runs": {"batsman": 1, "extras": 0, "total": 1}}}, {"13.5": {"batsman": "KD Karthik", "bowler": "A Nehra", "non_striker": "DR Smith", "runs": {"batsman": 1, "extras": 0, "total": 1}}}, {"13.6": {"batsman": "DR Smith", "bowler": "A Nehra", "non_striker": "KD Karthik", "runs": {"batsman": 6, "extras": 0, "total": 6}}}, {"14.1": {"batsman": "KD Karthik", "bowler": "Bipul Sharma", "non_striker": "DR Smith", "runs": {"batsman": 1, "extras": 0, "total": 1}}}, {"14.2": {"batsman": "DR Smith", "bowler": "Bipul Sharma", "non_striker": "KD Karthik", "runs": {"batsman": 1, "extras": 0, "total": 1}}}, {"14.3": {"batsman": "KD Karthik", "bowler": "Bipul Sharma", "non_striker": "DR Smith", "runs": {"batsman": 1, "extras": 0, "total": 1}}}, {"14.4": {"batsman": "DR Smith", "bowler": "Bipul Sharma", "non_striker": "KD Karthik", "runs": {"batsman": 1, "extras": 0, "total": 1}}}, {"14.5": {"batsman": "KD Karthik", "bowler": "Bipul Sharma", "non_striker": "DR Smith", "runs": {"batsman": 1, "extras": 0, "total": 1}}}, {"14.6": {"batsman": "DR Smith", "bowler": "Bipul Sharma", "non_striker": "KD Karthik", "runs": {"batsman": 1, "extras": 0, "total": 1}}}, {"15.1": {"batsman": "DR Smith", "bowler": "BCJ Cutting", "non_striker": "KD Karthik", "runs": {"batsman": 1, "extras": 0, "total": 1}}}, {"15.2": {"batsman": "KD Karthik", "bowler": "BCJ Cutting", "non_striker": "DR Smith", "runs": {"batsman": 1, "extras": 0, "total": 1}}}, {"15.3": {"batsman": "DR Smith", "bowler": "BCJ Cutting", "non_striker": "KD Karthik", "runs": {"batsman": 4, "extras": 0, "total": 4}}}, {"15.4": {"batsman": "DR Smith", "bowler": "BCJ Cutting", "non_striker": "KD Karthik", "runs": {"batsman": 1, "extras": 0, "total": 1}}}, {"15.5": {"batsman": "KD Karthik", "bowler": "BCJ Cutting", "non_striker": "DR Smith", "runs": {"batsman": 0, "extras": 0, "total": 0}}}, {"15.6": {"batsman": "KD Karthik", "bowler": "BCJ Cutting", "non_striker": "DR Smith", "runs": {"batsman": 1, "extras": 0, "total": 1}}}, {"16.1": {"batsman": "KD Karthik", "bowler": "B Kumar", "non_striker": "DR Smith", "runs": {"batsman": 1, "extras": 0, "total": 1}}}, {"16.2": {"batsman": "DR Smith", "bowler": "B Kumar", "non_striker": "KD Karthik", "runs": {"batsman": 1, "extras": 0, "total": 1}}}, {"16.3": {"batsman": "KD Karthik", "bowler": "B Kumar", "non_striker": "DR Smith", "runs": {"batsman": 1, "extras": 0, "total": 1}}}, {"16.4": {"batsman": "DR Smith", "bowler": "B Kumar", "non_striker": "KD Karthik", "runs": {"batsman": 0, "extras": 0, "total": 0}, "wicket": {"fielders": ["V Shankar (sub)"], "kind": "caught", "player_out": "DR Smith"}}}, {"16.5": {"batsman": "KD Karthik", "bowler": "B Kumar", "non_striker": "DS Kulkarni", "runs": {"batsman": 0, "extras": 0, "total": 0}}}, {"16.6": {"batsman": "KD Karthik", "bowler": "B Kumar", "non_striker": "DS Kulkarni", "runs": {"batsman": 0, "extras": 0, "total": 0}}}, {"17.1": {"batsman": "DS Kulkarni", "bowler": "A Nehra", "non_striker": "KD Karthik", "runs": {"batsman": 1, "extras": 0, "total": 1}}}, {"17.2": {"batsman": "KD Karthik", "bowler": "A Nehra", "non_striker": "DS Kulkarni", "runs": {"batsman": 0, "extras": 0, "total": 0}, "wicket": {"fielders": ["NV Ojha"], "kind": "caught", "player_out": "KD Karthik"}}}, {"17.3": {"batsman": "P Kumar", "bowler": "A Nehra", "non_striker": "DS Kulkarni", "runs": {"batsman": 1, "extras": 0, "total": 1}}}, {"17.4": {"batsman": "DS Kulkarni", "bowler": "A Nehra", "non_striker": "P Kumar", "runs": {"batsman": 0, "extras": 0, "total": 0}, "wicket": {"fielders": ["Rashid Khan"], "kind": "run out", "player_out": "DS Kulkarni"}}}, {"17.5": {"batsman": "Basil Thampi", "bowler": "A Nehra", "non_striker": "P Kumar", "runs": {"batsman": 1, "extras": 0, "total": 1}}}, {"17.6": {"batsman": "P Kumar", "bowler": "A Nehra", "non_striker": "Basil Thampi", "runs": {"batsman": 1, "extras": 0, "total": 1}}}, {"18.1": {"batsman": "P Kumar", "bowler": "BCJ Cutting", "non_striker": "Basil Thampi", "runs": {"batsman": 1, "extras": 0, "total": 1}}}, {"18.2": {"batsman": "Basil Thampi", "bowler": "BCJ Cutting", "non_striker": "P Kumar", "runs": {"batsman": 1, "extras": 0, "total": 1}}}, {"18.3": {"batsman": "P Kumar", "bowler": "BCJ Cutting", "non_striker": "Basil Thampi", "runs": {"batsman": 1, "extras": 0, "total": 1}}}, {"18.4": {"batsman": "Basil Thampi", "bowler": "BCJ Cutting", "non_striker": "P Kumar", "runs": {"batsman": 6, "extras": 0, "total": 6}}}, {"18.5": {"batsman": "Basil Thampi", "bowler": "BCJ Cutting", "non_striker": "P Kumar", "runs": {"batsman": 2, "extras": 0, "total": 2}}}, {"18.6": {"batsman": "Basil Thampi", "bowler": "BCJ Cutting", "non_striker": "P Kumar", "runs": {"batsman": 2, "extras": 0, "total": 2}}}, {"19.1": {"batsman": "P Kumar", "bowler": "B Kumar", "non_striker": "Basil Thampi", "runs": {"batsman": 1, "extras": 0, "total": 1}}}, {"19.2": {"batsman": "Basil Thampi", "bowler": "B Kumar", "extras": {"byes": 1}, "non_striker": "P Kumar", "runs": {"batsman": 0, "extras": 1, "total": 1}}}, {"19.3": {"batsman": "P Kumar", "bowler": "B Kumar", "non_striker": "Basil Thampi", "runs": {"batsman": 1, "extras": 0, "total": 1}}}, {"19.4": {"batsman": "Basil Thampi", "bowler": "B Kumar", "non_striker": "P Kumar", "runs": {"batsman": 1, "extras": 0, "total": 1}}}, {"19.5": {"batsman": "P Kumar", "bowler": "B Kumar", "non_striker": "Basil Thampi", "runs": {"batsman": 1, "extras": 0, "total": 1}}}, {"19.6": {"batsman": "Basil Thampi", "bowler": "B Kumar", "non_striker": "P Kumar", "runs": {"batsman": 0, "extras": 0, "total": 0}}}]