[{"0.1": {"batsman": "CH Gayle", "bowler": "NM Coulter-Nile", "extras": {"noballs": 1}, "non_striker": "V Kohli", "runs": {"batsman": 0, "extras": 1, "total": 1}}}, {"0.2": {"batsman": "CH Gayle", "bowler": "NM Coulter-Nile", "non_striker": "V Kohli", "runs": {"batsman": 0, "extras": 0, "total": 0}}}, {"0.3": {"batsman": "CH Gayle", "bowler": "NM Coulter-Nile", "extras": {"legbyes": 1}, "non_striker": "V Kohli", "runs": {"batsman": 0, "extras": 1, "total": 1}}}, {"0.4": {"batsman": "V Kohli", "bowler": "NM Coulter-Nile", "non_striker": "CH Gayle", "runs": {"batsman": 0, "extras": 0, "total": 0}, "wicket": {"fielders": ["MK Pandey"], "kind": "caught", "player_out": "V Kohli"}}}, {"0.5": {"batsman": "Mandeep Singh", "bowler": "NM Coulter-Nile", "non_striker": "CH Gayle", "runs": {"batsman": 1, "extras": 0, "total": 1}}}, {"0.6": {"batsman": "CH Gayle", "bowler": "NM Coulter-Nile", "non_striker": "Mandeep Singh", "runs": {"batsman": 0, "extras": 0, "total": 0}}}, {"0.7": {"batsman": "CH Gayle", "bowler": "NM Coulter-Nile", "non_striker": "Mandeep Singh", "runs": {"batsman": 0, "extras": 0, "total": 0}}}, {"1.1": {"batsman": "Mandeep Singh", "bowler": "UT Yadav", "non_striker": "CH Gayle", "runs": {"batsman": 0, "extras": 0, "total": 0}}}, {"1.2": {"batsman": "Mandeep Singh", "bowler": "UT Yadav", "non_striker": "CH Gayle", "runs": {"batsman": 0, "extras": 0, "total": 0}, "wicket": {"fielders": ["MK Pandey"], "kind": "caught", "player_out": "Mandeep Singh"}}}, {"1.3": {"batsman": "AB de Villiers", "bowler": "UT Yadav", "non_striker": "CH Gayle", "runs": {"batsman": 0, "extras": 0, "total": 0}}}, {"1.4": {"batsman": "AB de Villiers", "bowler": "UT Yadav", "non_striker": "CH Gayle", "runs": {"batsman": 4, "extras": 0, "total": 4}}}, {"1.5": {"batsman": "AB de Villiers", "bowler": "UT Yadav", "non_striker": "CH Gayle", "runs": {"batsman": 0, "extras": 0, "total": 0}}}, {"1.6": {"batsman": "AB de Villiers", "bowler": "UT Yadav", "non_striker": "CH Gayle", "runs": {"batsman": 0, "extras": 0, "total": 0}}}, {"2.1": {"batsman": "CH Gayle", "bowler": "NM Coulter-Nile", "non_striker": "AB de Villiers", "runs": {"batsman": 1, "extras": 0, "total": 1}}}, {"2.2": {"batsman": "AB de Villiers", "bowler": "NM Coulter-Nile", "non_striker": "CH Gayle", "runs": {"batsman": 4, "extras": 0, "total": 4}}}, {"2.3": {"batsman": "AB de Villiers", "bowler": "NM Coulter-Nile", "non_striker": "CH Gayle", "runs": {"batsman": 0, "extras": 0, "total": 0}, "wicket": {"fielders": ["RV Uthappa"], "kind": "caught", "player_out": "AB de Villiers"}}}, {"2.4": {"batsman": "KM Jadhav", "bowler": "NM Coulter-Nile", "extras": {"noballs": 1}, "non_striker": "CH Gayle", "runs": {"batsman": 0, "extras": 1, "total": 1}}}, {"2.5": {"batsman": "KM Jadhav", "bowler": "NM Coulter-Nile", "extras": {"wides": 1}, "non_striker": "CH Gayle", "runs": {"batsman": 0, "extras": 1, "total": 1}}}, {"2.6": {"batsman": "KM Jadhav", "bowler": "NM Coulter-Nile", "non_striker": "CH Gayle", "runs": {"batsman": 4, "extras": 0, "total": 4}}}, {"2.7": {"batsman": "KM Jadhav", "bowler": "NM Coulter-Nile", "non_striker": "CH Gayle", "runs": {"batsman": 0, "extras": 0, "total": 0}}}, {"2.8": {"batsman": "KM Jadhav", "bowler": "NM Coulter-Nile", "non_striker": "CH Gayle", "runs": {"batsman": 4, "extras": 0, "total": 4}}}, {"3.1": {"batsman": "CH Gayle", "bowler": "UT Yadav", "non_striker": "KM Jadhav", "runs": {"batsman": 0, "extras": 0, "total": 0}}}, {"3.2": {"batsman": "CH Gayle", "bowler": "UT Yadav", "non_striker": "KM Jadhav", "runs": {"batsman": 1, "extras": 0, "total": 1}}}, {"3.3": {"batsman": "KM Jadhav", "bowler": "UT Yadav", "non_striker": "CH Gayle", "runs": {"batsman": 0, "extras": 0, "total": 0}}}, {"3.4": {"batsman": "KM Jadhav", "bowler": "UT Yadav", "non_striker": "CH Gayle", "runs": {"batsman": 1, "extras": 0, "total": 1}}}, {"3.5": {"batsman": "CH Gayle", "bowler": "UT Yadav", "non_striker": "KM Jadhav", "runs": {"batsman": 0, "extras": 0, "total": 0}}}, {"3.6": {"batsman": "CH Gayle", "bowler": "UT Yadav", "non_striker": "KM Jadhav", "runs": {"batsman": 0, "extras": 0, "total": 0}}}, {"4.1": {"batsman": "KM Jadhav", "bowler": "NM Coulter-Nile", "non_striker": "CH Gayle", "runs": {"batsman": 0, "extras": 0, "total": 0}, "wicket": {"fielders": ["CR Woakes"], "kind": "caught", "player_out": "KM Jadhav"}}}, {"4.2": {"batsman": "STR Binny", "bowler": "NM Coulter-Nile", "non_striker": "CH Gayle", "runs": {"batsman": 0, "extras": 0, "total": 0}}}, {"4.3": {"batsman": "STR Binny", "bowler": "NM Coulter-Nile", "non_striker": "CH Gayle", "runs": {"batsman": 0, "extras": 0, "total": 0}}}, {"4.4": {"batsman": "STR Binny", "bowler": "NM Coulter-Nile", "non_striker": "CH Gayle", "runs": {"batsman": 0, "extras": 0, "total": 0}}}, {"4.5": {"batsman": "STR Binny", "bowler": "NM Coulter-Nile", "non_striker": "CH Gayle", "runs": {"batsman": 0, "extras": 0, "total": 0}}}, {"4.6": {"batsman": "STR Binny", "bowler": "NM Coulter-Nile", "non_striker": "CH Gayle", "runs": {"batsman": 4, "extras": 0, "total": 4}}}, {"5.1": {"batsman": "CH Gayle", "bowler": "UT Yadav", "non_striker": "STR Binny", "runs": {"batsman": 0, "extras": 0, "total": 0}}}, {"5.2": {"batsman": "CH Gayle", "bowler": "UT Yadav", "non_striker": "STR Binny", "runs": {"batsman": 0, "extras": 0, "total": 0}}}, {"5.3": {"batsman": "CH Gayle", "bowler": "UT Yadav", "non_striker": "STR Binny", "runs": {"batsman": 4, "extras": 0, "total": 4}}}, {"5.4": {"batsman": "CH Gayle", "bowler": "UT Yadav", "extras": {"legbyes": 2}, "non_striker": "STR Binny", "runs": {"batsman": 0, "extras": 2, "total": 2}}}, {"5.5": {"batsman": "CH Gayle", "bowler": "UT Yadav", "non_striker": "STR Binny", "runs": {"batsman": 1, "extras": 0, "total": 1}}}, {"5.6": {"batsman": "STR Binny", "bowler": "UT Yadav", "non_striker": "CH Gayle", "runs": {"batsman": 4, "extras": 0, "total": 4}}}, {"6.1": {"batsman": "CH Gayle", "bowler": "CR Woakes", "non_striker": "STR Binny", "runs": {"batsman": 0, "extras": 0, "total": 0}}}, {"6.2": {"batsman": "CH Gayle", "bowler": "CR Woakes", "extras": {"wides": 1}, "non_striker": "STR Binny", "runs": {"batsman": 0, "extras": 1, "total": 1}}}, {"6.3": {"batsman": "CH Gayle", "bowler": "CR Woakes", "non_striker": "STR Binny", "runs": {"batsman": 0, "extras": 0, "total": 0}, "wicket": {"fielders": ["NM Coulter-Nile"], "kind": "caught", "player_out": "CH Gayle"}}}, {"6.4": {"batsman": "STR Binny", "bowler": "CR Woakes", "non_striker": "P Negi", "runs": {"batsman": 0, "extras": 0, "total": 0}}}, {"6.5": {"batsman": "STR Binny", "bowler": "CR Woakes", "non_striker": "P Negi", "runs": {"batsman": 0, "extras": 0, "total": 0}}}, {"6.6": {"batsman": "STR Binny", "bowler": "CR Woakes", "non_striker": "P Negi", "runs": {"batsman": 0, "extras": 0, "total": 0}, "wicket": {"fielders": ["RV Uthappa"], "kind": "caught", "player_out": "STR Binny"}}}, {"6.7": {"batsman": "S Badree", "bowler": "CR Woakes", "non_striker": "P Negi", "runs": {"batsman": 0, "extras": 0, "total": 0}}}, {"7.1": {"batsman": "P Negi", "bowler": "C de Grandhomme", "non_striker": "S Badree", "runs": {"batsman": 2, "extras": 0, "total": 2}}}, {"7.2": {"batsman": "P Negi", "bowler": "C de Grandhomme", "non_striker": "S Badree", "runs": {"batsman": 0, "extras": 0, "total": 0}}}, {"7.3": {"batsman": "P Negi", "bowler": "C de Grandhomme", "non_striker": "S Badree", "runs": {"batsman": 0, "extras": 0, "total": 0}, "wicket": {"kind": "lbw", "player_out": "P Negi"}}}, {"7.4": {"batsman": "TS Mills", "bowler": "C de Grandhomme", "non_striker": "S Badree", "runs": {"batsman": 0, "extras": 0, "total": 0}}}, {"7.5": {"batsman": "TS Mills", "bowler": "C de Grandhomme", "non_striker": "S Badree", "runs": {"batsman": 0, "extras": 0, "total": 0}}}, {"7.6": {"batsman": "TS Mills", "bowler": "C de Grandhomme", "non_striker": "S Badree", "runs": {"batsman": 1, "extras": 0, "total": 1}}}, {"8.1": {"batsman": "TS Mills", "bowler": "CR Woakes", "non_striker": "S Badree", "runs": {"batsman": 1, "extras": 0, "total": 1}}}, {"8.2": {"batsman": "S Badree", "bowler": "CR Woakes", "non_striker": "TS Mills", "runs": {"batsman": 0, "extras": 0, "total": 0}}}, {"8.3": {"batsman": "S Badree", "bowler": "CR Woakes", "non_striker": "TS Mills", "runs": {"batsman": 0, "extras": 0, "total": 0}, "wicket": {"kind": "lbw", "player_out": "S Badree"}}}, {"8.4": {"batsman": "S Aravind", "bowler": "CR Woakes", "non_striker": "TS Mills", "runs": {"batsman": 0, "extras": 0, "total": 0}}}, {"8.5": {"batsman": "S Aravind", "bowler": "CR Woakes", "non_striker": "TS Mills", "runs": {"batsman": 4, "extras": 0, "total": 4}}}, {"8.6": {"batsman": "S Aravind", "bowler": "CR Woakes", "non_striker": "TS Mills", "runs": {"batsman": 0, "extras": 0, "total": 0}}}, {"9.1": {"batsman": "TS Mills", "bowler": "C de Grandhomme", "non_striker": "S Aravind", "runs": {"batsman": 0, "extras": 0, "total": 0}, "wicket": {"fielders": ["Kuldeep Yadav"], "kind": "caught", "player_out": "TS Mills"}}}, {"9.2": {"batsman": "S Aravind", "bowler": "C de Grandhomme", "non_striker": "YS Chahal", "runs": {"batsman": 1, "extras": 0, "total": 1}}}, {"9.3": {"batsman": "YS Chahal", "bowler": "C de Grandhomme", "non_striker": "S Aravind", "runs": {"batsman": 0, "extras": 0, "total": 0}}}, {"9.4": {"batsman": "YS Chahal", "bowler": "C de Grandhomme", "non_striker": "S Aravind", "runs": {"batsman": 0, "extras": 0, "total": 0}, "wicket": {"fielders": ["MK Pandey"], "kind": "caught", "player_out": "YS Chahal"}}}]