[{"0.1": {"batsman": "PA Patel", "bowler": "B Kumar", "non_striker": "JC Buttler", "runs": {"batsman": 0, "extras": 0, "total": 0}}}, {"0.2": {"batsman": "PA Patel", "bowler": "B Kumar", "non_striker": "JC Buttler", "runs": {"batsman": 1, "extras": 0, "total": 1}}}, {"0.3": {"batsman": "JC Buttler", "bowler": "B Kumar", "non_striker": "PA Patel", "runs": {"batsman": 0, "extras": 0, "total": 0}}}, {"0.4": {"batsman": "JC Buttler", "bowler": "B Kumar", "non_striker": "PA Patel", "runs": {"batsman": 0, "extras": 0, "total": 0}}}, {"0.5": {"batsman": "JC Buttler", "bowler": "B Kumar", "non_striker": "PA Patel", "runs": {"batsman": 4, "extras": 0, "total": 4}}}, {"0.6": {"batsman": "JC Buttler", "bowler": "B Kumar", "extras": {"legbyes": 1}, "non_striker": "PA Patel", "runs": {"batsman": 0, "extras": 1, "total": 1}}}, {"1.1": {"batsman": "JC Buttler", "bowler": "A Nehra", "non_striker": "PA Patel", "runs": {"batsman": 4, "extras": 0, "total": 4}}}, {"1.2": {"batsman": "JC Buttler", "bowler": "A Nehra", "non_striker": "PA Patel", "runs": {"batsman": 1, "extras": 0, "total": 1}}}, {"1.3": {"batsman": "PA Patel", "bowler": "A Nehra", "non_striker": "JC Buttler", "runs": {"batsman": 4, "extras": 0, "total": 4}}}, {"1.4": {"batsman": "PA Patel", "bowler": "A Nehra", "non_striker": "JC Buttler", "runs": {"batsman": 2, "extras": 0, "total": 2}}}, {"1.5": {"batsman": "PA Patel", "bowler": "A Nehra", "non_striker": "JC Buttler", "runs": {"batsman": 0, "extras": 0, "total": 0}}}, {"1.6": {"batsman": "PA Patel", "bowler": "A Nehra", "non_striker": "JC Buttler", "runs": {"batsman": 4, "extras": 0, "total": 4}}}, {"2.1": {"batsman": "JC Buttler", "bowler": "B Kumar", "non_striker": "PA Patel", "runs": {"batsman": 4, "extras": 0, "total": 4}}}, {"2.2": {"batsman": "JC Buttler", "bowler": "B Kumar", "non_striker": "PA Patel", "runs": {"batsman": 0, "extras": 0, "total": 0}}}, {"2.3": {"batsman": "JC Buttler", "bowler": "B Kumar", "non_striker": "PA Patel", "runs": {"batsman": 0, "extras": 0, "total": 0}}}, {"2.4": {"batsman": "JC Buttler", "bowler": "B Kumar", "non_striker": "PA Patel", "runs": {"batsman": 1, "extras": 0, "total": 1}}}, {"2.5": {"batsman": "PA Patel", "bowler": "B Kumar", "non_striker": "JC Buttler", "runs": {"batsman": 2, "extras": 0, "total": 2}}}, {"2.6": {"batsman": "PA Patel", "bowler": "B Kumar", "non_striker": "JC Buttler", "runs": {"batsman": 0, "extras": 0, "total": 0}}}, {"3.1": {"batsman": "JC Buttler", "bowler": "A Nehra", "non_striker": "PA Patel", "runs": {"batsman": 0, "extras": 0, "total": 0}, "wicket": {"kind": "bowled", "player_out": "JC Buttler"}}}, {"3.2": {"batsman": "RG Sharma", "bowler": "A Nehra", "non_striker": "PA Patel", "runs": {"batsman": 0, "extras": 0, "total": 0}}}, {"3.3": {"batsman": "RG Sharma", "bowler": "A Nehra", "non_striker": "PA Patel", "runs": {"batsman": 3, "extras": 0, "total": 3}}}, {"3.4": {"batsman": "PA Patel", "bowler": "A Nehra", "non_striker": "RG Sharma", "runs": {"batsman": 4, "extras": 0, "total": 4}}}, {"3.5": {"batsman": "PA Patel", "bowler": "A Nehra", "non_striker": "RG Sharma", "runs": {"batsman": 0, "extras": 0, "total": 0}}}, {"3.6": {"batsman": "PA Patel", "bowler": "A Nehra", "non_striker": "RG Sharma", "runs": {"batsman": 4, "extras": 0, "total": 4}}}, {"4.1": {"batsman": "RG Sharma", "bowler": "Rashid Khan", "non_striker": "PA Patel", "runs": {"batsman": 1, "extras": 0, "total": 1}}}, {"4.2": {"batsman": "PA Patel", "bowler": "Rashid Khan", "non_striker": "RG Sharma", "runs": {"batsman": 0, "extras": 0, "total": 0}}}, {"4.3": {"batsman": "PA Patel", "bowler": "Rashid Khan", "non_striker": "RG Sharma", "runs": {"batsman": 0, "extras": 0, "total": 0}}}, {"4.4": {"batsman": "PA Patel", "bowler": "Rashid Khan", "non_striker": "RG Sharma", "runs": {"batsman": 1, "extras": 0, "total": 1}}}, {"4.5": {"batsman": "RG Sharma", "bowler": "Rashid Khan", "non_striker": "PA Patel", "runs": {"batsman": 0, "extras": 0, "total": 0}, "wicket": {"kind": "lbw", "player_out": "RG Sharma"}}}, {"4.6": {"batsman": "N Rana", "bowler": "Rashid Khan", "non_striker": "PA Patel", "runs": {"batsman": 1, "extras": 0, "total": 1}}}, {"5.1": {"batsman": "N Rana", "bowler": "Mustafizur Rahman", "non_striker": "PA Patel", "runs": {"batsman": 6, "extras": 0, "total": 6}}}, {"5.2": {"batsman": "N Rana", "bowler": "Mustafizur Rahman", "non_striker": "PA Patel", "runs": {"batsman": 0, "extras": 0, "total": 0}}}, {"5.3": {"batsman": "N Rana", "bowler": "Mustafizur Rahman", "non_striker": "PA Patel", "runs": {"batsman": 1, "extras": 0, "total": 1}}}, {"5.4": {"batsman": "PA Patel", "bowler": "Mustafizur Rahman", "non_striker": "N Rana", "runs": {"batsman": 4, "extras": 0, "total": 4}}}, {"5.5": {"batsman": "PA Patel", "bowler": "Mustafizur Rahman", "non_striker": "N Rana", "runs": {"batsman": 4, "extras": 0, "total": 4}}}, {"5.6": {"batsman": "PA Patel", "bowler": "Mustafizur Rahman", "non_striker": "N Rana", "runs": {"batsman": 4, "extras": 0, "total": 4}}}, {"6.1": {"batsman": "N Rana", "bowler": "Rashid Khan", "non_striker": "PA Patel", "runs": {"batsman": 0, "extras": 0, "total": 0}}}, {"6.2": {"batsman": "N Rana", "bowler": "Rashid Khan", "non_striker": "PA Patel", "runs": {"batsman": 1, "extras": 0, "total": 1}}}, {"6.3": {"batsman": "PA Patel", "bowler": "Rashid Khan", "non_striker": "N Rana", "runs": {"batsman": 0, "extras": 0, "total": 0}}}, {"6.4": {"batsman": "PA Patel", "bowler": "Rashid Khan", "non_striker": "N Rana", "runs": {"batsman": 1, "extras": 0, "total": 1}}}, {"6.5": {"batsman": "N Rana", "bowler": "Rashid Khan", "non_striker": "PA Patel", "runs": {"batsman": 0, "extras": 0, "total": 0}}}, {"6.6": {"batsman": "N Rana", "bowler": "Rashid Khan", "non_striker": "PA Patel", "runs": {"batsman": 1, "extras": 0, "total": 1}}}, {"7.1": {"batsman": "N Rana", "bowler": "DJ Hooda", "non_striker": "PA Patel", "runs": {"batsman": 1, "extras": 0, "total": 1}}}, {"7.2": {"batsman": "PA Patel", "bowler": "DJ Hooda", "non_striker": "N Rana", "runs": {"batsman": 1, "extras": 0, "total": 1}}}, {"7.3": {"batsman": "N Rana", "bowler": "DJ Hooda", "non_striker": "PA Patel", "runs": {"batsman": 4, "extras": 0, "total": 4}}}, {"7.4": {"batsman": "N Rana", "bowler": "DJ Hooda", "non_striker": "PA Patel", "runs": {"batsman": 1, "extras": 0, "total": 1}}}, {"7.5": {"batsman": "PA Patel", "bowler": "DJ Hooda", "non_striker": "N Rana", "runs": {"batsman": 1, "extras": 0, "total": 1}}}, {"7.6": {"batsman": "N Rana", "bowler": "DJ Hooda", "non_striker": "PA Patel", "runs": {"batsman": 1, "extras": 0, "total": 1}}}, {"8.1": {"batsman": "N Rana", "bowler": "BCJ Cutting", "non_striker": "PA Patel", "runs": {"batsman": 0, "extras": 0, "total": 0}}}, {"8.2": {"batsman": "N Rana", "bowler": "BCJ Cutting", "non_striker": "PA Patel", "runs": {"batsman": 0, "extras": 0, "total": 0}}}, {"8.3": {"batsman": "N Rana", "bowler": "BCJ Cutting", "non_striker": "PA Patel", "runs": {"batsman": 0, "extras": 0, "total": 0}}}, {"8.4": {"batsman": "N Rana", "bowler": "BCJ Cutting", "non_striker": "PA Patel", "runs": {"batsman": 1, "extras": 0, "total": 1}}}, {"8.5": {"batsman": "PA Patel", "bowler": "BCJ Cutting", "non_striker": "N Rana", "runs": {"batsman": 1, "extras": 0, "total": 1}}}, {"8.6": {"batsman": "N Rana", "bowler": "BCJ Cutting", "non_striker": "PA Patel", "runs": {"batsman": 1, "extras": 0, "total": 1}}}, {"9.1": {"batsman": "N Rana", "bowler": "DJ Hooda", "non_striker": "PA Patel", "runs": {"batsman": 1, "extras": 0, "total": 1}}}, {"9.2": {"batsman": "PA Patel", "bowler": "DJ Hooda", "non_striker": "N Rana", "runs": {"batsman": 1, "extras": 0, "total": 1}}}, {"9.3": {"batsman": "N Rana", "bowler": "DJ Hooda", "non_striker": "PA Patel", "runs": {"batsman": 1, "extras": 0, "total": 1}}}, {"9.4": {"batsman": "PA Patel", "bowler": "DJ Hooda", "non_striker": "N Rana", "runs": {"batsman": 0, "extras": 0, "total": 0}, "wicket": {"fielders": ["B Kumar"], "kind": "caught", "player_out": "PA Patel"}}}, {"9.5": {"batsman": "N Rana", "bowler": "DJ Hooda", "non_striker": "KA Pollard", "runs": {"batsman": 0, "extras": 0, "total": 0}}}, {"9.6": {"batsman": "N Rana", "bowler": "DJ Hooda", "non_striker": "KA Pollard", "runs": {"batsman": 6, "extras": 0, "total": 6}}}, {"10.1": {"batsman": "KA Pollard", "bowler": "Rashid Khan", "non_striker": "N Rana", "runs": {"batsman": 1, "extras": 0, "total": 1}}}, {"10.2": {"batsman": "N Rana", "bowler": "Rashid Khan", "non_striker": "KA Pollard", "runs": {"batsman": 0, "extras": 0, "total": 0}}}, {"10.3": {"batsman": "N Rana", "bowler": "Rashid Khan", "non_striker": "KA Pollard", "runs": {"batsman": 2, "extras": 0, "total": 2}}}, {"10.4": {"batsman": "N Rana", "bowler": "Rashid Khan", "non_striker": "KA Pollard", "runs": {"batsman": 1, "extras": 0, "total": 1}}}, {"10.5": {"batsman": "KA Pollard", "bowler": "Rashid Khan", "non_striker": "N Rana", "runs": {"batsman": 0, "extras": 0, "total": 0}}}, {"10.6": {"batsman": "KA Pollard", "bowler": "Rashid Khan", "extras": {"legbyes": 1}, "non_striker": "N Rana", "runs": {"batsman": 0, "extras": 1, "total": 1}}}, {"11.1": {"batsman": "KA Pollard", "bowler": "A Nehra", "non_striker": "N Rana", "runs": {"batsman": 0, "extras": 0, "total": 0}}}, {"11.2": {"batsman": "KA Pollard", "bowler": "A Nehra", "non_striker": "N Rana", "runs": {"batsman": 1, "extras": 0, "total": 1}}}, {"11.3": {"batsman": "N Rana", "bowler": "A Nehra", "non_striker": "KA Pollard", "runs": {"batsman": 0, "extras": 0, "total": 0}}}, {"11.4": {"batsman": "N Rana", "bowler": "A Nehra", "non_striker": "KA Pollard", "runs": {"batsman": 1, "extras": 0, "total": 1}}}, {"11.5": {"batsman": "KA Pollard", "bowler": "A Nehra", "non_striker": "N Rana", "runs": {"batsman": 1, "extras": 0, "total": 1}}}, {"11.6": {"batsman": "N Rana", "bowler": "A Nehra", "non_striker": "KA Pollard", "runs": {"batsman": 4, "extras": 0, "total": 4}}}, {"12.1": {"batsman": "KA Pollard", "bowler": "Mustafizur Rahman", "non_striker": "N Rana", "runs": {"batsman": 1, "extras": 0, "total": 1}}}, {"12.2": {"batsman": "N Rana", "bowler": "Mustafizur Rahman", "non_striker": "KA Pollard", "runs": {"batsman": 0, "extras": 0, "total": 0}}}, {"12.3": {"batsman": "N Rana", "bowler": "Mustafizur Rahman", "non_striker": "KA Pollard", "runs": {"batsman": 1, "extras": 0, "total": 1}}}, {"12.4": {"batsman": "KA Pollard", "bowler": "Mustafizur Rahman", "non_striker": "N Rana", "runs": {"batsman": 6, "extras": 0, "total": 6}}}, {"12.5": {"batsman": "KA Pollard", "bowler": "Mustafizur Rahman", "non_striker": "N Rana", "runs": {"batsman": 1, "extras": 0, "total": 1}}}, {"12.6": {"batsman": "N Rana", "bowler": "Mustafizur Rahman", "extras": {"wides": 1}, "non_striker": "KA Pollard", "runs": {"batsman": 0, "extras": 1, "total": 1}}}, {"12.7": {"batsman": "N Rana", "bowler": "Mustafizur Rahman", "non_striker": "KA Pollard", "runs": {"batsman": 1, "extras": 0, "total": 1}}}, {"13.1": {"batsman": "N Rana", "bowler": "B Kumar", "non_striker": "KA Pollard", "runs": {"batsman": 1, "extras": 0, "total": 1}}}, {"13.2": {"batsman": "KA Pollard", "bowler": "B Kumar", "extras": {"legbyes": 1}, "non_striker": "N Rana", "runs": {"batsman": 0, "extras": 1, "total": 1}}}, {"13.3": {"batsman": "N Rana", "bowler": "B Kumar", "non_striker": "KA Pollard", "runs": {"batsman": 1, "extras": 0, "total": 1}}}, {"13.4": {"batsman": "KA Pollard", "bowler": "B Kumar", "non_striker": "N Rana", "runs": {"batsman": 0, "extras": 0, "total": 0}, "wicket": {"fielders": ["S Dhawan"], "kind": "caught", "player_out": "KA Pollard"}}}, {"13.5": {"batsman": "KH Pandya", "bowler": "B Kumar", "non_striker": "N Rana", "runs": {"batsman": 0, "extras": 0, "total": 0}}}, {"13.6": {"batsman": "KH Pandya", "bowler": "B Kumar", "non_striker": "N Rana", "runs": {"batsman": 1, "extras": 0, "total": 1}}}, {"14.1": {"batsman": "KH Pandya", "bowler": "Rashid Khan", "non_striker": "N Rana", "runs": {"batsman": 0, "extras": 0, "total": 0}}}, {"14.2": {"batsman": "KH Pandya", "bowler": "Rashid Khan", "non_striker": "N Rana", "runs": {"batsman": 2, "extras": 0, "total": 2}}}, {"14.3": {"batsman": "KH Pandya", "bowler": "Rashid Khan", "non_striker": "N Rana", "runs": {"batsman": 0, "extras": 0, "total": 0}}}, {"14.4": {"batsman": "KH Pandya", "bowler": "Rashid Khan", "non_striker": "N Rana", "runs": {"batsman": 0, "extras": 0, "total": 0}}}, {"14.5": {"batsman": "KH Pandya", "bowler": "Rashid Khan", "non_striker": "N Rana", "runs": {"batsman": 6, "extras": 0, "total": 6}}}, {"14.6": {"batsman": "KH Pandya", "bowler": "Rashid Khan", "non_striker": "N Rana", "runs": {"batsman": 1, "extras": 0, "total": 1}}}, {"15.1": {"batsman": "KH Pandya", "bowler": "A Nehra", "non_striker": "N Rana", "runs": {"batsman": 1, "extras": 0, "total": 1}}}, {"15.2": {"batsman": "N Rana", "bowler": "A Nehra", "non_striker": "KH Pandya", "runs": {"batsman": 1, "extras": 0, "total": 1}}}, {"15.3": {"batsman": "KH Pandya", "bowler": "A Nehra", "non_striker": "N Rana", "runs": {"batsman": 6, "extras": 0, "total": 6}}}, {"15.4": {"batsman": "KH Pandya", "bowler": "A Nehra", "non_striker": "N Rana", "runs": {"batsman": 4, "extras": 0, "total": 4}}}, {"15.5": {"batsman": "KH Pandya", "bowler": "A Nehra", "non_striker": "N Rana", "runs": {"batsman": 0, "extras": 0, "total": 0}}}, {"15.6": {"batsman": "KH Pandya", "bowler": "A Nehra", "non_striker": "N Rana", "runs": {"batsman": 1, "extras": 0, "total": 1}}}, {"16.1": {"batsman": "KH Pandya", "bowler": "BCJ Cutting", "non_striker": "N Rana", "runs": {"batsman": 0, "extras": 0, "total": 0}}}, {"16.2": {"batsman": "KH Pandya", "bowler": "BCJ Cutting", "non_striker": "N Rana", "runs": {"batsman": 6, "extras": 0, "total": 6}}}, {"16.3": {"batsman": "KH Pandya", "bowler": "BCJ Cutting", "non_striker": "N Rana", "runs": {"batsman": 4, "extras": 0, "total": 4}}}, {"16.4": {"batsman": "KH Pandya", "bowler": "BCJ Cutting", "non_striker": "N Rana", "runs": {"batsman": 0, "extras": 0, "total": 0}}}, {"16.5": {"batsman": "KH Pandya", "bowler": "BCJ Cutting", "non_striker": "N Rana", "runs": {"batsman": 4, "extras": 0, "total": 4}}}, {"16.6": {"batsman": "KH Pandya", "bowler": "BCJ Cutting", "non_striker": "N Rana", "runs": {"batsman": 1, "extras": 0, "total": 1}}}, {"17.1": {"batsman": "KH Pandya", "bowler": "B Kumar", "non_striker": "N Rana", "runs": {"batsman": 0, "extras": 0, "total": 0}, "wicket": {"fielders": ["BCJ Cutting"], "kind": "caught", "player_out": "KH Pandya"}}}, {"17.2": {"batsman": "N Rana", "bowler": "B Kumar", "non_striker": "HH Pandya", "runs": {"batsman": 1, "extras": 0, "total": 1}}}, {"17.3": {"batsman": "HH Pandya", "bowler": "B Kumar", "non_striker": "N Rana", "runs": {"batsman": 0, "extras": 0, "total": 0}}}, {"17.4": {"batsman": "HH Pandya", "bowler": "B Kumar", "non_striker": "N Rana", "runs": {"batsman": 1, "extras": 0, "total": 1}}}, {"17.5": {"batsman": "N Rana", "bowler": "B Kumar", "non_striker": "HH Pandya", "runs": {"batsman": 4, "extras": 0, "total": 4}}}, {"17.6": {"batsman": "N Rana", "bowler": "B Kumar", "non_striker": "HH Pandya", "runs": {"batsman": 0, "extras": 0, "total": 0}, "wicket": {"kind": "bowled", "player_out": "N Rana"}}}, {"18.1": {"batsman": "HH Pandya", "bowler": "Mustafizur Rahman", "non_striker": "Harbhajan Singh", "runs": {"batsman": 1, "extras": 0, "total": 1}}}, {"18.2": {"batsman": "Harbhajan Singh", "bowler": "Mustafizur Rahman", "non_striker": "HH Pandya", "runs": {"batsman": 2, "extras": 0, "total": 2}}}, {"18.3": {"batsman": "Harbhajan Singh", "bowler": "Mustafizur Rahman", "non_striker": "HH Pandya", "runs": {"batsman": 0, "extras": 0, "total": 0}}}, {"18.4": {"batsman": "Harbhajan Singh", "bowler": "Mustafizur Rahman", "non_striker": "HH Pandya", "runs": {"batsman": 1, "extras": 0, "total": 1}}}]