[{"0.1": {"batsman": "PA Patel", "bowler": "P Kumar", "non_striker": "JC Buttler", "runs": {"batsman": 0, "extras": 0, "total": 0}}}, {"0.2": {"batsman": "PA Patel", "bowler": "P Kumar", "non_striker": "JC Buttler", "runs": {"batsman": 0, "extras": 0, "total": 0}, "wicket": {"fielders": ["JJ Roy"], "kind": "caught", "player_out": "PA Patel"}}}, {"0.3": {"batsman": "N Rana", "bowler": "P Kumar", "non_striker": "JC Buttler", "runs": {"batsman": 0, "extras": 0, "total": 0}}}, {"0.4": {"batsman": "N Rana", "bowler": "P Kumar", "non_striker": "JC Buttler", "runs": {"batsman": 0, "extras": 0, "total": 0}}}, {"0.5": {"batsman": "N Rana", "bowler": "P Kumar", "extras": {"wides": 1}, "non_striker": "JC Buttler", "runs": {"batsman": 0, "extras": 1, "total": 1}}}, {"0.6": {"batsman": "N Rana", "bowler": "P Kumar", "non_striker": "JC Buttler", "runs": {"batsman": 4, "extras": 0, "total": 4}}}, {"0.7": {"batsman": "N Rana", "bowler": "P Kumar", "non_striker": "JC Buttler", "runs": {"batsman": 1, "extras": 0, "total": 1}}}, {"1.1": {"batsman": "N Rana", "bowler": "Basil Thampi", "extras": {"wides": 1}, "non_striker": "JC Buttler", "runs": {"batsman": 0, "extras": 1, "total": 1}}}, {"1.2": {"batsman": "N Rana", "bowler": "Basil Thampi", "non_striker": "JC Buttler", "runs": {"batsman": 0, "extras": 0, "total": 0}}}, {"1.3": {"batsman": "N Rana", "bowler": "Basil Thampi", "non_striker": "JC Buttler", "runs": {"batsman": 0, "extras": 0, "total": 0}}}, {"1.4": {"batsman": "N Rana", "bowler": "Basil Thampi", "non_striker": "JC Buttler", "runs": {"batsman": 4, "extras": 0, "total": 4}}}, {"1.5": {"batsman": "N Rana", "bowler": "Basil Thampi", "non_striker": "JC Buttler", "runs": {"batsman": 1, "extras": 0, "total": 1}}}, {"1.6": {"batsman": "JC Buttler", "bowler": "Basil Thampi", "non_striker": "N Rana", "runs": {"batsman": 1, "extras": 0, "total": 1}}}, {"1.7": {"batsman": "N Rana", "bowler": "Basil Thampi", "non_striker": "JC Buttler", "runs": {"batsman": 1, "extras": 0, "total": 1}}}, {"2.1": {"batsman": "N Rana", "bowler": "P Kumar", "non_striker": "JC Buttler", "runs": {"batsman": 2, "extras": 0, "total": 2}}}, {"2.2": {"batsman": "N Rana", "bowler": "P Kumar", "non_striker": "JC Buttler", "runs": {"batsman": 2, "extras": 0, "total": 2}}}, {"2.3": {"batsman": "N Rana", "bowler": "P Kumar", "extras": {"wides": 1}, "non_striker": "JC Buttler", "runs": {"batsman": 0, "extras": 1, "total": 1}}}, {"2.4": {"batsman": "N Rana", "bowler": "P Kumar", "extras": {"wides": 1}, "non_striker": "JC Buttler", "runs": {"batsman": 0, "extras": 1, "total": 1}}}, {"2.5": {"batsman": "N Rana", "bowler": "P Kumar", "extras": {"wides": 1}, "non_striker": "JC Buttler", "runs": {"batsman": 0, "extras": 1, "total": 1}}}, {"2.6": {"batsman": "N Rana", "bowler": "P Kumar", "extras": {"wides": 3}, "non_striker": "JC Buttler", "runs": {"batsman": 0, "extras": 3, "total": 3}}}, {"2.7": {"batsman": "N Rana", "bowler": "P Kumar", "non_striker": "JC Buttler", "runs": {"batsman": 1, "extras": 0, "total": 1}}}, {"2.8": {"batsman": "JC Buttler", "bowler": "P Kumar", "non_striker": "N Rana", "runs": {"batsman": 0, "extras": 0, "total": 0}}}, {"2.9": {"batsman": "JC Buttler", "bowler": "P Kumar", "non_striker": "N Rana", "runs": {"batsman": 0, "extras": 0, "total": 0}}}, {"2.1": {"batsman": "JC Buttler", "bowler": "P Kumar", "non_striker": "N Rana", "runs": {"batsman": 0, "extras": 0, "total": 0}}}, {"3.1": {"batsman": "N Rana", "bowler": "MM Patel", "non_striker": "JC Buttler", "runs": {"batsman": 0, "extras": 0, "total": 0}}}, {"3.2": {"batsman": "N Rana", "bowler": "MM Patel", "non_striker": "JC Buttler", "runs": {"batsman": 1, "extras": 0, "total": 1}}}, {"3.3": {"batsman": "JC Buttler", "bowler": "MM Patel", "non_striker": "N Rana", "runs": {"batsman": 4, "extras": 0, "total": 4}}}, {"3.4": {"batsman": "JC Buttler", "bowler": "MM Patel", "non_striker": "N Rana", "runs": {"batsman": 0, "extras": 0, "total": 0}}}, {"3.5": {"batsman": "JC Buttler", "bowler": "MM Patel", "non_striker": "N Rana", "runs": {"batsman": 1, "extras": 0, "total": 1}}}, {"3.6": {"batsman": "N Rana", "bowler": "MM Patel", "non_striker": "JC Buttler", "runs": {"batsman": 1, "extras": 0, "total": 1}}}, {"4.1": {"batsman": "N Rana", "bowler": "Basil Thampi", "non_striker": "JC Buttler", "runs": {"batsman": 1, "extras": 0, "total": 1}}}, {"4.2": {"batsman": "JC Buttler", "bowler": "Basil Thampi", "non_striker": "N Rana", "runs": {"batsman": 6, "extras": 0, "total": 6}}}, {"4.3": {"batsman": "JC Buttler", "bowler": "Basil Thampi", "non_striker": "N Rana", "runs": {"batsman": 0, "extras": 0, "total": 0}}}, {"4.4": {"batsman": "JC Buttler", "bowler": "Basil Thampi", "non_striker": "N Rana", "runs": {"batsman": 1, "extras": 0, "total": 1}}}, {"4.5": {"batsman": "N Rana", "bowler": "Basil Thampi", "non_striker": "JC Buttler", "runs": {"batsman": 6, "extras": 0, "total": 6}}}, {"4.6": {"batsman": "N Rana", "bowler": "Basil Thampi", "non_striker": "JC Buttler", "runs": {"batsman": 1, "extras": 0, "total": 1}}}, {"5.1": {"batsman": "N Rana", "bowler": "AJ Tye", "non_striker": "JC Buttler", "runs": {"batsman": 1, "extras": 0, "total": 1}}}, {"5.2": {"batsman": "JC Buttler", "bowler": "AJ Tye", "non_striker": "N Rana", "runs": {"batsman": 1, "extras": 0, "total": 1}}}, {"5.3": {"batsman": "N Rana", "bowler": "AJ Tye", "non_striker": "JC Buttler", "runs": {"batsman": 0, "extras": 0, "total": 0}}}, {"5.4": {"batsman": "N Rana", "bowler": "AJ Tye", "non_striker": "JC Buttler", "runs": {"batsman": 0, "extras": 0, "total": 0}}}, {"5.5": {"batsman": "N Rana", "bowler": "AJ Tye", "non_striker": "JC Buttler", "runs": {"batsman": 6, "extras": 0, "total": 6}}}, {"5.6": {"batsman": "N Rana", "bowler": "AJ Tye", "non_striker": "JC Buttler", "runs": {"batsman": 1, "extras": 0, "total": 1}}}, {"6.1": {"batsman": "N Rana", "bowler": "RA Jadeja", "non_striker": "JC Buttler", "runs": {"batsman": 1, "extras": 0, "total": 1}}}, {"6.2": {"batsman": "JC Buttler", "bowler": "RA Jadeja", "non_striker": "N Rana", "runs": {"batsman": 0, "extras": 0, "total": 0}}}, {"6.3": {"batsman": "JC Buttler", "bowler": "RA Jadeja", "non_striker": "N Rana", "runs": {"batsman": 1, "extras": 0, "total": 1}}}, {"6.4": {"batsman": "N Rana", "bowler": "RA Jadeja", "non_striker": "JC Buttler", "runs": {"batsman": 1, "extras": 0, "total": 1}}}, {"6.5": {"batsman": "JC Buttler", "bowler": "RA Jadeja", "non_striker": "N Rana", "runs": {"batsman": 1, "extras": 0, "total": 1}}}, {"6.6": {"batsman": "N Rana", "bowler": "RA Jadeja", "non_striker": "JC Buttler", "runs": {"batsman": 3, "extras": 0, "total": 3}}}, {"7.1": {"batsman": "N Rana", "bowler": "MM Patel", "non_striker": "JC Buttler", "runs": {"batsman": 4, "extras": 0, "total": 4}}}, {"7.2": {"batsman": "N Rana", "bowler": "MM Patel", "non_striker": "JC Buttler", "runs": {"batsman": 1, "extras": 0, "total": 1}}}, {"7.3": {"batsman": "JC Buttler", "bowler": "MM Patel", "extras": {"legbyes": 1}, "non_striker": "N Rana", "runs": {"batsman": 0, "extras": 1, "total": 1}}}, {"7.4": {"batsman": "N Rana", "bowler": "MM Patel", "non_striker": "JC Buttler", "runs": {"batsman": 0, "extras": 0, "total": 0}}}, {"7.5": {"batsman": "N Rana", "bowler": "MM Patel", "non_striker": "JC Buttler", "runs": {"batsman": 1, "extras": 0, "total": 1}}}, {"7.6": {"batsman": "JC Buttler", "bowler": "MM Patel", "non_striker": "N Rana", "runs": {"batsman": 0, "extras": 0, "total": 0}}}, {"8.1": {"batsman": "N Rana", "bowler": "RA Jadeja", "non_striker": "JC Buttler", "runs": {"batsman": 1, "extras": 0, "total": 1}}}, {"8.2": {"batsman": "JC Buttler", "bowler": "RA Jadeja", "non_striker": "N Rana", "runs": {"batsman": 1, "extras": 0, "total": 1}}}, {"8.3": {"batsman": "N Rana", "bowler": "RA Jadeja", "non_striker": "JC Buttler", "runs": {"batsman": 4, "extras": 0, "total": 4}}}, {"8.4": {"batsman": "N Rana", "bowler": "RA Jadeja", "non_striker": "JC Buttler", "runs": {"batsman": 2, "extras": 0, "total": 2}}}, {"8.5": {"batsman": "N Rana", "bowler": "RA Jadeja", "non_striker": "JC Buttler", "runs": {"batsman": 1, "extras": 0, "total": 1}}}, {"8.6": {"batsman": "JC Buttler", "bowler": "RA Jadeja", "non_striker": "N Rana", "runs": {"batsman": 6, "extras": 0, "total": 6}}}, {"9.1": {"batsman": "N Rana", "bowler": "AJ Tye", "non_striker": "JC Buttler", "runs": {"batsman": 0, "extras": 0, "total": 0}}}, {"9.2": {"batsman": "N Rana", "bowler": "AJ Tye", "non_striker": "JC Buttler", "runs": {"batsman": 0, "extras": 0, "total": 0}, "wicket": {"fielders": ["KD Karthik"], "kind": "caught", "player_out": "N Rana"}}}, {"9.3": {"batsman": "RG Sharma", "bowler": "AJ Tye", "non_striker": "JC Buttler", "runs": {"batsman": 1, "extras": 0, "total": 1}}}, {"9.4": {"batsman": "JC Buttler", "bowler": "AJ Tye", "non_striker": "RG Sharma", "runs": {"batsman": 1, "extras": 0, "total": 1}}}, {"9.5": {"batsman": "RG Sharma", "bowler": "AJ Tye", "non_striker": "JC Buttler", "runs": {"batsman": 1, "extras": 0, "total": 1}}}, {"9.6": {"batsman": "JC Buttler", "bowler": "AJ Tye", "extras": {"legbyes": 1}, "non_striker": "RG Sharma", "runs": {"batsman": 0, "extras": 1, "total": 1}}}, {"10.1": {"batsman": "JC Buttler", "bowler": "RA Jadeja", "non_striker": "RG Sharma", "runs": {"batsman": 0, "extras": 0, "total": 0}}}, {"10.2": {"batsman": "JC Buttler", "bowler": "RA Jadeja", "non_striker": "RG Sharma", "runs": {"batsman": 1, "extras": 0, "total": 1}}}, {"10.3": {"batsman": "RG Sharma", "bowler": "RA Jadeja", "non_striker": "JC Buttler", "runs": {"batsman": 1, "extras": 0, "total": 1}}}, {"10.4": {"batsman": "JC Buttler", "bowler": "RA Jadeja", "non_striker": "RG Sharma", "runs": {"batsman": 1, "extras": 0, "total": 1}}}, {"10.5": {"batsman": "RG Sharma", "bowler": "RA Jadeja", "non_striker": "JC Buttler", "runs": {"batsman": 0, "extras": 0, "total": 0}}}, {"10.6": {"batsman": "RG Sharma", "bowler": "RA Jadeja", "non_striker": "JC Buttler", "runs": {"batsman": 0, "extras": 0, "total": 0}}}, {"11.1": {"batsman": "JC Buttler", "bowler": "MM Patel", "non_striker": "RG Sharma", "runs": {"batsman": 0, "extras": 0, "total": 0}, "wicket": {"fielders": ["BB McCullum"], "kind": "caught", "player_out": "JC Buttler"}}}, {"11.2": {"batsman": "KA Pollard", "bowler": "MM Patel", "non_striker": "RG Sharma", "runs": {"batsman": 0, "extras": 0, "total": 0}}}, {"11.3": {"batsman": "KA Pollard", "bowler": "MM Patel", "non_striker": "RG Sharma", "runs": {"batsman": 2, "extras": 0, "total": 2}}}, {"11.4": {"batsman": "KA Pollard", "bowler": "MM Patel", "non_striker": "RG Sharma", "runs": {"batsman": 1, "extras": 0, "total": 1}}}, {"11.5": {"batsman": "RG Sharma", "bowler": "MM Patel", "non_striker": "KA Pollard", "runs": {"batsman": 2, "extras": 0, "total": 2}}}, {"11.6": {"batsman": "RG Sharma", "bowler": "MM Patel", "non_striker": "KA Pollard", "runs": {"batsman": 4, "extras": 0, "total": 4}}}, {"12.1": {"batsman": "KA Pollard", "bowler": "Basil Thampi", "non_striker": "RG Sharma", "runs": {"batsman": 1, "extras": 0, "total": 1}}}, {"12.2": {"batsman": "RG Sharma", "bowler": "Basil Thampi", "non_striker": "KA Pollard", "runs": {"batsman": 1, "extras": 0, "total": 1}}}, {"12.3": {"batsman": "KA Pollard", "bowler": "Basil Thampi", "non_striker": "RG Sharma", "runs": {"batsman": 1, "extras": 0, "total": 1}}}, {"12.4": {"batsman": "RG Sharma", "bowler": "Basil Thampi", "non_striker": "KA Pollard", "runs": {"batsman": 1, "extras": 0, "total": 1}}}, {"12.5": {"batsman": "KA Pollard", "bowler": "Basil Thampi", "non_striker": "RG Sharma", "runs": {"batsman": 1, "extras": 0, "total": 1}}}, {"12.6": {"batsman": "RG Sharma", "bowler": "Basil Thampi", "non_striker": "KA Pollard", "runs": {"batsman": 0, "extras": 0, "total": 0}}}, {"13.1": {"batsman": "KA Pollard", "bowler": "MM Patel", "non_striker": "RG Sharma", "runs": {"batsman": 1, "extras": 0, "total": 1}}}, {"13.2": {"batsman": "RG Sharma", "bowler": "MM Patel", "non_striker": "KA Pollard", "runs": {"batsman": 4, "extras": 0, "total": 4}}}, {"13.3": {"batsman": "RG Sharma", "bowler": "MM Patel", "non_striker": "KA Pollard", "runs": {"batsman": 1, "extras": 0, "total": 1}}}, {"13.4": {"batsman": "KA Pollard", "bowler": "MM Patel", "non_striker": "RG Sharma", "runs": {"batsman": 6, "extras": 0, "total": 6}}}, {"13.5": {"batsman": "KA Pollard", "bowler": "MM Patel", "non_striker": "RG Sharma", "runs": {"batsman": 0, "extras": 0, "total": 0}}}, {"13.6": {"batsman": "KA Pollard", "bowler": "MM Patel", "non_striker": "RG Sharma", "runs": {"batsman": 1, "extras": 0, "total": 1}}}, {"14.1": {"batsman": "KA Pollard", "bowler": "DR Smith", "extras": {"wides": 1}, "non_striker": "RG Sharma", "runs": {"batsman": 0, "extras": 1, "total": 1}}}, {"14.2": {"batsman": "KA Pollard", "bowler": "DR Smith", "extras": {"legbyes": 1}, "non_striker": "RG Sharma", "runs": {"batsman": 0, "extras": 1, "total": 1}}}, {"14.3": {"batsman": "RG Sharma", "bowler": "DR Smith", "non_striker": "KA Pollard", "runs": {"batsman": 0, "extras": 0, "total": 0}}}, {"14.4": {"batsman": "RG Sharma", "bowler": "DR Smith", "non_striker": "KA Pollard", "runs": {"batsman": 1, "extras": 0, "total": 1}}}, {"14.5": {"batsman": "KA Pollard", "bowler": "DR Smith", "non_striker": "RG Sharma", "runs": {"batsman": 6, "extras": 0, "total": 6}}}, {"14.6": {"batsman": "KA Pollard", "bowler": "DR Smith", "non_striker": "RG Sharma", "runs": {"batsman": 4, "extras": 0, "total": 4}}}, {"14.7": {"batsman": "KA Pollard", "bowler": "DR Smith", "non_striker": "RG Sharma", "runs": {"batsman": 0, "extras": 0, "total": 0}}}, {"15.1": {"batsman": "RG Sharma", "bowler": "RA Jadeja", "non_striker": "KA Pollard", "runs": {"batsman": 0, "extras": 0, "total": 0}}}, {"15.2": {"batsman": "RG Sharma", "bowler": "RA Jadeja", "non_striker": "KA Pollard", "runs": {"batsman": 0, "extras": 0, "total": 0}}}, {"15.3": {"batsman": "RG Sharma", "bowler": "RA Jadeja", "non_striker": "KA Pollard", "runs": {"batsman": 1, "extras": 0, "total": 1}}}, {"15.4": {"batsman": "KA Pollard", "bowler": "RA Jadeja", "non_striker": "RG Sharma", "runs": {"batsman": 1, "extras": 0, "total": 1}}}, {"15.5": {"batsman": "RG Sharma", "bowler": "RA Jadeja", "non_striker": "KA Pollard", "runs": {"batsman": 6, "extras": 0, "total": 6}}}, {"15.6": {"batsman": "RG Sharma", "bowler": "RA Jadeja", "non_striker": "KA Pollard", "runs": {"batsman": 1, "extras": 0, "total": 1}}}, {"16.1": {"batsman": "RG Sharma", "bowler": "AJ Tye", "non_striker": "KA Pollard", "runs": {"batsman": 1, "extras": 0, "total": 1}}}, {"16.2": {"batsman": "KA Pollard", "bowler": "AJ Tye", "non_striker": "RG Sharma", "runs": {"batsman": 0, "extras": 0, "total": 0}}}, {"16.3": {"batsman": "KA Pollard", "bowler": "AJ Tye", "non_striker": "RG Sharma", "runs": {"batsman": 6, "extras": 0, "total": 6}}}, {"16.4": {"batsman": "KA Pollard", "bowler": "AJ Tye", "non_striker": "RG Sharma", "runs": {"batsman": 4, "extras": 0, "total": 4}}}, {"16.5": {"batsman": "KA Pollard", "bowler": "AJ Tye", "non_striker": "RG Sharma", "runs": {"batsman": 1, "extras": 0, "total": 1}}}, {"16.6": {"batsman": "RG Sharma", "bowler": "AJ Tye", "non_striker": "KA Pollard", "runs": {"batsman": 1, "extras": 0, "total": 1}}}, {"17.1": {"batsman": "RG Sharma", "bowler": "Basil Thampi", "non_striker": "KA Pollard", "runs": {"batsman": 1, "extras": 0, "total": 1}}}, {"17.2": {"batsman": "KA Pollard", "bowler": "Basil Thampi", "non_striker": "RG Sharma", "runs": {"batsman": 1, "extras": 0, "total": 1}}}, {"17.3": {"batsman": "RG Sharma", "bowler": "Basil Thampi", "non_striker": "KA Pollard", "runs": {"batsman": 1, "extras": 0, "total": 1}}}, {"17.4": {"batsman": "KA Pollard", "bowler": "Basil Thampi", "non_striker": "RG Sharma", "runs": {"batsman": 1, "extras": 0, "total": 1}}}, {"17.5": {"batsman": "RG Sharma", "bowler": "Basil Thampi", "non_striker": "KA Pollard", "runs": {"batsman": 1, "extras": 0, "total": 1}}}, {"17.6": {"batsman": "KA Pollard", "bowler": "Basil Thampi", "non_striker": "RG Sharma", "runs": {"batsman": 1, "extras": 0, "total": 1}}}, {"18.1": {"batsman": "KA Pollard", "bowler": "AJ Tye", "non_striker": "RG Sharma", "runs": {"batsman": 0, "extras": 0, "total": 0}, "wicket": {"fielders": ["RA Jadeja"], "kind": "caught", "player_out": "KA Pollard"}}}, {"18.2": {"batsman": "HH Pandya", "bowler": "AJ Tye", "non_striker": "RG Sharma", "runs": {"batsman": 4, "extras": 0, "total": 4}}}, {"18.3": {"batsman": "HH Pandya", "bowler": "AJ Tye", "non_striker": "RG Sharma", "runs": {"batsman": 1, "extras": 0, "total": 1}}}, {"18.4": {"batsman": "RG Sharma", "bowler": "AJ Tye", "non_striker": "HH Pandya", "runs": {"batsman": 1, "extras": 0, "total": 1}}}, {"18.5": {"batsman": "HH Pandya", "bowler": "AJ Tye", "extras": {"wides": 1}, "non_striker": "RG Sharma", "runs": {"batsman": 0, "extras": 1, "total": 1}}}, {"18.6": {"batsman": "HH Pandya", "bowler": "AJ Tye", "non_striker": "RG Sharma", "runs": {"batsman": 1, "extras": 0, "total": 1}}}, {"18.7": {"batsman": "RG Sharma", "bowler": "AJ Tye", "non_striker": "HH Pandya", "runs": {"batsman": 1, "extras": 0, "total": 1}}}, {"19.1": {"batsman": "RG Sharma", "bowler": "P Kumar", "non_striker": "HH Pandya", "runs": {"batsman": 4, "extras": 0, "total": 4}}}, {"19.2": {"batsman": "RG Sharma", "bowler": "P Kumar", "non_striker": "HH Pandya", "runs": {"batsman": 2, "extras": 0, "total": 2}}}, {"19.3": {"batsman": "RG Sharma", "bowler": "P Kumar", "non_striker": "HH Pandya", "runs": {"batsman": 2, "extras": 0, "total": 2}}}]