[{"0.1": {"batsman": "SV Samson", "bowler": "NM Coulter-Nile", "non_striker": "KK Nair", "runs": {"batsman": 1, "extras": 0, "total": 1}}}, {"0.2": {"batsman": "KK Nair", "bowler": "NM Coulter-Nile", "non_striker": "SV Samson", "runs": {"batsman": 0, "extras": 0, "total": 0}}}, {"0.3": {"batsman": "KK Nair", "bowler": "NM Coulter-Nile", "non_striker": "SV Samson", "runs": {"batsman": 0, "extras": 0, "total": 0}}}, {"0.4": {"batsman": "KK Nair", "bowler": "NM Coulter-Nile", "non_striker": "SV Samson", "runs": {"batsman": 0, "extras": 0, "total": 0}}}, {"0.5": {"batsman": "KK Nair", "bowler": "NM Coulter-Nile", "non_striker": "SV Samson", "runs": {"batsman": 0, "extras": 0, "total": 0}}}, {"0.6": {"batsman": "KK Nair", "bowler": "NM Coulter-Nile", "non_striker": "SV Samson", "runs": {"batsman": 4, "extras": 0, "total": 4}}}, {"1.1": {"batsman": "SV Samson", "bowler": "UT Yadav", "non_striker": "KK Nair", "runs": {"batsman": 0, "extras": 0, "total": 0}}}, {"1.2": {"batsman": "SV Samson", "bowler": "UT Yadav", "non_striker": "KK Nair", "runs": {"batsman": 4, "extras": 0, "total": 4}}}, {"1.3": {"batsman": "SV Samson", "bowler": "UT Yadav", "non_striker": "KK Nair", "runs": {"batsman": 1, "extras": 0, "total": 1}}}, {"1.4": {"batsman": "KK Nair", "bowler": "UT Yadav", "non_striker": "SV Samson", "runs": {"batsman": 0, "extras": 0, "total": 0}}}, {"1.5": {"batsman": "KK Nair", "bowler": "UT Yadav", "extras": {"legbyes": 1}, "non_striker": "SV Samson", "runs": {"batsman": 0, "extras": 1, "total": 1}}}, {"1.6": {"batsman": "SV Samson", "bowler": "UT Yadav", "non_striker": "KK Nair", "runs": {"batsman": 6, "extras": 0, "total": 6}}}, {"2.1": {"batsman": "KK Nair", "bowler": "NM Coulter-Nile", "non_striker": "SV Samson", "runs": {"batsman": 4, "extras": 0, "total": 4}}}, {"2.2": {"batsman": "KK Nair", "bowler": "NM Coulter-Nile", "non_striker": "SV Samson", "runs": {"batsman": 4, "extras": 0, "total": 4}}}, {"2.3": {"batsman": "KK Nair", "bowler": "NM Coulter-Nile", "non_striker": "SV Samson", "runs": {"batsman": 1, "extras": 0, "total": 1}}}, {"2.4": {"batsman": "SV Samson", "bowler": "NM Coulter-Nile", "non_striker": "KK Nair", "runs": {"batsman": 4, "extras": 0, "total": 4}}}, {"2.5": {"batsman": "SV Samson", "bowler": "NM Coulter-Nile", "non_striker": "KK Nair", "runs": {"batsman": 1, "extras": 0, "total": 1}}}, {"2.6": {"batsman": "KK Nair", "bowler": "NM Coulter-Nile", "non_striker": "SV Samson", "runs": {"batsman": 0, "extras": 0, "total": 0}}}, {"3.1": {"batsman": "SV Samson", "bowler": "CR Woakes", "non_striker": "KK Nair", "runs": {"batsman": 4, "extras": 0, "total": 4}}}, {"3.2": {"batsman": "SV Samson", "bowler": "CR Woakes", "non_striker": "KK Nair", "runs": {"batsman": 4, "extras": 0, "total": 4}}}, {"3.3": {"batsman": "SV Samson", "bowler": "CR Woakes", "non_striker": "KK Nair", "runs": {"batsman": 1, "extras": 0, "total": 1}}}, {"3.4": {"batsman": "KK Nair", "bowler": "CR Woakes", "non_striker": "SV Samson", "runs": {"batsman": 0, "extras": 0, "total": 0}}}, {"3.5": {"batsman": "KK Nair", "bowler": "CR Woakes", "non_striker": "SV Samson", "runs": {"batsman": 1, "extras": 0, "total": 1}}}, {"3.6": {"batsman": "SV Samson", "bowler": "CR Woakes", "non_striker": "KK Nair", "runs": {"batsman": 0, "extras": 0, "total": 0}}}, {"4.1": {"batsman": "KK Nair", "bowler": "SP Narine", "non_striker": "SV Samson", "runs": {"batsman": 0, "extras": 0, "total": 0}}}, {"4.2": {"batsman": "KK Nair", "bowler": "SP Narine", "non_striker": "SV Samson", "runs": {"batsman": 0, "extras": 0, "total": 0}}}, {"4.3": {"batsman": "KK Nair", "bowler": "SP Narine", "non_striker": "SV Samson", "runs": {"batsman": 1, "extras": 0, "total": 1}}}, {"4.4": {"batsman": "SV Samson", "bowler": "SP Narine", "non_striker": "KK Nair", "runs": {"batsman": 1, "extras": 0, "total": 1}}}, {"4.5": {"batsman": "KK Nair", "bowler": "SP Narine", "extras": {"wides": 5}, "non_striker": "SV Samson", "runs": {"batsman": 0, "extras": 5, "total": 5}}}, {"4.6": {"batsman": "KK Nair", "bowler": "SP Narine", "non_striker": "SV Samson", "runs": {"batsman": 0, "extras": 0, "total": 0}, "wicket": {"kind": "lbw", "player_out": "KK Nair"}}}, {"4.7": {"batsman": "SS Iyer", "bowler": "SP Narine", "non_striker": "SV Samson", "runs": {"batsman": 0, "extras": 0, "total": 0}}}, {"5.1": {"batsman": "SV Samson", "bowler": "Kuldeep Yadav", "non_striker": "SS Iyer", "runs": {"batsman": 1, "extras": 0, "total": 1}}}, {"5.2": {"batsman": "SS Iyer", "bowler": "Kuldeep Yadav", "non_striker": "SV Samson", "runs": {"batsman": 1, "extras": 0, "total": 1}}}, {"5.3": {"batsman": "SV Samson", "bowler": "Kuldeep Yadav", "non_striker": "SS Iyer", "runs": {"batsman": 0, "extras": 0, "total": 0}}}, {"5.4": {"batsman": "SV Samson", "bowler": "Kuldeep Yadav", "non_striker": "SS Iyer", "runs": {"batsman": 1, "extras": 0, "total": 1}}}, {"5.5": {"batsman": "SS Iyer", "bowler": "Kuldeep Yadav", "non_striker": "SV Samson", "runs": {"batsman": 1, "extras": 0, "total": 1}}}, {"5.6": {"batsman": "SV Samson", "bowler": "Kuldeep Yadav", "non_striker": "SS Iyer", "runs": {"batsman": 1, "extras": 0, "total": 1}}}, {"6.1": {"batsman": "SV Samson", "bowler": "UT Yadav", "non_striker": "SS Iyer", "runs": {"batsman": 1, "extras": 0, "total": 1}}}, {"6.2": {"batsman": "SS Iyer", "bowler": "UT Yadav", "non_striker": "SV Samson", "runs": {"batsman": 1, "extras": 0, "total": 1}}}, {"6.3": {"batsman": "SV Samson", "bowler": "UT Yadav", "non_striker": "SS Iyer", "runs": {"batsman": 2, "extras": 0, "total": 2}}}, {"6.4": {"batsman": "SV Samson", "bowler": "UT Yadav", "non_striker": "SS Iyer", "runs": {"batsman": 2, "extras": 0, "total": 2}}}, {"6.5": {"batsman": "SV Samson", "bowler": "UT Yadav", "non_striker": "SS Iyer", "runs": {"batsman": 0, "extras": 0, "total": 0}}}, {"6.6": {"batsman": "SV Samson", "bowler": "UT Yadav", "non_striker": "SS Iyer", "runs": {"batsman": 1, "extras": 0, "total": 1}}}, {"7.1": {"batsman": "SV Samson", "bowler": "Kuldeep Yadav", "non_striker": "SS Iyer", "runs": {"batsman": 0, "extras": 0, "total": 0}}}, {"7.2": {"batsman": "SV Samson", "bowler": "Kuldeep Yadav", "non_striker": "SS Iyer", "runs": {"batsman": 1, "extras": 0, "total": 1}}}, {"7.3": {"batsman": "SS Iyer", "bowler": "Kuldeep Yadav", "non_striker": "SV Samson", "runs": {"batsman": 1, "extras": 0, "total": 1}}}, {"7.4": {"batsman": "SV Samson", "bowler": "Kuldeep Yadav", "non_striker": "SS Iyer", "runs": {"batsman": 2, "extras": 0, "total": 2}}}, {"7.5": {"batsman": "SV Samson", "bowler": "Kuldeep Yadav", "non_striker": "SS Iyer", "runs": {"batsman": 1, "extras": 0, "total": 1}}}, {"7.6": {"batsman": "SS Iyer", "bowler": "Kuldeep Yadav", "non_striker": "SV Samson", "runs": {"batsman": 1, "extras": 0, "total": 1}}}, {"8.1": {"batsman": "SS Iyer", "bowler": "CR Woakes", "non_striker": "SV Samson", "runs": {"batsman": 1, "extras": 0, "total": 1}}}, {"8.2": {"batsman": "SV Samson", "bowler": "CR Woakes", "non_striker": "SS Iyer", "runs": {"batsman": 1, "extras": 0, "total": 1}}}, {"8.3": {"batsman": "SS Iyer", "bowler": "CR Woakes", "non_striker": "SV Samson", "runs": {"batsman": 1, "extras": 0, "total": 1}}}, {"8.4": {"batsman": "SV Samson", "bowler": "CR Woakes", "non_striker": "SS Iyer", "runs": {"batsman": 0, "extras": 0, "total": 0}}}, {"8.5": {"batsman": "SV Samson", "bowler": "CR Woakes", "non_striker": "SS Iyer", "runs": {"batsman": 1, "extras": 0, "total": 1}}}, {"8.6": {"batsman": "SS Iyer", "bowler": "CR Woakes", "non_striker": "SV Samson", "runs": {"batsman": 1, "extras": 0, "total": 1}}}, {"9.1": {"batsman": "SS Iyer", "bowler": "SP Narine", "non_striker": "SV Samson", "runs": {"batsman": 1, "extras": 0, "total": 1}}}, {"9.2": {"batsman": "SV Samson", "bowler": "SP Narine", "non_striker": "SS Iyer", "runs": {"batsman": 1, "extras": 0, "total": 1}}}, {"9.3": {"batsman": "SS Iyer", "bowler": "SP Narine", "non_striker": "SV Samson", "runs": {"batsman": 2, "extras": 0, "total": 2}}}, {"9.4": {"batsman": "SS Iyer", "bowler": "SP Narine", "non_striker": "SV Samson", "runs": {"batsman": 1, "extras": 0, "total": 1}}}, {"9.5": {"batsman": "SV Samson", "bowler": "SP Narine", "non_striker": "SS Iyer", "runs": {"batsman": 1, "extras": 0, "total": 1}}}, {"9.6": {"batsman": "SS Iyer", "bowler": "SP Narine", "non_striker": "SV Samson", "runs": {"batsman": 1, "extras": 0, "total": 1}}}, {"10.1": {"batsman": "SS Iyer", "bowler": "UT Yadav", "non_striker": "SV Samson", "runs": {"batsman": 0, "extras": 0, "total": 0}}}, {"10.2": {"batsman": "SS Iyer", "bowler": "UT Yadav", "extras": {"wides": 1}, "non_striker": "SV Samson", "runs": {"batsman": 0, "extras": 1, "total": 1}}}, {"10.3": {"batsman": "SS Iyer", "bowler": "UT Yadav", "non_striker": "SV Samson", "runs": {"batsman": 0, "extras": 0, "total": 0}}}, {"10.4": {"batsman": "SS Iyer", "bowler": "UT Yadav", "non_striker": "SV Samson", "runs": {"batsman": 2, "extras": 0, "total": 2}}}, {"10.5": {"batsman": "SS Iyer", "bowler": "UT Yadav", "non_striker": "SV Samson", "runs": {"batsman": 1, "extras": 0, "total": 1}}}, {"10.6": {"batsman": "SV Samson", "bowler": "UT Yadav", "non_striker": "SS Iyer", "runs": {"batsman": 1, "extras": 0, "total": 1}}}, {"10.7": {"batsman": "SS Iyer", "bowler": "UT Yadav", "non_striker": "SV Samson", "runs": {"batsman": 0, "extras": 0, "total": 0}}}, {"11.1": {"batsman": "SV Samson", "bowler": "Kuldeep Yadav", "non_striker": "SS Iyer", "runs": {"batsman": 6, "extras": 0, "total": 6}}}, {"11.2": {"batsman": "SV Samson", "bowler": "Kuldeep Yadav", "non_striker": "SS Iyer", "runs": {"batsman": 1, "extras": 0, "total": 1}}}, {"11.3": {"batsman": "SS Iyer", "bowler": "Kuldeep Yadav", "non_striker": "SV Samson", "runs": {"batsman": 1, "extras": 0, "total": 1}}}, {"11.4": {"batsman": "SV Samson", "bowler": "Kuldeep Yadav", "non_striker": "SS Iyer", "runs": {"batsman": 1, "extras": 0, "total": 1}}}, {"11.5": {"batsman": "SS Iyer", "bowler": "Kuldeep Yadav", "non_striker": "SV Samson", "runs": {"batsman": 0, "extras": 0, "total": 0}}}, {"11.6": {"batsman": "SS Iyer", "bowler": "Kuldeep Yadav", "non_striker": "SV Samson", "runs": {"batsman": 1, "extras": 0, "total": 1}}}, {"12.1": {"batsman": "SS Iyer", "bowler": "C de Grandhomme", "non_striker": "SV Samson", "runs": {"batsman": 4, "extras": 0, "total": 4}}}, {"12.2": {"batsman": "SS Iyer", "bowler": "C de Grandhomme", "non_striker": "SV Samson", "runs": {"batsman": 1, "extras": 0, "total": 1}}}, {"12.3": {"batsman": "SV Samson", "bowler": "C de Grandhomme", "non_striker": "SS Iyer", "runs": {"batsman": 1, "extras": 0, "total": 1}}}, {"12.4": {"batsman": "SS Iyer", "bowler": "C de Grandhomme", "non_striker": "SV Samson", "runs": {"batsman": 6, "extras": 0, "total": 6}}}, {"12.5": {"batsman": "SS Iyer", "bowler": "C de Grandhomme", "non_striker": "SV Samson", "runs": {"batsman": 2, "extras": 0, "total": 2}}}, {"12.6": {"batsman": "SS Iyer", "bowler": "C de Grandhomme", "non_striker": "SV Samson", "runs": {"batsman": 1, "extras": 0, "total": 1}}}, {"13.1": {"batsman": "SS Iyer", "bowler": "UT Yadav", "non_striker": "SV Samson", "runs": {"batsman": 4, "extras": 0, "total": 4}}}, {"13.2": {"batsman": "SS Iyer", "bowler": "UT Yadav", "non_striker": "SV Samson", "runs": {"batsman": 4, "extras": 0, "total": 4}}}, {"13.3": {"batsman": "SS Iyer", "bowler": "UT Yadav", "non_striker": "SV Samson", "runs": {"batsman": 1, "extras": 0, "total": 1}}}, {"13.4": {"batsman": "SV Samson", "bowler": "UT Yadav", "non_striker": "SS Iyer", "runs": {"batsman": 0, "extras": 0, "total": 0}}}, {"13.5": {"batsman": "SV Samson", "bowler": "UT Yadav", "non_striker": "SS Iyer", "runs": {"batsman": 6, "extras": 0, "total": 6}}}, {"13.6": {"batsman": "SV Samson", "bowler": "UT Yadav", "non_striker": "SS Iyer", "runs": {"batsman": 0, "extras": 0, "total": 0}, "wicket": {"kind": "lbw", "player_out": "SV Samson"}}}, {"14.1": {"batsman": "SS Iyer", "bowler": "SP Narine", "non_striker": "RR Pant", "runs": {"batsman": 1, "extras": 0, "total": 1}}}, {"14.2": {"batsman": "RR Pant", "bowler": "SP Narine", "non_striker": "SS Iyer", "runs": {"batsman": 1, "extras": 0, "total": 1}}}, {"14.3": {"batsman": "SS Iyer", "bowler": "SP Narine", "non_striker": "RR Pant", "runs": {"batsman": 1, "extras": 0, "total": 1}}}, {"14.4": {"batsman": "RR Pant", "bowler": "SP Narine", "non_striker": "SS Iyer", "runs": {"batsman": 4, "extras": 0, "total": 4}}}, {"14.5": {"batsman": "RR Pant", "bowler": "SP Narine", "non_striker": "SS Iyer", "runs": {"batsman": 1, "extras": 0, "total": 1}}}, {"14.6": {"batsman": "SS Iyer", "bowler": "SP Narine", "non_striker": "RR Pant", "runs": {"batsman": 0, "extras": 0, "total": 0}}}, {"15.1": {"batsman": "RR Pant", "bowler": "NM Coulter-Nile", "non_striker": "SS Iyer", "runs": {"batsman": 0, "extras": 0, "total": 0}, "wicket": {"kind": "lbw", "player_out": "RR Pant"}}}, {"15.2": {"batsman": "CH Morris", "bowler": "NM Coulter-Nile", "non_striker": "SS Iyer", "runs": {"batsman": 4, "extras": 0, "total": 4}}}, {"15.3": {"batsman": "CH Morris", "bowler": "NM Coulter-Nile", "non_striker": "SS Iyer", "runs": {"batsman": 1, "extras": 0, "total": 1}}}, {"15.4": {"batsman": "SS Iyer", "bowler": "NM Coulter-Nile", "non_striker": "CH Morris", "runs": {"batsman": 4, "extras": 0, "total": 4}}}, {"15.5": {"batsman": "SS Iyer", "bowler": "NM Coulter-Nile", "non_striker": "CH Morris", "runs": {"batsman": 0, "extras": 0, "total": 0}, "wicket": {"kind": "lbw", "player_out": "SS Iyer"}}}, {"15.6": {"batsman": "CJ Anderson", "bowler": "NM Coulter-Nile", "non_striker": "CH Morris", "runs": {"batsman": 0, "extras": 0, "total": 0}}}, {"16.1": {"batsman": "CH Morris", "bowler": "Kuldeep Yadav", "non_striker": "CJ Anderson", "runs": {"batsman": 1, "extras": 0, "total": 1}}}, {"16.2": {"batsman": "CJ Anderson", "bowler": "Kuldeep Yadav", "non_striker": "CH Morris", "runs": {"batsman": 0, "extras": 0, "total": 0}}}, {"16.3": {"batsman": "CJ Anderson", "bowler": "Kuldeep Yadav", "non_striker": "CH Morris", "runs": {"batsman": 1, "extras": 0, "total": 1}}}, {"16.4": {"batsman": "CH Morris", "bowler": "Kuldeep Yadav", "non_striker": "CJ Anderson", "runs": {"batsman": 2, "extras": 0, "total": 2}}}, {"16.5": {"batsman": "CH Morris", "bowler": "Kuldeep Yadav", "non_striker": "CJ Anderson", "runs": {"batsman": 1, "extras": 0, "total": 1}}}, {"16.6": {"batsman": "CJ Anderson", "bowler": "Kuldeep Yadav", "non_striker": "CH Morris", "runs": {"batsman": 1, "extras": 0, "total": 1}}}, {"17.1": {"batsman": "CJ Anderson", "bowler": "SP Narine", "non_striker": "CH Morris", "runs": {"batsman": 0, "extras": 0, "total": 0}, "wicket": {"fielders": ["SP Jackson", "G Gambhir"], "kind": "run out", "player_out": "CJ Anderson"}}}, {"17.2": {"batsman": "AR Bawne", "bowler": "SP Narine", "non_striker": "CH Morris", "runs": {"batsman": 1, "extras": 0, "total": 1}}}, {"17.3": {"batsman": "CH Morris", "bowler": "SP Narine", "non_striker": "AR Bawne", "runs": {"batsman": 1, "extras": 0, "total": 1}}}, {"17.4": {"batsman": "AR Bawne", "bowler": "SP Narine", "non_striker": "CH Morris", "runs": {"batsman": 0, "extras": 0, "total": 0}}}, {"17.5": {"batsman": "AR Bawne", "bowler": "SP Narine", "non_striker": "CH Morris", "runs": {"batsman": 0, "extras": 0, "total": 0}}}, {"17.6": {"batsman": "AR Bawne", "bowler": "SP Narine", "non_striker": "CH Morris", "runs": {"batsman": 1, "extras": 0, "total": 1}}}, {"18.1": {"batsman": "AR Bawne", "bowler": "CR Woakes", "non_striker": "CH Morris", "runs": {"batsman": 0, "extras": 0, "total": 0}}}, {"18.2": {"batsman": "AR Bawne", "bowler": "CR Woakes", "non_striker": "CH Morris", "runs": {"batsman": 2, "extras": 0, "total": 2}}}, {"18.3": {"batsman": "AR Bawne", "bowler": "CR Woakes", "non_striker": "CH Morris", "runs": {"batsman": 0, "extras": 0, "total": 0}}}, {"18.4": {"batsman": "AR Bawne", "bowler": "CR Woakes", "non_striker": "CH Morris", "runs": {"batsman": 1, "extras": 0, "total": 1}}}, {"18.5": {"batsman": "CH Morris", "bowler": "CR Woakes", "non_striker": "AR Bawne", "runs": {"batsman": 1, "extras": 0, "total": 1}}}, {"18.6": {"batsman": "AR Bawne", "bowler": "CR Woakes", "non_striker": "CH Morris", "runs": {"batsman": 1, "extras": 0, "total": 1}}}, {"19.1": {"batsman": "AR Bawne", "bowler": "NM Coulter-Nile", "non_striker": "CH Morris", "runs": {"batsman": 4, "extras": 0, "total": 4}}}, {"19.2": {"batsman": "AR Bawne", "bowler": "NM Coulter-Nile", "non_striker": "CH Morris", "runs": {"batsman": 1, "extras": 0, "total": 1}}}, {"19.3": {"batsman": "CH Morris", "bowler": "NM Coulter-Nile", "non_striker": "AR Bawne", "runs": {"batsman": 0, "extras": 0, "total": 0}}}, {"19.4": {"batsman": "CH Morris", "bowler": "NM Coulter-Nile", "non_striker": "AR Bawne", "runs": {"batsman": 0, "extras": 0, "total": 0}}}, {"19.5": {"batsman": "CH Morris", "bowler": "NM Coulter-Nile", "non_striker": "AR Bawne", "runs": {"batsman": 0, "extras": 0, "total": 0}, "wicket": {"fielders": ["CR Woakes"], "kind": "caught", "player_out": "CH Morris"}}}, {"19.6": {"batsman": "AR Bawne", "bowler": "NM Coulter-Nile", "non_striker": "PJ Cummins", "runs": {"batsman": 1, "extras": 0, "total": 1}}}]