[{"0.1": {"batsman": "DA Warner", "bowler": "Harbhajan Singh", "non_striker": "S Dhawan", "runs": {"batsman": 0, "extras": 0, "total": 0}}}, {"0.2": {"batsman": "DA Warner", "bowler": "Harbhajan Singh", "non_striker": "S Dhawan", "runs": {"batsman": 4, "extras": 0, "total": 4}}}, {"0.3": {"batsman": "DA Warner", "bowler": "Harbhajan Singh", "non_striker": "S Dhawan", "runs": {"batsman": 1, "extras": 0, "total": 1}}}, {"0.4": {"batsman": "S Dhawan", "bowler": "Harbhajan Singh", "non_striker": "DA Warner", "runs": {"batsman": 1, "extras": 0, "total": 1}}}, {"0.5": {"batsman": "DA Warner", "bowler": "Harbhajan Singh", "non_striker": "S Dhawan", "runs": {"batsman": 0, "extras": 0, "total": 0}}}, {"0.6": {"batsman": "DA Warner", "bowler": "Harbhajan Singh", "non_striker": "S Dhawan", "runs": {"batsman": 1, "extras": 0, "total": 1}}}, {"1.1": {"batsman": "DA Warner", "bowler": "MJ McClenaghan", "non_striker": "S Dhawan", "runs": {"batsman": 0, "extras": 0, "total": 0}, "wicket": {"kind": "lbw", "player_out": "DA Warner"}}}, {"1.2": {"batsman": "MC Henriques", "bowler": "MJ McClenaghan", "non_striker": "S Dhawan", "runs": {"batsman": 1, "extras": 0, "total": 1}}}, {"1.3": {"batsman": "S Dhawan", "bowler": "MJ McClenaghan", "non_striker": "MC Henriques", "runs": {"batsman": 0, "extras": 0, "total": 0}}}, {"1.4": {"batsman": "S Dhawan", "bowler": "MJ McClenaghan", "non_striker": "MC Henriques", "runs": {"batsman": 0, "extras": 0, "total": 0}}}, {"1.5": {"batsman": "S Dhawan", "bowler": "MJ McClenaghan", "non_striker": "MC Henriques", "runs": {"batsman": 1, "extras": 0, "total": 1}}}, {"1.6": {"batsman": "MC Henriques", "bowler": "MJ McClenaghan", "non_striker": "S Dhawan", "runs": {"batsman": 1, "extras": 0, "total": 1}}}, {"2.1": {"batsman": "MC Henriques", "bowler": "SL Malinga", "non_striker": "S Dhawan", "runs": {"batsman": 2, "extras": 0, "total": 2}}}, {"2.2": {"batsman": "MC Henriques", "bowler": "SL Malinga", "non_striker": "S Dhawan", "runs": {"batsman": 1, "extras": 0, "total": 1}}}, {"2.3": {"batsman": "S Dhawan", "bowler": "SL Malinga", "non_striker": "MC Henriques", "runs": {"batsman": 1, "extras": 0, "total": 1}}}, {"2.4": {"batsman": "MC Henriques", "bowler": "SL Malinga", "non_striker": "S Dhawan", "runs": {"batsman": 1, "extras": 0, "total": 1}}}, {"2.5": {"batsman": "S Dhawan", "bowler": "SL Malinga", "non_striker": "MC Henriques", "runs": {"batsman": 4, "extras": 0, "total": 4}}}, {"2.6": {"batsman": "S Dhawan", "bowler": "SL Malinga", "non_striker": "MC Henriques", "runs": {"batsman": 2, "extras": 0, "total": 2}}}, {"3.1": {"batsman": "MC Henriques", "bowler": "Harbhajan Singh", "non_striker": "S Dhawan", "runs": {"batsman": 2, "extras": 0, "total": 2}}}, {"3.2": {"batsman": "MC Henriques", "bowler": "Harbhajan Singh", "non_striker": "S Dhawan", "runs": {"batsman": 1, "extras": 0, "total": 1}}}, {"3.3": {"batsman": "S Dhawan", "bowler": "Harbhajan Singh", "non_striker": "MC Henriques", "runs": {"batsman": 1, "extras": 0, "total": 1}}}, {"3.4": {"batsman": "MC Henriques", "bowler": "Harbhajan Singh", "non_striker": "S Dhawan", "runs": {"batsman": 0, "extras": 0, "total": 0}}}, {"3.5": {"batsman": "MC Henriques", "bowler": "Harbhajan Singh", "non_striker": "S Dhawan", "runs": {"batsman": 0, "extras": 0, "total": 0}}}, {"3.6": {"batsman": "MC Henriques", "bowler": "Harbhajan Singh", "non_striker": "S Dhawan", "runs": {"batsman": 1, "extras": 0, "total": 1}}}, {"4.1": {"batsman": "MC Henriques", "bowler": "JJ Bumrah", "non_striker": "S Dhawan", "runs": {"batsman": 0, "extras": 0, "total": 0}}}, {"4.2": {"batsman": "MC Henriques", "bowler": "JJ Bumrah", "non_striker": "S Dhawan", "runs": {"batsman": 2, "extras": 0, "total": 2}}}, {"4.3": {"batsman": "MC Henriques", "bowler": "JJ Bumrah", "non_striker": "S Dhawan", "runs": {"batsman": 4, "extras": 0, "total": 4}}}, {"4.4": {"batsman": "MC Henriques", "bowler": "JJ Bumrah", "non_striker": "S Dhawan", "runs": {"batsman": 1, "extras": 0, "total": 1}}}, {"4.5": {"batsman": "S Dhawan", "bowler": "JJ Bumrah", "non_striker": "MC Henriques", "runs": {"batsman": 4, "extras": 0, "total": 4}}}, {"4.6": {"batsman": "S Dhawan", "bowler": "JJ Bumrah", "non_striker": "MC Henriques", "runs": {"batsman": 0, "extras": 0, "total": 0}}}, {"5.1": {"batsman": "MC Henriques", "bowler": "MJ McClenaghan", "non_striker": "S Dhawan", "runs": {"batsman": 0, "extras": 0, "total": 0}}}, {"5.2": {"batsman": "MC Henriques", "bowler": "MJ McClenaghan", "non_striker": "S Dhawan", "runs": {"batsman": 4, "extras": 0, "total": 4}}}, {"5.3": {"batsman": "MC Henriques", "bowler": "MJ McClenaghan", "non_striker": "S Dhawan", "runs": {"batsman": 1, "extras": 0, "total": 1}}}, {"5.4": {"batsman": "S Dhawan", "bowler": "MJ McClenaghan", "non_striker": "MC Henriques", "runs": {"batsman": 0, "extras": 0, "total": 0}}}, {"5.5": {"batsman": "S Dhawan", "bowler": "MJ McClenaghan", "non_striker": "MC Henriques", "runs": {"batsman": 1, "extras": 0, "total": 1}}}, {"5.6": {"batsman": "MC Henriques", "bowler": "MJ McClenaghan", "non_striker": "S Dhawan", "runs": {"batsman": 0, "extras": 0, "total": 0}}}, {"6.1": {"batsman": "S Dhawan", "bowler": "KV Sharma", "non_striker": "MC Henriques", "runs": {"batsman": 0, "extras": 0, "total": 0}}}, {"6.2": {"batsman": "S Dhawan", "bowler": "KV Sharma", "non_striker": "MC Henriques", "runs": {"batsman": 6, "extras": 0, "total": 6}}}, {"6.3": {"batsman": "S Dhawan", "bowler": "KV Sharma", "non_striker": "MC Henriques", "runs": {"batsman": 1, "extras": 0, "total": 1}}}, {"6.4": {"batsman": "MC Henriques", "bowler": "KV Sharma", "extras": {"legbyes": 1}, "non_striker": "S Dhawan", "runs": {"batsman": 0, "extras": 1, "total": 1}}}, {"6.5": {"batsman": "S Dhawan", "bowler": "KV Sharma", "non_striker": "MC Henriques", "runs": {"batsman": 1, "extras": 0, "total": 1}}}, {"6.6": {"batsman": "MC Henriques", "bowler": "KV Sharma", "non_striker": "S Dhawan", "runs": {"batsman": 0, "extras": 0, "total": 0}}}, {"7.1": {"batsman": "S Dhawan", "bowler": "HH Pandya", "non_striker": "MC Henriques", "runs": {"batsman": 1, "extras": 0, "total": 1}}}, {"7.2": {"batsman": "MC Henriques", "bowler": "HH Pandya", "non_striker": "S Dhawan", "runs": {"batsman": 0, "extras": 0, "total": 0}}}, {"7.3": {"batsman": "MC Henriques", "bowler": "HH Pandya", "non_striker": "S Dhawan", "runs": {"batsman": 4, "extras": 0, "total": 4}}}, {"7.4": {"batsman": "MC Henriques", "bowler": "HH Pandya", "non_striker": "S Dhawan", "runs": {"batsman": 1, "extras": 0, "total": 1}}}, {"7.5": {"batsman": "S Dhawan", "bowler": "HH Pandya", "non_striker": "MC Henriques", "runs": {"batsman": 3, "extras": 0, "total": 3}}}, {"7.6": {"batsman": "MC Henriques", "bowler": "HH Pandya", "non_striker": "S Dhawan", "runs": {"batsman": 4, "extras": 0, "total": 4}}}, {"8.1": {"batsman": "S Dhawan", "bowler": "KV Sharma", "non_striker": "MC Henriques", "runs": {"batsman": 4, "extras": 0, "total": 4}}}, {"8.2": {"batsman": "S Dhawan", "bowler": "KV Sharma", "non_striker": "MC Henriques", "runs": {"batsman": 0, "extras": 0, "total": 0}}}, {"8.3": {"batsman": "S Dhawan", "bowler": "KV Sharma", "non_striker": "MC Henriques", "runs": {"batsman": 0, "extras": 0, "total": 0}}}, {"8.4": {"batsman": "S Dhawan", "bowler": "KV Sharma", "non_striker": "MC Henriques", "runs": {"batsman": 0, "extras": 0, "total": 0}}}, {"8.5": {"batsman": "S Dhawan", "bowler": "KV Sharma", "non_striker": "MC Henriques", "runs": {"batsman": 6, "extras": 0, "total": 6}}}, {"8.6": {"batsman": "S Dhawan", "bowler": "KV Sharma", "non_striker": "MC Henriques", "runs": {"batsman": 1, "extras": 0, "total": 1}}}, {"9.1": {"batsman": "S Dhawan", "bowler": "Harbhajan Singh", "non_striker": "MC Henriques", "runs": {"batsman": 0, "extras": 0, "total": 0}}}, {"9.2": {"batsman": "S Dhawan", "bowler": "Harbhajan Singh", "non_striker": "MC Henriques", "runs": {"batsman": 4, "extras": 0, "total": 4}}}, {"9.3": {"batsman": "S Dhawan", "bowler": "Harbhajan Singh", "non_striker": "MC Henriques", "runs": {"batsman": 1, "extras": 0, "total": 1}}}, {"9.4": {"batsman": "MC Henriques", "bowler": "Harbhajan Singh", "non_striker": "S Dhawan", "runs": {"batsman": 0, "extras": 0, "total": 0}}}, {"9.5": {"batsman": "MC Henriques", "bowler": "Harbhajan Singh", "non_striker": "S Dhawan", "runs": {"batsman": 1, "extras": 0, "total": 1}}}, {"9.6": {"batsman": "S Dhawan", "bowler": "Harbhajan Singh", "non_striker": "MC Henriques", "runs": {"batsman": 1, "extras": 0, "total": 1}}}, {"10.1": {"batsman": "S Dhawan", "bowler": "SL Malinga", "non_striker": "MC Henriques", "runs": {"batsman": 1, "extras": 0, "total": 1}}}, {"10.2": {"batsman": "MC Henriques", "bowler": "SL Malinga", "non_striker": "S Dhawan", "runs": {"batsman": 2, "extras": 0, "total": 2}}}, {"10.3": {"batsman": "MC Henriques", "bowler": "SL Malinga", "non_striker": "S Dhawan", "runs": {"batsman": 0, "extras": 0, "total": 0}}}, {"10.4": {"batsman": "MC Henriques", "bowler": "SL Malinga", "non_striker": "S Dhawan", "runs": {"batsman": 4, "extras": 0, "total": 4}}}, {"10.5": {"batsman": "MC Henriques", "bowler": "SL Malinga", "non_striker": "S Dhawan", "runs": {"batsman": 4, "extras": 0, "total": 4}}}, {"10.6": {"batsman": "MC Henriques", "bowler": "SL Malinga", "non_striker": "S Dhawan", "runs": {"batsman": 0, "extras": 0, "total": 0}}}, {"11.1": {"batsman": "S Dhawan", "bowler": "Harbhajan Singh", "non_striker": "MC Henriques", "runs": {"batsman": 1, "extras": 0, "total": 1}}}, {"11.2": {"batsman": "MC Henriques", "bowler": "Harbhajan Singh", "non_striker": "S Dhawan", "runs": {"batsman": 1, "extras": 0, "total": 1}}}, {"11.3": {"batsman": "S Dhawan", "bowler": "Harbhajan Singh", "non_striker": "MC Henriques", "runs": {"batsman": 1, "extras": 0, "total": 1}}}, {"11.4": {"batsman": "MC Henriques", "bowler": "Harbhajan Singh", "non_striker": "S Dhawan", "runs": {"batsman": 0, "extras": 0, "total": 0}}}, {"11.5": {"batsman": "MC Henriques", "bowler": "Harbhajan Singh", "non_striker": "S Dhawan", "runs": {"batsman": 1, "extras": 0, "total": 1}}}, {"11.6": {"batsman": "S Dhawan", "bowler": "Harbhajan Singh", "non_striker": "MC Henriques", "runs": {"batsman": 0, "extras": 0, "total": 0}}}, {"12.1": {"batsman": "MC Henriques", "bowler": "JJ Bumrah", "non_striker": "S Dhawan", "runs": {"batsman": 0, "extras": 0, "total": 0}, "wicket": {"fielders": ["RG Sharma"], "kind": "caught", "player_out": "MC Henriques"}}}, {"12.2": {"batsman": "S Dhawan", "bowler": "JJ Bumrah", "non_striker": "Yuvraj Singh", "runs": {"batsman": 1, "extras": 0, "total": 1}}}, {"12.3": {"batsman": "Yuvraj Singh", "bowler": "JJ Bumrah", "non_striker": "S Dhawan", "runs": {"batsman": 0, "extras": 0, "total": 0}}}, {"12.4": {"batsman": "Yuvraj Singh", "bowler": "JJ Bumrah", "non_striker": "S Dhawan", "runs": {"batsman": 0, "extras": 0, "total": 0}}}, {"12.5": {"batsman": "Yuvraj Singh", "bowler": "JJ Bumrah", "non_striker": "S Dhawan", "runs": {"batsman": 0, "extras": 0, "total": 0}}}, {"12.6": {"batsman": "Yuvraj Singh", "bowler": "JJ Bumrah", "non_striker": "S Dhawan", "runs": {"batsman": 0, "extras": 0, "total": 0}}}, {"13.1": {"batsman": "S Dhawan", "bowler": "MJ McClenaghan", "non_striker": "Yuvraj Singh", "runs": {"batsman": 1, "extras": 0, "total": 1}}}, {"13.2": {"batsman": "Yuvraj Singh", "bowler": "MJ McClenaghan", "non_striker": "S Dhawan", "runs": {"batsman": 0, "extras": 0, "total": 0}}}, {"13.3": {"batsman": "Yuvraj Singh", "bowler": "MJ McClenaghan", "non_striker": "S Dhawan", "runs": {"batsman": 0, "extras": 0, "total": 0}}}, {"13.4": {"batsman": "Yuvraj Singh", "bowler": "MJ McClenaghan", "extras": {"wides": 1}, "non_striker": "S Dhawan", "runs": {"batsman": 0, "extras": 1, "total": 1}}}, {"13.5": {"batsman": "Yuvraj Singh", "bowler": "MJ McClenaghan", "non_striker": "S Dhawan", "runs": {"batsman": 4, "extras": 0, "total": 4}}}, {"13.6": {"batsman": "Yuvraj Singh", "bowler": "MJ McClenaghan", "non_striker": "S Dhawan", "runs": {"batsman": 2, "extras": 0, "total": 2}}}, {"13.7": {"batsman": "Yuvraj Singh", "bowler": "MJ McClenaghan", "non_striker": "S Dhawan", "runs": {"batsman": 2, "extras": 0, "total": 2}}}, {"14.1": {"batsman": "S Dhawan", "bowler": "SL Malinga", "extras": {"legbyes": 1}, "non_striker": "Yuvraj Singh", "runs": {"batsman": 0, "extras": 1, "total": 1}}}, {"14.2": {"batsman": "Yuvraj Singh", "bowler": "SL Malinga", "non_striker": "S Dhawan", "runs": {"batsman": 1, "extras": 0, "total": 1}}}, {"14.3": {"batsman": "S Dhawan", "bowler": "SL Malinga", "non_striker": "Yuvraj Singh", "runs": {"batsman": 1, "extras": 0, "total": 1}}}, {"14.4": {"batsman": "Yuvraj Singh", "bowler": "SL Malinga", "non_striker": "S Dhawan", "runs": {"batsman": 0, "extras": 0, "total": 0}, "wicket": {"fielders": ["HH Pandya"], "kind": "caught", "player_out": "Yuvraj Singh"}}}, {"14.5": {"batsman": "S Dhawan", "bowler": "SL Malinga", "non_striker": "V Shankar", "runs": {"batsman": 0, "extras": 0, "total": 0}}}, {"14.6": {"batsman": "S Dhawan", "bowler": "SL Malinga", "non_striker": "V Shankar", "runs": {"batsman": 1, "extras": 0, "total": 1}}}, {"15.1": {"batsman": "S Dhawan", "bowler": "JJ Bumrah", "non_striker": "V Shankar", "runs": {"batsman": 1, "extras": 0, "total": 1}}}, {"15.2": {"batsman": "V Shankar", "bowler": "JJ Bumrah", "non_striker": "S Dhawan", "runs": {"batsman": 2, "extras": 0, "total": 2}}}, {"15.3": {"batsman": "V Shankar", "bowler": "JJ Bumrah", "non_striker": "S Dhawan", "runs": {"batsman": 1, "extras": 0, "total": 1}}}, {"15.4": {"batsman": "S Dhawan", "bowler": "JJ Bumrah", "non_striker": "V Shankar", "runs": {"batsman": 2, "extras": 0, "total": 2}}}, {"15.5": {"batsman": "S Dhawan", "bowler": "JJ Bumrah", "non_striker": "V Shankar", "runs": {"batsman": 1, "extras": 0, "total": 1}}}, {"15.6": {"batsman": "V Shankar", "bowler": "JJ Bumrah", "non_striker": "S Dhawan", "runs": {"batsman": 1, "extras": 0, "total": 1}}}, {"16.1": {"batsman": "V Shankar", "bowler": "SL Malinga", "non_striker": "S Dhawan", "runs": {"batsman": 0, "extras": 0, "total": 0}}}, {"16.2": {"batsman": "V Shankar", "bowler": "SL Malinga", "non_striker": "S Dhawan", "runs": {"batsman": 2, "extras": 0, "total": 2}}}, {"16.3": {"batsman": "V Shankar", "bowler": "SL Malinga", "extras": {"wides": 1}, "non_striker": "S Dhawan", "runs": {"batsman": 0, "extras": 1, "total": 1}}}, {"16.4": {"batsman": "V Shankar", "bowler": "SL Malinga", "non_striker": "S Dhawan", "runs": {"batsman": 1, "extras": 0, "total": 1}}}, {"16.5": {"batsman": "S Dhawan", "bowler": "SL Malinga", "non_striker": "V Shankar", "runs": {"batsman": 2, "extras": 0, "total": 2}}}, {"16.6": {"batsman": "S Dhawan", "bowler": "SL Malinga", "non_striker": "V Shankar", "runs": {"batsman": 1, "extras": 0, "total": 1}}}, {"16.7": {"batsman": "V Shankar", "bowler": "SL Malinga", "non_striker": "S Dhawan", "runs": {"batsman": 1, "extras": 0, "total": 1}}}, {"17.1": {"batsman": "V Shankar", "bowler": "MJ McClenaghan", "non_striker": "S Dhawan", "runs": {"batsman": 1, "extras": 0, "total": 1}}}, {"17.2": {"batsman": "S Dhawan", "bowler": "MJ McClenaghan", "non_striker": "V Shankar", "runs": {"batsman": 2, "extras": 0, "total": 2}}}, {"17.3": {"batsman": "S Dhawan", "bowler": "MJ McClenaghan", "non_striker": "V Shankar", "runs": {"batsman": 1, "extras": 0, "total": 1}}}, {"17.4": {"batsman": "V Shankar", "bowler": "MJ McClenaghan", "non_striker": "S Dhawan", "runs": {"batsman": 1, "extras": 0, "total": 1}}}, {"17.5": {"batsman": "S Dhawan", "bowler": "MJ McClenaghan", "non_striker": "V Shankar", "runs": {"batsman": 1, "extras": 0, "total": 1}}}, {"17.6": {"batsman": "V Shankar", "bowler": "MJ McClenaghan", "non_striker": "S Dhawan", "runs": {"batsman": 1, "extras": 0, "total": 1}}}, {"18.1": {"batsman": "V Shankar", "bowler": "JJ Bumrah", "non_striker": "S Dhawan", "runs": {"batsman": 0, "extras": 0, "total": 0}}}, {"18.2": {"batsman": "V Shankar", "bowler": "JJ Bumrah", "non_striker": "S Dhawan", "runs": {"batsman": 4, "extras": 0, "total": 4}}}]