[{"0.1": {"batsman": "LMP Simmons", "bowler": "Sandeep Sharma", "non_striker": "PA Patel", "runs": {"batsman": 4, "extras": 0, "total": 4}}}, {"0.2": {"batsman": "LMP Simmons", "bowler": "Sandeep Sharma", "extras": {"wides": 1}, "non_striker": "PA Patel", "runs": {"batsman": 0, "extras": 1, "total": 1}}}, {"0.3": {"batsman": "LMP Simmons", "bowler": "Sandeep Sharma", "non_striker": "PA Patel", "runs": {"batsman": 0, "extras": 0, "total": 0}}}, {"0.4": {"batsman": "LMP Simmons", "bowler": "Sandeep Sharma", "non_striker": "PA Patel", "runs": {"batsman": 2, "extras": 0, "total": 2}}}, {"0.5": {"batsman": "LMP Simmons", "bowler": "Sandeep Sharma", "non_striker": "PA Patel", "runs": {"batsman": 1, "extras": 0, "total": 1}}}, {"0.6": {"batsman": "PA Patel", "bowler": "Sandeep Sharma", "non_striker": "LMP Simmons", "runs": {"batsman": 0, "extras": 0, "total": 0}}}, {"0.7": {"batsman": "PA Patel", "bowler": "Sandeep Sharma", "non_striker": "LMP Simmons", "runs": {"batsman": 2, "extras": 0, "total": 2}}}, {"1.1": {"batsman": "LMP Simmons", "bowler": "MJ Henry", "non_striker": "PA Patel", "runs": {"batsman": 1, "extras": 0, "total": 1}}}, {"1.2": {"batsman": "PA Patel", "bowler": "MJ Henry", "non_striker": "LMP Simmons", "runs": {"batsman": 0, "extras": 0, "total": 0}}}, {"1.3": {"batsman": "PA Patel", "bowler": "MJ Henry", "non_striker": "LMP Simmons", "runs": {"batsman": 4, "extras": 0, "total": 4}}}, {"1.4": {"batsman": "PA Patel", "bowler": "MJ Henry", "non_striker": "LMP Simmons", "runs": {"batsman": 4, "extras": 0, "total": 4}}}, {"1.5": {"batsman": "PA Patel", "bowler": "MJ Henry", "non_striker": "LMP Simmons", "runs": {"batsman": 4, "extras": 0, "total": 4}}}, {"1.6": {"batsman": "PA Patel", "bowler": "MJ Henry", "non_striker": "LMP Simmons", "runs": {"batsman": 0, "extras": 0, "total": 0}}}, {"2.1": {"batsman": "LMP Simmons", "bowler": "I Sharma", "non_striker": "PA Patel", "runs": {"batsman": 0, "extras": 0, "total": 0}}}, {"2.2": {"batsman": "LMP Simmons", "bowler": "I Sharma", "non_striker": "PA Patel", "runs": {"batsman": 0, "extras": 0, "total": 0}}}, {"2.3": {"batsman": "LMP Simmons", "bowler": "I Sharma", "non_striker": "PA Patel", "runs": {"batsman": 2, "extras": 0, "total": 2}}}, {"2.4": {"batsman": "LMP Simmons", "bowler": "I Sharma", "non_striker": "PA Patel", "runs": {"batsman": 0, "extras": 0, "total": 0}}}, {"2.5": {"batsman": "LMP Simmons", "bowler": "I Sharma", "non_striker": "PA Patel", "runs": {"batsman": 4, "extras": 0, "total": 4}}}, {"2.6": {"batsman": "LMP Simmons", "bowler": "I Sharma", "non_striker": "PA Patel", "runs": {"batsman": 0, "extras": 0, "total": 0}}}, {"3.1": {"batsman": "PA Patel", "bowler": "Sandeep Sharma", "extras": {"wides": 1}, "non_striker": "LMP Simmons", "runs": {"batsman": 0, "extras": 1, "total": 1}}}, {"3.2": {"batsman": "PA Patel", "bowler": "Sandeep Sharma", "non_striker": "LMP Simmons", "runs": {"batsman": 0, "extras": 0, "total": 0}}}, {"3.3": {"batsman": "PA Patel", "bowler": "Sandeep Sharma", "non_striker": "LMP Simmons", "runs": {"batsman": 1, "extras": 0, "total": 1}}}, {"3.4": {"batsman": "LMP Simmons", "bowler": "Sandeep Sharma", "non_striker": "PA Patel", "runs": {"batsman": 2, "extras": 0, "total": 2}}}, {"3.5": {"batsman": "LMP Simmons", "bowler": "Sandeep Sharma", "non_striker": "PA Patel", "runs": {"batsman": 0, "extras": 0, "total": 0}}}, {"3.6": {"batsman": "LMP Simmons", "bowler": "Sandeep Sharma", "non_striker": "PA Patel", "runs": {"batsman": 0, "extras": 0, "total": 0}}}, {"3.7": {"batsman": "LMP Simmons", "bowler": "Sandeep Sharma", "non_striker": "PA Patel", "runs": {"batsman": 4, "extras": 0, "total": 4}}}, {"4.1": {"batsman": "PA Patel", "bowler": "I Sharma", "extras": {"legbyes": 1}, "non_striker": "LMP Simmons", "runs": {"batsman": 0, "extras": 1, "total": 1}}}, {"4.2": {"batsman": "LMP Simmons", "bowler": "I Sharma", "non_striker": "PA Patel", "runs": {"batsman": 4, "extras": 0, "total": 4}}}, {"4.3": {"batsman": "LMP Simmons", "bowler": "I Sharma", "non_striker": "PA Patel", "runs": {"batsman": 1, "extras": 0, "total": 1}}}, {"4.4": {"batsman": "PA Patel", "bowler": "I Sharma", "non_striker": "LMP Simmons", "runs": {"batsman": 4, "extras": 0, "total": 4}}}, {"4.5": {"batsman": "PA Patel", "bowler": "I Sharma", "non_striker": "LMP Simmons", "runs": {"batsman": 1, "extras": 0, "total": 1}}}, {"4.6": {"batsman": "LMP Simmons", "bowler": "I Sharma", "non_striker": "PA Patel", "runs": {"batsman": 4, "extras": 0, "total": 4}}}, {"5.1": {"batsman": "PA Patel", "bowler": "MM Sharma", "non_striker": "LMP Simmons", "runs": {"batsman": 1, "extras": 0, "total": 1}}}, {"5.2": {"batsman": "LMP Simmons", "bowler": "MM Sharma", "non_striker": "PA Patel", "runs": {"batsman": 6, "extras": 0, "total": 6}}}, {"5.3": {"batsman": "LMP Simmons", "bowler": "MM Sharma", "non_striker": "PA Patel", "runs": {"batsman": 2, "extras": 0, "total": 2}}}, {"5.4": {"batsman": "LMP Simmons", "bowler": "MM Sharma", "non_striker": "PA Patel", "runs": {"batsman": 6, "extras": 0, "total": 6}}}, {"5.5": {"batsman": "LMP Simmons", "bowler": "MM Sharma", "non_striker": "PA Patel", "runs": {"batsman": 0, "extras": 0, "total": 0}}}, {"5.6": {"batsman": "LMP Simmons", "bowler": "MM Sharma", "non_striker": "PA Patel", "runs": {"batsman": 1, "extras": 0, "total": 1}}}, {"6.1": {"batsman": "LMP Simmons", "bowler": "AR Patel", "non_striker": "PA Patel", "runs": {"batsman": 0, "extras": 0, "total": 0}}}, {"6.2": {"batsman": "LMP Simmons", "bowler": "AR Patel", "non_striker": "PA Patel", "runs": {"batsman": 1, "extras": 0, "total": 1}}}, {"6.3": {"batsman": "PA Patel", "bowler": "AR Patel", "non_striker": "LMP Simmons", "runs": {"batsman": 1, "extras": 0, "total": 1}}}, {"6.4": {"batsman": "LMP Simmons", "bowler": "AR Patel", "non_striker": "PA Patel", "runs": {"batsman": 0, "extras": 0, "total": 0}}}, {"6.5": {"batsman": "LMP Simmons", "bowler": "AR Patel", "non_striker": "PA Patel", "runs": {"batsman": 6, "extras": 0, "total": 6}}}, {"6.6": {"batsman": "LMP Simmons", "bowler": "AR Patel", "non_striker": "PA Patel", "runs": {"batsman": 6, "extras": 0, "total": 6}}}, {"7.1": {"batsman": "PA Patel", "bowler": "GJ Maxwell", "non_striker": "LMP Simmons", "runs": {"batsman": 0, "extras": 0, "total": 0}}}, {"7.2": {"batsman": "PA Patel", "bowler": "GJ Maxwell", "non_striker": "LMP Simmons", "runs": {"batsman": 0, "extras": 0, "total": 0}}}, {"7.3": {"batsman": "PA Patel", "bowler": "GJ Maxwell", "non_striker": "LMP Simmons", "runs": {"batsman": 1, "extras": 0, "total": 1}}}, {"7.4": {"batsman": "LMP Simmons", "bowler": "GJ Maxwell", "extras": {"legbyes": 1}, "non_striker": "PA Patel", "runs": {"batsman": 0, "extras": 1, "total": 1}}}, {"7.5": {"batsman": "PA Patel", "bowler": "GJ Maxwell", "non_striker": "LMP Simmons", "runs": {"batsman": 2, "extras": 0, "total": 2}}}, {"7.6": {"batsman": "PA Patel", "bowler": "GJ Maxwell", "non_striker": "LMP Simmons", "runs": {"batsman": 1, "extras": 0, "total": 1}}}, {"8.1": {"batsman": "PA Patel", "bowler": "MM Sharma", "non_striker": "LMP Simmons", "runs": {"batsman": 4, "extras": 0, "total": 4}}}, {"8.2": {"batsman": "PA Patel", "bowler": "MM Sharma", "non_striker": "LMP Simmons", "runs": {"batsman": 4, "extras": 0, "total": 4}}}, {"8.3": {"batsman": "PA Patel", "bowler": "MM Sharma", "non_striker": "LMP Simmons", "runs": {"batsman": 4, "extras": 0, "total": 4}}}, {"8.4": {"batsman": "PA Patel", "bowler": "MM Sharma", "non_striker": "LMP Simmons", "runs": {"batsman": 0, "extras": 0, "total": 0}, "wicket": {"fielders": ["M Vohra"], "kind": "caught", "player_out": "PA Patel"}}}, {"8.5": {"batsman": "LMP Simmons", "bowler": "MM Sharma", "non_striker": "N Rana", "runs": {"batsman": 1, "extras": 0, "total": 1}}}, {"8.6": {"batsman": "N Rana", "bowler": "MM Sharma", "non_striker": "LMP Simmons", "runs": {"batsman": 4, "extras": 0, "total": 4}}}, {"9.1": {"batsman": "LMP Simmons", "bowler": "GJ Maxwell", "non_striker": "N Rana", "runs": {"batsman": 1, "extras": 0, "total": 1}}}, {"9.2": {"batsman": "N Rana", "bowler": "GJ Maxwell", "non_striker": "LMP Simmons", "runs": {"batsman": 1, "extras": 0, "total": 1}}}, {"9.3": {"batsman": "LMP Simmons", "bowler": "GJ Maxwell", "non_striker": "N Rana", "runs": {"batsman": 0, "extras": 0, "total": 0}, "wicket": {"fielders": ["MJ Guptill"], "kind": "caught", "player_out": "LMP Simmons"}}}, {"9.4": {"batsman": "RG Sharma", "bowler": "GJ Maxwell", "non_striker": "N Rana", "runs": {"batsman": 0, "extras": 0, "total": 0}}}, {"9.5": {"batsman": "RG Sharma", "bowler": "GJ Maxwell", "non_striker": "N Rana", "runs": {"batsman": 1, "extras": 0, "total": 1}}}, {"9.6": {"batsman": "N Rana", "bowler": "GJ Maxwell", "non_striker": "RG Sharma", "runs": {"batsman": 1, "extras": 0, "total": 1}}}, {"10.1": {"batsman": "N Rana", "bowler": "I Sharma", "non_striker": "RG Sharma", "runs": {"batsman": 0, "extras": 0, "total": 0}}}, {"10.2": {"batsman": "N Rana", "bowler": "I Sharma", "non_striker": "RG Sharma", "runs": {"batsman": 4, "extras": 0, "total": 4}}}, {"10.3": {"batsman": "N Rana", "bowler": "I Sharma", "non_striker": "RG Sharma", "runs": {"batsman": 0, "extras": 0, "total": 0}}}, {"10.4": {"batsman": "N Rana", "bowler": "I Sharma", "extras": {"noballs": 1}, "non_striker": "RG Sharma", "runs": {"batsman": 0, "extras": 1, "total": 1}}}, {"10.5": {"batsman": "N Rana", "bowler": "I Sharma", "non_striker": "RG Sharma", "runs": {"batsman": 1, "extras": 0, "total": 1}}}, {"10.6": {"batsman": "RG Sharma", "bowler": "I Sharma", "non_striker": "N Rana", "runs": {"batsman": 0, "extras": 0, "total": 0}}}, {"10.7": {"batsman": "RG Sharma", "bowler": "I Sharma", "non_striker": "N Rana", "runs": {"batsman": 3, "extras": 0, "total": 3}}}, {"11.1": {"batsman": "RG Sharma", "bowler": "R Tewatia", "non_striker": "N Rana", "runs": {"batsman": 0, "extras": 0, "total": 0}}}, {"11.2": {"batsman": "RG Sharma", "bowler": "R Tewatia", "non_striker": "N Rana", "runs": {"batsman": 1, "extras": 0, "total": 1}}}, {"11.3": {"batsman": "N Rana", "bowler": "R Tewatia", "non_striker": "RG Sharma", "runs": {"batsman": 1, "extras": 0, "total": 1}}}, {"11.4": {"batsman": "RG Sharma", "bowler": "R Tewatia", "non_striker": "N Rana", "runs": {"batsman": 0, "extras": 0, "total": 0}, "wicket": {"fielders": ["MJ Guptill"], "kind": "caught", "player_out": "RG Sharma"}}}, {"11.5": {"batsman": "KA Pollard", "bowler": "R Tewatia", "non_striker": "N Rana", "runs": {"batsman": 0, "extras": 0, "total": 0}}}, {"11.6": {"batsman": "KA Pollard", "bowler": "R Tewatia", "non_striker": "N Rana", "runs": {"batsman": 1, "extras": 0, "total": 1}}}, {"12.1": {"batsman": "KA Pollard", "bowler": "AR Patel", "non_striker": "N Rana", "runs": {"batsman": 1, "extras": 0, "total": 1}}}, {"12.2": {"batsman": "N Rana", "bowler": "AR Patel", "non_striker": "KA Pollard", "runs": {"batsman": 0, "extras": 0, "total": 0}}}, {"12.3": {"batsman": "N Rana", "bowler": "AR Patel", "non_striker": "KA Pollard", "runs": {"batsman": 0, "extras": 0, "total": 0}}}, {"12.4": {"batsman": "N Rana", "bowler": "AR Patel", "non_striker": "KA Pollard", "runs": {"batsman": 0, "extras": 0, "total": 0}, "wicket": {"fielders": ["MJ Guptill"], "kind": "caught", "player_out": "N Rana"}}}, {"12.5": {"batsman": "KA Pollard", "bowler": "AR Patel", "non_striker": "HH Pandya", "runs": {"batsman": 1, "extras": 0, "total": 1}}}, {"12.6": {"batsman": "HH Pandya", "bowler": "AR Patel", "non_striker": "KA Pollard", "runs": {"batsman": 1, "extras": 0, "total": 1}}}, {"13.1": {"batsman": "HH Pandya", "bowler": "R Tewatia", "non_striker": "KA Pollard", "runs": {"batsman": 0, "extras": 0, "total": 0}}}, {"13.2": {"batsman": "HH Pandya", "bowler": "R Tewatia", "non_striker": "KA Pollard", "runs": {"batsman": 6, "extras": 0, "total": 6}}}, {"13.3": {"batsman": "HH Pandya", "bowler": "R Tewatia", "non_striker": "KA Pollard", "runs": {"batsman": 0, "extras": 0, "total": 0}}}, {"13.4": {"batsman": "HH Pandya", "bowler": "R Tewatia", "non_striker": "KA Pollard", "runs": {"batsman": 1, "extras": 0, "total": 1}}}, {"13.5": {"batsman": "KA Pollard", "bowler": "R Tewatia", "non_striker": "HH Pandya", "runs": {"batsman": 6, "extras": 0, "total": 6}}}, {"13.6": {"batsman": "KA Pollard", "bowler": "R Tewatia", "non_striker": "HH Pandya", "runs": {"batsman": 1, "extras": 0, "total": 1}}}, {"14.1": {"batsman": "KA Pollard", "bowler": "AR Patel", "non_striker": "HH Pandya", "runs": {"batsman": 1, "extras": 0, "total": 1}}}, {"14.2": {"batsman": "HH Pandya", "bowler": "AR Patel", "non_striker": "KA Pollard", "runs": {"batsman": 2, "extras": 0, "total": 2}}}, {"14.3": {"batsman": "HH Pandya", "bowler": "AR Patel", "non_striker": "KA Pollard", "runs": {"batsman": 0, "extras": 0, "total": 0}}}, {"14.4": {"batsman": "HH Pandya", "bowler": "AR Patel", "non_striker": "KA Pollard", "runs": {"batsman": 1, "extras": 0, "total": 1}}}, {"14.5": {"batsman": "KA Pollard", "bowler": "AR Patel", "non_striker": "HH Pandya", "runs": {"batsman": 1, "extras": 0, "total": 1}}}, {"14.6": {"batsman": "HH Pandya", "bowler": "AR Patel", "non_striker": "KA Pollard", "runs": {"batsman": 6, "extras": 0, "total": 6}}}, {"15.1": {"batsman": "KA Pollard", "bowler": "MJ Henry", "extras": {"wides": 1}, "non_striker": "HH Pandya", "runs": {"batsman": 0, "extras": 1, "total": 1}}}, {"15.2": {"batsman": "KA Pollard", "bowler": "MJ Henry", "non_striker": "HH Pandya", "runs": {"batsman": 6, "extras": 0, "total": 6}}}, {"15.3": {"batsman": "KA Pollard", "bowler": "MJ Henry", "non_striker": "HH Pandya", "runs": {"batsman": 6, "extras": 0, "total": 6}}}, {"15.4": {"batsman": "KA Pollard", "bowler": "MJ Henry", "non_striker": "HH Pandya", "runs": {"batsman": 1, "extras": 0, "total": 1}}}, {"15.5": {"batsman": "HH Pandya", "bowler": "MJ Henry", "non_striker": "KA Pollard", "runs": {"batsman": 6, "extras": 0, "total": 6}}}, {"15.6": {"batsman": "HH Pandya", "bowler": "MJ Henry", "non_striker": "KA Pollard", "runs": {"batsman": 6, "extras": 0, "total": 6}}}, {"15.7": {"batsman": "HH Pandya", "bowler": "MJ Henry", "non_striker": "KA Pollard", "runs": {"batsman": 1, "extras": 0, "total": 1}}}, {"16.1": {"batsman": "HH Pandya", "bowler": "Sandeep Sharma", "extras": {"wides": 1}, "non_striker": "KA Pollard", "runs": {"batsman": 0, "extras": 1, "total": 1}}}, {"16.2": {"batsman": "HH Pandya", "bowler": "Sandeep Sharma", "non_striker": "KA Pollard", "runs": {"batsman": 0, "extras": 0, "total": 0}, "wicket": {"fielders": ["WP Saha"], "kind": "caught", "player_out": "HH Pandya"}}}, {"16.3": {"batsman": "KV Sharma", "bowler": "Sandeep Sharma", "non_striker": "KA Pollard", "runs": {"batsman": 1, "extras": 0, "total": 1}}}, {"16.4": {"batsman": "KA Pollard", "bowler": "Sandeep Sharma", "non_striker": "KV Sharma", "runs": {"batsman": 4, "extras": 0, "total": 4}}}, {"16.5": {"batsman": "KA Pollard", "bowler": "Sandeep Sharma", "non_striker": "KV Sharma", "runs": {"batsman": 6, "extras": 0, "total": 6}}}, {"16.6": {"batsman": "KA Pollard", "bowler": "Sandeep Sharma", "non_striker": "KV Sharma", "runs": {"batsman": 1, "extras": 0, "total": 1}}}, {"16.7": {"batsman": "KV Sharma", "bowler": "Sandeep Sharma", "non_striker": "KA Pollard", "runs": {"batsman": 4, "extras": 0, "total": 4}}}, {"17.1": {"batsman": "KA Pollard", "bowler": "MM Sharma", "non_striker": "KV Sharma", "runs": {"batsman": 1, "extras": 0, "total": 1}}}, {"17.2": {"batsman": "KV Sharma", "bowler": "MM Sharma", "non_striker": "KA Pollard", "runs": {"batsman": 6, "extras": 0, "total": 6}}}, {"17.3": {"batsman": "KV Sharma", "bowler": "MM Sharma", "non_striker": "KA Pollard", "runs": {"batsman": 4, "extras": 0, "total": 4}}}, {"17.4": {"batsman": "KV Sharma", "bowler": "MM Sharma", "non_striker": "KA Pollard", "runs": {"batsman": 4, "extras": 0, "total": 4}}}, {"17.5": {"batsman": "KV Sharma", "bowler": "MM Sharma", "non_striker": "KA Pollard", "runs": {"batsman": 0, "extras": 0, "total": 0}, "wicket": {"kind": "bowled", "player_out": "KV Sharma"}}}, {"17.6": {"batsman": "Harbhajan Singh", "bowler": "MM Sharma", "non_striker": "KA Pollard", "runs": {"batsman": 1, "extras": 0, "total": 1}}}, {"18.1": {"batsman": "Harbhajan Singh", "bowler": "Sandeep Sharma", "non_striker": "KA Pollard", "runs": {"batsman": 0, "extras": 0, "total": 0}}}, {"18.2": {"batsman": "Harbhajan Singh", "bowler": "Sandeep Sharma", "non_striker": "KA Pollard", "runs": {"batsman": 1, "extras": 0, "total": 1}}}, {"18.3": {"batsman": "KA Pollard", "bowler": "Sandeep Sharma", "non_striker": "Harbhajan Singh", "runs": {"batsman": 2, "extras": 0, "total": 2}}}, {"18.4": {"batsman": "KA Pollard", "bowler": "Sandeep Sharma", "non_striker": "Harbhajan Singh", "runs": {"batsman": 2, "extras": 0, "total": 2}}}, {"18.5": {"batsman": "KA Pollard", "bowler": "Sandeep Sharma", "extras": {"wides": 1}, "non_striker": "Harbhajan Singh", "runs": {"batsman": 0, "extras": 1, "total": 1}}}, {"18.6": {"batsman": "KA Pollard", "bowler": "Sandeep Sharma", "non_striker": "Harbhajan Singh", "runs": {"batsman": 1, "extras": 0, "total": 1}}}, {"18.7": {"batsman": "Harbhajan Singh", "bowler": "Sandeep Sharma", "non_striker": "KA Pollard", "runs": {"batsman": 0, "extras": 0, "total": 0}}}, {"19.1": {"batsman": "KA Pollard", "bowler": "MM Sharma", "non_striker": "Harbhajan Singh", "runs": {"batsman": 1, "extras": 0, "total": 1}}}, {"19.2": {"batsman": "KA Pollard", "bowler": "MM Sharma", "non_striker": "Harbhajan Singh", "runs": {"batsman": 6, "extras": 0, "total": 6}}}, {"19.3": {"batsman": "KA Pollard", "bowler": "MM Sharma", "non_striker": "Harbhajan Singh", "runs": {"batsman": 0, "extras": 0, "total": 0}}}, {"19.4": {"batsman": "KA Pollard", "bowler": "MM Sharma", "non_striker": "Harbhajan Singh", "runs": {"batsman": 0, "extras": 0, "total": 0}}}, {"19.5": {"batsman": "KA Pollard", "bowler": "MM Sharma", "non_striker": "Harbhajan Singh", "runs": {"batsman": 0, "extras": 0, "total": 0}}}, {"19.6": {"batsman": "KA Pollard", "bowler": "MM Sharma", "non_striker": "Harbhajan Singh", "runs": {"batsman": 1, "extras": 0, "total": 1}}}]