[{"0.1": {"batsman": "PA Patel", "bowler": "Sandeep Sharma", "non_striker": "JC Buttler", "runs": {"batsman": 1, "extras": 0, "total": 1}}}, {"0.2": {"batsman": "JC Buttler", "bowler": "Sandeep Sharma", "non_striker": "PA Patel", "runs": {"batsman": 1, "extras": 0, "total": 1}}}, {"0.3": {"batsman": "PA Patel", "bowler": "Sandeep Sharma", "extras": {"wides": 1}, "non_striker": "JC Buttler", "runs": {"batsman": 0, "extras": 1, "total": 1}}}, {"0.4": {"batsman": "PA Patel", "bowler": "Sandeep Sharma", "non_striker": "JC Buttler", "runs": {"batsman": 1, "extras": 0, "total": 1}}}, {"0.5": {"batsman": "JC Buttler", "bowler": "Sandeep Sharma", "non_striker": "PA Patel", "runs": {"batsman": 0, "extras": 0, "total": 0}}}, {"0.6": {"batsman": "JC Buttler", "bowler": "Sandeep Sharma", "non_striker": "PA Patel", "runs": {"batsman": 0, "extras": 0, "total": 0}}}, {"0.7": {"batsman": "JC Buttler", "bowler": "Sandeep Sharma", "non_striker": "PA Patel", "runs": {"batsman": 6, "extras": 0, "total": 6}}}, {"1.1": {"batsman": "PA Patel", "bowler": "I Sharma", "non_striker": "JC Buttler", "runs": {"batsman": 1, "extras": 0, "total": 1}}}, {"1.2": {"batsman": "JC Buttler", "bowler": "I Sharma", "non_striker": "PA Patel", "runs": {"batsman": 4, "extras": 0, "total": 4}}}, {"1.3": {"batsman": "JC Buttler", "bowler": "I Sharma", "extras": {"legbyes": 1}, "non_striker": "PA Patel", "runs": {"batsman": 0, "extras": 1, "total": 1}}}, {"1.4": {"batsman": "PA Patel", "bowler": "I Sharma", "non_striker": "JC Buttler", "runs": {"batsman": 4, "extras": 0, "total": 4}}}, {"1.5": {"batsman": "PA Patel", "bowler": "I Sharma", "extras": {"legbyes": 1}, "non_striker": "JC Buttler", "runs": {"batsman": 0, "extras": 1, "total": 1}}}, {"1.6": {"batsman": "JC Buttler", "bowler": "I Sharma", "non_striker": "PA Patel", "runs": {"batsman": 0, "extras": 0, "total": 0}}}, {"2.1": {"batsman": "PA Patel", "bowler": "Sandeep Sharma", "non_striker": "JC Buttler", "runs": {"batsman": 1, "extras": 0, "total": 1}}}, {"2.2": {"batsman": "JC Buttler", "bowler": "Sandeep Sharma", "non_striker": "PA Patel", "runs": {"batsman": 4, "extras": 0, "total": 4}}}, {"2.3": {"batsman": "JC Buttler", "bowler": "Sandeep Sharma", "non_striker": "PA Patel", "runs": {"batsman": 1, "extras": 0, "total": 1}}}, {"2.4": {"batsman": "PA Patel", "bowler": "Sandeep Sharma", "non_striker": "JC Buttler", "runs": {"batsman": 0, "extras": 0, "total": 0}}}, {"2.5": {"batsman": "PA Patel", "bowler": "Sandeep Sharma", "non_striker": "JC Buttler", "runs": {"batsman": 1, "extras": 0, "total": 1}}}, {"2.6": {"batsman": "JC Buttler", "bowler": "Sandeep Sharma", "non_striker": "PA Patel", "runs": {"batsman": 6, "extras": 0, "total": 6}}}, {"3.1": {"batsman": "PA Patel", "bowler": "I Sharma", "non_striker": "JC Buttler", "runs": {"batsman": 6, "extras": 0, "total": 6}}}, {"3.2": {"batsman": "PA Patel", "bowler": "I Sharma", "non_striker": "JC Buttler", "runs": {"batsman": 1, "extras": 0, "total": 1}}}, {"3.3": {"batsman": "JC Buttler", "bowler": "I Sharma", "non_striker": "PA Patel", "runs": {"batsman": 4, "extras": 0, "total": 4}}}, {"3.4": {"batsman": "JC Buttler", "bowler": "I Sharma", "non_striker": "PA Patel", "runs": {"batsman": 1, "extras": 0, "total": 1}}}, {"3.5": {"batsman": "PA Patel", "bowler": "I Sharma", "non_striker": "JC Buttler", "runs": {"batsman": 4, "extras": 0, "total": 4}}}, {"3.6": {"batsman": "PA Patel", "bowler": "I Sharma", "non_striker": "JC Buttler", "runs": {"batsman": 1, "extras": 0, "total": 1}}}, {"4.1": {"batsman": "PA Patel", "bowler": "MM Sharma", "non_striker": "JC Buttler", "runs": {"batsman": 4, "extras": 0, "total": 4}}}, {"4.2": {"batsman": "PA Patel", "bowler": "MM Sharma", "non_striker": "JC Buttler", "runs": {"batsman": 1, "extras": 0, "total": 1}}}, {"4.3": {"batsman": "JC Buttler", "bowler": "MM Sharma", "non_striker": "PA Patel", "runs": {"batsman": 4, "extras": 0, "total": 4}}}, {"4.4": {"batsman": "JC Buttler", "bowler": "MM Sharma", "non_striker": "PA Patel", "runs": {"batsman": 0, "extras": 0, "total": 0}}}, {"4.5": {"batsman": "JC Buttler", "bowler": "MM Sharma", "non_striker": "PA Patel", "runs": {"batsman": 4, "extras": 0, "total": 4}}}, {"4.6": {"batsman": "JC Buttler", "bowler": "MM Sharma", "non_striker": "PA Patel", "runs": {"batsman": 4, "extras": 0, "total": 4}}}, {"5.1": {"batsman": "PA Patel", "bowler": "MP Stoinis", "non_striker": "JC Buttler", "runs": {"batsman": 6, "extras": 0, "total": 6}}}, {"5.2": {"batsman": "PA Patel", "bowler": "MP Stoinis", "non_striker": "JC Buttler", "runs": {"batsman": 4, "extras": 0, "total": 4}}}, {"5.3": {"batsman": "PA Patel", "bowler": "MP Stoinis", "extras": {"wides": 1}, "non_striker": "JC Buttler", "runs": {"batsman": 0, "extras": 1, "total": 1}}}, {"5.4": {"batsman": "PA Patel", "bowler": "MP Stoinis", "non_striker": "JC Buttler", "runs": {"batsman": 1, "extras": 0, "total": 1}}}, {"5.5": {"batsman": "JC Buttler", "bowler": "MP Stoinis", "non_striker": "PA Patel", "runs": {"batsman": 1, "extras": 0, "total": 1}}}, {"5.6": {"batsman": "PA Patel", "bowler": "MP Stoinis", "non_striker": "JC Buttler", "runs": {"batsman": 0, "extras": 0, "total": 0}, "wicket": {"fielders": ["GJ Maxwell"], "kind": "caught", "player_out": "PA Patel"}}}, {"5.7": {"batsman": "N Rana", "bowler": "MP Stoinis", "non_striker": "JC Buttler", "runs": {"batsman": 1, "extras": 0, "total": 1}}}, {"6.1": {"batsman": "N Rana", "bowler": "AR Patel", "non_striker": "JC Buttler", "runs": {"batsman": 1, "extras": 0, "total": 1}}}, {"6.2": {"batsman": "JC Buttler", "bowler": "AR Patel", "non_striker": "N Rana", "runs": {"batsman": 1, "extras": 0, "total": 1}}}, {"6.3": {"batsman": "N Rana", "bowler": "AR Patel", "non_striker": "JC Buttler", "runs": {"batsman": 0, "extras": 0, "total": 0}}}, {"6.4": {"batsman": "N Rana", "bowler": "AR Patel", "extras": {"legbyes": 1}, "non_striker": "JC Buttler", "runs": {"batsman": 0, "extras": 1, "total": 1}}}, {"6.5": {"batsman": "JC Buttler", "bowler": "AR Patel", "non_striker": "N Rana", "runs": {"batsman": 2, "extras": 0, "total": 2}}}, {"6.6": {"batsman": "JC Buttler", "bowler": "AR Patel", "non_striker": "N Rana", "runs": {"batsman": 0, "extras": 0, "total": 0}}}, {"7.1": {"batsman": "N Rana", "bowler": "MP Stoinis", "non_striker": "JC Buttler", "runs": {"batsman": 6, "extras": 0, "total": 6}}}, {"7.2": {"batsman": "N Rana", "bowler": "MP Stoinis", "non_striker": "JC Buttler", "runs": {"batsman": 1, "extras": 0, "total": 1}}}, {"7.3": {"batsman": "JC Buttler", "bowler": "MP Stoinis", "non_striker": "N Rana", "runs": {"batsman": 1, "extras": 0, "total": 1}}}, {"7.4": {"batsman": "N Rana", "bowler": "MP Stoinis", "non_striker": "JC Buttler", "runs": {"batsman": 1, "extras": 0, "total": 1}}}, {"7.5": {"batsman": "JC Buttler", "bowler": "MP Stoinis", "non_striker": "N Rana", "runs": {"batsman": 4, "extras": 0, "total": 4}}}, {"7.6": {"batsman": "JC Buttler", "bowler": "MP Stoinis", "non_striker": "N Rana", "runs": {"batsman": 1, "extras": 0, "total": 1}}}, {"8.1": {"batsman": "JC Buttler", "bowler": "AR Patel", "non_striker": "N Rana", "runs": {"batsman": 1, "extras": 0, "total": 1}}}, {"8.2": {"batsman": "N Rana", "bowler": "AR Patel", "non_striker": "JC Buttler", "runs": {"batsman": 0, "extras": 0, "total": 0}}}, {"8.3": {"batsman": "N Rana", "bowler": "AR Patel", "non_striker": "JC Buttler", "runs": {"batsman": 6, "extras": 0, "total": 6}}}, {"8.4": {"batsman": "N Rana", "bowler": "AR Patel", "extras": {"wides": 1}, "non_striker": "JC Buttler", "runs": {"batsman": 0, "extras": 1, "total": 1}}}, {"8.5": {"batsman": "N Rana", "bowler": "AR Patel", "non_striker": "JC Buttler", "runs": {"batsman": 1, "extras": 0, "total": 1}}}, {"8.6": {"batsman": "JC Buttler", "bowler": "AR Patel", "non_striker": "N Rana", "runs": {"batsman": 6, "extras": 0, "total": 6}}}, {"8.7": {"batsman": "JC Buttler", "bowler": "AR Patel", "non_striker": "N Rana", "runs": {"batsman": 1, "extras": 0, "total": 1}}}, {"9.1": {"batsman": "JC Buttler", "bowler": "Swapnil Singh", "non_striker": "N Rana", "runs": {"batsman": 1, "extras": 0, "total": 1}}}, {"9.2": {"batsman": "N Rana", "bowler": "Swapnil Singh", "non_striker": "JC Buttler", "runs": {"batsman": 1, "extras": 0, "total": 1}}}, {"9.3": {"batsman": "JC Buttler", "bowler": "Swapnil Singh", "non_striker": "N Rana", "runs": {"batsman": 1, "extras": 0, "total": 1}}}, {"9.4": {"batsman": "N Rana", "bowler": "Swapnil Singh", "non_striker": "JC Buttler", "runs": {"batsman": 1, "extras": 0, "total": 1}}}, {"9.5": {"batsman": "JC Buttler", "bowler": "Swapnil Singh", "non_striker": "N Rana", "runs": {"batsman": 1, "extras": 0, "total": 1}}}, {"9.6": {"batsman": "N Rana", "bowler": "Swapnil Singh", "non_striker": "JC Buttler", "runs": {"batsman": 1, "extras": 0, "total": 1}}}, {"10.1": {"batsman": "N Rana", "bowler": "I Sharma", "non_striker": "JC Buttler", "runs": {"batsman": 6, "extras": 0, "total": 6}}}, {"10.2": {"batsman": "N Rana", "bowler": "I Sharma", "non_striker": "JC Buttler", "runs": {"batsman": 1, "extras": 0, "total": 1}}}, {"10.3": {"batsman": "JC Buttler", "bowler": "I Sharma", "non_striker": "N Rana", "runs": {"batsman": 1, "extras": 0, "total": 1}}}, {"10.4": {"batsman": "N Rana", "bowler": "I Sharma", "non_striker": "JC Buttler", "runs": {"batsman": 1, "extras": 0, "total": 1}}}, {"10.5": {"batsman": "JC Buttler", "bowler": "I Sharma", "non_striker": "N Rana", "runs": {"batsman": 1, "extras": 0, "total": 1}}}, {"10.6": {"batsman": "N Rana", "bowler": "I Sharma", "non_striker": "JC Buttler", "runs": {"batsman": 1, "extras": 0, "total": 1}}}, {"11.1": {"batsman": "N Rana", "bowler": "Swapnil Singh", "non_striker": "JC Buttler", "runs": {"batsman": 6, "extras": 0, "total": 6}}}, {"11.2": {"batsman": "N Rana", "bowler": "Swapnil Singh", "non_striker": "JC Buttler", "runs": {"batsman": 6, "extras": 0, "total": 6}}}, {"11.3": {"batsman": "N Rana", "bowler": "Swapnil Singh", "non_striker": "JC Buttler", "runs": {"batsman": 1, "extras": 0, "total": 1}}}, {"11.4": {"batsman": "JC Buttler", "bowler": "Swapnil Singh", "non_striker": "N Rana", "runs": {"batsman": 1, "extras": 0, "total": 1}}}, {"11.5": {"batsman": "N Rana", "bowler": "Swapnil Singh", "non_striker": "JC Buttler", "runs": {"batsman": 0, "extras": 0, "total": 0}}}, {"11.6": {"batsman": "N Rana", "bowler": "Swapnil Singh", "non_striker": "JC Buttler", "runs": {"batsman": 2, "extras": 0, "total": 2}}}, {"12.1": {"batsman": "JC Buttler", "bowler": "Sandeep Sharma", "extras": {"wides": 1}, "non_striker": "N Rana", "runs": {"batsman": 0, "extras": 1, "total": 1}}}, {"12.2": {"batsman": "JC Buttler", "bowler": "Sandeep Sharma", "non_striker": "N Rana", "runs": {"batsman": 1, "extras": 0, "total": 1}}}, {"12.3": {"batsman": "N Rana", "bowler": "Sandeep Sharma", "non_striker": "JC Buttler", "runs": {"batsman": 1, "extras": 0, "total": 1}}}, {"12.4": {"batsman": "JC Buttler", "bowler": "Sandeep Sharma", "non_striker": "N Rana", "runs": {"batsman": 6, "extras": 0, "total": 6}}}, {"12.5": {"batsman": "JC Buttler", "bowler": "Sandeep Sharma", "non_striker": "N Rana", "runs": {"batsman": 6, "extras": 0, "total": 6}}}, {"12.6": {"batsman": "JC Buttler", "bowler": "Sandeep Sharma", "non_striker": "N Rana", "runs": {"batsman": 1, "extras": 0, "total": 1}}}, {"12.7": {"batsman": "N Rana", "bowler": "Sandeep Sharma", "non_striker": "JC Buttler", "runs": {"batsman": 0, "extras": 0, "total": 0}}}, {"13.1": {"batsman": "JC Buttler", "bowler": "MM Sharma", "non_striker": "N Rana", "runs": {"batsman": 0, "extras": 0, "total": 0}, "wicket": {"fielders": ["GJ Maxwell"], "kind": "caught", "player_out": "JC Buttler"}}}, {"13.2": {"batsman": "N Rana", "bowler": "MM Sharma", "non_striker": "HH Pandya", "runs": {"batsman": 0, "extras": 0, "total": 0}}}, {"13.3": {"batsman": "N Rana", "bowler": "MM Sharma", "extras": {"wides": 1}, "non_striker": "HH Pandya", "runs": {"batsman": 0, "extras": 1, "total": 1}}}, {"13.4": {"batsman": "N Rana", "bowler": "MM Sharma", "non_striker": "HH Pandya", "runs": {"batsman": 0, "extras": 0, "total": 0}}}, {"13.5": {"batsman": "N Rana", "bowler": "MM Sharma", "non_striker": "HH Pandya", "runs": {"batsman": 1, "extras": 0, "total": 1}}}, {"13.6": {"batsman": "HH Pandya", "bowler": "MM Sharma", "non_striker": "N Rana", "runs": {"batsman": 1, "extras": 0, "total": 1}}}, {"13.7": {"batsman": "N Rana", "bowler": "MM Sharma", "non_striker": "HH Pandya", "runs": {"batsman": 1, "extras": 0, "total": 1}}}, {"14.1": {"batsman": "N Rana", "bowler": "I Sharma", "non_striker": "HH Pandya", "runs": {"batsman": 6, "extras": 0, "total": 6}}}, {"14.2": {"batsman": "N Rana", "bowler": "I Sharma", "non_striker": "HH Pandya", "runs": {"batsman": 0, "extras": 0, "total": 0}}}, {"14.3": {"batsman": "N Rana", "bowler": "I Sharma", "non_striker": "HH Pandya", "runs": {"batsman": 1, "extras": 0, "total": 1}}}, {"14.4": {"batsman": "HH Pandya", "bowler": "I Sharma", "non_striker": "N Rana", "runs": {"batsman": 6, "extras": 0, "total": 6}}}, {"14.5": {"batsman": "HH Pandya", "bowler": "I Sharma", "non_striker": "N Rana", "runs": {"batsman": 4, "extras": 0, "total": 4}}}, {"14.6": {"batsman": "HH Pandya", "bowler": "I Sharma", "non_striker": "N Rana", "runs": {"batsman": 4, "extras": 0, "total": 4}}}, {"15.1": {"batsman": "N Rana", "bowler": "MM Sharma", "non_striker": "HH Pandya", "runs": {"batsman": 0, "extras": 0, "total": 0}}}, {"15.2": {"batsman": "N Rana", "bowler": "MM Sharma", "non_striker": "HH Pandya", "runs": {"batsman": 2, "extras": 0, "total": 2}}}, {"15.3": {"batsman": "N Rana", "bowler": "MM Sharma", "non_striker": "HH Pandya", "runs": {"batsman": 6, "extras": 0, "total": 6}}}]