[{"0.1": {"batsman": "AP Tare", "bowler": "AB Dinda", "non_striker": "SW Billings", "runs": {"batsman": 0, "extras": 0, "total": 0}}}, {"0.2": {"batsman": "AP Tare", "bowler": "AB Dinda", "non_striker": "SW Billings", "runs": {"batsman": 0, "extras": 0, "total": 0}}}, {"0.3": {"batsman": "AP Tare", "bowler": "AB Dinda", "non_striker": "SW Billings", "runs": {"batsman": 0, "extras": 0, "total": 0}}}, {"0.4": {"batsman": "AP Tare", "bowler": "AB Dinda", "extras": {"wides": 1}, "non_striker": "SW Billings", "runs": {"batsman": 0, "extras": 1, "total": 1}}}, {"0.5": {"batsman": "AP Tare", "bowler": "AB Dinda", "extras": {"legbyes": 1}, "non_striker": "SW Billings", "runs": {"batsman": 0, "extras": 1, "total": 1}}}, {"0.6": {"batsman": "SW Billings", "bowler": "AB Dinda", "non_striker": "AP Tare", "runs": {"batsman": 0, "extras": 0, "total": 0}}}, {"0.7": {"batsman": "SW Billings", "bowler": "AB Dinda", "non_striker": "AP Tare", "runs": {"batsman": 0, "extras": 0, "total": 0}}}, {"1.1": {"batsman": "AP Tare", "bowler": "DL Chahar", "non_striker": "SW Billings", "runs": {"batsman": 0, "extras": 0, "total": 0}, "wicket": {"fielders": ["MS Dhoni"], "kind": "caught", "player_out": "AP Tare"}}}, {"1.2": {"batsman": "SV Samson", "bowler": "DL Chahar", "extras": {"legbyes": 1}, "non_striker": "SW Billings", "runs": {"batsman": 0, "extras": 1, "total": 1}}}, {"1.3": {"batsman": "SW Billings", "bowler": "DL Chahar", "non_striker": "SV Samson", "runs": {"batsman": 1, "extras": 0, "total": 1}}}, {"1.4": {"batsman": "SV Samson", "bowler": "DL Chahar", "non_striker": "SW Billings", "runs": {"batsman": 4, "extras": 0, "total": 4}}}, {"1.5": {"batsman": "SV Samson", "bowler": "DL Chahar", "non_striker": "SW Billings", "runs": {"batsman": 4, "extras": 0, "total": 4}}}, {"1.6": {"batsman": "SV Samson", "bowler": "DL Chahar", "non_striker": "SW Billings", "runs": {"batsman": 1, "extras": 0, "total": 1}}}, {"2.1": {"batsman": "SV Samson", "bowler": "AB Dinda", "non_striker": "SW Billings", "runs": {"batsman": 4, "extras": 0, "total": 4}}}, {"2.2": {"batsman": "SV Samson", "bowler": "AB Dinda", "non_striker": "SW Billings", "runs": {"batsman": 4, "extras": 0, "total": 4}}}, {"2.3": {"batsman": "SV Samson", "bowler": "AB Dinda", "non_striker": "SW Billings", "runs": {"batsman": 1, "extras": 0, "total": 1}}}, {"2.4": {"batsman": "SW Billings", "bowler": "AB Dinda", "extras": {"wides": 1}, "non_striker": "SV Samson", "runs": {"batsman": 0, "extras": 1, "total": 1}}}, {"2.5": {"batsman": "SW Billings", "bowler": "AB Dinda", "non_striker": "SV Samson", "runs": {"batsman": 4, "extras": 0, "total": 4}}}, {"2.6": {"batsman": "SW Billings", "bowler": "AB Dinda", "non_striker": "SV Samson", "runs": {"batsman": 1, "extras": 0, "total": 1}}}, {"2.7": {"batsman": "SV Samson", "bowler": "AB Dinda", "non_striker": "SW Billings", "runs": {"batsman": 1, "extras": 0, "total": 1}}}, {"3.1": {"batsman": "SV Samson", "bowler": "DL Chahar", "non_striker": "SW Billings", "runs": {"batsman": 2, "extras": 0, "total": 2}}}, {"3.2": {"batsman": "SV Samson", "bowler": "DL Chahar", "non_striker": "SW Billings", "runs": {"batsman": 4, "extras": 0, "total": 4}}}, {"3.3": {"batsman": "SV Samson", "bowler": "DL Chahar", "non_striker": "SW Billings", "runs": {"batsman": 1, "extras": 0, "total": 1}}}, {"3.4": {"batsman": "SW Billings", "bowler": "DL Chahar", "non_striker": "SV Samson", "runs": {"batsman": 1, "extras": 0, "total": 1}}}, {"3.5": {"batsman": "SV Samson", "bowler": "DL Chahar", "non_striker": "SW Billings", "runs": {"batsman": 0, "extras": 0, "total": 0}}}, {"3.6": {"batsman": "SV Samson", "bowler": "DL Chahar", "extras": {"wides": 1}, "non_striker": "SW Billings", "runs": {"batsman": 0, "extras": 1, "total": 1}}}, {"3.7": {"batsman": "SV Samson", "bowler": "DL Chahar", "non_striker": "SW Billings", "runs": {"batsman": 1, "extras": 0, "total": 1}}}, {"4.1": {"batsman": "SV Samson", "bowler": "BA Stokes", "non_striker": "SW Billings", "runs": {"batsman": 4, "extras": 0, "total": 4}}}, {"4.2": {"batsman": "SV Samson", "bowler": "BA Stokes", "non_striker": "SW Billings", "runs": {"batsman": 0, "extras": 0, "total": 0}}}, {"4.3": {"batsman": "SV Samson", "bowler": "BA Stokes", "non_striker": "SW Billings", "runs": {"batsman": 0, "extras": 0, "total": 0}}}, {"4.4": {"batsman": "SV Samson", "bowler": "BA Stokes", "non_striker": "SW Billings", "runs": {"batsman": 1, "extras": 0, "total": 1}}}, {"4.5": {"batsman": "SW Billings", "bowler": "BA Stokes", "non_striker": "SV Samson", "runs": {"batsman": 1, "extras": 0, "total": 1}}}, {"4.6": {"batsman": "SV Samson", "bowler": "BA Stokes", "non_striker": "SW Billings", "runs": {"batsman": 2, "extras": 0, "total": 2}}}, {"5.1": {"batsman": "SW Billings", "bowler": "DL Chahar", "non_striker": "SV Samson", "runs": {"batsman": 0, "extras": 0, "total": 0}}}, {"5.2": {"batsman": "SW Billings", "bowler": "DL Chahar", "extras": {"wides": 1}, "non_striker": "SV Samson", "runs": {"batsman": 0, "extras": 1, "total": 1}}}, {"5.3": {"batsman": "SW Billings", "bowler": "DL Chahar", "non_striker": "SV Samson", "runs": {"batsman": 4, "extras": 0, "total": 4}}}, {"5.4": {"batsman": "SW Billings", "bowler": "DL Chahar", "non_striker": "SV Samson", "runs": {"batsman": 4, "extras": 0, "total": 4}}}, {"5.5": {"batsman": "SW Billings", "bowler": "DL Chahar", "non_striker": "SV Samson", "runs": {"batsman": 4, "extras": 0, "total": 4}}}, {"5.6": {"batsman": "SW Billings", "bowler": "DL Chahar", "non_striker": "SV Samson", "runs": {"batsman": 1, "extras": 0, "total": 1}}}, {"5.7": {"batsman": "SV Samson", "bowler": "DL Chahar", "non_striker": "SW Billings", "runs": {"batsman": 1, "extras": 0, "total": 1}}}, {"6.1": {"batsman": "SV Samson", "bowler": "Imran Tahir", "extras": {"legbyes": 1}, "non_striker": "SW Billings", "runs": {"batsman": 0, "extras": 1, "total": 1}}}, {"6.2": {"batsman": "SW Billings", "bowler": "Imran Tahir", "non_striker": "SV Samson", "runs": {"batsman": 0, "extras": 0, "total": 0}}}, {"6.3": {"batsman": "SW Billings", "bowler": "Imran Tahir", "non_striker": "SV Samson", "runs": {"batsman": 1, "extras": 0, "total": 1}}}, {"6.4": {"batsman": "SV Samson", "bowler": "Imran Tahir", "non_striker": "SW Billings", "runs": {"batsman": 1, "extras": 0, "total": 1}}}, {"6.5": {"batsman": "SW Billings", "bowler": "Imran Tahir", "non_striker": "SV Samson", "runs": {"batsman": 1, "extras": 0, "total": 1}}}, {"6.6": {"batsman": "SV Samson", "bowler": "Imran Tahir", "non_striker": "SW Billings", "runs": {"batsman": 0, "extras": 0, "total": 0}}}, {"7.1": {"batsman": "SW Billings", "bowler": "A Zampa", "non_striker": "SV Samson", "runs": {"batsman": 1, "extras": 0, "total": 1}}}, {"7.2": {"batsman": "SV Samson", "bowler": "A Zampa", "non_striker": "SW Billings", "runs": {"batsman": 2, "extras": 0, "total": 2}}}, {"7.3": {"batsman": "SV Samson", "bowler": "A Zampa", "non_striker": "SW Billings", "runs": {"batsman": 2, "extras": 0, "total": 2}}}, {"7.4": {"batsman": "SV Samson", "bowler": "A Zampa", "non_striker": "SW Billings", "runs": {"batsman": 0, "extras": 0, "total": 0}}}, {"7.5": {"batsman": "SV Samson", "bowler": "A Zampa", "non_striker": "SW Billings", "runs": {"batsman": 0, "extras": 0, "total": 0}}}, {"7.6": {"batsman": "SV Samson", "bowler": "A Zampa", "non_striker": "SW Billings", "runs": {"batsman": 0, "extras": 0, "total": 0}}}, {"8.1": {"batsman": "SW Billings", "bowler": "Imran Tahir", "non_striker": "SV Samson", "runs": {"batsman": 0, "extras": 0, "total": 0}, "wicket": {"kind": "bowled", "player_out": "SW Billings"}}}, {"8.2": {"batsman": "RR Pant", "bowler": "Imran Tahir", "non_striker": "SV Samson", "runs": {"batsman": 1, "extras": 0, "total": 1}}}, {"8.3": {"batsman": "SV Samson", "bowler": "Imran Tahir", "non_striker": "RR Pant", "runs": {"batsman": 1, "extras": 0, "total": 1}}}, {"8.4": {"batsman": "RR Pant", "bowler": "Imran Tahir", "non_striker": "SV Samson", "runs": {"batsman": 1, "extras": 0, "total": 1}}}, {"8.5": {"batsman": "SV Samson", "bowler": "Imran Tahir", "non_striker": "RR Pant", "runs": {"batsman": 1, "extras": 0, "total": 1}}}, {"8.6": {"batsman": "RR Pant", "bowler": "Imran Tahir", "non_striker": "SV Samson", "runs": {"batsman": 1, "extras": 0, "total": 1}}}, {"9.1": {"batsman": "RR Pant", "bowler": "R Bhatia", "non_striker": "SV Samson", "runs": {"batsman": 1, "extras": 0, "total": 1}}}, {"9.2": {"batsman": "SV Samson", "bowler": "R Bhatia", "non_striker": "RR Pant", "runs": {"batsman": 1, "extras": 0, "total": 1}}}, {"9.3": {"batsman": "RR Pant", "bowler": "R Bhatia", "non_striker": "SV Samson", "runs": {"batsman": 1, "extras": 0, "total": 1}}}, {"9.4": {"batsman": "SV Samson", "bowler": "R Bhatia", "non_striker": "RR Pant", "runs": {"batsman": 1, "extras": 0, "total": 1}}}, {"9.5": {"batsman": "RR Pant", "bowler": "R Bhatia", "non_striker": "SV Samson", "runs": {"batsman": 1, "extras": 0, "total": 1}}}, {"9.6": {"batsman": "SV Samson", "bowler": "R Bhatia", "non_striker": "RR Pant", "runs": {"batsman": 0, "extras": 0, "total": 0}}}, {"10.1": {"batsman": "RR Pant", "bowler": "A Zampa", "non_striker": "SV Samson", "runs": {"batsman": 1, "extras": 0, "total": 1}}}, {"10.2": {"batsman": "SV Samson", "bowler": "A Zampa", "non_striker": "RR Pant", "runs": {"batsman": 1, "extras": 0, "total": 1}}}, {"10.3": {"batsman": "RR Pant", "bowler": "A Zampa", "non_striker": "SV Samson", "runs": {"batsman": 0, "extras": 0, "total": 0}}}, {"10.4": {"batsman": "RR Pant", "bowler": "A Zampa", "non_striker": "SV Samson", "runs": {"batsman": 4, "extras": 0, "total": 4}}}, {"10.5": {"batsman": "RR Pant", "bowler": "A Zampa", "non_striker": "SV Samson", "runs": {"batsman": 0, "extras": 0, "total": 0}}}, {"10.6": {"batsman": "RR Pant", "bowler": "A Zampa", "non_striker": "SV Samson", "runs": {"batsman": 1, "extras": 0, "total": 1}}}, {"11.1": {"batsman": "RR Pant", "bowler": "R Bhatia", "non_striker": "SV Samson", "runs": {"batsman": 6, "extras": 0, "total": 6}}}, {"11.2": {"batsman": "RR Pant", "bowler": "R Bhatia", "non_striker": "SV Samson", "runs": {"batsman": 1, "extras": 0, "total": 1}}}, {"11.3": {"batsman": "SV Samson", "bowler": "R Bhatia", "non_striker": "RR Pant", "runs": {"batsman": 1, "extras": 0, "total": 1}}}, {"11.4": {"batsman": "RR Pant", "bowler": "R Bhatia", "non_striker": "SV Samson", "runs": {"batsman": 6, "extras": 0, "total": 6}}}, {"11.5": {"batsman": "RR Pant", "bowler": "R Bhatia", "non_striker": "SV Samson", "runs": {"batsman": 1, "extras": 0, "total": 1}}}, {"11.6": {"batsman": "SV Samson", "bowler": "R Bhatia", "non_striker": "RR Pant", "runs": {"batsman": 1, "extras": 0, "total": 1}}}, {"12.1": {"batsman": "SV Samson", "bowler": "Imran Tahir", "non_striker": "RR Pant", "runs": {"batsman": 1, "extras": 0, "total": 1}}}, {"12.2": {"batsman": "RR Pant", "bowler": "Imran Tahir", "non_striker": "SV Samson", "runs": {"batsman": 2, "extras": 0, "total": 2}}}, {"12.3": {"batsman": "RR Pant", "bowler": "Imran Tahir", "non_striker": "SV Samson", "runs": {"batsman": 0, "extras": 0, "total": 0}}}, {"12.4": {"batsman": "RR Pant", "bowler": "Imran Tahir", "non_striker": "SV Samson", "runs": {"batsman": 1, "extras": 0, "total": 1}}}, {"12.5": {"batsman": "SV Samson", "bowler": "Imran Tahir", "non_striker": "RR Pant", "runs": {"batsman": 0, "extras": 0, "total": 0}}}, {"12.6": {"batsman": "SV Samson", "bowler": "Imran Tahir", "non_striker": "RR Pant", "runs": {"batsman": 0, "extras": 0, "total": 0}}}, {"13.1": {"batsman": "RR Pant", "bowler": "BA Stokes", "non_striker": "SV Samson", "runs": {"batsman": 1, "extras": 0, "total": 1}}}, {"13.2": {"batsman": "SV Samson", "bowler": "BA Stokes", "non_striker": "RR Pant", "runs": {"batsman": 1, "extras": 0, "total": 1}}}, {"13.3": {"batsman": "RR Pant", "bowler": "BA Stokes", "non_striker": "SV Samson", "runs": {"batsman": 1, "extras": 0, "total": 1}}}, {"13.4": {"batsman": "SV Samson", "bowler": "BA Stokes", "non_striker": "RR Pant", "runs": {"batsman": 0, "extras": 0, "total": 0}}}, {"13.5": {"batsman": "SV Samson", "bowler": "BA Stokes", "non_striker": "RR Pant", "runs": {"batsman": 1, "extras": 0, "total": 1}}}, {"13.6": {"batsman": "RR Pant", "bowler": "BA Stokes", "non_striker": "SV Samson", "runs": {"batsman": 0, "extras": 0, "total": 0}}}, {"14.1": {"batsman": "SV Samson", "bowler": "A Zampa", "non_striker": "RR Pant", "runs": {"batsman": 2, "extras": 0, "total": 2}}}, {"14.2": {"batsman": "SV Samson", "bowler": "A Zampa", "non_striker": "RR Pant", "runs": {"batsman": 2, "extras": 0, "total": 2}}}, {"14.3": {"batsman": "SV Samson", "bowler": "A Zampa", "non_striker": "RR Pant", "runs": {"batsman": 0, "extras": 0, "total": 0}}}, {"14.4": {"batsman": "SV Samson", "bowler": "A Zampa", "non_striker": "RR Pant", "runs": {"batsman": 0, "extras": 0, "total": 0}}}, {"14.5": {"batsman": "SV Samson", "bowler": "A Zampa", "non_striker": "RR Pant", "runs": {"batsman": 6, "extras": 0, "total": 6}}}, {"14.6": {"batsman": "SV Samson", "bowler": "A Zampa", "non_striker": "RR Pant", "runs": {"batsman": 1, "extras": 0, "total": 1}}}, {"15.1": {"batsman": "SV Samson", "bowler": "BA Stokes", "non_striker": "RR Pant", "runs": {"batsman": 1, "extras": 0, "total": 1}}}, {"15.2": {"batsman": "RR Pant", "bowler": "BA Stokes", "non_striker": "SV Samson", "runs": {"batsman": 0, "extras": 0, "total": 0}, "wicket": {"fielders": ["MA Agarwal"], "kind": "run out", "player_out": "RR Pant"}}}, {"15.3": {"batsman": "SV Samson", "bowler": "BA Stokes", "non_striker": "CJ Anderson", "runs": {"batsman": 4, "extras": 0, "total": 4}}}, {"15.4": {"batsman": "SV Samson", "bowler": "BA Stokes", "non_striker": "CJ Anderson", "runs": {"batsman": 1, "extras": 0, "total": 1}}}, {"15.5": {"batsman": "CJ Anderson", "bowler": "BA Stokes", "non_striker": "SV Samson", "runs": {"batsman": 0, "extras": 0, "total": 0}}}, {"15.6": {"batsman": "CJ Anderson", "bowler": "BA Stokes", "non_striker": "SV Samson", "runs": {"batsman": 0, "extras": 0, "total": 0}}}, {"16.1": {"batsman": "SV Samson", "bowler": "Imran Tahir", "non_striker": "CJ Anderson", "runs": {"batsman": 0, "extras": 0, "total": 0}}}, {"16.2": {"batsman": "SV Samson", "bowler": "Imran Tahir", "non_striker": "CJ Anderson", "runs": {"batsman": 1, "extras": 0, "total": 1}}}, {"16.3": {"batsman": "CJ Anderson", "bowler": "Imran Tahir", "extras": {"wides": 1}, "non_striker": "SV Samson", "runs": {"batsman": 0, "extras": 1, "total": 1}}}, {"16.4": {"batsman": "CJ Anderson", "bowler": "Imran Tahir", "non_striker": "SV Samson", "runs": {"batsman": 1, "extras": 0, "total": 1}}}, {"16.5": {"batsman": "SV Samson", "bowler": "Imran Tahir", "non_striker": "CJ Anderson", "runs": {"batsman": 6, "extras": 0, "total": 6}}}, {"16.6": {"batsman": "SV Samson", "bowler": "Imran Tahir", "non_striker": "CJ Anderson", "runs": {"batsman": 2, "extras": 0, "total": 2}}}, {"16.7": {"batsman": "SV Samson", "bowler": "Imran Tahir", "non_striker": "CJ Anderson", "runs": {"batsman": 1, "extras": 0, "total": 1}}}, {"17.1": {"batsman": "SV Samson", "bowler": "AB Dinda", "non_striker": "CJ Anderson", "runs": {"batsman": 6, "extras": 0, "total": 6}}}, {"17.2": {"batsman": "SV Samson", "bowler": "AB Dinda", "non_striker": "CJ Anderson", "runs": {"batsman": 2, "extras": 0, "total": 2}}}, {"17.3": {"batsman": "SV Samson", "bowler": "AB Dinda", "non_striker": "CJ Anderson", "runs": {"batsman": 0, "extras": 0, "total": 0}}}, {"17.4": {"batsman": "SV Samson", "bowler": "AB Dinda", "non_striker": "CJ Anderson", "runs": {"batsman": 6, "extras": 0, "total": 6}}}, {"17.5": {"batsman": "SV Samson", "bowler": "AB Dinda", "non_striker": "CJ Anderson", "runs": {"batsman": 4, "extras": 0, "total": 4}}}, {"17.6": {"batsman": "SV Samson", "bowler": "AB Dinda", "non_striker": "CJ Anderson", "runs": {"batsman": 1, "extras": 0, "total": 1}}}, {"18.1": {"batsman": "SV Samson", "bowler": "A Zampa", "non_striker": "CJ Anderson", "runs": {"batsman": 6, "extras": 0, "total": 6}}}, {"18.2": {"batsman": "SV Samson", "bowler": "A Zampa", "non_striker": "CJ Anderson", "runs": {"batsman": 0, "extras": 0, "total": 0}, "wicket": {"kind": "bowled", "player_out": "SV Samson"}}}, {"18.3": {"batsman": "CH Morris", "bowler": "A Zampa", "non_striker": "CJ Anderson", "runs": {"batsman": 4, "extras": 0, "total": 4}}}, {"18.4": {"batsman": "CH Morris", "bowler": "A Zampa", "non_striker": "CJ Anderson", "runs": {"batsman": 2, "extras": 0, "total": 2}}}, {"18.5": {"batsman": "CH Morris", "bowler": "A Zampa", "non_striker": "CJ Anderson", "runs": {"batsman": 6, "extras": 0, "total": 6}}}, {"18.6": {"batsman": "CH Morris", "bowler": "A Zampa", "non_striker": "CJ Anderson", "runs": {"batsman": 4, "extras": 0, "total": 4}}}, {"19.1": {"batsman": "CJ Anderson", "bowler": "BA Stokes", "non_striker": "CH Morris", "runs": {"batsman": 1, "extras": 0, "total": 1}}}, {"19.2": {"batsman": "CH Morris", "bowler": "BA Stokes", "non_striker": "CJ Anderson", "runs": {"batsman": 4, "extras": 0, "total": 4}}}, {"19.3": {"batsman": "CH Morris", "bowler": "BA Stokes", "non_striker": "CJ Anderson", "runs": {"batsman": 2, "extras": 0, "total": 2}}}, {"19.4": {"batsman": "CH Morris", "bowler": "BA Stokes", "non_striker": "CJ Anderson", "runs": {"batsman": 4, "extras": 0, "total": 4}}}, {"19.5": {"batsman": "CH Morris", "bowler": "BA Stokes", "non_striker": "CJ Anderson", "runs": {"batsman": 6, "extras": 0, "total": 6}}}, {"19.6": {"batsman": "CH Morris", "bowler": "BA Stokes", "non_striker": "CJ Anderson", "runs": {"batsman": 6, "extras": 0, "total": 6}}}]