[{"0.1": {"batsman": "AM Rahane", "bowler": "Sandeep Sharma", "non_striker": "RA Tripathi", "runs": {"batsman": 0, "extras": 0, "total": 0}}}, {"0.2": {"batsman": "AM Rahane", "bowler": "Sandeep Sharma", "non_striker": "RA Tripathi", "runs": {"batsman": 2, "extras": 0, "total": 2}}}, {"0.3": {"batsman": "AM Rahane", "bowler": "Sandeep Sharma", "non_striker": "RA Tripathi", "runs": {"batsman": 0, "extras": 0, "total": 0}}}, {"0.4": {"batsman": "AM Rahane", "bowler": "Sandeep Sharma", "non_striker": "RA Tripathi", "runs": {"batsman": 0, "extras": 0, "total": 0}}}, {"0.5": {"batsman": "AM Rahane", "bowler": "Sandeep Sharma", "non_striker": "RA Tripathi", "runs": {"batsman": 0, "extras": 0, "total": 0}}}, {"0.6": {"batsman": "AM Rahane", "bowler": "Sandeep Sharma", "non_striker": "RA Tripathi", "runs": {"batsman": 1, "extras": 0, "total": 1}}}, {"1.1": {"batsman": "AM Rahane", "bowler": "MM Sharma", "non_striker": "RA Tripathi", "runs": {"batsman": 1, "extras": 0, "total": 1}}}, {"1.2": {"batsman": "RA Tripathi", "bowler": "MM Sharma", "non_striker": "AM Rahane", "runs": {"batsman": 0, "extras": 0, "total": 0}}}, {"1.3": {"batsman": "RA Tripathi", "bowler": "MM Sharma", "non_striker": "AM Rahane", "runs": {"batsman": 4, "extras": 0, "total": 4}}}, {"1.4": {"batsman": "RA Tripathi", "bowler": "MM Sharma", "non_striker": "AM Rahane", "runs": {"batsman": 0, "extras": 0, "total": 0}}}, {"1.5": {"batsman": "RA Tripathi", "bowler": "MM Sharma", "non_striker": "AM Rahane", "runs": {"batsman": 0, "extras": 0, "total": 0}}}, {"1.6": {"batsman": "RA Tripathi", "bowler": "MM Sharma", "non_striker": "AM Rahane", "runs": {"batsman": 1, "extras": 0, "total": 1}}}, {"2.1": {"batsman": "RA Tripathi", "bowler": "Sandeep Sharma", "extras": {"wides": 1}, "non_striker": "AM Rahane", "runs": {"batsman": 0, "extras": 1, "total": 1}}}, {"2.2": {"batsman": "RA Tripathi", "bowler": "Sandeep Sharma", "non_striker": "AM Rahane", "runs": {"batsman": 1, "extras": 0, "total": 1}}}, {"2.3": {"batsman": "AM Rahane", "bowler": "Sandeep Sharma", "non_striker": "RA Tripathi", "runs": {"batsman": 1, "extras": 0, "total": 1}}}, {"2.4": {"batsman": "RA Tripathi", "bowler": "Sandeep Sharma", "non_striker": "AM Rahane", "runs": {"batsman": 4, "extras": 0, "total": 4}}}, {"2.5": {"batsman": "RA Tripathi", "bowler": "Sandeep Sharma", "non_striker": "AM Rahane", "runs": {"batsman": 1, "extras": 0, "total": 1}}}, {"2.6": {"batsman": "AM Rahane", "bowler": "Sandeep Sharma", "non_striker": "RA Tripathi", "runs": {"batsman": 0, "extras": 0, "total": 0}}}, {"2.7": {"batsman": "AM Rahane", "bowler": "Sandeep Sharma", "non_striker": "RA Tripathi", "runs": {"batsman": 1, "extras": 0, "total": 1}}}, {"3.1": {"batsman": "AM Rahane", "bowler": "I Sharma", "non_striker": "RA Tripathi", "runs": {"batsman": 1, "extras": 0, "total": 1}}}, {"3.2": {"batsman": "RA Tripathi", "bowler": "I Sharma", "non_striker": "AM Rahane", "runs": {"batsman": 4, "extras": 0, "total": 4}}}, {"3.3": {"batsman": "RA Tripathi", "bowler": "I Sharma", "non_striker": "AM Rahane", "runs": {"batsman": 0, "extras": 0, "total": 0}}}, {"3.4": {"batsman": "RA Tripathi", "bowler": "I Sharma", "non_striker": "AM Rahane", "runs": {"batsman": 4, "extras": 0, "total": 4}}}, {"3.5": {"batsman": "RA Tripathi", "bowler": "I Sharma", "non_striker": "AM Rahane", "runs": {"batsman": 2, "extras": 0, "total": 2}}}, {"3.6": {"batsman": "RA Tripathi", "bowler": "I Sharma", "non_striker": "AM Rahane", "runs": {"batsman": 1, "extras": 0, "total": 1}}}, {"4.1": {"batsman": "RA Tripathi", "bowler": "R Tewatia", "non_striker": "AM Rahane", "runs": {"batsman": 0, "extras": 0, "total": 0}}}, {"4.2": {"batsman": "RA Tripathi", "bowler": "R Tewatia", "non_striker": "AM Rahane", "runs": {"batsman": 0, "extras": 0, "total": 0}}}, {"4.3": {"batsman": "RA Tripathi", "bowler": "R Tewatia", "non_striker": "AM Rahane", "runs": {"batsman": 6, "extras": 0, "total": 6}}}, {"4.4": {"batsman": "RA Tripathi", "bowler": "R Tewatia", "non_striker": "AM Rahane", "runs": {"batsman": 0, "extras": 0, "total": 0}}}, {"4.5": {"batsman": "RA Tripathi", "bowler": "R Tewatia", "non_striker": "AM Rahane", "runs": {"batsman": 0, "extras": 0, "total": 0}}}, {"4.6": {"batsman": "RA Tripathi", "bowler": "R Tewatia", "non_striker": "AM Rahane", "runs": {"batsman": 0, "extras": 0, "total": 0}}}, {"5.1": {"batsman": "AM Rahane", "bowler": "AR Patel", "non_striker": "RA Tripathi", "runs": {"batsman": 4, "extras": 0, "total": 4}}}, {"5.2": {"batsman": "AM Rahane", "bowler": "AR Patel", "non_striker": "RA Tripathi", "runs": {"batsman": 1, "extras": 0, "total": 1}}}, {"5.3": {"batsman": "RA Tripathi", "bowler": "AR Patel", "non_striker": "AM Rahane", "runs": {"batsman": 0, "extras": 0, "total": 0}, "wicket": {"kind": "bowled", "player_out": "RA Tripathi"}}}, {"5.4": {"batsman": "SPD Smith", "bowler": "AR Patel", "non_striker": "AM Rahane", "runs": {"batsman": 1, "extras": 0, "total": 1}}}, {"5.5": {"batsman": "AM Rahane", "bowler": "AR Patel", "non_striker": "SPD Smith", "runs": {"batsman": 0, "extras": 0, "total": 0}}}, {"5.6": {"batsman": "AM Rahane", "bowler": "AR Patel", "non_striker": "SPD Smith", "runs": {"batsman": 1, "extras": 0, "total": 1}}}, {"6.1": {"batsman": "AM Rahane", "bowler": "Swapnil Singh", "non_striker": "SPD Smith", "runs": {"batsman": 2, "extras": 0, "total": 2}}}, {"6.2": {"batsman": "AM Rahane", "bowler": "Swapnil Singh", "non_striker": "SPD Smith", "runs": {"batsman": 1, "extras": 0, "total": 1}}}, {"6.3": {"batsman": "SPD Smith", "bowler": "Swapnil Singh", "non_striker": "AM Rahane", "runs": {"batsman": 1, "extras": 0, "total": 1}}}, {"6.4": {"batsman": "AM Rahane", "bowler": "Swapnil Singh", "non_striker": "SPD Smith", "runs": {"batsman": 1, "extras": 0, "total": 1}}}, {"6.5": {"batsman": "SPD Smith", "bowler": "Swapnil Singh", "non_striker": "AM Rahane", "runs": {"batsman": 0, "extras": 0, "total": 0}}}, {"6.6": {"batsman": "SPD Smith", "bowler": "Swapnil Singh", "non_striker": "AM Rahane", "runs": {"batsman": 1, "extras": 0, "total": 1}}}, {"7.1": {"batsman": "SPD Smith", "bowler": "AR Patel", "non_striker": "AM Rahane", "runs": {"batsman": 1, "extras": 0, "total": 1}}}, {"7.2": {"batsman": "AM Rahane", "bowler": "AR Patel", "non_striker": "SPD Smith", "runs": {"batsman": 1, "extras": 0, "total": 1}}}, {"7.3": {"batsman": "SPD Smith", "bowler": "AR Patel", "non_striker": "AM Rahane", "runs": {"batsman": 1, "extras": 0, "total": 1}}}, {"7.4": {"batsman": "AM Rahane", "bowler": "AR Patel", "non_striker": "SPD Smith", "runs": {"batsman": 1, "extras": 0, "total": 1}}}, {"7.5": {"batsman": "SPD Smith", "bowler": "AR Patel", "non_striker": "AM Rahane", "runs": {"batsman": 1, "extras": 0, "total": 1}}}, {"7.6": {"batsman": "AM Rahane", "bowler": "AR Patel", "non_striker": "SPD Smith", "runs": {"batsman": 1, "extras": 0, "total": 1}}}, {"8.1": {"batsman": "AM Rahane", "bowler": "R Tewatia", "non_striker": "SPD Smith", "runs": {"batsman": 0, "extras": 0, "total": 0}}}, {"8.2": {"batsman": "AM Rahane", "bowler": "R Tewatia", "non_striker": "SPD Smith", "runs": {"batsman": 1, "extras": 0, "total": 1}}}, {"8.3": {"batsman": "SPD Smith", "bowler": "R Tewatia", "non_striker": "AM Rahane", "runs": {"batsman": 1, "extras": 0, "total": 1}}}, {"8.4": {"batsman": "AM Rahane", "bowler": "R Tewatia", "non_striker": "SPD Smith", "runs": {"batsman": 0, "extras": 0, "total": 0}}}, {"8.5": {"batsman": "AM Rahane", "bowler": "R Tewatia", "non_striker": "SPD Smith", "runs": {"batsman": 1, "extras": 0, "total": 1}}}, {"8.6": {"batsman": "SPD Smith", "bowler": "R Tewatia", "non_striker": "AM Rahane", "runs": {"batsman": 0, "extras": 0, "total": 0}}}, {"9.1": {"batsman": "AM Rahane", "bowler": "GJ Maxwell", "non_striker": "SPD Smith", "runs": {"batsman": 1, "extras": 0, "total": 1}}}, {"9.2": {"batsman": "SPD Smith", "bowler": "GJ Maxwell", "non_striker": "AM Rahane", "runs": {"batsman": 0, "extras": 0, "total": 0}}}, {"9.3": {"batsman": "SPD Smith", "bowler": "GJ Maxwell", "non_striker": "AM Rahane", "runs": {"batsman": 1, "extras": 0, "total": 1}}}, {"9.4": {"batsman": "AM Rahane", "bowler": "GJ Maxwell", "non_striker": "SPD Smith", "runs": {"batsman": 0, "extras": 0, "total": 0}}}, {"9.5": {"batsman": "AM Rahane", "bowler": "GJ Maxwell", "non_striker": "SPD Smith", "runs": {"batsman": 1, "extras": 0, "total": 1}}}, {"9.6": {"batsman": "SPD Smith", "bowler": "GJ Maxwell", "non_striker": "AM Rahane", "runs": {"batsman": 1, "extras": 0, "total": 1}}}, {"10.1": {"batsman": "SPD Smith", "bowler": "R Tewatia", "non_striker": "AM Rahane", "runs": {"batsman": 2, "extras": 0, "total": 2}}}, {"10.2": {"batsman": "SPD Smith", "bowler": "R Tewatia", "non_striker": "AM Rahane", "runs": {"batsman": 0, "extras": 0, "total": 0}}}, {"10.3": {"batsman": "SPD Smith", "bowler": "R Tewatia", "non_striker": "AM Rahane", "runs": {"batsman": 1, "extras": 0, "total": 1}}}, {"10.4": {"batsman": "AM Rahane", "bowler": "R Tewatia", "non_striker": "SPD Smith", "runs": {"batsman": 1, "extras": 0, "total": 1}}}, {"10.5": {"batsman": "SPD Smith", "bowler": "R Tewatia", "non_striker": "AM Rahane", "runs": {"batsman": 1, "extras": 0, "total": 1}}}, {"10.6": {"batsman": "AM Rahane", "bowler": "R Tewatia", "non_striker": "SPD Smith", "runs": {"batsman": 0, "extras": 0, "total": 0}}}, {"11.1": {"batsman": "SPD Smith", "bowler": "GJ Maxwell", "non_striker": "AM Rahane", "runs": {"batsman": 1, "extras": 0, "total": 1}}}, {"11.2": {"batsman": "AM Rahane", "bowler": "GJ Maxwell", "non_striker": "SPD Smith", "runs": {"batsman": 2, "extras": 0, "total": 2}}}, {"11.3": {"batsman": "AM Rahane", "bowler": "GJ Maxwell", "non_striker": "SPD Smith", "runs": {"batsman": 1, "extras": 0, "total": 1}}}, {"11.4": {"batsman": "SPD Smith", "bowler": "GJ Maxwell", "non_striker": "AM Rahane", "runs": {"batsman": 1, "extras": 0, "total": 1}}}, {"11.5": {"batsman": "AM Rahane", "bowler": "GJ Maxwell", "non_striker": "SPD Smith", "runs": {"batsman": 0, "extras": 0, "total": 0}}}, {"11.6": {"batsman": "AM Rahane", "bowler": "GJ Maxwell", "non_striker": "SPD Smith", "runs": {"batsman": 6, "extras": 0, "total": 6}}}]