[{"0.1": {"batsman": "CH Gayle", "bowler": "TG Southee", "non_striker": "V Kohli", "runs": {"batsman": 1, "extras": 0, "total": 1}}}, {"0.2": {"batsman": "V Kohli", "bowler": "TG Southee", "extras": {"wides": 1}, "non_striker": "CH Gayle", "runs": {"batsman": 0, "extras": 1, "total": 1}}}, {"0.3": {"batsman": "V Kohli", "bowler": "TG Southee", "non_striker": "CH Gayle", "runs": {"batsman": 1, "extras": 0, "total": 1}}}, {"0.4": {"batsman": "CH Gayle", "bowler": "TG Southee", "non_striker": "V Kohli", "runs": {"batsman": 1, "extras": 0, "total": 1}}}, {"0.5": {"batsman": "V Kohli", "bowler": "TG Southee", "non_striker": "CH Gayle", "runs": {"batsman": 0, "extras": 0, "total": 0}}}, {"0.6": {"batsman": "V Kohli", "bowler": "TG Southee", "non_striker": "CH Gayle", "runs": {"batsman": 1, "extras": 0, "total": 1}}}, {"0.7": {"batsman": "CH Gayle", "bowler": "TG Southee", "extras": {"wides": 1}, "non_striker": "V Kohli", "runs": {"batsman": 0, "extras": 1, "total": 1}}}, {"0.8": {"batsman": "CH Gayle", "bowler": "TG Southee", "non_striker": "V Kohli", "runs": {"batsman": 0, "extras": 0, "total": 0}}}, {"1.1": {"batsman": "V Kohli", "bowler": "Harbhajan Singh", "non_striker": "CH Gayle", "runs": {"batsman": 0, "extras": 0, "total": 0}}}, {"1.2": {"batsman": "V Kohli", "bowler": "Harbhajan Singh", "non_striker": "CH Gayle", "runs": {"batsman": 1, "extras": 0, "total": 1}}}, {"1.3": {"batsman": "CH Gayle", "bowler": "Harbhajan Singh", "non_striker": "V Kohli", "runs": {"batsman": 0, "extras": 0, "total": 0}}}, {"1.4": {"batsman": "CH Gayle", "bowler": "Harbhajan Singh", "non_striker": "V Kohli", "runs": {"batsman": 0, "extras": 0, "total": 0}}}, {"1.5": {"batsman": "CH Gayle", "bowler": "Harbhajan Singh", "non_striker": "V Kohli", "runs": {"batsman": 0, "extras": 0, "total": 0}}}, {"1.6": {"batsman": "CH Gayle", "bowler": "Harbhajan Singh", "non_striker": "V Kohli", "runs": {"batsman": 0, "extras": 0, "total": 0}}}, {"2.1": {"batsman": "V Kohli", "bowler": "TG Southee", "non_striker": "CH Gayle", "runs": {"batsman": 6, "extras": 0, "total": 6}}}, {"2.2": {"batsman": "V Kohli", "bowler": "TG Southee", "non_striker": "CH Gayle", "runs": {"batsman": 2, "extras": 0, "total": 2}}}, {"2.3": {"batsman": "V Kohli", "bowler": "TG Southee", "non_striker": "CH Gayle", "runs": {"batsman": 4, "extras": 0, "total": 4}}}, {"2.4": {"batsman": "V Kohli", "bowler": "TG Southee", "non_striker": "CH Gayle", "runs": {"batsman": 4, "extras": 0, "total": 4}}}, {"2.5": {"batsman": "V Kohli", "bowler": "TG Southee", "non_striker": "CH Gayle", "runs": {"batsman": 1, "extras": 0, "total": 1}}}, {"2.6": {"batsman": "CH Gayle", "bowler": "TG Southee", "non_striker": "V Kohli", "runs": {"batsman": 0, "extras": 0, "total": 0}}}, {"3.1": {"batsman": "V Kohli", "bowler": "MJ McClenaghan", "non_striker": "CH Gayle", "runs": {"batsman": 1, "extras": 0, "total": 1}}}, {"3.2": {"batsman": "CH Gayle", "bowler": "MJ McClenaghan", "non_striker": "V Kohli", "runs": {"batsman": 1, "extras": 0, "total": 1}}}, {"3.3": {"batsman": "V Kohli", "bowler": "MJ McClenaghan", "non_striker": "CH Gayle", "runs": {"batsman": 2, "extras": 0, "total": 2}}}, {"3.4": {"batsman": "V Kohli", "bowler": "MJ McClenaghan", "non_striker": "CH Gayle", "runs": {"batsman": 0, "extras": 0, "total": 0}}}, {"3.5": {"batsman": "V Kohli", "bowler": "MJ McClenaghan", "non_striker": "CH Gayle", "runs": {"batsman": 0, "extras": 0, "total": 0}}}, {"3.6": {"batsman": "V Kohli", "bowler": "MJ McClenaghan", "non_striker": "CH Gayle", "runs": {"batsman": 0, "extras": 0, "total": 0}}}, {"4.1": {"batsman": "CH Gayle", "bowler": "Harbhajan Singh", "non_striker": "V Kohli", "runs": {"batsman": 4, "extras": 0, "total": 4}}}, {"4.2": {"batsman": "CH Gayle", "bowler": "Harbhajan Singh", "non_striker": "V Kohli", "runs": {"batsman": 0, "extras": 0, "total": 0}}}, {"4.3": {"batsman": "CH Gayle", "bowler": "Harbhajan Singh", "non_striker": "V Kohli", "runs": {"batsman": 0, "extras": 0, "total": 0}}}, {"4.4": {"batsman": "CH Gayle", "bowler": "Harbhajan Singh", "non_striker": "V Kohli", "runs": {"batsman": 0, "extras": 0, "total": 0}}}, {"4.5": {"batsman": "CH Gayle", "bowler": "Harbhajan Singh", "non_striker": "V Kohli", "runs": {"batsman": 1, "extras": 0, "total": 1}}}, {"4.6": {"batsman": "V Kohli", "bowler": "Harbhajan Singh", "non_striker": "CH Gayle", "runs": {"batsman": 1, "extras": 0, "total": 1}}}, {"5.1": {"batsman": "V Kohli", "bowler": "MJ McClenaghan", "non_striker": "CH Gayle", "runs": {"batsman": 1, "extras": 0, "total": 1}}}, {"5.2": {"batsman": "CH Gayle", "bowler": "MJ McClenaghan", "non_striker": "V Kohli", "runs": {"batsman": 1, "extras": 0, "total": 1}}}, {"5.3": {"batsman": "V Kohli", "bowler": "MJ McClenaghan", "non_striker": "CH Gayle", "runs": {"batsman": 1, "extras": 0, "total": 1}}}, {"5.4": {"batsman": "CH Gayle", "bowler": "MJ McClenaghan", "non_striker": "V Kohli", "runs": {"batsman": 4, "extras": 0, "total": 4}}}, {"5.5": {"batsman": "CH Gayle", "bowler": "MJ McClenaghan", "non_striker": "V Kohli", "runs": {"batsman": 0, "extras": 0, "total": 0}}}, {"5.6": {"batsman": "CH Gayle", "bowler": "MJ McClenaghan", "non_striker": "V Kohli", "runs": {"batsman": 0, "extras": 0, "total": 0}}}, {"6.1": {"batsman": "V Kohli", "bowler": "Harbhajan Singh", "non_striker": "CH Gayle", "runs": {"batsman": 1, "extras": 0, "total": 1}}}, {"6.2": {"batsman": "CH Gayle", "bowler": "Harbhajan Singh", "non_striker": "V Kohli", "runs": {"batsman": 0, "extras": 0, "total": 0}}}, {"6.3": {"batsman": "CH Gayle", "bowler": "Harbhajan Singh", "extras": {"legbyes": 2}, "non_striker": "V Kohli", "runs": {"batsman": 0, "extras": 2, "total": 2}}}, {"6.4": {"batsman": "CH Gayle", "bowler": "Harbhajan Singh", "non_striker": "V Kohli", "runs": {"batsman": 6, "extras": 0, "total": 6}}}, {"6.5": {"batsman": "CH Gayle", "bowler": "Harbhajan Singh", "non_striker": "V Kohli", "runs": {"batsman": 0, "extras": 0, "total": 0}}}, {"6.6": {"batsman": "CH Gayle", "bowler": "Harbhajan Singh", "non_striker": "V Kohli", "runs": {"batsman": 0, "extras": 0, "total": 0}}}, {"7.1": {"batsman": "V Kohli", "bowler": "JJ Bumrah", "non_striker": "CH Gayle", "runs": {"batsman": 0, "extras": 0, "total": 0}}}, {"7.2": {"batsman": "V Kohli", "bowler": "JJ Bumrah", "non_striker": "CH Gayle", "runs": {"batsman": 0, "extras": 0, "total": 0}}}, {"7.3": {"batsman": "V Kohli", "bowler": "JJ Bumrah", "non_striker": "CH Gayle", "runs": {"batsman": 1, "extras": 0, "total": 1}}}, {"7.4": {"batsman": "CH Gayle", "bowler": "JJ Bumrah", "non_striker": "V Kohli", "runs": {"batsman": 1, "extras": 0, "total": 1}}}, {"7.5": {"batsman": "V Kohli", "bowler": "JJ Bumrah", "non_striker": "CH Gayle", "runs": {"batsman": 0, "extras": 0, "total": 0}}}, {"7.6": {"batsman": "V Kohli", "bowler": "JJ Bumrah", "non_striker": "CH Gayle", "runs": {"batsman": 1, "extras": 0, "total": 1}}}, {"8.1": {"batsman": "V Kohli", "bowler": "Harbhajan Singh", "non_striker": "CH Gayle", "runs": {"batsman": 4, "extras": 0, "total": 4}}}, {"8.2": {"batsman": "V Kohli", "bowler": "Harbhajan Singh", "non_striker": "CH Gayle", "runs": {"batsman": 1, "extras": 0, "total": 1}}}, {"8.3": {"batsman": "CH Gayle", "bowler": "Harbhajan Singh", "non_striker": "V Kohli", "runs": {"batsman": 1, "extras": 0, "total": 1}}}, {"8.4": {"batsman": "V Kohli", "bowler": "Harbhajan Singh", "non_striker": "CH Gayle", "runs": {"batsman": 1, "extras": 0, "total": 1}}}, {"8.5": {"batsman": "CH Gayle", "bowler": "Harbhajan Singh", "non_striker": "V Kohli", "runs": {"batsman": 1, "extras": 0, "total": 1}}}, {"8.6": {"batsman": "V Kohli", "bowler": "Harbhajan Singh", "non_striker": "CH Gayle", "runs": {"batsman": 1, "extras": 0, "total": 1}}}, {"9.1": {"batsman": "V Kohli", "bowler": "HH Pandya", "non_striker": "CH Gayle", "runs": {"batsman": 1, "extras": 0, "total": 1}}}, {"9.2": {"batsman": "CH Gayle", "bowler": "HH Pandya", "non_striker": "V Kohli", "runs": {"batsman": 0, "extras": 0, "total": 0}, "wicket": {"fielders": ["PA Patel"], "kind": "caught", "player_out": "CH Gayle"}}}, {"9.3": {"batsman": "AB de Villiers", "bowler": "HH Pandya", "non_striker": "V Kohli", "runs": {"batsman": 1, "extras": 0, "total": 1}}}, {"9.4": {"batsman": "V Kohli", "bowler": "HH Pandya", "non_striker": "AB de Villiers", "runs": {"batsman": 0, "extras": 0, "total": 0}}}, {"9.5": {"batsman": "V Kohli", "bowler": "HH Pandya", "non_striker": "AB de Villiers", "runs": {"batsman": 1, "extras": 0, "total": 1}}}, {"9.6": {"batsman": "AB de Villiers", "bowler": "HH Pandya", "non_striker": "V Kohli", "runs": {"batsman": 1, "extras": 0, "total": 1}}}, {"10.1": {"batsman": "AB de Villiers", "bowler": "KH Pandya", "non_striker": "V Kohli", "runs": {"batsman": 0, "extras": 0, "total": 0}}}, {"10.2": {"batsman": "AB de Villiers", "bowler": "KH Pandya", "non_striker": "V Kohli", "runs": {"batsman": 0, "extras": 0, "total": 0}}}, {"10.3": {"batsman": "AB de Villiers", "bowler": "KH Pandya", "non_striker": "V Kohli", "runs": {"batsman": 1, "extras": 0, "total": 1}}}, {"10.4": {"batsman": "V Kohli", "bowler": "KH Pandya", "non_striker": "AB de Villiers", "runs": {"batsman": 1, "extras": 0, "total": 1}}}, {"10.5": {"batsman": "AB de Villiers", "bowler": "KH Pandya", "non_striker": "V Kohli", "runs": {"batsman": 1, "extras": 0, "total": 1}}}, {"10.6": {"batsman": "V Kohli", "bowler": "KH Pandya", "non_striker": "AB de Villiers", "runs": {"batsman": 2, "extras": 0, "total": 2}}}, {"11.1": {"batsman": "AB de Villiers", "bowler": "HH Pandya", "non_striker": "V Kohli", "runs": {"batsman": 1, "extras": 0, "total": 1}}}, {"11.2": {"batsman": "V Kohli", "bowler": "HH Pandya", "non_striker": "AB de Villiers", "runs": {"batsman": 1, "extras": 0, "total": 1}}}, {"11.3": {"batsman": "AB de Villiers", "bowler": "HH Pandya", "non_striker": "V Kohli", "runs": {"batsman": 0, "extras": 0, "total": 0}}}, {"11.4": {"batsman": "AB de Villiers", "bowler": "HH Pandya", "non_striker": "V Kohli", "runs": {"batsman": 1, "extras": 0, "total": 1}}}, {"11.5": {"batsman": "V Kohli", "bowler": "HH Pandya", "non_striker": "AB de Villiers", "runs": {"batsman": 1, "extras": 0, "total": 1}}}, {"11.6": {"batsman": "AB de Villiers", "bowler": "HH Pandya", "non_striker": "V Kohli", "runs": {"batsman": 1, "extras": 0, "total": 1}}}, {"12.1": {"batsman": "AB de Villiers", "bowler": "KH Pandya", "non_striker": "V Kohli", "runs": {"batsman": 0, "extras": 0, "total": 0}}}, {"12.2": {"batsman": "AB de Villiers", "bowler": "KH Pandya", "non_striker": "V Kohli", "runs": {"batsman": 1, "extras": 0, "total": 1}}}, {"12.3": {"batsman": "V Kohli", "bowler": "KH Pandya", "non_striker": "AB de Villiers", "runs": {"batsman": 2, "extras": 0, "total": 2}}}, {"12.4": {"batsman": "V Kohli", "bowler": "KH Pandya", "non_striker": "AB de Villiers", "runs": {"batsman": 1, "extras": 0, "total": 1}}}, {"12.5": {"batsman": "AB de Villiers", "bowler": "KH Pandya", "extras": {"byes": 4}, "non_striker": "V Kohli", "runs": {"batsman": 0, "extras": 4, "total": 4}}}, {"12.6": {"batsman": "AB de Villiers", "bowler": "KH Pandya", "non_striker": "V Kohli", "runs": {"batsman": 1, "extras": 0, "total": 1}}}, {"13.1": {"batsman": "AB de Villiers", "bowler": "JJ Bumrah", "non_striker": "V Kohli", "runs": {"batsman": 1, "extras": 0, "total": 1}}}, {"13.2": {"batsman": "V Kohli", "bowler": "JJ Bumrah", "non_striker": "AB de Villiers", "runs": {"batsman": 1, "extras": 0, "total": 1}}}, {"13.3": {"batsman": "AB de Villiers", "bowler": "JJ Bumrah", "non_striker": "V Kohli", "runs": {"batsman": 6, "extras": 0, "total": 6}}}, {"13.4": {"batsman": "AB de Villiers", "bowler": "JJ Bumrah", "non_striker": "V Kohli", "runs": {"batsman": 1, "extras": 0, "total": 1}}}, {"13.5": {"batsman": "V Kohli", "bowler": "JJ Bumrah", "non_striker": "AB de Villiers", "runs": {"batsman": 6, "extras": 0, "total": 6}}}, {"13.6": {"batsman": "V Kohli", "bowler": "JJ Bumrah", "non_striker": "AB de Villiers", "runs": {"batsman": 4, "extras": 0, "total": 4}}}, {"14.1": {"batsman": "AB de Villiers", "bowler": "KH Pandya", "non_striker": "V Kohli", "runs": {"batsman": 1, "extras": 0, "total": 1}}}, {"14.2": {"batsman": "V Kohli", "bowler": "KH Pandya", "non_striker": "AB de Villiers", "runs": {"batsman": 0, "extras": 0, "total": 0}}}, {"14.3": {"batsman": "V Kohli", "bowler": "KH Pandya", "non_striker": "AB de Villiers", "runs": {"batsman": 0, "extras": 0, "total": 0}}}, {"14.4": {"batsman": "V Kohli", "bowler": "KH Pandya", "non_striker": "AB de Villiers", "runs": {"batsman": 4, "extras": 0, "total": 4}}}, {"14.5": {"batsman": "V Kohli", "bowler": "KH Pandya", "non_striker": "AB de Villiers", "runs": {"batsman": 1, "extras": 0, "total": 1}}}, {"14.6": {"batsman": "AB de Villiers", "bowler": "KH Pandya", "non_striker": "V Kohli", "runs": {"batsman": 0, "extras": 0, "total": 0}}}, {"15.1": {"batsman": "V Kohli", "bowler": "MJ McClenaghan", "non_striker": "AB de Villiers", "runs": {"batsman": 0, "extras": 0, "total": 0}}}, {"15.2": {"batsman": "V Kohli", "bowler": "MJ McClenaghan", "non_striker": "AB de Villiers", "runs": {"batsman": 0, "extras": 0, "total": 0}}}, {"15.3": {"batsman": "V Kohli", "bowler": "MJ McClenaghan", "non_striker": "AB de Villiers", "runs": {"batsman": 0, "extras": 0, "total": 0}, "wicket": {"fielders": ["JC Buttler"], "kind": "caught", "player_out": "V Kohli"}}}, {"15.4": {"batsman": "KM Jadhav", "bowler": "MJ McClenaghan", "non_striker": "AB de Villiers", "runs": {"batsman": 1, "extras": 0, "total": 1}}}, {"15.5": {"batsman": "AB de Villiers", "bowler": "MJ McClenaghan", "extras": {"wides": 1}, "non_striker": "KM Jadhav", "runs": {"batsman": 0, "extras": 1, "total": 1}}}, {"15.6": {"batsman": "AB de Villiers", "bowler": "MJ McClenaghan", "non_striker": "KM Jadhav", "runs": {"batsman": 1, "extras": 0, "total": 1}}}, {"15.7": {"batsman": "KM Jadhav", "bowler": "MJ McClenaghan", "non_striker": "AB de Villiers", "runs": {"batsman": 1, "extras": 0, "total": 1}}}, {"16.1": {"batsman": "KM Jadhav", "bowler": "KH Pandya", "non_striker": "AB de Villiers", "runs": {"batsman": 1, "extras": 0, "total": 1}}}, {"16.2": {"batsman": "AB de Villiers", "bowler": "KH Pandya", "non_striker": "KM Jadhav", "runs": {"batsman": 0, "extras": 0, "total": 0}, "wicket": {"fielders": ["RG Sharma"], "kind": "caught", "player_out": "AB de Villiers"}}}, {"16.3": {"batsman": "P Negi", "bowler": "KH Pandya", "non_striker": "KM Jadhav", "runs": {"batsman": 2, "extras": 0, "total": 2}}}, {"16.4": {"batsman": "P Negi", "bowler": "KH Pandya", "non_striker": "KM Jadhav", "runs": {"batsman": 1, "extras": 0, "total": 1}}}, {"16.5": {"batsman": "KM Jadhav", "bowler": "KH Pandya", "non_striker": "P Negi", "runs": {"batsman": 1, "extras": 0, "total": 1}}}, {"16.6": {"batsman": "P Negi", "bowler": "KH Pandya", "non_striker": "KM Jadhav", "runs": {"batsman": 0, "extras": 0, "total": 0}}}, {"17.1": {"batsman": "KM Jadhav", "bowler": "JJ Bumrah", "non_striker": "P Negi", "runs": {"batsman": 1, "extras": 0, "total": 1}}}, {"17.2": {"batsman": "P Negi", "bowler": "JJ Bumrah", "extras": {"legbyes": 1}, "non_striker": "KM Jadhav", "runs": {"batsman": 0, "extras": 1, "total": 1}}}, {"17.3": {"batsman": "KM Jadhav", "bowler": "JJ Bumrah", "non_striker": "P Negi", "runs": {"batsman": 2, "extras": 0, "total": 2}}}, {"17.4": {"batsman": "KM Jadhav", "bowler": "JJ Bumrah", "non_striker": "P Negi", "runs": {"batsman": 1, "extras": 0, "total": 1}}}, {"17.5": {"batsman": "P Negi", "bowler": "JJ Bumrah", "non_striker": "KM Jadhav", "runs": {"batsman": 1, "extras": 0, "total": 1}}}, {"17.6": {"batsman": "KM Jadhav", "bowler": "JJ Bumrah", "extras": {"noballs": 1}, "non_striker": "P Negi", "runs": {"batsman": 1, "extras": 1, "total": 2}}}, {"17.7": {"batsman": "P Negi", "bowler": "JJ Bumrah", "non_striker": "KM Jadhav", "runs": {"batsman": 0, "extras": 0, "total": 0}, "wicket": {"fielders": ["JJ Bumrah"], "kind": "run out", "player_out": "KM Jadhav"}}}, {"18.1": {"batsman": "Mandeep Singh", "bowler": "MJ McClenaghan", "non_striker": "P Negi", "runs": {"batsman": 0, "extras": 0, "total": 0}, "wicket": {"kind": "bowled", "player_out": "Mandeep Singh"}}}, {"18.2": {"batsman": "STR Binny", "bowler": "MJ McClenaghan", "non_striker": "P Negi", "runs": {"batsman": 1, "extras": 0, "total": 1}}}, {"18.3": {"batsman": "P Negi", "bowler": "MJ McClenaghan", "non_striker": "STR Binny", "runs": {"batsman": 0, "extras": 0, "total": 0}}}, {"18.4": {"batsman": "P Negi", "bowler": "MJ McClenaghan", "non_striker": "STR Binny", "runs": {"batsman": 2, "extras": 0, "total": 2}}}, {"18.5": {"batsman": "P Negi", "bowler": "MJ McClenaghan", "non_striker": "STR Binny", "runs": {"batsman": 2, "extras": 0, "total": 2}}}, {"18.6": {"batsman": "P Negi", "bowler": "MJ McClenaghan", "non_striker": "STR Binny", "runs": {"batsman": 0, "extras": 0, "total": 0}}}, {"19.1": {"batsman": "STR Binny", "bowler": "JJ Bumrah", "non_striker": "P Negi", "runs": {"batsman": 3, "extras": 0, "total": 3}}}, {"19.2": {"batsman": "P Negi", "bowler": "JJ Bumrah", "non_striker": "STR Binny", "runs": {"batsman": 2, "extras": 0, "total": 2}}}, {"19.3": {"batsman": "P Negi", "bowler": "JJ Bumrah", "non_striker": "STR Binny", "runs": {"batsman": 2, "extras": 0, "total": 2}}}, {"19.4": {"batsman": "P Negi", "bowler": "JJ Bumrah", "non_striker": "STR Binny", "runs": {"batsman": 1, "extras": 0, "total": 1}}}, {"19.5": {"batsman": "STR Binny", "bowler": "JJ Bumrah", "non_striker": "P Negi", "runs": {"batsman": 0, "extras": 0, "total": 0}}}, {"19.6": {"batsman": "STR Binny", "bowler": "JJ Bumrah", "non_striker": "P Negi", "runs": {"batsman": 2, "extras": 0, "total": 2}}}]