[{"0.1": {"batsman": "MJ Guptill", "bowler": "HH Pandya", "non_striker": "WP Saha", "runs": {"batsman": 4, "extras": 0, "total": 4}}}, {"0.2": {"batsman": "MJ Guptill", "bowler": "HH Pandya", "non_striker": "WP Saha", "runs": {"batsman": 0, "extras": 0, "total": 0}}}, {"0.3": {"batsman": "MJ Guptill", "bowler": "HH Pandya", "non_striker": "WP Saha", "runs": {"batsman": 4, "extras": 0, "total": 4}}}, {"0.4": {"batsman": "MJ Guptill", "bowler": "HH Pandya", "non_striker": "WP Saha", "runs": {"batsman": 1, "extras": 0, "total": 1}}}, {"0.5": {"batsman": "WP Saha", "bowler": "HH Pandya", "non_striker": "MJ Guptill", "runs": {"batsman": 0, "extras": 0, "total": 0}}}, {"0.6": {"batsman": "WP Saha", "bowler": "HH Pandya", "non_striker": "MJ Guptill", "runs": {"batsman": 4, "extras": 0, "total": 4}}}, {"1.1": {"batsman": "MJ Guptill", "bowler": "MJ McClenaghan", "non_striker": "WP Saha", "runs": {"batsman": 1, "extras": 0, "total": 1}}}, {"1.2": {"batsman": "WP Saha", "bowler": "MJ McClenaghan", "non_striker": "MJ Guptill", "runs": {"batsman": 4, "extras": 0, "total": 4}}}, {"1.3": {"batsman": "WP Saha", "bowler": "MJ McClenaghan", "non_striker": "MJ Guptill", "runs": {"batsman": 1, "extras": 0, "total": 1}}}, {"1.4": {"batsman": "MJ Guptill", "bowler": "MJ McClenaghan", "non_striker": "WP Saha", "runs": {"batsman": 1, "extras": 0, "total": 1}}}, {"1.5": {"batsman": "WP Saha", "bowler": "MJ McClenaghan", "non_striker": "MJ Guptill", "runs": {"batsman": 4, "extras": 0, "total": 4}}}, {"1.6": {"batsman": "WP Saha", "bowler": "MJ McClenaghan", "extras": {"noballs": 1}, "non_striker": "MJ Guptill", "runs": {"batsman": 4, "extras": 1, "total": 5}}}, {"1.7": {"batsman": "WP Saha", "bowler": "MJ McClenaghan", "non_striker": "MJ Guptill", "runs": {"batsman": 0, "extras": 0, "total": 0}}}, {"2.1": {"batsman": "MJ Guptill", "bowler": "JJ Bumrah", "non_striker": "WP Saha", "runs": {"batsman": 1, "extras": 0, "total": 1}}}, {"2.2": {"batsman": "WP Saha", "bowler": "JJ Bumrah", "non_striker": "MJ Guptill", "runs": {"batsman": 0, "extras": 0, "total": 0}}}, {"2.3": {"batsman": "WP Saha", "bowler": "JJ Bumrah", "non_striker": "MJ Guptill", "runs": {"batsman": 1, "extras": 0, "total": 1}}}, {"2.4": {"batsman": "MJ Guptill", "bowler": "JJ Bumrah", "non_striker": "WP Saha", "runs": {"batsman": 1, "extras": 0, "total": 1}}}, {"2.5": {"batsman": "WP Saha", "bowler": "JJ Bumrah", "non_striker": "MJ Guptill", "runs": {"batsman": 0, "extras": 0, "total": 0}}}, {"2.6": {"batsman": "WP Saha", "bowler": "JJ Bumrah", "non_striker": "MJ Guptill", "runs": {"batsman": 0, "extras": 0, "total": 0}}}, {"3.1": {"batsman": "MJ Guptill", "bowler": "SL Malinga", "non_striker": "WP Saha", "runs": {"batsman": 2, "extras": 0, "total": 2}}}, {"3.2": {"batsman": "MJ Guptill", "bowler": "SL Malinga", "extras": {"noballs": 1}, "non_striker": "WP Saha", "runs": {"batsman": 6, "extras": 1, "total": 7}}}, {"3.3": {"batsman": "MJ Guptill", "bowler": "SL Malinga", "non_striker": "WP Saha", "runs": {"batsman": 1, "extras": 0, "total": 1}}}, {"3.4": {"batsman": "WP Saha", "bowler": "SL Malinga", "extras": {"wides": 1}, "non_striker": "MJ Guptill", "runs": {"batsman": 0, "extras": 1, "total": 1}}}, {"3.5": {"batsman": "WP Saha", "bowler": "SL Malinga", "non_striker": "MJ Guptill", "runs": {"batsman": 4, "extras": 0, "total": 4}}}, {"3.6": {"batsman": "WP Saha", "bowler": "SL Malinga", "non_striker": "MJ Guptill", "runs": {"batsman": 4, "extras": 0, "total": 4}}}, {"3.7": {"batsman": "WP Saha", "bowler": "SL Malinga", "non_striker": "MJ Guptill", "runs": {"batsman": 0, "extras": 0, "total": 0}}}, {"3.8": {"batsman": "WP Saha", "bowler": "SL Malinga", "non_striker": "MJ Guptill", "runs": {"batsman": 0, "extras": 0, "total": 0}}}, {"4.1": {"batsman": "MJ Guptill", "bowler": "JJ Bumrah", "non_striker": "WP Saha", "runs": {"batsman": 4, "extras": 0, "total": 4}}}, {"4.2": {"batsman": "MJ Guptill", "bowler": "JJ Bumrah", "non_striker": "WP Saha", "runs": {"batsman": 0, "extras": 0, "total": 0}}}, {"4.3": {"batsman": "MJ Guptill", "bowler": "JJ Bumrah", "non_striker": "WP Saha", "runs": {"batsman": 1, "extras": 0, "total": 1}}}, {"4.4": {"batsman": "WP Saha", "bowler": "JJ Bumrah", "non_striker": "MJ Guptill", "runs": {"batsman": 2, "extras": 0, "total": 2}}}, {"4.5": {"batsman": "WP Saha", "bowler": "JJ Bumrah", "non_striker": "MJ Guptill", "runs": {"batsman": 1, "extras": 0, "total": 1}}}, {"4.6": {"batsman": "MJ Guptill", "bowler": "JJ Bumrah", "non_striker": "WP Saha", "runs": {"batsman": 1, "extras": 0, "total": 1}}}, {"5.1": {"batsman": "MJ Guptill", "bowler": "KV Sharma", "non_striker": "WP Saha", "runs": {"batsman": 4, "extras": 0, "total": 4}}}, {"5.2": {"batsman": "MJ Guptill", "bowler": "KV Sharma", "non_striker": "WP Saha", "runs": {"batsman": 4, "extras": 0, "total": 4}}}, {"5.3": {"batsman": "MJ Guptill", "bowler": "KV Sharma", "non_striker": "WP Saha", "runs": {"batsman": 0, "extras": 0, "total": 0}, "wicket": {"fielders": ["HH Pandya"], "kind": "caught", "player_out": "MJ Guptill"}}}, {"5.4": {"batsman": "WP Saha", "bowler": "KV Sharma", "non_striker": "GJ Maxwell", "runs": {"batsman": 1, "extras": 0, "total": 1}}}, {"5.5": {"batsman": "GJ Maxwell", "bowler": "KV Sharma", "non_striker": "WP Saha", "runs": {"batsman": 1, "extras": 0, "total": 1}}}, {"5.6": {"batsman": "WP Saha", "bowler": "KV Sharma", "non_striker": "GJ Maxwell", "runs": {"batsman": 1, "extras": 0, "total": 1}}}, {"6.1": {"batsman": "WP Saha", "bowler": "MJ McClenaghan", "non_striker": "GJ Maxwell", "runs": {"batsman": 0, "extras": 0, "total": 0}}}, {"6.2": {"batsman": "WP Saha", "bowler": "MJ McClenaghan", "non_striker": "GJ Maxwell", "runs": {"batsman": 4, "extras": 0, "total": 4}}}, {"6.3": {"batsman": "WP Saha", "bowler": "MJ McClenaghan", "non_striker": "GJ Maxwell", "runs": {"batsman": 1, "extras": 0, "total": 1}}}, {"6.4": {"batsman": "GJ Maxwell", "bowler": "MJ McClenaghan", "non_striker": "WP Saha", "runs": {"batsman": 4, "extras": 0, "total": 4}}}, {"6.5": {"batsman": "GJ Maxwell", "bowler": "MJ McClenaghan", "non_striker": "WP Saha", "runs": {"batsman": 1, "extras": 0, "total": 1}}}, {"6.6": {"batsman": "WP Saha", "bowler": "MJ McClenaghan", "non_striker": "GJ Maxwell", "runs": {"batsman": 4, "extras": 0, "total": 4}}}, {"7.1": {"batsman": "GJ Maxwell", "bowler": "KV Sharma", "non_striker": "WP Saha", "runs": {"batsman": 6, "extras": 0, "total": 6}}}, {"7.2": {"batsman": "GJ Maxwell", "bowler": "KV Sharma", "non_striker": "WP Saha", "runs": {"batsman": 0, "extras": 0, "total": 0}}}, {"7.3": {"batsman": "GJ Maxwell", "bowler": "KV Sharma", "non_striker": "WP Saha", "runs": {"batsman": 0, "extras": 0, "total": 0}}}, {"7.4": {"batsman": "GJ Maxwell", "bowler": "KV Sharma", "non_striker": "WP Saha", "runs": {"batsman": 2, "extras": 0, "total": 2}}}, {"7.5": {"batsman": "GJ Maxwell", "bowler": "KV Sharma", "non_striker": "WP Saha", "runs": {"batsman": 6, "extras": 0, "total": 6}}}, {"7.6": {"batsman": "GJ Maxwell", "bowler": "KV Sharma", "non_striker": "WP Saha", "runs": {"batsman": 1, "extras": 0, "total": 1}}}, {"8.1": {"batsman": "GJ Maxwell", "bowler": "Harbhajan Singh", "non_striker": "WP Saha", "runs": {"batsman": 6, "extras": 0, "total": 6}}}, {"8.2": {"batsman": "GJ Maxwell", "bowler": "Harbhajan Singh", "non_striker": "WP Saha", "runs": {"batsman": 6, "extras": 0, "total": 6}}}, {"8.3": {"batsman": "GJ Maxwell", "bowler": "Harbhajan Singh", "non_striker": "WP Saha", "runs": {"batsman": 1, "extras": 0, "total": 1}}}, {"8.4": {"batsman": "WP Saha", "bowler": "Harbhajan Singh", "non_striker": "GJ Maxwell", "runs": {"batsman": 1, "extras": 0, "total": 1}}}, {"8.5": {"batsman": "GJ Maxwell", "bowler": "Harbhajan Singh", "non_striker": "WP Saha", "runs": {"batsman": 6, "extras": 0, "total": 6}}}, {"8.6": {"batsman": "GJ Maxwell", "bowler": "Harbhajan Singh", "non_striker": "WP Saha", "runs": {"batsman": 1, "extras": 0, "total": 1}}}, {"9.1": {"batsman": "GJ Maxwell", "bowler": "SL Malinga", "extras": {"wides": 1}, "non_striker": "WP Saha", "runs": {"batsman": 0, "extras": 1, "total": 1}}}, {"9.2": {"batsman": "GJ Maxwell", "bowler": "SL Malinga", "non_striker": "WP Saha", "runs": {"batsman": 0, "extras": 0, "total": 0}}}, {"9.3": {"batsman": "GJ Maxwell", "bowler": "SL Malinga", "non_striker": "WP Saha", "runs": {"batsman": 0, "extras": 0, "total": 0}}}, {"9.4": {"batsman": "GJ Maxwell", "bowler": "SL Malinga", "non_striker": "WP Saha", "runs": {"batsman": 1, "extras": 0, "total": 1}}}, {"9.5": {"batsman": "WP Saha", "bowler": "SL Malinga", "non_striker": "GJ Maxwell", "runs": {"batsman": 1, "extras": 0, "total": 1}}}, {"9.6": {"batsman": "GJ Maxwell", "bowler": "SL Malinga", "non_striker": "WP Saha", "runs": {"batsman": 1, "extras": 0, "total": 1}}}, {"9.7": {"batsman": "WP Saha", "bowler": "SL Malinga", "non_striker": "GJ Maxwell", "runs": {"batsman": 1, "extras": 0, "total": 1}}}, {"10.1": {"batsman": "WP Saha", "bowler": "JJ Bumrah", "non_striker": "GJ Maxwell", "runs": {"batsman": 0, "extras": 0, "total": 0}}}, {"10.2": {"batsman": "WP Saha", "bowler": "JJ Bumrah", "non_striker": "GJ Maxwell", "runs": {"batsman": 0, "extras": 0, "total": 0}}}, {"10.3": {"batsman": "WP Saha", "bowler": "JJ Bumrah", "extras": {"legbyes": 1}, "non_striker": "GJ Maxwell", "runs": {"batsman": 0, "extras": 1, "total": 1}}}, {"10.4": {"batsman": "GJ Maxwell", "bowler": "JJ Bumrah", "non_striker": "WP Saha", "runs": {"batsman": 0, "extras": 0, "total": 0}}}, {"10.5": {"batsman": "GJ Maxwell", "bowler": "JJ Bumrah", "non_striker": "WP Saha", "runs": {"batsman": 4, "extras": 0, "total": 4}}}, {"10.6": {"batsman": "GJ Maxwell", "bowler": "JJ Bumrah", "non_striker": "WP Saha", "runs": {"batsman": 0, "extras": 0, "total": 0}, "wicket": {"kind": "bowled", "player_out": "GJ Maxwell"}}}, {"11.1": {"batsman": "WP Saha", "bowler": "Harbhajan Singh", "non_striker": "SE Marsh", "runs": {"batsman": 1, "extras": 0, "total": 1}}}, {"11.2": {"batsman": "SE Marsh", "bowler": "Harbhajan Singh", "non_striker": "WP Saha", "runs": {"batsman": 0, "extras": 0, "total": 0}}}, {"11.3": {"batsman": "SE Marsh", "bowler": "Harbhajan Singh", "non_striker": "WP Saha", "runs": {"batsman": 1, "extras": 0, "total": 1}}}, {"11.4": {"batsman": "WP Saha", "bowler": "Harbhajan Singh", "non_striker": "SE Marsh", "runs": {"batsman": 6, "extras": 0, "total": 6}}}, {"11.5": {"batsman": "WP Saha", "bowler": "Harbhajan Singh", "non_striker": "SE Marsh", "runs": {"batsman": 1, "extras": 0, "total": 1}}}, {"11.6": {"batsman": "SE Marsh", "bowler": "Harbhajan Singh", "non_striker": "WP Saha", "runs": {"batsman": 1, "extras": 0, "total": 1}}}, {"12.1": {"batsman": "SE Marsh", "bowler": "KV Sharma", "non_striker": "WP Saha", "runs": {"batsman": 1, "extras": 0, "total": 1}}}, {"12.2": {"batsman": "WP Saha", "bowler": "KV Sharma", "non_striker": "SE Marsh", "runs": {"batsman": 1, "extras": 0, "total": 1}}}, {"12.3": {"batsman": "SE Marsh", "bowler": "KV Sharma", "non_striker": "WP Saha", "runs": {"batsman": 2, "extras": 0, "total": 2}}}, {"12.4": {"batsman": "SE Marsh", "bowler": "KV Sharma", "non_striker": "WP Saha", "runs": {"batsman": 1, "extras": 0, "total": 1}}}, {"12.5": {"batsman": "WP Saha", "bowler": "KV Sharma", "non_striker": "SE Marsh", "runs": {"batsman": 1, "extras": 0, "total": 1}}}, {"12.6": {"batsman": "SE Marsh", "bowler": "KV Sharma", "non_striker": "WP Saha", "runs": {"batsman": 0, "extras": 0, "total": 0}}}, {"13.1": {"batsman": "WP Saha", "bowler": "Harbhajan Singh", "non_striker": "SE Marsh", "runs": {"batsman": 1, "extras": 0, "total": 1}}}, {"13.2": {"batsman": "SE Marsh", "bowler": "Harbhajan Singh", "non_striker": "WP Saha", "runs": {"batsman": 1, "extras": 0, "total": 1}}}, {"13.3": {"batsman": "WP Saha", "bowler": "Harbhajan Singh", "non_striker": "SE Marsh", "runs": {"batsman": 4, "extras": 0, "total": 4}}}, {"13.4": {"batsman": "WP Saha", "bowler": "Harbhajan Singh", "non_striker": "SE Marsh", "runs": {"batsman": 1, "extras": 0, "total": 1}}}, {"13.5": {"batsman": "SE Marsh", "bowler": "Harbhajan Singh", "non_striker": "WP Saha", "runs": {"batsman": 6, "extras": 0, "total": 6}}}, {"13.6": {"batsman": "SE Marsh", "bowler": "Harbhajan Singh", "non_striker": "WP Saha", "runs": {"batsman": 1, "extras": 0, "total": 1}}}, {"14.1": {"batsman": "SE Marsh", "bowler": "SL Malinga", "non_striker": "WP Saha", "runs": {"batsman": 1, "extras": 0, "total": 1}}}, {"14.2": {"batsman": "WP Saha", "bowler": "SL Malinga", "non_striker": "SE Marsh", "runs": {"batsman": 6, "extras": 0, "total": 6}}}, {"14.3": {"batsman": "WP Saha", "bowler": "SL Malinga", "extras": {"wides": 1}, "non_striker": "SE Marsh", "runs": {"batsman": 0, "extras": 1, "total": 1}}}, {"14.4": {"batsman": "WP Saha", "bowler": "SL Malinga", "non_striker": "SE Marsh", "runs": {"batsman": 1, "extras": 0, "total": 1}}}, {"14.5": {"batsman": "SE Marsh", "bowler": "SL Malinga", "non_striker": "WP Saha", "runs": {"batsman": 1, "extras": 0, "total": 1}}}, {"14.6": {"batsman": "WP Saha", "bowler": "SL Malinga", "non_striker": "SE Marsh", "runs": {"batsman": 1, "extras": 0, "total": 1}}}, {"14.7": {"batsman": "SE Marsh", "bowler": "SL Malinga", "non_striker": "WP Saha", "runs": {"batsman": 1, "extras": 0, "total": 1}}}, {"15.1": {"batsman": "SE Marsh", "bowler": "MJ McClenaghan", "extras": {"noballs": 1}, "non_striker": "WP Saha", "runs": {"batsman": 6, "extras": 1, "total": 7}}}, {"15.2": {"batsman": "SE Marsh", "bowler": "MJ McClenaghan", "non_striker": "WP Saha", "runs": {"batsman": 2, "extras": 0, "total": 2}}}, {"15.3": {"batsman": "SE Marsh", "bowler": "MJ McClenaghan", "extras": {"wides": 1}, "non_striker": "WP Saha", "runs": {"batsman": 0, "extras": 1, "total": 1}}}, {"15.4": {"batsman": "SE Marsh", "bowler": "MJ McClenaghan", "non_striker": "WP Saha", "runs": {"batsman": 0, "extras": 0, "total": 0}, "wicket": {"fielders": ["PA Patel"], "kind": "caught", "player_out": "SE Marsh"}}}, {"15.5": {"batsman": "WP Saha", "bowler": "MJ McClenaghan", "non_striker": "AR Patel", "runs": {"batsman": 1, "extras": 0, "total": 1}}}, {"15.6": {"batsman": "AR Patel", "bowler": "MJ McClenaghan", "non_striker": "WP Saha", "runs": {"batsman": 1, "extras": 0, "total": 1}}}, {"15.7": {"batsman": "WP Saha", "bowler": "MJ McClenaghan", "non_striker": "AR Patel", "runs": {"batsman": 4, "extras": 0, "total": 4}}}, {"15.8": {"batsman": "WP Saha", "bowler": "MJ McClenaghan", "non_striker": "AR Patel", "runs": {"batsman": 1, "extras": 0, "total": 1}}}, {"16.1": {"batsman": "WP Saha", "bowler": "JJ Bumrah", "non_striker": "AR Patel", "runs": {"batsman": 1, "extras": 0, "total": 1}}}, {"16.2": {"batsman": "AR Patel", "bowler": "JJ Bumrah", "non_striker": "WP Saha", "runs": {"batsman": 1, "extras": 0, "total": 1}}}, {"16.3": {"batsman": "WP Saha", "bowler": "JJ Bumrah", "non_striker": "AR Patel", "runs": {"batsman": 1, "extras": 0, "total": 1}}}, {"16.4": {"batsman": "AR Patel", "bowler": "JJ Bumrah", "non_striker": "WP Saha", "runs": {"batsman": 1, "extras": 0, "total": 1}}}, {"16.5": {"batsman": "WP Saha", "bowler": "JJ Bumrah", "non_striker": "AR Patel", "runs": {"batsman": 4, "extras": 0, "total": 4}}}, {"16.6": {"batsman": "WP Saha", "bowler": "JJ Bumrah", "non_striker": "AR Patel", "runs": {"batsman": 0, "extras": 0, "total": 0}}}, {"17.1": {"batsman": "AR Patel", "bowler": "SL Malinga", "non_striker": "WP Saha", "runs": {"batsman": 2, "extras": 0, "total": 2}}}, {"17.2": {"batsman": "AR Patel", "bowler": "SL Malinga", "non_striker": "WP Saha", "runs": {"batsman": 0, "extras": 0, "total": 0}}}, {"17.3": {"batsman": "AR Patel", "bowler": "SL Malinga", "non_striker": "WP Saha", "runs": {"batsman": 2, "extras": 0, "total": 2}}}, {"17.4": {"batsman": "AR Patel", "bowler": "SL Malinga", "non_striker": "WP Saha", "runs": {"batsman": 1, "extras": 0, "total": 1}}}, {"17.5": {"batsman": "WP Saha", "bowler": "SL Malinga", "non_striker": "AR Patel", "runs": {"batsman": 2, "extras": 0, "total": 2}}}, {"17.6": {"batsman": "WP Saha", "bowler": "SL Malinga", "non_striker": "AR Patel", "runs": {"batsman": 2, "extras": 0, "total": 2}}}, {"18.1": {"batsman": "AR Patel", "bowler": "MJ McClenaghan", "non_striker": "WP Saha", "runs": {"batsman": 1, "extras": 0, "total": 1}}}, {"18.2": {"batsman": "WP Saha", "bowler": "MJ McClenaghan", "non_striker": "AR Patel", "runs": {"batsman": 1, "extras": 0, "total": 1}}}, {"18.3": {"batsman": "AR Patel", "bowler": "MJ McClenaghan", "non_striker": "WP Saha", "runs": {"batsman": 2, "extras": 0, "total": 2}}}, {"18.4": {"batsman": "AR Patel", "bowler": "MJ McClenaghan", "non_striker": "WP Saha", "runs": {"batsman": 1, "extras": 0, "total": 1}}}, {"18.5": {"batsman": "WP Saha", "bowler": "MJ McClenaghan", "extras": {"wides": 1}, "non_striker": "AR Patel", "runs": {"batsman": 0, "extras": 1, "total": 1}}}, {"18.6": {"batsman": "WP Saha", "bowler": "MJ McClenaghan", "non_striker": "AR Patel", "runs": {"batsman": 1, "extras": 0, "total": 1}}}, {"18.7": {"batsman": "AR Patel", "bowler": "MJ McClenaghan", "non_striker": "WP Saha", "runs": {"batsman": 0, "extras": 0, "total": 0}}}, {"19.1": {"batsman": "WP Saha", "bowler": "HH Pandya", "non_striker": "AR Patel", "runs": {"batsman": 6, "extras": 0, "total": 6}}}, {"19.2": {"batsman": "WP Saha", "bowler": "HH Pandya", "non_striker": "AR Patel", "runs": {"batsman": 1, "extras": 0, "total": 1}}}, {"19.3": {"batsman": "AR Patel", "bowler": "HH Pandya", "non_striker": "WP Saha", "runs": {"batsman": 1, "extras": 0, "total": 1}}}, {"19.4": {"batsman": "WP Saha", "bowler": "HH Pandya", "extras": {"wides": 1}, "non_striker": "AR Patel", "runs": {"batsman": 0, "extras": 1, "total": 1}}}, {"19.5": {"batsman": "WP Saha", "bowler": "HH Pandya", "non_striker": "AR Patel", "runs": {"batsman": 0, "extras": 0, "total": 0}}}, {"19.6": {"batsman": "WP Saha", "bowler": "HH Pandya", "non_striker": "AR Patel", "runs": {"batsman": 1, "extras": 0, "total": 1}}}, {"19.7": {"batsman": "AR Patel", "bowler": "HH Pandya", "non_striker": "WP Saha", "runs": {"batsman": 6, "extras": 0, "total": 6}}}]