[{"0.1": {"batsman": "AM Rahane", "bowler": "Sandeep Sharma", "non_striker": "MA Agarwal", "runs": {"batsman": 1, "extras": 0, "total": 1}}}, {"0.2": {"batsman": "MA Agarwal", "bowler": "Sandeep Sharma", "non_striker": "AM Rahane", "runs": {"batsman": 0, "extras": 0, "total": 0}}}, {"0.3": {"batsman": "MA Agarwal", "bowler": "Sandeep Sharma", "non_striker": "AM Rahane", "runs": {"batsman": 0, "extras": 0, "total": 0}}}, {"0.4": {"batsman": "MA Agarwal", "bowler": "Sandeep Sharma", "non_striker": "AM Rahane", "runs": {"batsman": 0, "extras": 0, "total": 0}}}, {"0.5": {"batsman": "MA Agarwal", "bowler": "Sandeep Sharma", "non_striker": "AM Rahane", "runs": {"batsman": 0, "extras": 0, "total": 0}, "wicket": {"kind": "bowled", "player_out": "MA Agarwal"}}}, {"0.6": {"batsman": "SPD Smith", "bowler": "Sandeep Sharma", "non_striker": "AM Rahane", "runs": {"batsman": 0, "extras": 0, "total": 0}}}, {"1.1": {"batsman": "AM Rahane", "bowler": "MM Sharma", "non_striker": "SPD Smith", "runs": {"batsman": 0, "extras": 0, "total": 0}}}, {"1.2": {"batsman": "AM Rahane", "bowler": "MM Sharma", "non_striker": "SPD Smith", "runs": {"batsman": 1, "extras": 0, "total": 1}}}, {"1.3": {"batsman": "SPD Smith", "bowler": "MM Sharma", "non_striker": "AM Rahane", "runs": {"batsman": 0, "extras": 0, "total": 0}}}, {"1.4": {"batsman": "SPD Smith", "bowler": "MM Sharma", "non_striker": "AM Rahane", "runs": {"batsman": 0, "extras": 0, "total": 0}}}, {"1.5": {"batsman": "SPD Smith", "bowler": "MM Sharma", "non_striker": "AM Rahane", "runs": {"batsman": 0, "extras": 0, "total": 0}}}, {"1.6": {"batsman": "SPD Smith", "bowler": "MM Sharma", "non_striker": "AM Rahane", "runs": {"batsman": 1, "extras": 0, "total": 1}}}, {"2.1": {"batsman": "SPD Smith", "bowler": "Sandeep Sharma", "non_striker": "AM Rahane", "runs": {"batsman": 1, "extras": 0, "total": 1}}}, {"2.2": {"batsman": "AM Rahane", "bowler": "Sandeep Sharma", "non_striker": "SPD Smith", "runs": {"batsman": 1, "extras": 0, "total": 1}}}, {"2.3": {"batsman": "SPD Smith", "bowler": "Sandeep Sharma", "non_striker": "AM Rahane", "runs": {"batsman": 1, "extras": 0, "total": 1}}}, {"2.4": {"batsman": "AM Rahane", "bowler": "Sandeep Sharma", "non_striker": "SPD Smith", "runs": {"batsman": 0, "extras": 0, "total": 0}}}, {"2.5": {"batsman": "AM Rahane", "bowler": "Sandeep Sharma", "non_striker": "SPD Smith", "runs": {"batsman": 1, "extras": 0, "total": 1}}}, {"2.6": {"batsman": "SPD Smith", "bowler": "Sandeep Sharma", "non_striker": "AM Rahane", "runs": {"batsman": 0, "extras": 0, "total": 0}}}, {"3.1": {"batsman": "AM Rahane", "bowler": "MM Sharma", "non_striker": "SPD Smith", "runs": {"batsman": 0, "extras": 0, "total": 0}}}, {"3.2": {"batsman": "AM Rahane", "bowler": "MM Sharma", "non_striker": "SPD Smith", "runs": {"batsman": 1, "extras": 0, "total": 1}}}, {"3.3": {"batsman": "SPD Smith", "bowler": "MM Sharma", "non_striker": "AM Rahane", "runs": {"batsman": 1, "extras": 0, "total": 1}}}, {"3.4": {"batsman": "AM Rahane", "bowler": "MM Sharma", "non_striker": "SPD Smith", "runs": {"batsman": 6, "extras": 0, "total": 6}}}, {"3.5": {"batsman": "AM Rahane", "bowler": "MM Sharma", "non_striker": "SPD Smith", "runs": {"batsman": 4, "extras": 0, "total": 4}}}, {"3.6": {"batsman": "AM Rahane", "bowler": "MM Sharma", "non_striker": "SPD Smith", "runs": {"batsman": 1, "extras": 0, "total": 1}}}, {"4.1": {"batsman": "AM Rahane", "bowler": "Sandeep Sharma", "non_striker": "SPD Smith", "runs": {"batsman": 1, "extras": 0, "total": 1}}}, {"4.2": {"batsman": "SPD Smith", "bowler": "Sandeep Sharma", "non_striker": "AM Rahane", "runs": {"batsman": 1, "extras": 0, "total": 1}}}, {"4.3": {"batsman": "AM Rahane", "bowler": "Sandeep Sharma", "non_striker": "SPD Smith", "runs": {"batsman": 1, "extras": 0, "total": 1}}}, {"4.4": {"batsman": "SPD Smith", "bowler": "Sandeep Sharma", "non_striker": "AM Rahane", "runs": {"batsman": 4, "extras": 0, "total": 4}}}, {"4.5": {"batsman": "SPD Smith", "bowler": "Sandeep Sharma", "non_striker": "AM Rahane", "runs": {"batsman": 4, "extras": 0, "total": 4}}}, {"4.6": {"batsman": "SPD Smith", "bowler": "Sandeep Sharma", "non_striker": "AM Rahane", "runs": {"batsman": 1, "extras": 0, "total": 1}}}, {"5.1": {"batsman": "SPD Smith", "bowler": "AR Patel", "non_striker": "AM Rahane", "runs": {"batsman": 0, "extras": 0, "total": 0}}}, {"5.2": {"batsman": "SPD Smith", "bowler": "AR Patel", "non_striker": "AM Rahane", "runs": {"batsman": 1, "extras": 0, "total": 1}}}, {"5.3": {"batsman": "AM Rahane", "bowler": "AR Patel", "non_striker": "SPD Smith", "runs": {"batsman": 1, "extras": 0, "total": 1}}}, {"5.4": {"batsman": "SPD Smith", "bowler": "AR Patel", "non_striker": "AM Rahane", "runs": {"batsman": 0, "extras": 0, "total": 0}}}, {"5.5": {"batsman": "SPD Smith", "bowler": "AR Patel", "non_striker": "AM Rahane", "runs": {"batsman": 0, "extras": 0, "total": 0}}}, {"5.6": {"batsman": "SPD Smith", "bowler": "AR Patel", "non_striker": "AM Rahane", "runs": {"batsman": 1, "extras": 0, "total": 1}}}, {"6.1": {"batsman": "SPD Smith", "bowler": "T Natarajan", "non_striker": "AM Rahane", "runs": {"batsman": 1, "extras": 0, "total": 1}}}, {"6.2": {"batsman": "AM Rahane", "bowler": "T Natarajan", "non_striker": "SPD Smith", "runs": {"batsman": 0, "extras": 0, "total": 0}, "wicket": {"fielders": ["MP Stoinis"], "kind": "caught", "player_out": "AM Rahane"}}}, {"6.3": {"batsman": "SPD Smith", "bowler": "T Natarajan", "non_striker": "BA Stokes", "runs": {"batsman": 0, "extras": 0, "total": 0}}}, {"6.4": {"batsman": "SPD Smith", "bowler": "T Natarajan", "non_striker": "BA Stokes", "runs": {"batsman": 4, "extras": 0, "total": 4}}}, {"6.5": {"batsman": "SPD Smith", "bowler": "T Natarajan", "non_striker": "BA Stokes", "runs": {"batsman": 2, "extras": 0, "total": 2}}}, {"6.6": {"batsman": "SPD Smith", "bowler": "T Natarajan", "non_striker": "BA Stokes", "runs": {"batsman": 0, "extras": 0, "total": 0}}}, {"7.1": {"batsman": "BA Stokes", "bowler": "AR Patel", "non_striker": "SPD Smith", "runs": {"batsman": 1, "extras": 0, "total": 1}}}, {"7.2": {"batsman": "SPD Smith", "bowler": "AR Patel", "non_striker": "BA Stokes", "runs": {"batsman": 1, "extras": 0, "total": 1}}}, {"7.3": {"batsman": "BA Stokes", "bowler": "AR Patel", "non_striker": "SPD Smith", "runs": {"batsman": 1, "extras": 0, "total": 1}}}, {"7.4": {"batsman": "SPD Smith", "bowler": "AR Patel", "non_striker": "BA Stokes", "runs": {"batsman": 1, "extras": 0, "total": 1}}}, {"7.5": {"batsman": "BA Stokes", "bowler": "AR Patel", "non_striker": "SPD Smith", "runs": {"batsman": 1, "extras": 0, "total": 1}}}, {"7.6": {"batsman": "SPD Smith", "bowler": "AR Patel", "non_striker": "BA Stokes", "runs": {"batsman": 1, "extras": 0, "total": 1}}}, {"8.1": {"batsman": "SPD Smith", "bowler": "MP Stoinis", "extras": {"wides": 1}, "non_striker": "BA Stokes", "runs": {"batsman": 0, "extras": 1, "total": 1}}}, {"8.2": {"batsman": "SPD Smith", "bowler": "MP Stoinis", "non_striker": "BA Stokes", "runs": {"batsman": 0, "extras": 0, "total": 0}, "wicket": {"fielders": ["M Vohra"], "kind": "caught", "player_out": "SPD Smith"}}}, {"8.3": {"batsman": "BA Stokes", "bowler": "MP Stoinis", "non_striker": "MS Dhoni", "runs": {"batsman": 1, "extras": 0, "total": 1}}}, {"8.4": {"batsman": "MS Dhoni", "bowler": "MP Stoinis", "extras": {"wides": 1}, "non_striker": "BA Stokes", "runs": {"batsman": 0, "extras": 1, "total": 1}}}, {"8.5": {"batsman": "MS Dhoni", "bowler": "MP Stoinis", "non_striker": "BA Stokes", "runs": {"batsman": 0, "extras": 0, "total": 0}}}, {"8.6": {"batsman": "MS Dhoni", "bowler": "MP Stoinis", "non_striker": "BA Stokes", "runs": {"batsman": 1, "extras": 0, "total": 1}}}, {"8.7": {"batsman": "BA Stokes", "bowler": "MP Stoinis", "non_striker": "MS Dhoni", "runs": {"batsman": 1, "extras": 0, "total": 1}}}, {"8.8": {"batsman": "MS Dhoni", "bowler": "MP Stoinis", "non_striker": "BA Stokes", "runs": {"batsman": 0, "extras": 0, "total": 0}}}, {"9.1": {"batsman": "BA Stokes", "bowler": "Swapnil Singh", "non_striker": "MS Dhoni", "runs": {"batsman": 1, "extras": 0, "total": 1}}}, {"9.2": {"batsman": "MS Dhoni", "bowler": "Swapnil Singh", "non_striker": "BA Stokes", "runs": {"batsman": 0, "extras": 0, "total": 0}}}, {"9.3": {"batsman": "MS Dhoni", "bowler": "Swapnil Singh", "non_striker": "BA Stokes", "runs": {"batsman": 1, "extras": 0, "total": 1}}}, {"9.4": {"batsman": "BA Stokes", "bowler": "Swapnil Singh", "non_striker": "MS Dhoni", "runs": {"batsman": 1, "extras": 0, "total": 1}}}, {"9.5": {"batsman": "MS Dhoni", "bowler": "Swapnil Singh", "non_striker": "BA Stokes", "runs": {"batsman": 1, "extras": 0, "total": 1}}}, {"9.6": {"batsman": "BA Stokes", "bowler": "Swapnil Singh", "non_striker": "MS Dhoni", "runs": {"batsman": 6, "extras": 0, "total": 6}}}, {"10.1": {"batsman": "MS Dhoni", "bowler": "MP Stoinis", "non_striker": "BA Stokes", "runs": {"batsman": 0, "extras": 0, "total": 0}}}, {"10.2": {"batsman": "MS Dhoni", "bowler": "MP Stoinis", "non_striker": "BA Stokes", "runs": {"batsman": 1, "extras": 0, "total": 1}}}, {"10.3": {"batsman": "BA Stokes", "bowler": "MP Stoinis", "non_striker": "MS Dhoni", "runs": {"batsman": 1, "extras": 0, "total": 1}}}, {"10.4": {"batsman": "MS Dhoni", "bowler": "MP Stoinis", "extras": {"wides": 1}, "non_striker": "BA Stokes", "runs": {"batsman": 0, "extras": 1, "total": 1}}}, {"10.5": {"batsman": "MS Dhoni", "bowler": "MP Stoinis", "non_striker": "BA Stokes", "runs": {"batsman": 1, "extras": 0, "total": 1}}}, {"10.6": {"batsman": "BA Stokes", "bowler": "MP Stoinis", "non_striker": "MS Dhoni", "runs": {"batsman": 4, "extras": 0, "total": 4}}}, {"10.7": {"batsman": "BA Stokes", "bowler": "MP Stoinis", "non_striker": "MS Dhoni", "runs": {"batsman": 0, "extras": 0, "total": 0}}}, {"11.1": {"batsman": "MS Dhoni", "bowler": "Swapnil Singh", "non_striker": "BA Stokes", "runs": {"batsman": 0, "extras": 0, "total": 0}}}, {"11.2": {"batsman": "MS Dhoni", "bowler": "Swapnil Singh", "non_striker": "BA Stokes", "runs": {"batsman": 0, "extras": 0, "total": 0}, "wicket": {"kind": "caught and bowled", "player_out": "MS Dhoni"}}}, {"11.3": {"batsman": "MK Tiwary", "bowler": "Swapnil Singh", "non_striker": "BA Stokes", "runs": {"batsman": 1, "extras": 0, "total": 1}}}, {"11.4": {"batsman": "BA Stokes", "bowler": "Swapnil Singh", "non_striker": "MK Tiwary", "runs": {"batsman": 1, "extras": 0, "total": 1}}}, {"11.5": {"batsman": "MK Tiwary", "bowler": "Swapnil Singh", "non_striker": "BA Stokes", "runs": {"batsman": 1, "extras": 0, "total": 1}}}, {"11.6": {"batsman": "BA Stokes", "bowler": "Swapnil Singh", "non_striker": "MK Tiwary", "runs": {"batsman": 1, "extras": 0, "total": 1}}}, {"12.1": {"batsman": "BA Stokes", "bowler": "T Natarajan", "non_striker": "MK Tiwary", "runs": {"batsman": 1, "extras": 0, "total": 1}}}, {"12.2": {"batsman": "MK Tiwary", "bowler": "T Natarajan", "non_striker": "BA Stokes", "runs": {"batsman": 1, "extras": 0, "total": 1}}}, {"12.3": {"batsman": "BA Stokes", "bowler": "T Natarajan", "non_striker": "MK Tiwary", "runs": {"batsman": 1, "extras": 0, "total": 1}}}, {"12.4": {"batsman": "MK Tiwary", "bowler": "T Natarajan", "non_striker": "BA Stokes", "runs": {"batsman": 4, "extras": 0, "total": 4}}}, {"12.5": {"batsman": "MK Tiwary", "bowler": "T Natarajan", "non_striker": "BA Stokes", "runs": {"batsman": 1, "extras": 0, "total": 1}}}, {"12.6": {"batsman": "BA Stokes", "bowler": "T Natarajan", "non_striker": "MK Tiwary", "runs": {"batsman": 1, "extras": 0, "total": 1}}}, {"13.1": {"batsman": "BA Stokes", "bowler": "AR Patel", "non_striker": "MK Tiwary", "runs": {"batsman": 1, "extras": 0, "total": 1}}}, {"13.2": {"batsman": "MK Tiwary", "bowler": "AR Patel", "non_striker": "BA Stokes", "runs": {"batsman": 1, "extras": 0, "total": 1}}}, {"13.3": {"batsman": "BA Stokes", "bowler": "AR Patel", "non_striker": "MK Tiwary", "runs": {"batsman": 4, "extras": 0, "total": 4}}}, {"13.4": {"batsman": "BA Stokes", "bowler": "AR Patel", "non_striker": "MK Tiwary", "runs": {"batsman": 6, "extras": 0, "total": 6}}}, {"13.5": {"batsman": "BA Stokes", "bowler": "AR Patel", "non_striker": "MK Tiwary", "runs": {"batsman": 1, "extras": 0, "total": 1}}}, {"13.6": {"batsman": "MK Tiwary", "bowler": "AR Patel", "non_striker": "BA Stokes", "runs": {"batsman": 1, "extras": 0, "total": 1}}}, {"14.1": {"batsman": "MK Tiwary", "bowler": "T Natarajan", "non_striker": "BA Stokes", "runs": {"batsman": 0, "extras": 0, "total": 0}}}, {"14.2": {"batsman": "MK Tiwary", "bowler": "T Natarajan", "non_striker": "BA Stokes", "runs": {"batsman": 1, "extras": 0, "total": 1}}}, {"14.3": {"batsman": "BA Stokes", "bowler": "T Natarajan", "non_striker": "MK Tiwary", "runs": {"batsman": 1, "extras": 0, "total": 1}}}, {"14.4": {"batsman": "MK Tiwary", "bowler": "T Natarajan", "non_striker": "BA Stokes", "runs": {"batsman": 6, "extras": 0, "total": 6}}}, {"14.5": {"batsman": "MK Tiwary", "bowler": "T Natarajan", "non_striker": "BA Stokes", "runs": {"batsman": 1, "extras": 0, "total": 1}}}, {"14.6": {"batsman": "BA Stokes", "bowler": "T Natarajan", "non_striker": "MK Tiwary", "runs": {"batsman": 1, "extras": 0, "total": 1}}}, {"15.1": {"batsman": "BA Stokes", "bowler": "MP Stoinis", "non_striker": "MK Tiwary", "runs": {"batsman": 2, "extras": 0, "total": 2}}}, {"15.2": {"batsman": "BA Stokes", "bowler": "MP Stoinis", "non_striker": "MK Tiwary", "runs": {"batsman": 6, "extras": 0, "total": 6}}}, {"15.3": {"batsman": "BA Stokes", "bowler": "MP Stoinis", "non_striker": "MK Tiwary", "runs": {"batsman": 1, "extras": 0, "total": 1}}}, {"15.4": {"batsman": "MK Tiwary", "bowler": "MP Stoinis", "non_striker": "BA Stokes", "runs": {"batsman": 1, "extras": 0, "total": 1}}}, {"15.5": {"batsman": "BA Stokes", "bowler": "MP Stoinis", "non_striker": "MK Tiwary", "runs": {"batsman": 1, "extras": 0, "total": 1}}}, {"15.6": {"batsman": "MK Tiwary", "bowler": "MP Stoinis", "non_striker": "BA Stokes", "runs": {"batsman": 4, "extras": 0, "total": 4}}}, {"16.1": {"batsman": "BA Stokes", "bowler": "MM Sharma", "non_striker": "MK Tiwary", "runs": {"batsman": 0, "extras": 0, "total": 0}}}, {"16.2": {"batsman": "BA Stokes", "bowler": "MM Sharma", "non_striker": "MK Tiwary", "runs": {"batsman": 1, "extras": 0, "total": 1}}}, {"16.3": {"batsman": "MK Tiwary", "bowler": "MM Sharma", "non_striker": "BA Stokes", "runs": {"batsman": 1, "extras": 0, "total": 1}}}, {"16.4": {"batsman": "BA Stokes", "bowler": "MM Sharma", "non_striker": "MK Tiwary", "runs": {"batsman": 1, "extras": 0, "total": 1}}}, {"16.5": {"batsman": "MK Tiwary", "bowler": "MM Sharma", "non_striker": "BA Stokes", "runs": {"batsman": 1, "extras": 0, "total": 1}}}, {"16.6": {"batsman": "BA Stokes", "bowler": "MM Sharma", "non_striker": "MK Tiwary", "runs": {"batsman": 1, "extras": 0, "total": 1}}}, {"17.1": {"batsman": "BA Stokes", "bowler": "AR Patel", "extras": {"wides": 1}, "non_striker": "MK Tiwary", "runs": {"batsman": 0, "extras": 1, "total": 1}}}, {"17.2": {"batsman": "BA Stokes", "bowler": "AR Patel", "extras": {"wides": 1}, "non_striker": "MK Tiwary", "runs": {"batsman": 0, "extras": 1, "total": 1}}}, {"17.3": {"batsman": "BA Stokes", "bowler": "AR Patel", "extras": {"legbyes": 1}, "non_striker": "MK Tiwary", "runs": {"batsman": 0, "extras": 1, "total": 1}}}, {"17.4": {"batsman": "MK Tiwary", "bowler": "AR Patel", "non_striker": "BA Stokes", "runs": {"batsman": 1, "extras": 0, "total": 1}}}, {"17.5": {"batsman": "BA Stokes", "bowler": "AR Patel", "non_striker": "MK Tiwary", "runs": {"batsman": 0, "extras": 0, "total": 0}, "wicket": {"kind": "caught and bowled", "player_out": "BA Stokes"}}}, {"17.6": {"batsman": "DT Christian", "bowler": "AR Patel", "non_striker": "MK Tiwary", "runs": {"batsman": 0, "extras": 0, "total": 0}}}, {"17.7": {"batsman": "DT Christian", "bowler": "AR Patel", "non_striker": "MK Tiwary", "runs": {"batsman": 1, "extras": 0, "total": 1}}}, {"17.8": {"batsman": "MK Tiwary", "bowler": "AR Patel", "non_striker": "DT Christian", "runs": {"batsman": 0, "extras": 0, "total": 0}}}, {"18.1": {"batsman": "DT Christian", "bowler": "MM Sharma", "non_striker": "MK Tiwary", "runs": {"batsman": 1, "extras": 0, "total": 1}}}, {"18.2": {"batsman": "MK Tiwary", "bowler": "MM Sharma", "non_striker": "DT Christian", "runs": {"batsman": 6, "extras": 0, "total": 6}}}, {"18.3": {"batsman": "MK Tiwary", "bowler": "MM Sharma", "non_striker": "DT Christian", "runs": {"batsman": 1, "extras": 0, "total": 1}}}, {"18.4": {"batsman": "DT Christian", "bowler": "MM Sharma", "non_striker": "MK Tiwary", "runs": {"batsman": 1, "extras": 0, "total": 1}}}, {"18.5": {"batsman": "MK Tiwary", "bowler": "MM Sharma", "non_striker": "DT Christian", "runs": {"batsman": 4, "extras": 0, "total": 4}}}, {"18.6": {"batsman": "MK Tiwary", "bowler": "MM Sharma", "non_striker": "DT Christian", "runs": {"batsman": 1, "extras": 0, "total": 1}}}, {"19.1": {"batsman": "MK Tiwary", "bowler": "Sandeep Sharma", "non_striker": "DT Christian", "runs": {"batsman": 1, "extras": 0, "total": 1}}}, {"19.2": {"batsman": "DT Christian", "bowler": "Sandeep Sharma", "non_striker": "MK Tiwary", "runs": {"batsman": 4, "extras": 0, "total": 4}}}, {"19.3": {"batsman": "DT Christian", "bowler": "Sandeep Sharma", "non_striker": "MK Tiwary", "runs": {"batsman": 4, "extras": 0, "total": 4}}}, {"19.4": {"batsman": "DT Christian", "bowler": "Sandeep Sharma", "non_striker": "MK Tiwary", "runs": {"batsman": 6, "extras": 0, "total": 6}}}, {"19.5": {"batsman": "DT Christian", "bowler": "Sandeep Sharma", "non_striker": "MK Tiwary", "runs": {"batsman": 0, "extras": 0, "total": 0}, "wicket": {"fielders": ["GJ Maxwell"], "kind": "caught", "player_out": "DT Christian"}}}, {"19.6": {"batsman": "MK Tiwary", "bowler": "Sandeep Sharma", "non_striker": "R Bhatia", "runs": {"batsman": 1, "extras": 0, "total": 1}}}]