[{"0.1": {"batsman": "HM Amla", "bowler": "A Choudhary", "non_striker": "MJ Guptill", "runs": {"batsman": 1, "extras": 0, "total": 1}}}, {"0.2": {"batsman": "MJ Guptill", "bowler": "A Choudhary", "non_striker": "HM Amla", "runs": {"batsman": 0, "extras": 0, "total": 0}}}, {"0.3": {"batsman": "MJ Guptill", "bowler": "A Choudhary", "non_striker": "HM Amla", "runs": {"batsman": 1, "extras": 0, "total": 1}}}, {"0.4": {"batsman": "HM Amla", "bowler": "A Choudhary", "non_striker": "MJ Guptill", "runs": {"batsman": 0, "extras": 0, "total": 0}}}, {"0.5": {"batsman": "HM Amla", "bowler": "A Choudhary", "non_striker": "MJ Guptill", "runs": {"batsman": 0, "extras": 0, "total": 0}, "wicket": {"fielders": ["KM Jadhav"], "kind": "caught", "player_out": "HM Amla"}}}, {"0.6": {"batsman": "SE Marsh", "bowler": "A Choudhary", "non_striker": "MJ Guptill", "runs": {"batsman": 0, "extras": 0, "total": 0}}}, {"1.1": {"batsman": "MJ Guptill", "bowler": "S Aravind", "non_striker": "SE Marsh", "runs": {"batsman": 0, "extras": 0, "total": 0}}}, {"1.2": {"batsman": "MJ Guptill", "bowler": "S Aravind", "non_striker": "SE Marsh", "runs": {"batsman": 4, "extras": 0, "total": 4}}}, {"1.3": {"batsman": "MJ Guptill", "bowler": "S Aravind", "non_striker": "SE Marsh", "runs": {"batsman": 0, "extras": 0, "total": 0}}}, {"1.4": {"batsman": "MJ Guptill", "bowler": "S Aravind", "non_striker": "SE Marsh", "runs": {"batsman": 1, "extras": 0, "total": 1}}}, {"1.5": {"batsman": "SE Marsh", "bowler": "S Aravind", "non_striker": "MJ Guptill", "runs": {"batsman": 4, "extras": 0, "total": 4}}}, {"1.6": {"batsman": "SE Marsh", "bowler": "S Aravind", "non_striker": "MJ Guptill", "runs": {"batsman": 0, "extras": 0, "total": 0}}}, {"2.1": {"batsman": "MJ Guptill", "bowler": "A Choudhary", "non_striker": "SE Marsh", "runs": {"batsman": 0, "extras": 0, "total": 0}}}, {"2.2": {"batsman": "MJ Guptill", "bowler": "A Choudhary", "non_striker": "SE Marsh", "runs": {"batsman": 2, "extras": 0, "total": 2}}}, {"2.3": {"batsman": "MJ Guptill", "bowler": "A Choudhary", "non_striker": "SE Marsh", "runs": {"batsman": 1, "extras": 0, "total": 1}}}, {"2.4": {"batsman": "SE Marsh", "bowler": "A Choudhary", "non_striker": "MJ Guptill", "runs": {"batsman": 0, "extras": 0, "total": 0}}}, {"2.5": {"batsman": "SE Marsh", "bowler": "A Choudhary", "non_striker": "MJ Guptill", "runs": {"batsman": 0, "extras": 0, "total": 0}}}, {"2.6": {"batsman": "SE Marsh", "bowler": "A Choudhary", "non_striker": "MJ Guptill", "runs": {"batsman": 1, "extras": 0, "total": 1}}}, {"3.1": {"batsman": "SE Marsh", "bowler": "S Aravind", "non_striker": "MJ Guptill", "runs": {"batsman": 2, "extras": 0, "total": 2}}}, {"3.2": {"batsman": "SE Marsh", "bowler": "S Aravind", "non_striker": "MJ Guptill", "runs": {"batsman": 1, "extras": 0, "total": 1}}}, {"3.3": {"batsman": "MJ Guptill", "bowler": "S Aravind", "non_striker": "SE Marsh", "runs": {"batsman": 0, "extras": 0, "total": 0}, "wicket": {"fielders": ["P Negi"], "kind": "caught", "player_out": "MJ Guptill"}}}, {"3.4": {"batsman": "SE Marsh", "bowler": "S Aravind", "non_striker": "M Vohra", "runs": {"batsman": 1, "extras": 0, "total": 1}}}, {"3.5": {"batsman": "M Vohra", "bowler": "S Aravind", "non_striker": "SE Marsh", "runs": {"batsman": 0, "extras": 0, "total": 0}}}, {"3.6": {"batsman": "M Vohra", "bowler": "S Aravind", "non_striker": "SE Marsh", "runs": {"batsman": 0, "extras": 0, "total": 0}}}, {"4.1": {"batsman": "SE Marsh", "bowler": "SR Watson", "non_striker": "M Vohra", "runs": {"batsman": 4, "extras": 0, "total": 4}}}, {"4.2": {"batsman": "SE Marsh", "bowler": "SR Watson", "non_striker": "M Vohra", "runs": {"batsman": 4, "extras": 0, "total": 4}}}, {"4.3": {"batsman": "SE Marsh", "bowler": "SR Watson", "non_striker": "M Vohra", "runs": {"batsman": 0, "extras": 0, "total": 0}}}, {"4.4": {"batsman": "SE Marsh", "bowler": "SR Watson", "non_striker": "M Vohra", "runs": {"batsman": 1, "extras": 0, "total": 1}}}, {"4.5": {"batsman": "M Vohra", "bowler": "SR Watson", "non_striker": "SE Marsh", "runs": {"batsman": 0, "extras": 0, "total": 0}}}, {"4.6": {"batsman": "M Vohra", "bowler": "SR Watson", "non_striker": "SE Marsh", "runs": {"batsman": 1, "extras": 0, "total": 1}}}, {"5.1": {"batsman": "M Vohra", "bowler": "S Badree", "non_striker": "SE Marsh", "runs": {"batsman": 0, "extras": 0, "total": 0}}}, {"5.2": {"batsman": "M Vohra", "bowler": "S Badree", "non_striker": "SE Marsh", "runs": {"batsman": 0, "extras": 0, "total": 0}}}, {"5.3": {"batsman": "M Vohra", "bowler": "S Badree", "non_striker": "SE Marsh", "runs": {"batsman": 0, "extras": 0, "total": 0}}}, {"5.4": {"batsman": "M Vohra", "bowler": "S Badree", "non_striker": "SE Marsh", "runs": {"batsman": 2, "extras": 0, "total": 2}}}, {"5.5": {"batsman": "M Vohra", "bowler": "S Badree", "non_striker": "SE Marsh", "runs": {"batsman": 0, "extras": 0, "total": 0}}}, {"5.6": {"batsman": "M Vohra", "bowler": "S Badree", "non_striker": "SE Marsh", "runs": {"batsman": 4, "extras": 0, "total": 4}}}, {"6.1": {"batsman": "SE Marsh", "bowler": "P Negi", "non_striker": "M Vohra", "runs": {"batsman": 1, "extras": 0, "total": 1}}}, {"6.2": {"batsman": "M Vohra", "bowler": "P Negi", "non_striker": "SE Marsh", "runs": {"batsman": 1, "extras": 0, "total": 1}}}, {"6.3": {"batsman": "SE Marsh", "bowler": "P Negi", "non_striker": "M Vohra", "runs": {"batsman": 0, "extras": 0, "total": 0}}}, {"6.4": {"batsman": "SE Marsh", "bowler": "P Negi", "non_striker": "M Vohra", "runs": {"batsman": 1, "extras": 0, "total": 1}}}, {"6.5": {"batsman": "M Vohra", "bowler": "P Negi", "non_striker": "SE Marsh", "runs": {"batsman": 1, "extras": 0, "total": 1}}}, {"6.6": {"batsman": "SE Marsh", "bowler": "P Negi", "non_striker": "M Vohra", "runs": {"batsman": 0, "extras": 0, "total": 0}, "wicket": {"fielders": ["Mandeep Singh"], "kind": "caught", "player_out": "SE Marsh"}}}, {"7.1": {"batsman": "M Vohra", "bowler": "S Badree", "non_striker": "WP Saha", "runs": {"batsman": 0, "extras": 0, "total": 0}}}, {"7.2": {"batsman": "M Vohra", "bowler": "S Badree", "non_striker": "WP Saha", "runs": {"batsman": 0, "extras": 0, "total": 0}}}, {"7.3": {"batsman": "M Vohra", "bowler": "S Badree", "non_striker": "WP Saha", "runs": {"batsman": 1, "extras": 0, "total": 1}}}, {"7.4": {"batsman": "WP Saha", "bowler": "S Badree", "non_striker": "M Vohra", "runs": {"batsman": 1, "extras": 0, "total": 1}}}, {"7.5": {"batsman": "M Vohra", "bowler": "S Badree", "non_striker": "WP Saha", "runs": {"batsman": 1, "extras": 0, "total": 1}}}, {"7.6": {"batsman": "WP Saha", "bowler": "S Badree", "non_striker": "M Vohra", "runs": {"batsman": 0, "extras": 0, "total": 0}}}, {"8.1": {"batsman": "M Vohra", "bowler": "P Negi", "non_striker": "WP Saha", "runs": {"batsman": 0, "extras": 0, "total": 0}}}, {"8.2": {"batsman": "M Vohra", "bowler": "P Negi", "non_striker": "WP Saha", "runs": {"batsman": 2, "extras": 0, "total": 2}}}, {"8.3": {"batsman": "M Vohra", "bowler": "P Negi", "non_striker": "WP Saha", "runs": {"batsman": 2, "extras": 0, "total": 2}}}, {"8.4": {"batsman": "M Vohra", "bowler": "P Negi", "non_striker": "WP Saha", "runs": {"batsman": 0, "extras": 0, "total": 0}}}, {"8.5": {"batsman": "M Vohra", "bowler": "P Negi", "non_striker": "WP Saha", "runs": {"batsman": 6, "extras": 0, "total": 6}}}, {"8.6": {"batsman": "M Vohra", "bowler": "P Negi", "non_striker": "WP Saha", "runs": {"batsman": 1, "extras": 0, "total": 1}}}, {"9.1": {"batsman": "M Vohra", "bowler": "YS Chahal", "non_striker": "WP Saha", "runs": {"batsman": 0, "extras": 0, "total": 0}}}, {"9.2": {"batsman": "M Vohra", "bowler": "YS Chahal", "non_striker": "WP Saha", "runs": {"batsman": 1, "extras": 0, "total": 1}}}, {"9.3": {"batsman": "WP Saha", "bowler": "YS Chahal", "non_striker": "M Vohra", "runs": {"batsman": 0, "extras": 0, "total": 0}}}, {"9.4": {"batsman": "WP Saha", "bowler": "YS Chahal", "non_striker": "M Vohra", "runs": {"batsman": 0, "extras": 0, "total": 0}}}, {"9.5": {"batsman": "WP Saha", "bowler": "YS Chahal", "non_striker": "M Vohra", "runs": {"batsman": 0, "extras": 0, "total": 0}}}, {"9.6": {"batsman": "WP Saha", "bowler": "YS Chahal", "non_striker": "M Vohra", "runs": {"batsman": 1, "extras": 0, "total": 1}}}, {"10.1": {"batsman": "WP Saha", "bowler": "SR Watson", "non_striker": "M Vohra", "runs": {"batsman": 1, "extras": 0, "total": 1}}}, {"10.2": {"batsman": "M Vohra", "bowler": "SR Watson", "non_striker": "WP Saha", "runs": {"batsman": 1, "extras": 0, "total": 1}}}, {"10.3": {"batsman": "WP Saha", "bowler": "SR Watson", "non_striker": "M Vohra", "runs": {"batsman": 1, "extras": 0, "total": 1}}}, {"10.4": {"batsman": "M Vohra", "bowler": "SR Watson", "non_striker": "WP Saha", "runs": {"batsman": 1, "extras": 0, "total": 1}}}, {"10.5": {"batsman": "WP Saha", "bowler": "SR Watson", "non_striker": "M Vohra", "runs": {"batsman": 1, "extras": 0, "total": 1}}}, {"10.6": {"batsman": "M Vohra", "bowler": "SR Watson", "non_striker": "WP Saha", "runs": {"batsman": 0, "extras": 0, "total": 0}}}, {"11.1": {"batsman": "WP Saha", "bowler": "YS Chahal", "non_striker": "M Vohra", "runs": {"batsman": 1, "extras": 0, "total": 1}}}, {"11.2": {"batsman": "M Vohra", "bowler": "YS Chahal", "non_striker": "WP Saha", "runs": {"batsman": 0, "extras": 0, "total": 0}, "wicket": {"fielders": ["AB de Villiers"], "kind": "caught", "player_out": "M Vohra"}}}, {"11.3": {"batsman": "WP Saha", "bowler": "YS Chahal", "non_striker": "GJ Maxwell", "runs": {"batsman": 0, "extras": 0, "total": 0}}}, {"11.4": {"batsman": "WP Saha", "bowler": "YS Chahal", "non_striker": "GJ Maxwell", "runs": {"batsman": 0, "extras": 0, "total": 0}}}, {"11.5": {"batsman": "WP Saha", "bowler": "YS Chahal", "non_striker": "GJ Maxwell", "runs": {"batsman": 1, "extras": 0, "total": 1}}}, {"11.6": {"batsman": "GJ Maxwell", "bowler": "YS Chahal", "non_striker": "WP Saha", "runs": {"batsman": 1, "extras": 0, "total": 1}}}, {"12.1": {"batsman": "GJ Maxwell", "bowler": "P Negi", "non_striker": "WP Saha", "runs": {"batsman": 0, "extras": 0, "total": 0}}}, {"12.2": {"batsman": "GJ Maxwell", "bowler": "P Negi", "non_striker": "WP Saha", "runs": {"batsman": 0, "extras": 0, "total": 0}}}, {"12.3": {"batsman": "GJ Maxwell", "bowler": "P Negi", "non_striker": "WP Saha", "runs": {"batsman": 1, "extras": 0, "total": 1}}}, {"12.4": {"batsman": "WP Saha", "bowler": "P Negi", "non_striker": "GJ Maxwell", "runs": {"batsman": 1, "extras": 0, "total": 1}}}, {"12.5": {"batsman": "GJ Maxwell", "bowler": "P Negi", "non_striker": "WP Saha", "runs": {"batsman": 4, "extras": 0, "total": 4}}}, {"12.6": {"batsman": "GJ Maxwell", "bowler": "P Negi", "extras": {"legbyes": 1}, "non_striker": "WP Saha", "runs": {"batsman": 0, "extras": 1, "total": 1}}}, {"13.1": {"batsman": "GJ Maxwell", "bowler": "YS Chahal", "extras": {"byes": 4}, "non_striker": "WP Saha", "runs": {"batsman": 0, "extras": 4, "total": 4}}}, {"13.2": {"batsman": "GJ Maxwell", "bowler": "YS Chahal", "non_striker": "WP Saha", "runs": {"batsman": 0, "extras": 0, "total": 0}}}, {"13.3": {"batsman": "GJ Maxwell", "bowler": "YS Chahal", "extras": {"byes": 4}, "non_striker": "WP Saha", "runs": {"batsman": 0, "extras": 4, "total": 4}}}, {"13.4": {"batsman": "GJ Maxwell", "bowler": "YS Chahal", "non_striker": "WP Saha", "runs": {"batsman": 0, "extras": 0, "total": 0}}}, {"13.5": {"batsman": "GJ Maxwell", "bowler": "YS Chahal", "non_striker": "WP Saha", "runs": {"batsman": 0, "extras": 0, "total": 0}, "wicket": {"fielders": ["S Badree"], "kind": "caught", "player_out": "GJ Maxwell"}}}, {"13.6": {"batsman": "WP Saha", "bowler": "YS Chahal", "non_striker": "AR Patel", "runs": {"batsman": 1, "extras": 0, "total": 1}}}, {"14.1": {"batsman": "WP Saha", "bowler": "S Badree", "non_striker": "AR Patel", "runs": {"batsman": 1, "extras": 0, "total": 1}}}, {"14.2": {"batsman": "AR Patel", "bowler": "S Badree", "non_striker": "WP Saha", "runs": {"batsman": 1, "extras": 0, "total": 1}}}, {"14.3": {"batsman": "WP Saha", "bowler": "S Badree", "non_striker": "AR Patel", "runs": {"batsman": 1, "extras": 0, "total": 1}}}, {"14.4": {"batsman": "AR Patel", "bowler": "S Badree", "non_striker": "WP Saha", "runs": {"batsman": 1, "extras": 0, "total": 1}}}, {"14.5": {"batsman": "WP Saha", "bowler": "S Badree", "non_striker": "AR Patel", "runs": {"batsman": 0, "extras": 0, "total": 0}}}, {"14.6": {"batsman": "WP Saha", "bowler": "S Badree", "non_striker": "AR Patel", "runs": {"batsman": 1, "extras": 0, "total": 1}}}, {"15.1": {"batsman": "WP Saha", "bowler": "YS Chahal", "non_striker": "AR Patel", "runs": {"batsman": 1, "extras": 0, "total": 1}}}, {"15.2": {"batsman": "AR Patel", "bowler": "YS Chahal", "extras": {"wides": 1}, "non_striker": "WP Saha", "runs": {"batsman": 0, "extras": 1, "total": 1}}}, {"15.3": {"batsman": "AR Patel", "bowler": "YS Chahal", "non_striker": "WP Saha", "runs": {"batsman": 0, "extras": 0, "total": 0}}}, {"15.4": {"batsman": "AR Patel", "bowler": "YS Chahal", "extras": {"wides": 1}, "non_striker": "WP Saha", "runs": {"batsman": 0, "extras": 1, "total": 1}}}, {"15.5": {"batsman": "AR Patel", "bowler": "YS Chahal", "non_striker": "WP Saha", "runs": {"batsman": 6, "extras": 0, "total": 6}}}, {"15.6": {"batsman": "AR Patel", "bowler": "YS Chahal", "non_striker": "WP Saha", "runs": {"batsman": 0, "extras": 0, "total": 0}}}, {"15.7": {"batsman": "AR Patel", "bowler": "YS Chahal", "non_striker": "WP Saha", "runs": {"batsman": 4, "extras": 0, "total": 4}}}, {"15.8": {"batsman": "AR Patel", "bowler": "YS Chahal", "non_striker": "WP Saha", "runs": {"batsman": 2, "extras": 0, "total": 2}}}, {"16.1": {"batsman": "WP Saha", "bowler": "A Choudhary", "non_striker": "AR Patel", "runs": {"batsman": 1, "extras": 0, "total": 1}}}, {"16.2": {"batsman": "AR Patel", "bowler": "A Choudhary", "non_striker": "WP Saha", "runs": {"batsman": 2, "extras": 0, "total": 2}}}, {"16.3": {"batsman": "AR Patel", "bowler": "A Choudhary", "non_striker": "WP Saha", "runs": {"batsman": 1, "extras": 0, "total": 1}}}, {"16.4": {"batsman": "WP Saha", "bowler": "A Choudhary", "non_striker": "AR Patel", "runs": {"batsman": 4, "extras": 0, "total": 4}}}, {"16.5": {"batsman": "WP Saha", "bowler": "A Choudhary", "non_striker": "AR Patel", "runs": {"batsman": 1, "extras": 0, "total": 1}}}, {"16.6": {"batsman": "AR Patel", "bowler": "A Choudhary", "non_striker": "WP Saha", "runs": {"batsman": 2, "extras": 0, "total": 2}}}, {"17.1": {"batsman": "WP Saha", "bowler": "SR Watson", "non_striker": "AR Patel", "runs": {"batsman": 2, "extras": 0, "total": 2}}}, {"17.2": {"batsman": "WP Saha", "bowler": "SR Watson", "non_striker": "AR Patel", "runs": {"batsman": 0, "extras": 0, "total": 0}, "wicket": {"kind": "bowled", "player_out": "WP Saha"}}}, {"17.3": {"batsman": "MM Sharma", "bowler": "SR Watson", "non_striker": "AR Patel", "runs": {"batsman": 1, "extras": 0, "total": 1}}}, {"17.4": {"batsman": "AR Patel", "bowler": "SR Watson", "non_striker": "MM Sharma", "runs": {"batsman": 1, "extras": 0, "total": 1}}}, {"17.5": {"batsman": "MM Sharma", "bowler": "SR Watson", "non_striker": "AR Patel", "runs": {"batsman": 4, "extras": 0, "total": 4}}}, {"17.6": {"batsman": "MM Sharma", "bowler": "SR Watson", "non_striker": "AR Patel", "runs": {"batsman": 1, "extras": 0, "total": 1}}}, {"18.1": {"batsman": "MM Sharma", "bowler": "A Choudhary", "non_striker": "AR Patel", "runs": {"batsman": 0, "extras": 0, "total": 0}, "wicket": {"fielders": ["KM Jadhav"], "kind": "caught", "player_out": "MM Sharma"}}}, {"18.2": {"batsman": "VR Aaron", "bowler": "A Choudhary", "non_striker": "AR Patel", "runs": {"batsman": 0, "extras": 0, "total": 0}}}, {"18.3": {"batsman": "VR Aaron", "bowler": "A Choudhary", "non_striker": "AR Patel", "runs": {"batsman": 0, "extras": 0, "total": 0}}}, {"18.4": {"batsman": "VR Aaron", "bowler": "A Choudhary", "non_striker": "AR Patel", "runs": {"batsman": 0, "extras": 0, "total": 0}}}, {"18.5": {"batsman": "VR Aaron", "bowler": "A Choudhary", "non_striker": "AR Patel", "runs": {"batsman": 0, "extras": 0, "total": 0}}}, {"18.6": {"batsman": "VR Aaron", "bowler": "A Choudhary", "non_striker": "AR Patel", "runs": {"batsman": 0, "extras": 0, "total": 0}}}, {"19.1": {"batsman": "AR Patel", "bowler": "SR Watson", "non_striker": "VR Aaron", "runs": {"batsman": 6, "extras": 0, "total": 6}}}, {"19.2": {"batsman": "AR Patel", "bowler": "SR Watson", "non_striker": "VR Aaron", "runs": {"batsman": 2, "extras": 0, "total": 2}}}, {"19.3": {"batsman": "AR Patel", "bowler": "SR Watson", "non_striker": "VR Aaron", "runs": {"batsman": 4, "extras": 0, "total": 4}}}, {"19.4": {"batsman": "AR Patel", "bowler": "SR Watson", "non_striker": "VR Aaron", "runs": {"batsman": 4, "extras": 0, "total": 4}}}, {"19.5": {"batsman": "AR Patel", "bowler": "SR Watson", "extras": {"wides": 1}, "non_striker": "VR Aaron", "runs": {"batsman": 0, "extras": 1, "total": 1}}}, {"19.6": {"batsman": "AR Patel", "bowler": "SR Watson", "non_striker": "VR Aaron", "runs": {"batsman": 2, "extras": 0, "total": 2}}}, {"19.7": {"batsman": "AR Patel", "bowler": "SR Watson", "non_striker": "VR Aaron", "runs": {"batsman": 0, "extras": 0, "total": 0}}}]