[{"0.1": {"non_striker": "Q de Kock", "bowler": "JJ Bumrah", "runs": {"extras": 0, "total": 0, "batsman": 0}, "batsman": "V Kohli"}}, {"0.2": {"non_striker": "Q de Kock", "bowler": "JJ Bumrah", "runs": {"extras": 0, "total": 1, "batsman": 1}, "batsman": "V Kohli"}}, {"0.3": {"non_striker": "V Kohli", "bowler": "JJ Bumrah", "runs": {"extras": 0, "total": 0, "batsman": 0}, "batsman": "Q de Kock"}}, {"0.4": {"non_striker": "V Kohli", "bowler": "JJ Bumrah", "runs": {"extras": 1, "total": 1, "batsman": 0}, "extras": {"wides": 1}, "batsman": "Q de Kock"}}, {"0.5": {"non_striker": "V Kohli", "bowler": "JJ Bumrah", "runs": {"extras": 1, "total": 1, "batsman": 0}, "extras": {"legbyes": 1}, "batsman": "Q de Kock"}}, {"0.6": {"non_striker": "Q de Kock", "bowler": "JJ Bumrah", "runs": {"extras": 0, "total": 0, "batsman": 0}, "batsman": "V Kohli"}}, {"0.7": {"non_striker": "Q de Kock", "bowler": "JJ Bumrah", "runs": {"extras": 0, "total": 4, "batsman": 4}, "batsman": "V Kohli"}}, {"1.1": {"non_striker": "V Kohli", "bowler": "KH Pandya", "runs": {"extras": 0, "total": 4, "batsman": 4}, "batsman": "Q de Kock"}}, {"1.2": {"non_striker": "V Kohli", "bowler": "KH Pandya", "runs": {"extras": 0, "total": 1, "batsman": 1}, "batsman": "Q de Kock"}}, {"1.3": {"non_striker": "Q de Kock", "bowler": "KH Pandya", "runs": {"extras": 0, "total": 4, "batsman": 4}, "batsman": "V Kohli"}}, {"1.4": {"non_striker": "Q de Kock", "bowler": "KH Pandya", "runs": {"extras": 0, "total": 0, "batsman": 0}, "batsman": "V Kohli"}}, {"1.5": {"non_striker": "Q de Kock", "bowler": "KH Pandya", "runs": {"extras": 0, "total": 4, "batsman": 4}, "batsman": "V Kohli"}}, {"1.6": {"non_striker": "Q de Kock", "bowler": "KH Pandya", "runs": {"extras": 0, "total": 0, "batsman": 0}, "batsman": "V Kohli"}}, {"2.1": {"non_striker": "V Kohli", "bowler": "MJ McClenaghan", "runs": {"extras": 0, "total": 1, "batsman": 1}, "batsman": "Q de Kock"}}, {"2.2": {"non_striker": "Q de Kock", "bowler": "MJ McClenaghan", "runs": {"extras": 0, "total": 0, "batsman": 0}, "batsman": "V Kohli"}}, {"2.3": {"non_striker": "Q de Kock", "bowler": "MJ McClenaghan", "runs": {"extras": 0, "total": 1, "batsman": 1}, "batsman": "V Kohli"}}, {"2.4": {"non_striker": "V Kohli", "bowler": "MJ McClenaghan", "runs": {"extras": 0, "total": 0, "batsman": 0}, "batsman": "Q de Kock"}}, {"2.5": {"non_striker": "V Kohli", "bowler": "MJ McClenaghan", "runs": {"extras": 0, "total": 1, "batsman": 1}, "batsman": "Q de Kock"}}, {"2.6": {"non_striker": "Q de Kock", "bowler": "MJ McClenaghan", "runs": {"extras": 0, "total": 4, "batsman": 4}, "batsman": "V Kohli"}}, {"3.1": {"non_striker": "V Kohli", "bowler": "Mustafizur Rahman", "runs": {"extras": 0, "total": 4, "batsman": 4}, "batsman": "Q de Kock"}}, {"3.2": {"non_striker": "V Kohli", "bowler": "Mustafizur Rahman", "runs": {"extras": 0, "total": 1, "batsman": 1}, "batsman": "Q de Kock"}}, {"3.3": {"non_striker": "Q de Kock", "bowler": "Mustafizur Rahman", "runs": {"extras": 0, "total": 0, "batsman": 0}, "batsman": "V Kohli"}}, {"3.4": {"non_striker": "Q de Kock", "bowler": "Mustafizur Rahman", "runs": {"extras": 0, "total": 1, "batsman": 1}, "batsman": "V Kohli"}}, {"3.5": {"non_striker": "V Kohli", "bowler": "Mustafizur Rahman", "runs": {"extras": 0, "total": 6, "batsman": 6}, "batsman": "Q de Kock"}}, {"3.6": {"non_striker": "V Kohli", "bowler": "Mustafizur Rahman", "runs": {"extras": 0, "total": 1, "batsman": 1}, "batsman": "Q de Kock"}}, {"4.1": {"non_striker": "V Kohli", "bowler": "MJ McClenaghan", "runs": {"extras": 0, "total": 0, "batsman": 0}, "batsman": "Q de Kock", "wicket": {"player_out": "Q de Kock", "kind": "bowled"}}}, {"4.2": {"non_striker": "V Kohli", "bowler": "MJ McClenaghan", "runs": {"extras": 0, "total": 1, "batsman": 1}, "batsman": "AB de Villiers"}}, {"4.3": {"non_striker": "AB de Villiers", "bowler": "MJ McClenaghan", "runs": {"extras": 0, "total": 1, "batsman": 1}, "batsman": "V Kohli"}}, {"4.4": {"non_striker": "V Kohli", "bowler": "MJ McClenaghan", "runs": {"extras": 0, "total": 0, "batsman": 0}, "batsman": "AB de Villiers", "wicket": {"player_out": "AB de Villiers", "fielders": ["HH Pandya"], "kind": "caught"}}}, {"4.5": {"non_striker": "V Kohli", "bowler": "MJ McClenaghan", "runs": {"extras": 0, "total": 1, "batsman": 1}, "batsman": "Mandeep Singh"}}, {"4.6": {"non_striker": "Mandeep Singh", "bowler": "MJ McClenaghan", "runs": {"extras": 0, "total": 1, "batsman": 1}, "batsman": "V Kohli"}}, {"5.1": {"non_striker": "Mandeep Singh", "bowler": "Mustafizur Rahman", "runs": {"extras": 0, "total": 4, "batsman": 4}, "batsman": "V Kohli"}}, {"5.2": {"non_striker": "Mandeep Singh", "bowler": "Mustafizur Rahman", "runs": {"extras": 0, "total": 1, "batsman": 1}, "batsman": "V Kohli"}}, {"5.3": {"non_striker": "V Kohli", "bowler": "Mustafizur Rahman", "runs": {"extras": 0, "total": 4, "batsman": 4}, "batsman": "Mandeep Singh"}}, {"5.4": {"non_striker": "V Kohli", "bowler": "Mustafizur Rahman", "runs": {"extras": 0, "total": 0, "batsman": 0}, "batsman": "Mandeep Singh"}}, {"5.5": {"non_striker": "V Kohli", "bowler": "Mustafizur Rahman", "runs": {"extras": 0, "total": 1, "batsman": 1}, "batsman": "Mandeep Singh"}}, {"5.6": {"non_striker": "Mandeep Singh", "bowler": "Mustafizur Rahman", "runs": {"extras": 0, "total": 1, "batsman": 1}, "batsman": "V Kohli"}}, {"6.1": {"non_striker": "Mandeep Singh", "bowler": "M Markande", "runs": {"extras": 0, "total": 0, "batsman": 0}, "batsman": "V Kohli"}}, {"6.2": {"non_striker": "Mandeep Singh", "bowler": "M Markande", "runs": {"extras": 0, "total": 0, "batsman": 0}, "batsman": "V Kohli"}}, {"6.3": {"non_striker": "Mandeep Singh", "bowler": "M Markande", "runs": {"extras": 0, "total": 1, "batsman": 1}, "batsman": "V Kohli"}}, {"6.4": {"non_striker": "V Kohli", "bowler": "M Markande", "runs": {"extras": 0, "total": 1, "batsman": 1}, "batsman": "Mandeep Singh"}}, {"6.5": {"non_striker": "Mandeep Singh", "bowler": "M Markande", "runs": {"extras": 0, "total": 1, "batsman": 1}, "batsman": "V Kohli"}}, {"6.6": {"non_striker": "V Kohli", "bowler": "M Markande", "runs": {"extras": 1, "total": 1, "batsman": 0}, "extras": {"legbyes": 1}, "batsman": "Mandeep Singh"}}, {"7.1": {"non_striker": "V Kohli", "bowler": "KH Pandya", "runs": {"extras": 0, "total": 1, "batsman": 1}, "batsman": "Mandeep Singh"}}, {"7.2": {"non_striker": "Mandeep Singh", "bowler": "KH Pandya", "runs": {"extras": 0, "total": 1, "batsman": 1}, "batsman": "V Kohli"}}, {"7.3": {"non_striker": "V Kohli", "bowler": "KH Pandya", "runs": {"extras": 0, "total": 1, "batsman": 1}, "batsman": "Mandeep Singh"}}, {"7.4": {"non_striker": "Mandeep Singh", "bowler": "KH Pandya", "runs": {"extras": 0, "total": 1, "batsman": 1}, "batsman": "V Kohli"}}, {"7.5": {"non_striker": "V Kohli", "bowler": "KH Pandya", "runs": {"extras": 0, "total": 0, "batsman": 0}, "batsman": "Mandeep Singh"}}, {"7.6": {"non_striker": "V Kohli", "bowler": "KH Pandya", "runs": {"extras": 0, "total": 2, "batsman": 2}, "batsman": "Mandeep Singh"}}, {"8.1": {"non_striker": "Mandeep Singh", "bowler": "M Markande", "runs": {"extras": 0, "total": 0, "batsman": 0}, "batsman": "V Kohli"}}, {"8.2": {"non_striker": "Mandeep Singh", "bowler": "M Markande", "runs": {"extras": 0, "total": 0, "batsman": 0}, "batsman": "V Kohli"}}, {"8.3": {"non_striker": "Mandeep Singh", "bowler": "M Markande", "runs": {"extras": 0, "total": 1, "batsman": 1}, "batsman": "V Kohli"}}, {"8.4": {"non_striker": "V Kohli", "bowler": "M Markande", "runs": {"extras": 1, "total": 1, "batsman": 0}, "extras": {"wides": 1}, "batsman": "Mandeep Singh"}}, {"8.5": {"non_striker": "V Kohli", "bowler": "M Markande", "runs": {"extras": 0, "total": 1, "batsman": 1}, "batsman": "Mandeep Singh"}}, {"8.6": {"non_striker": "Mandeep Singh", "bowler": "M Markande", "runs": {"extras": 0, "total": 1, "batsman": 1}, "batsman": "V Kohli"}}, {"8.7": {"non_striker": "V Kohli", "bowler": "M Markande", "runs": {"extras": 0, "total": 1, "batsman": 1}, "batsman": "Mandeep Singh"}}, {"9.1": {"non_striker": "V Kohli", "bowler": "KH Pandya", "runs": {"extras": 0, "total": 2, "batsman": 2}, "batsman": "Mandeep Singh"}}, {"9.2": {"non_striker": "V Kohli", "bowler": "KH Pandya", "runs": {"extras": 0, "total": 1, "batsman": 1}, "batsman": "Mandeep Singh"}}, {"9.3": {"non_striker": "Mandeep Singh", "bowler": "KH Pandya", "runs": {"extras": 0, "total": 1, "batsman": 1}, "batsman": "V Kohli"}}, {"9.4": {"non_striker": "V Kohli", "bowler": "KH Pandya", "runs": {"extras": 1, "total": 1, "batsman": 0}, "extras": {"wides": 1}, "batsman": "Mandeep Singh", "wicket": {"player_out": "Mandeep Singh", "fielders": ["Ishan Kishan"], "kind": "stumped"}}}, {"9.5": {"non_striker": "V Kohli", "bowler": "KH Pandya", "runs": {"extras": 0, "total": 0, "batsman": 0}, "batsman": "CJ Anderson", "wicket": {"player_out": "CJ Anderson", "fielders": ["JP Duminy (sub)"], "kind": "caught"}}}, {"9.6": {"non_striker": "Washington Sundar", "bowler": "KH Pandya", "runs": {"extras": 0, "total": 1, "batsman": 1}, "batsman": "V Kohli"}}, {"9.7": {"non_striker": "V Kohli", "bowler": "KH Pandya", "runs": {"extras": 0, "total": 0, "batsman": 0}, "batsman": "Washington Sundar"}}, {"10.1": {"non_striker": "Washington Sundar", "bowler": "M Markande", "runs": {"extras": 0, "total": 1, "batsman": 1}, "batsman": "V Kohli"}}, {"10.2": {"non_striker": "V Kohli", "bowler": "M Markande", "runs": {"extras": 0, "total": 0, "batsman": 0}, "batsman": "Washington Sundar"}}, {"10.3": {"non_striker": "V Kohli", "bowler": "M Markande", "runs": {"extras": 0, "total": 4, "batsman": 4}, "batsman": "Washington Sundar"}}, {"10.4": {"non_striker": "V Kohli", "bowler": "M Markande", "runs": {"extras": 0, "total": 1, "batsman": 1}, "batsman": "Washington Sundar"}}, {"10.5": {"non_striker": "Washington Sundar", "bowler": "M Markande", "runs": {"extras": 0, "total": 1, "batsman": 1}, "batsman": "V Kohli"}}, {"10.6": {"non_striker": "V Kohli", "bowler": "M Markande", "runs": {"extras": 1, "total": 1, "batsman": 0}, "extras": {"byes": 1}, "batsman": "Washington Sundar"}}, {"11.1": {"non_striker": "V Kohli", "bowler": "KH Pandya", "runs": {"extras": 0, "total": 2, "batsman": 2}, "batsman": "Washington Sundar"}}, {"11.2": {"non_striker": "V Kohli", "bowler": "KH Pandya", "runs": {"extras": 0, "total": 0, "batsman": 0}, "batsman": "Washington Sundar"}}, {"11.3": {"non_striker": "V Kohli", "bowler": "KH Pandya", "runs": {"extras": 0, "total": 0, "batsman": 0}, "batsman": "Washington Sundar", "wicket": {"player_out": "Washington Sundar", "fielders": ["SA Yadav"], "kind": "caught"}}}, {"11.4": {"non_striker": "SN Khan", "bowler": "KH Pandya", "runs": {"extras": 0, "total": 1, "batsman": 1}, "batsman": "V Kohli"}}, {"11.5": {"non_striker": "V Kohli", "bowler": "KH Pandya", "runs": {"extras": 0, "total": 0, "batsman": 0}, "batsman": "SN Khan"}}, {"11.6": {"non_striker": "V Kohli", "bowler": "KH Pandya", "runs": {"extras": 0, "total": 0, "batsman": 0}, "batsman": "SN Khan"}}, {"12.1": {"non_striker": "SN Khan", "bowler": "JJ Bumrah", "runs": {"extras": 0, "total": 0, "batsman": 0}, "batsman": "V Kohli"}}, {"12.2": {"non_striker": "SN Khan", "bowler": "JJ Bumrah", "runs": {"extras": 0, "total": 1, "batsman": 1}, "batsman": "V Kohli"}}, {"12.3": {"non_striker": "V Kohli", "bowler": "JJ Bumrah", "runs": {"extras": 0, "total": 1, "batsman": 1}, "batsman": "SN Khan"}}, {"12.4": {"non_striker": "SN Khan", "bowler": "JJ Bumrah", "runs": {"extras": 0, "total": 1, "batsman": 1}, "batsman": "V Kohli"}}, {"12.5": {"non_striker": "V Kohli", "bowler": "JJ Bumrah", "runs": {"extras": 0, "total": 0, "batsman": 0}, "batsman": "SN Khan"}}, {"12.6": {"non_striker": "V Kohli", "bowler": "JJ Bumrah", "runs": {"extras": 0, "total": 4, "batsman": 4}, "batsman": "SN Khan"}}, {"13.1": {"non_striker": "SN Khan", "bowler": "M Markande", "runs": {"extras": 0, "total": 6, "batsman": 6}, "batsman": "V Kohli"}}, {"13.2": {"non_striker": "SN Khan", "bowler": "M Markande", "runs": {"extras": 0, "total": 0, "batsman": 0}, "batsman": "V Kohli"}}, {"13.3": {"non_striker": "SN Khan", "bowler": "M Markande", "runs": {"extras": 0, "total": 2, "batsman": 2}, "batsman": "V Kohli"}}, {"13.4": {"non_striker": "SN Khan", "bowler": "M Markande", "runs": {"extras": 0, "total": 1, "batsman": 1}, "batsman": "V Kohli"}}, {"13.5": {"non_striker": "V Kohli", "bowler": "M Markande", "runs": {"extras": 0, "total": 0, "batsman": 0}, "batsman": "SN Khan", "wicket": {"player_out": "SN Khan", "fielders": ["AP Tare (sub)"], "kind": "stumped"}}}, {"13.6": {"non_striker": "V Kohli", "bowler": "M Markande", "runs": {"extras": 0, "total": 1, "batsman": 1}, "batsman": "CR Woakes"}}, {"14.1": {"non_striker": "V Kohli", "bowler": "HH Pandya", "runs": {"extras": 0, "total": 0, "batsman": 0}, "batsman": "CR Woakes"}}, {"14.2": {"non_striker": "V Kohli", "bowler": "HH Pandya", "runs": {"extras": 0, "total": 1, "batsman": 1}, "batsman": "CR Woakes"}}, {"14.3": {"non_striker": "CR Woakes", "bowler": "HH Pandya", "runs": {"extras": 0, "total": 1, "batsman": 1}, "batsman": "V Kohli"}}, {"14.4": {"non_striker": "V Kohli", "bowler": "HH Pandya", "runs": {"extras": 0, "total": 1, "batsman": 1}, "batsman": "CR Woakes"}}, {"14.5": {"non_striker": "CR Woakes", "bowler": "HH Pandya", "runs": {"extras": 0, "total": 1, "batsman": 1}, "batsman": "V Kohli"}}, {"14.6": {"non_striker": "V Kohli", "bowler": "HH Pandya", "runs": {"extras": 0, "total": 0, "batsman": 0}, "batsman": "CR Woakes"}}, {"15.1": {"non_striker": "CR Woakes", "bowler": "Mustafizur Rahman", "runs": {"extras": 0, "total": 1, "batsman": 1}, "batsman": "V Kohli"}}, {"15.2": {"non_striker": "V Kohli", "bowler": "Mustafizur Rahman", "runs": {"extras": 0, "total": 1, "batsman": 1}, "batsman": "CR Woakes"}}, {"15.3": {"non_striker": "CR Woakes", "bowler": "Mustafizur Rahman", "runs": {"extras": 0, "total": 4, "batsman": 4}, "batsman": "V Kohli"}}, {"15.4": {"non_striker": "CR Woakes", "bowler": "Mustafizur Rahman", "runs": {"extras": 0, "total": 1, "batsman": 1}, "batsman": "V Kohli"}}, {"15.5": {"non_striker": "V Kohli", "bowler": "Mustafizur Rahman", "runs": {"extras": 0, "total": 6, "batsman": 6}, "batsman": "CR Woakes"}}, {"15.6": {"non_striker": "V Kohli", "bowler": "Mustafizur Rahman", "runs": {"extras": 0, "total": 0, "batsman": 0}, "batsman": "CR Woakes"}}, {"16.1": {"non_striker": "CR Woakes", "bowler": "MJ McClenaghan", "runs": {"extras": 0, "total": 6, "batsman": 6}, "batsman": "V Kohli"}}, {"16.2": {"non_striker": "CR Woakes", "bowler": "MJ McClenaghan", "runs": {"extras": 0, "total": 1, "batsman": 1}, "batsman": "V Kohli"}}, {"16.3": {"non_striker": "V Kohli", "bowler": "MJ McClenaghan", "runs": {"extras": 0, "total": 1, "batsman": 1}, "batsman": "CR Woakes"}}, {"16.4": {"non_striker": "CR Woakes", "bowler": "MJ McClenaghan", "runs": {"extras": 0, "total": 2, "batsman": 2}, "batsman": "V Kohli"}}, {"16.5": {"non_striker": "CR Woakes", "bowler": "MJ McClenaghan", "runs": {"extras": 0, "total": 2, "batsman": 2}, "batsman": "V Kohli"}}, {"16.6": {"non_striker": "CR Woakes", "bowler": "MJ McClenaghan", "runs": {"extras": 0, "total": 1, "batsman": 1}, "batsman": "V Kohli"}}, {"17.1": {"non_striker": "CR Woakes", "bowler": "JJ Bumrah", "runs": {"extras": 0, "total": 1, "batsman": 1}, "batsman": "V Kohli"}}, {"17.2": {"non_striker": "V Kohli", "bowler": "JJ Bumrah", "runs": {"extras": 0, "total": 0, "batsman": 0}, "batsman": "CR Woakes"}}, {"17.3": {"non_striker": "V Kohli", "bowler": "JJ Bumrah", "runs": {"extras": 0, "total": 0, "batsman": 0}, "batsman": "CR Woakes", "wicket": {"player_out": "CR Woakes", "fielders": ["KH Pandya"], "kind": "caught"}}}, {"17.4": {"non_striker": "V Kohli", "bowler": "JJ Bumrah", "runs": {"extras": 0, "total": 1, "batsman": 1}, "batsman": "UT Yadav"}}, {"17.5": {"non_striker": "UT Yadav", "bowler": "JJ Bumrah", "runs": {"extras": 0, "total": 1, "batsman": 1}, "batsman": "V Kohli"}}, {"17.6": {"non_striker": "V Kohli", "bowler": "JJ Bumrah", "runs": {"extras": 0, "total": 0, "batsman": 0}, "batsman": "UT Yadav", "wicket": {"player_out": "UT Yadav", "fielders": ["RG Sharma"], "kind": "caught"}}}, {"18.1": {"non_striker": "Mohammed Siraj", "bowler": "Mustafizur Rahman", "runs": {"extras": 0, "total": 6, "batsman": 6}, "batsman": "V Kohli"}}, {"18.2": {"non_striker": "Mohammed Siraj", "bowler": "Mustafizur Rahman", "runs": {"extras": 1, "total": 2, "batsman": 1}, "extras": {"noballs": 1}, "batsman": "V Kohli"}}, {"18.3": {"non_striker": "V Kohli", "bowler": "Mustafizur Rahman", "runs": {"extras": 0, "total": 1, "batsman": 1}, "batsman": "Mohammed Siraj"}}, {"18.4": {"non_striker": "Mohammed Siraj", "bowler": "Mustafizur Rahman", "runs": {"extras": 0, "total": 1, "batsman": 1}, "batsman": "V Kohli"}}, {"18.5": {"non_striker": "V Kohli", "bowler": "Mustafizur Rahman", "runs": {"extras": 0, "total": 6, "batsman": 6}, "batsman": "Mohammed Siraj"}}, {"18.6": {"non_striker": "V Kohli", "bowler": "Mustafizur Rahman", "runs": {"extras": 0, "total": 1, "batsman": 1}, "batsman": "Mohammed Siraj"}}, {"18.7": {"non_striker": "Mohammed Siraj", "bowler": "Mustafizur Rahman", "runs": {"extras": 0, "total": 1, "batsman": 1}, "batsman": "V Kohli"}}, {"19.1": {"non_striker": "Mohammed Siraj", "bowler": "JJ Bumrah", "runs": {"extras": 0, "total": 2, "batsman": 2}, "batsman": "V Kohli"}}, {"19.2": {"non_striker": "Mohammed Siraj", "bowler": "JJ Bumrah", "runs": {"extras": 0, "total": 4, "batsman": 4}, "batsman": "V Kohli"}}, {"19.3": {"non_striker": "Mohammed Siraj", "bowler": "JJ Bumrah", "runs": {"extras": 0, "total": 0, "batsman": 0}, "batsman": "V Kohli"}}, {"19.4": {"non_striker": "Mohammed Siraj", "bowler": "JJ Bumrah", "runs": {"extras": 0, "total": 6, "batsman": 6}, "batsman": "V Kohli"}}, {"19.5": {"non_striker": "Mohammed Siraj", "bowler": "JJ Bumrah", "runs": {"extras": 0, "total": 0, "batsman": 0}, "batsman": "V Kohli"}}, {"19.6": {"non_striker": "Mohammed Siraj", "bowler": "JJ Bumrah", "runs": {"extras": 0, "total": 0, "batsman": 0}, "batsman": "V Kohli"}}]