[{"0.1": {"non_striker": "JC Buttler", "bowler": "MP Stoinis", "runs": {"extras": 0, "total": 1, "batsman": 1}, "batsman": "AM Rahane"}}, {"0.2": {"non_striker": "AM Rahane", "bowler": "MP Stoinis", "runs": {"extras": 0, "total": 2, "batsman": 2}, "batsman": "JC Buttler"}}, {"0.3": {"non_striker": "AM Rahane", "bowler": "MP Stoinis", "runs": {"extras": 0, "total": 4, "batsman": 4}, "batsman": "JC Buttler"}}, {"0.4": {"non_striker": "AM Rahane", "bowler": "MP Stoinis", "runs": {"extras": 0, "total": 4, "batsman": 4}, "batsman": "JC Buttler"}}, {"0.5": {"non_striker": "AM Rahane", "bowler": "MP Stoinis", "runs": {"extras": 0, "total": 0, "batsman": 0}, "batsman": "JC Buttler"}}, {"0.6": {"non_striker": "AM Rahane", "bowler": "MP Stoinis", "runs": {"extras": 0, "total": 0, "batsman": 0}, "batsman": "JC Buttler"}}, {"1.1": {"non_striker": "JC Buttler", "bowler": "AR Patel", "runs": {"extras": 0, "total": 1, "batsman": 1}, "batsman": "AM Rahane"}}, {"1.2": {"non_striker": "AM Rahane", "bowler": "AR Patel", "runs": {"extras": 0, "total": 1, "batsman": 1}, "batsman": "JC Buttler"}}, {"1.3": {"non_striker": "JC Buttler", "bowler": "AR Patel", "runs": {"extras": 0, "total": 1, "batsman": 1}, "batsman": "AM Rahane"}}, {"1.4": {"non_striker": "AM Rahane", "bowler": "AR Patel", "runs": {"extras": 0, "total": 4, "batsman": 4}, "batsman": "JC Buttler"}}, {"1.5": {"non_striker": "AM Rahane", "bowler": "AR Patel", "runs": {"extras": 0, "total": 6, "batsman": 6}, "batsman": "JC Buttler"}}, {"1.6": {"non_striker": "AM Rahane", "bowler": "AR Patel", "runs": {"extras": 0, "total": 1, "batsman": 1}, "batsman": "JC Buttler"}}, {"2.1": {"non_striker": "AM Rahane", "bowler": "MM Sharma", "runs": {"extras": 0, "total": 4, "batsman": 4}, "batsman": "JC Buttler"}}, {"2.2": {"non_striker": "AM Rahane", "bowler": "MM Sharma", "runs": {"extras": 0, "total": 1, "batsman": 1}, "batsman": "JC Buttler"}}, {"2.3": {"non_striker": "JC Buttler", "bowler": "MM Sharma", "runs": {"extras": 0, "total": 0, "batsman": 0}, "batsman": "AM Rahane"}}, {"2.4": {"non_striker": "JC Buttler", "bowler": "MM Sharma", "runs": {"extras": 0, "total": 0, "batsman": 0}, "batsman": "AM Rahane"}}, {"2.5": {"non_striker": "JC Buttler", "bowler": "MM Sharma", "runs": {"extras": 0, "total": 4, "batsman": 4}, "batsman": "AM Rahane"}}, {"2.6": {"non_striker": "JC Buttler", "bowler": "MM Sharma", "runs": {"extras": 0, "total": 1, "batsman": 1}, "batsman": "AM Rahane"}}, {"3.1": {"non_striker": "JC Buttler", "bowler": "AJ Tye", "runs": {"extras": 0, "total": 0, "batsman": 0}, "batsman": "AM Rahane"}}, {"3.2": {"non_striker": "JC Buttler", "bowler": "AJ Tye", "runs": {"extras": 0, "total": 1, "batsman": 1}, "batsman": "AM Rahane"}}, {"3.3": {"non_striker": "AM Rahane", "bowler": "AJ Tye", "runs": {"extras": 0, "total": 1, "batsman": 1}, "batsman": "JC Buttler"}}, {"3.4": {"non_striker": "JC Buttler", "bowler": "AJ Tye", "runs": {"extras": 0, "total": 0, "batsman": 0}, "batsman": "AM Rahane", "wicket": {"player_out": "AM Rahane", "fielders": ["AD Nath"], "kind": "caught"}}}, {"3.5": {"non_striker": "K Gowtham", "bowler": "AJ Tye", "runs": {"extras": 0, "total": 1, "batsman": 1}, "batsman": "JC Buttler"}}, {"3.6": {"non_striker": "JC Buttler", "bowler": "AJ Tye", "runs": {"extras": 0, "total": 0, "batsman": 0}, "batsman": "K Gowtham"}}, {"4.1": {"non_striker": "K Gowtham", "bowler": "MM Sharma", "runs": {"extras": 0, "total": 0, "batsman": 0}, "batsman": "JC Buttler"}}, {"4.2": {"non_striker": "K Gowtham", "bowler": "MM Sharma", "runs": {"extras": 1, "total": 1, "batsman": 0}, "extras": {"wides": 1}, "batsman": "JC Buttler"}}, {"4.3": {"non_striker": "K Gowtham", "bowler": "MM Sharma", "runs": {"extras": 0, "total": 4, "batsman": 4}, "batsman": "JC Buttler"}}, {"4.4": {"non_striker": "K Gowtham", "bowler": "MM Sharma", "runs": {"extras": 0, "total": 1, "batsman": 1}, "batsman": "JC Buttler"}}, {"4.5": {"non_striker": "JC Buttler", "bowler": "MM Sharma", "runs": {"extras": 0, "total": 1, "batsman": 1}, "batsman": "K Gowtham"}}, {"4.6": {"non_striker": "K Gowtham", "bowler": "MM Sharma", "runs": {"extras": 0, "total": 1, "batsman": 1}, "batsman": "JC Buttler"}}, {"4.7": {"non_striker": "JC Buttler", "bowler": "MM Sharma", "runs": {"extras": 0, "total": 6, "batsman": 6}, "batsman": "K Gowtham"}}, {"5.1": {"non_striker": "K Gowtham", "bowler": "AJ Tye", "runs": {"extras": 0, "total": 0, "batsman": 0}, "batsman": "JC Buttler"}}, {"5.2": {"non_striker": "K Gowtham", "bowler": "AJ Tye", "runs": {"extras": 0, "total": 4, "batsman": 4}, "batsman": "JC Buttler"}}, {"5.3": {"non_striker": "K Gowtham", "bowler": "AJ Tye", "runs": {"extras": 0, "total": 4, "batsman": 4}, "batsman": "JC Buttler"}}, {"5.4": {"non_striker": "K Gowtham", "bowler": "AJ Tye", "runs": {"extras": 0, "total": 1, "batsman": 1}, "batsman": "JC Buttler"}}, {"5.5": {"non_striker": "JC Buttler", "bowler": "AJ Tye", "runs": {"extras": 0, "total": 1, "batsman": 1}, "batsman": "K Gowtham"}}, {"5.6": {"non_striker": "K Gowtham", "bowler": "AJ Tye", "runs": {"extras": 0, "total": 1, "batsman": 1}, "batsman": "JC Buttler"}}, {"6.1": {"non_striker": "K Gowtham", "bowler": "MP Stoinis", "runs": {"extras": 0, "total": 1, "batsman": 1}, "batsman": "JC Buttler"}}, {"6.2": {"non_striker": "JC Buttler", "bowler": "MP Stoinis", "runs": {"extras": 0, "total": 0, "batsman": 0}, "batsman": "K Gowtham"}}, {"6.3": {"non_striker": "JC Buttler", "bowler": "MP Stoinis", "runs": {"extras": 0, "total": 0, "batsman": 0}, "batsman": "K Gowtham", "wicket": {"player_out": "K Gowtham", "fielders": ["MK Tiwary"], "kind": "caught"}}}, {"6.4": {"non_striker": "SV Samson", "bowler": "MP Stoinis", "runs": {"extras": 0, "total": 1, "batsman": 1}, "batsman": "JC Buttler"}}, {"6.5": {"non_striker": "JC Buttler", "bowler": "MP Stoinis", "runs": {"extras": 0, "total": 1, "batsman": 1}, "batsman": "SV Samson"}}, {"6.6": {"non_striker": "SV Samson", "bowler": "MP Stoinis", "runs": {"extras": 0, "total": 1, "batsman": 1}, "batsman": "JC Buttler"}}, {"7.1": {"non_striker": "SV Samson", "bowler": "R Ashwin", "runs": {"extras": 0, "total": 1, "batsman": 1}, "batsman": "JC Buttler"}}, {"7.2": {"non_striker": "JC Buttler", "bowler": "R Ashwin", "runs": {"extras": 0, "total": 1, "batsman": 1}, "batsman": "SV Samson"}}, {"7.3": {"non_striker": "SV Samson", "bowler": "R Ashwin", "runs": {"extras": 0, "total": 1, "batsman": 1}, "batsman": "JC Buttler"}}, {"7.4": {"non_striker": "JC Buttler", "bowler": "R Ashwin", "runs": {"extras": 0, "total": 0, "batsman": 0}, "batsman": "SV Samson"}}, {"7.5": {"non_striker": "JC Buttler", "bowler": "R Ashwin", "runs": {"extras": 0, "total": 1, "batsman": 1}, "batsman": "SV Samson"}}, {"7.6": {"non_striker": "SV Samson", "bowler": "R Ashwin", "runs": {"extras": 0, "total": 1, "batsman": 1}, "batsman": "JC Buttler"}}, {"8.1": {"non_striker": "SV Samson", "bowler": "AR Patel", "runs": {"extras": 0, "total": 0, "batsman": 0}, "batsman": "JC Buttler"}}, {"8.2": {"non_striker": "SV Samson", "bowler": "AR Patel", "runs": {"extras": 0, "total": 0, "batsman": 0}, "batsman": "JC Buttler"}}, {"8.3": {"non_striker": "SV Samson", "bowler": "AR Patel", "runs": {"extras": 0, "total": 0, "batsman": 0}, "batsman": "JC Buttler"}}, {"8.4": {"non_striker": "SV Samson", "bowler": "AR Patel", "runs": {"extras": 0, "total": 0, "batsman": 0}, "batsman": "JC Buttler"}}, {"8.5": {"non_striker": "SV Samson", "bowler": "AR Patel", "runs": {"extras": 0, "total": 0, "batsman": 0}, "batsman": "JC Buttler"}}, {"8.6": {"non_striker": "SV Samson", "bowler": "AR Patel", "runs": {"extras": 0, "total": 1, "batsman": 1}, "batsman": "JC Buttler"}}, {"9.1": {"non_striker": "SV Samson", "bowler": "Mujeeb Ur Rahman", "runs": {"extras": 0, "total": 1, "batsman": 1}, "batsman": "JC Buttler"}}, {"9.2": {"non_striker": "JC Buttler", "bowler": "Mujeeb Ur Rahman", "runs": {"extras": 0, "total": 1, "batsman": 1}, "batsman": "SV Samson"}}, {"9.3": {"non_striker": "SV Samson", "bowler": "Mujeeb Ur Rahman", "runs": {"extras": 0, "total": 2, "batsman": 2}, "batsman": "JC Buttler"}}, {"9.4": {"non_striker": "SV Samson", "bowler": "Mujeeb Ur Rahman", "runs": {"extras": 0, "total": 4, "batsman": 4}, "batsman": "JC Buttler"}}, {"9.5": {"non_striker": "SV Samson", "bowler": "Mujeeb Ur Rahman", "runs": {"extras": 0, "total": 0, "batsman": 0}, "batsman": "JC Buttler"}}, {"9.6": {"non_striker": "SV Samson", "bowler": "Mujeeb Ur Rahman", "runs": {"extras": 0, "total": 1, "batsman": 1}, "batsman": "JC Buttler"}}, {"10.1": {"non_striker": "SV Samson", "bowler": "AR Patel", "runs": {"extras": 0, "total": 0, "batsman": 0}, "batsman": "JC Buttler"}}, {"10.2": {"non_striker": "SV Samson", "bowler": "AR Patel", "runs": {"extras": 0, "total": 0, "batsman": 0}, "batsman": "JC Buttler"}}, {"10.3": {"non_striker": "SV Samson", "bowler": "AR Patel", "runs": {"extras": 0, "total": 2, "batsman": 2}, "batsman": "JC Buttler"}}, {"10.4": {"non_striker": "SV Samson", "bowler": "AR Patel", "runs": {"extras": 0, "total": 4, "batsman": 4}, "batsman": "JC Buttler"}}, {"10.5": {"non_striker": "SV Samson", "bowler": "AR Patel", "runs": {"extras": 0, "total": 1, "batsman": 1}, "batsman": "JC Buttler"}}, {"10.6": {"non_striker": "JC Buttler", "bowler": "AR Patel", "runs": {"extras": 0, "total": 2, "batsman": 2}, "batsman": "SV Samson"}}, {"11.1": {"non_striker": "SV Samson", "bowler": "R Ashwin", "runs": {"extras": 0, "total": 1, "batsman": 1}, "batsman": "JC Buttler"}}, {"11.2": {"non_striker": "JC Buttler", "bowler": "R Ashwin", "runs": {"extras": 0, "total": 1, "batsman": 1}, "batsman": "SV Samson"}}, {"11.3": {"non_striker": "SV Samson", "bowler": "R Ashwin", "runs": {"extras": 0, "total": 1, "batsman": 1}, "batsman": "JC Buttler"}}, {"11.4": {"non_striker": "JC Buttler", "bowler": "R Ashwin", "runs": {"extras": 0, "total": 0, "batsman": 0}, "batsman": "SV Samson"}}, {"11.5": {"non_striker": "JC Buttler", "bowler": "R Ashwin", "runs": {"extras": 0, "total": 1, "batsman": 1}, "batsman": "SV Samson"}}, {"11.6": {"non_striker": "SV Samson", "bowler": "R Ashwin", "runs": {"extras": 0, "total": 1, "batsman": 1}, "batsman": "JC Buttler"}}, {"12.1": {"non_striker": "SV Samson", "bowler": "Mujeeb Ur Rahman", "runs": {"extras": 0, "total": 1, "batsman": 1}, "batsman": "JC Buttler"}}, {"12.2": {"non_striker": "JC Buttler", "bowler": "Mujeeb Ur Rahman", "runs": {"extras": 0, "total": 1, "batsman": 1}, "batsman": "SV Samson"}}, {"12.3": {"non_striker": "SV Samson", "bowler": "Mujeeb Ur Rahman", "runs": {"extras": 0, "total": 2, "batsman": 2}, "batsman": "JC Buttler"}}, {"12.4": {"non_striker": "SV Samson", "bowler": "Mujeeb Ur Rahman", "runs": {"extras": 0, "total": 0, "batsman": 0}, "batsman": "JC Buttler"}}, {"12.5": {"non_striker": "SV Samson", "bowler": "Mujeeb Ur Rahman", "runs": {"extras": 0, "total": 1, "batsman": 1}, "batsman": "JC Buttler"}}, {"12.6": {"non_striker": "JC Buttler", "bowler": "Mujeeb Ur Rahman", "runs": {"extras": 1, "total": 1, "batsman": 0}, "extras": {"byes": 1}, "batsman": "SV Samson"}}, {"13.1": {"non_striker": "JC Buttler", "bowler": "R Ashwin", "runs": {"extras": 0, "total": 6, "batsman": 6}, "batsman": "SV Samson"}}, {"13.2": {"non_striker": "JC Buttler", "bowler": "R Ashwin", "runs": {"extras": 0, "total": 0, "batsman": 0}, "batsman": "SV Samson"}}, {"13.3": {"non_striker": "JC Buttler", "bowler": "R Ashwin", "runs": {"extras": 0, "total": 1, "batsman": 1}, "batsman": "SV Samson"}}, {"13.4": {"non_striker": "SV Samson", "bowler": "R Ashwin", "runs": {"extras": 0, "total": 1, "batsman": 1}, "batsman": "JC Buttler"}}, {"13.5": {"non_striker": "JC Buttler", "bowler": "R Ashwin", "runs": {"extras": 0, "total": 4, "batsman": 4}, "batsman": "SV Samson"}}, {"13.6": {"non_striker": "JC Buttler", "bowler": "R Ashwin", "runs": {"extras": 0, "total": 1, "batsman": 1}, "batsman": "SV Samson"}}, {"14.1": {"non_striker": "JC Buttler", "bowler": "Mujeeb Ur Rahman", "runs": {"extras": 0, "total": 1, "batsman": 1}, "batsman": "SV Samson"}}, {"14.2": {"non_striker": "SV Samson", "bowler": "Mujeeb Ur Rahman", "runs": {"extras": 0, "total": 1, "batsman": 1}, "batsman": "JC Buttler"}}, {"14.3": {"non_striker": "JC Buttler", "bowler": "Mujeeb Ur Rahman", "runs": {"extras": 0, "total": 0, "batsman": 0}, "batsman": "SV Samson", "wicket": {"player_out": "SV Samson", "fielders": ["MK Tiwary"], "kind": "caught"}}}, {"14.4": {"non_striker": "JC Buttler", "bowler": "Mujeeb Ur Rahman", "runs": {"extras": 0, "total": 1, "batsman": 1}, "batsman": "BA Stokes"}}, {"14.5": {"non_striker": "BA Stokes", "bowler": "Mujeeb Ur Rahman", "runs": {"extras": 0, "total": 1, "batsman": 1}, "batsman": "JC Buttler"}}, {"14.6": {"non_striker": "JC Buttler", "bowler": "Mujeeb Ur Rahman", "runs": {"extras": 0, "total": 1, "batsman": 1}, "batsman": "BA Stokes"}}, {"15.1": {"non_striker": "JC Buttler", "bowler": "R Ashwin", "runs": {"extras": 0, "total": 4, "batsman": 4}, "batsman": "BA Stokes"}}, {"15.2": {"non_striker": "JC Buttler", "bowler": "R Ashwin", "runs": {"extras": 0, "total": 1, "batsman": 1}, "batsman": "BA Stokes"}}, {"15.3": {"non_striker": "BA Stokes", "bowler": "R Ashwin", "runs": {"extras": 0, "total": 2, "batsman": 2}, "batsman": "JC Buttler"}}, {"15.4": {"non_striker": "BA Stokes", "bowler": "R Ashwin", "runs": {"extras": 0, "total": 0, "batsman": 0}, "batsman": "JC Buttler"}}, {"15.5": {"non_striker": "BA Stokes", "bowler": "R Ashwin", "runs": {"extras": 0, "total": 3, "batsman": 3}, "batsman": "JC Buttler"}}, {"15.6": {"non_striker": "JC Buttler", "bowler": "R Ashwin", "runs": {"extras": 0, "total": 1, "batsman": 1}, "batsman": "BA Stokes"}}, {"16.1": {"non_striker": "JC Buttler", "bowler": "Mujeeb Ur Rahman", "runs": {"extras": 0, "total": 1, "batsman": 1}, "batsman": "BA Stokes"}}, {"16.2": {"non_striker": "BA Stokes", "bowler": "Mujeeb Ur Rahman", "runs": {"extras": 0, "total": 0, "batsman": 0}, "batsman": "JC Buttler", "wicket": {"player_out": "JC Buttler", "fielders": ["KL Rahul"], "kind": "stumped"}}}, {"16.3": {"non_striker": "BA Stokes", "bowler": "Mujeeb Ur Rahman", "runs": {"extras": 0, "total": 0, "batsman": 0}, "batsman": "STR Binny"}}, {"16.4": {"non_striker": "BA Stokes", "bowler": "Mujeeb Ur Rahman", "runs": {"extras": 0, "total": 0, "batsman": 0}, "batsman": "STR Binny"}}, {"16.5": {"non_striker": "BA Stokes", "bowler": "Mujeeb Ur Rahman", "runs": {"extras": 0, "total": 1, "batsman": 1}, "batsman": "STR Binny"}}, {"16.6": {"non_striker": "STR Binny", "bowler": "Mujeeb Ur Rahman", "runs": {"extras": 0, "total": 0, "batsman": 0}, "batsman": "BA Stokes"}}, {"17.1": {"non_striker": "BA Stokes", "bowler": "AJ Tye", "runs": {"extras": 0, "total": 1, "batsman": 1}, "batsman": "STR Binny"}}, {"17.2": {"non_striker": "STR Binny", "bowler": "AJ Tye", "runs": {"extras": 0, "total": 3, "batsman": 3}, "batsman": "BA Stokes"}}, {"17.3": {"non_striker": "BA Stokes", "bowler": "AJ Tye", "runs": {"extras": 0, "total": 6, "batsman": 6}, "batsman": "STR Binny"}}, {"17.4": {"non_striker": "BA Stokes", "bowler": "AJ Tye", "runs": {"extras": 0, "total": 2, "batsman": 2}, "batsman": "STR Binny"}}, {"17.5": {"non_striker": "BA Stokes", "bowler": "AJ Tye", "runs": {"extras": 0, "total": 1, "batsman": 1}, "batsman": "STR Binny"}}, {"17.6": {"non_striker": "STR Binny", "bowler": "AJ Tye", "runs": {"extras": 0, "total": 1, "batsman": 1}, "batsman": "BA Stokes", "wicket": {"player_out": "STR Binny", "kind": "run out"}}}, {"18.1": {"non_striker": "BA Stokes", "bowler": "MM Sharma", "runs": {"extras": 0, "total": 0, "batsman": 0}, "batsman": "MK Lomror"}}, {"18.2": {"non_striker": "BA Stokes", "bowler": "MM Sharma", "runs": {"extras": 0, "total": 0, "batsman": 0}, "batsman": "MK Lomror"}}, {"18.3": {"non_striker": "BA Stokes", "bowler": "MM Sharma", "runs": {"extras": 0, "total": 1, "batsman": 1}, "batsman": "MK Lomror"}}, {"18.4": {"non_striker": "MK Lomror", "bowler": "MM Sharma", "runs": {"extras": 1, "total": 2, "batsman": 1}, "extras": {"noballs": 1}, "batsman": "BA Stokes"}}, {"18.5": {"non_striker": "BA Stokes", "bowler": "MM Sharma", "runs": {"extras": 0, "total": 0, "batsman": 0}, "batsman": "MK Lomror"}}, {"18.6": {"non_striker": "BA Stokes", "bowler": "MM Sharma", "runs": {"extras": 0, "total": 2, "batsman": 2}, "batsman": "MK Lomror"}}, {"18.7": {"non_striker": "BA Stokes", "bowler": "MM Sharma", "runs": {"extras": 0, "total": 0, "batsman": 0}, "batsman": "MK Lomror"}}, {"19.1": {"non_striker": "MK Lomror", "bowler": "AJ Tye", "runs": {"extras": 0, "total": 0, "batsman": 0}, "batsman": "BA Stokes", "wicket": {"player_out": "BA Stokes", "fielders": ["R Ashwin"], "kind": "caught"}}}, {"19.2": {"non_striker": "JC Archer", "bowler": "AJ Tye", "runs": {"extras": 0, "total": 1, "batsman": 1}, "batsman": "MK Lomror"}}, {"19.3": {"non_striker": "MK Lomror", "bowler": "AJ Tye", "runs": {"extras": 0, "total": 0, "batsman": 0}, "batsman": "JC Archer", "wicket": {"player_out": "JC Archer", "fielders": ["MK Tiwary"], "kind": "caught"}}}, {"19.4": {"non_striker": "JD Unadkat", "bowler": "AJ Tye", "runs": {"extras": 0, "total": 4, "batsman": 4}, "batsman": "MK Lomror"}}, {"19.5": {"non_striker": "JD Unadkat", "bowler": "AJ Tye", "runs": {"extras": 0, "total": 1, "batsman": 1}, "batsman": "MK Lomror"}}, {"19.6": {"non_striker": "MK Lomror", "bowler": "AJ Tye", "runs": {"extras": 0, "total": 0, "batsman": 0}, "batsman": "JD Unadkat", "wicket": {"player_out": "JD Unadkat", "fielders": ["KK Nair"], "kind": "caught"}}}]