[{"0.1": {"non_striker": "S Dhawan", "bowler": "K Gowtham", "runs": {"extras": 0, "total": 1, "batsman": 1}, "batsman": "AD Hales"}}, {"0.2": {"non_striker": "AD Hales", "bowler": "K Gowtham", "runs": {"extras": 0, "total": 1, "batsman": 1}, "batsman": "S Dhawan"}}, {"0.3": {"non_striker": "S Dhawan", "bowler": "K Gowtham", "runs": {"extras": 0, "total": 0, "batsman": 0}, "batsman": "AD Hales"}}, {"0.4": {"non_striker": "S Dhawan", "bowler": "K Gowtham", "runs": {"extras": 0, "total": 0, "batsman": 0}, "batsman": "AD Hales"}}, {"0.5": {"non_striker": "S Dhawan", "bowler": "K Gowtham", "runs": {"extras": 0, "total": 0, "batsman": 0}, "batsman": "AD Hales"}}, {"0.6": {"non_striker": "S Dhawan", "bowler": "K Gowtham", "runs": {"extras": 0, "total": 1, "batsman": 1}, "batsman": "AD Hales"}}, {"1.1": {"non_striker": "S Dhawan", "bowler": "DS Kulkarni", "runs": {"extras": 0, "total": 4, "batsman": 4}, "batsman": "AD Hales"}}, {"1.2": {"non_striker": "S Dhawan", "bowler": "DS Kulkarni", "runs": {"extras": 0, "total": 0, "batsman": 0}, "batsman": "AD Hales"}}, {"1.3": {"non_striker": "S Dhawan", "bowler": "DS Kulkarni", "runs": {"extras": 0, "total": 4, "batsman": 4}, "batsman": "AD Hales"}}, {"1.4": {"non_striker": "S Dhawan", "bowler": "DS Kulkarni", "runs": {"extras": 0, "total": 1, "batsman": 1}, "batsman": "AD Hales"}}, {"1.5": {"non_striker": "AD Hales", "bowler": "DS Kulkarni", "runs": {"extras": 0, "total": 4, "batsman": 4}, "batsman": "S Dhawan"}}, {"1.6": {"non_striker": "AD Hales", "bowler": "DS Kulkarni", "runs": {"extras": 0, "total": 1, "batsman": 1}, "batsman": "S Dhawan"}}, {"2.1": {"non_striker": "AD Hales", "bowler": "K Gowtham", "runs": {"extras": 0, "total": 0, "batsman": 0}, "batsman": "S Dhawan", "wicket": {"player_out": "S Dhawan", "kind": "bowled"}}}, {"2.2": {"non_striker": "AD Hales", "bowler": "K Gowtham", "runs": {"extras": 0, "total": 1, "batsman": 1}, "batsman": "KS Williamson"}}, {"2.3": {"non_striker": "KS Williamson", "bowler": "K Gowtham", "runs": {"extras": 0, "total": 1, "batsman": 1}, "batsman": "AD Hales"}}, {"2.4": {"non_striker": "AD Hales", "bowler": "K Gowtham", "runs": {"extras": 0, "total": 0, "batsman": 0}, "batsman": "KS Williamson"}}, {"2.5": {"non_striker": "AD Hales", "bowler": "K Gowtham", "runs": {"extras": 0, "total": 0, "batsman": 0}, "batsman": "KS Williamson"}}, {"2.6": {"non_striker": "AD Hales", "bowler": "K Gowtham", "runs": {"extras": 0, "total": 1, "batsman": 1}, "batsman": "KS Williamson"}}, {"3.1": {"non_striker": "AD Hales", "bowler": "DS Kulkarni", "runs": {"extras": 0, "total": 4, "batsman": 4}, "batsman": "KS Williamson"}}, {"3.2": {"non_striker": "AD Hales", "bowler": "DS Kulkarni", "runs": {"extras": 0, "total": 0, "batsman": 0}, "batsman": "KS Williamson"}}, {"3.3": {"non_striker": "AD Hales", "bowler": "DS Kulkarni", "runs": {"extras": 0, "total": 1, "batsman": 1}, "batsman": "KS Williamson"}}, {"3.4": {"non_striker": "KS Williamson", "bowler": "DS Kulkarni", "runs": {"extras": 0, "total": 0, "batsman": 0}, "batsman": "AD Hales"}}, {"3.5": {"non_striker": "KS Williamson", "bowler": "DS Kulkarni", "runs": {"extras": 0, "total": 1, "batsman": 1}, "batsman": "AD Hales"}}, {"3.6": {"non_striker": "AD Hales", "bowler": "DS Kulkarni", "runs": {"extras": 0, "total": 0, "batsman": 0}, "batsman": "KS Williamson"}}, {"4.1": {"non_striker": "KS Williamson", "bowler": "JC Archer", "runs": {"extras": 0, "total": 1, "batsman": 1}, "batsman": "AD Hales"}}, {"4.2": {"non_striker": "AD Hales", "bowler": "JC Archer", "runs": {"extras": 0, "total": 4, "batsman": 4}, "batsman": "KS Williamson"}}, {"4.3": {"non_striker": "AD Hales", "bowler": "JC Archer", "runs": {"extras": 0, "total": 0, "batsman": 0}, "batsman": "KS Williamson"}}, {"4.4": {"non_striker": "AD Hales", "bowler": "JC Archer", "runs": {"extras": 0, "total": 1, "batsman": 1}, "batsman": "KS Williamson"}}, {"4.5": {"non_striker": "KS Williamson", "bowler": "JC Archer", "runs": {"extras": 0, "total": 1, "batsman": 1}, "batsman": "AD Hales"}}, {"4.6": {"non_striker": "AD Hales", "bowler": "JC Archer", "runs": {"extras": 0, "total": 0, "batsman": 0}, "batsman": "KS Williamson"}}, {"5.1": {"non_striker": "KS Williamson", "bowler": "JD Unadkat", "runs": {"extras": 0, "total": 0, "batsman": 0}, "batsman": "AD Hales"}}, {"5.2": {"non_striker": "KS Williamson", "bowler": "JD Unadkat", "runs": {"extras": 0, "total": 1, "batsman": 1}, "batsman": "AD Hales"}}, {"5.3": {"non_striker": "AD Hales", "bowler": "JD Unadkat", "runs": {"extras": 0, "total": 0, "batsman": 0}, "batsman": "KS Williamson"}}, {"5.4": {"non_striker": "AD Hales", "bowler": "JD Unadkat", "runs": {"extras": 0, "total": 1, "batsman": 1}, "batsman": "KS Williamson"}}, {"5.5": {"non_striker": "KS Williamson", "bowler": "JD Unadkat", "runs": {"extras": 0, "total": 2, "batsman": 2}, "batsman": "AD Hales"}}, {"5.6": {"non_striker": "KS Williamson", "bowler": "JD Unadkat", "runs": {"extras": 0, "total": 2, "batsman": 2}, "batsman": "AD Hales"}}, {"6.1": {"non_striker": "AD Hales", "bowler": "IS Sodhi", "runs": {"extras": 0, "total": 1, "batsman": 1}, "batsman": "KS Williamson"}}, {"6.2": {"non_striker": "KS Williamson", "bowler": "IS Sodhi", "runs": {"extras": 0, "total": 1, "batsman": 1}, "batsman": "AD Hales"}}, {"6.3": {"non_striker": "AD Hales", "bowler": "IS Sodhi", "runs": {"extras": 0, "total": 1, "batsman": 1}, "batsman": "KS Williamson"}}, {"6.4": {"non_striker": "KS Williamson", "bowler": "IS Sodhi", "runs": {"extras": 0, "total": 1, "batsman": 1}, "batsman": "AD Hales"}}, {"6.5": {"non_striker": "AD Hales", "bowler": "IS Sodhi", "runs": {"extras": 0, "total": 4, "batsman": 4}, "batsman": "KS Williamson"}}, {"6.6": {"non_striker": "AD Hales", "bowler": "IS Sodhi", "runs": {"extras": 0, "total": 1, "batsman": 1}, "batsman": "KS Williamson"}}, {"7.1": {"non_striker": "AD Hales", "bowler": "BA Stokes", "runs": {"extras": 0, "total": 1, "batsman": 1}, "batsman": "KS Williamson"}}, {"7.2": {"non_striker": "KS Williamson", "bowler": "BA Stokes", "runs": {"extras": 0, "total": 2, "batsman": 2}, "batsman": "AD Hales"}}, {"7.3": {"non_striker": "KS Williamson", "bowler": "BA Stokes", "runs": {"extras": 0, "total": 1, "batsman": 1}, "batsman": "AD Hales"}}, {"7.4": {"non_striker": "AD Hales", "bowler": "BA Stokes", "runs": {"extras": 0, "total": 0, "batsman": 0}, "batsman": "KS Williamson"}}, {"7.5": {"non_striker": "AD Hales", "bowler": "BA Stokes", "runs": {"extras": 0, "total": 1, "batsman": 1}, "batsman": "KS Williamson"}}, {"7.6": {"non_striker": "KS Williamson", "bowler": "BA Stokes", "runs": {"extras": 0, "total": 1, "batsman": 1}, "batsman": "AD Hales"}}, {"8.1": {"non_striker": "KS Williamson", "bowler": "IS Sodhi", "runs": {"extras": 0, "total": 1, "batsman": 1}, "batsman": "AD Hales"}}, {"8.2": {"non_striker": "AD Hales", "bowler": "IS Sodhi", "runs": {"extras": 0, "total": 1, "batsman": 1}, "batsman": "KS Williamson"}}, {"8.3": {"non_striker": "KS Williamson", "bowler": "IS Sodhi", "runs": {"extras": 0, "total": 2, "batsman": 2}, "batsman": "AD Hales"}}, {"8.4": {"non_striker": "KS Williamson", "bowler": "IS Sodhi", "runs": {"extras": 0, "total": 0, "batsman": 0}, "batsman": "AD Hales"}}, {"8.5": {"non_striker": "KS Williamson", "bowler": "IS Sodhi", "runs": {"extras": 0, "total": 1, "batsman": 1}, "batsman": "AD Hales"}}, {"8.6": {"non_striker": "AD Hales", "bowler": "IS Sodhi", "runs": {"extras": 0, "total": 4, "batsman": 4}, "batsman": "KS Williamson"}}, {"9.1": {"non_striker": "KS Williamson", "bowler": "BA Stokes", "runs": {"extras": 0, "total": 4, "batsman": 4}, "batsman": "AD Hales"}}, {"9.2": {"non_striker": "KS Williamson", "bowler": "BA Stokes", "runs": {"extras": 0, "total": 2, "batsman": 2}, "batsman": "AD Hales"}}, {"9.3": {"non_striker": "KS Williamson", "bowler": "BA Stokes", "runs": {"extras": 0, "total": 0, "batsman": 0}, "batsman": "AD Hales"}}, {"9.4": {"non_striker": "KS Williamson", "bowler": "BA Stokes", "runs": {"extras": 0, "total": 0, "batsman": 0}, "batsman": "AD Hales"}}, {"9.5": {"non_striker": "KS Williamson", "bowler": "BA Stokes", "runs": {"extras": 0, "total": 1, "batsman": 1}, "batsman": "AD Hales"}}, {"9.6": {"non_striker": "AD Hales", "bowler": "BA Stokes", "runs": {"extras": 0, "total": 0, "batsman": 0}, "batsman": "KS Williamson"}}, {"10.1": {"non_striker": "KS Williamson", "bowler": "MK Lomror", "runs": {"extras": 0, "total": 1, "batsman": 1}, "batsman": "AD Hales"}}, {"10.2": {"non_striker": "AD Hales", "bowler": "MK Lomror", "runs": {"extras": 0, "total": 1, "batsman": 1}, "batsman": "KS Williamson"}}, {"10.3": {"non_striker": "KS Williamson", "bowler": "MK Lomror", "runs": {"extras": 0, "total": 1, "batsman": 1}, "batsman": "AD Hales"}}, {"10.4": {"non_striker": "AD Hales", "bowler": "MK Lomror", "runs": {"extras": 0, "total": 1, "batsman": 1}, "batsman": "KS Williamson"}}, {"10.5": {"non_striker": "KS Williamson", "bowler": "MK Lomror", "runs": {"extras": 0, "total": 0, "batsman": 0}, "batsman": "AD Hales"}}, {"10.6": {"non_striker": "KS Williamson", "bowler": "MK Lomror", "runs": {"extras": 0, "total": 4, "batsman": 4}, "batsman": "AD Hales"}}, {"11.1": {"non_striker": "AD Hales", "bowler": "JD Unadkat", "runs": {"extras": 0, "total": 4, "batsman": 4}, "batsman": "KS Williamson"}}, {"11.2": {"non_striker": "AD Hales", "bowler": "JD Unadkat", "runs": {"extras": 0, "total": 6, "batsman": 6}, "batsman": "KS Williamson"}}, {"11.3": {"non_striker": "AD Hales", "bowler": "JD Unadkat", "runs": {"extras": 0, "total": 4, "batsman": 4}, "batsman": "KS Williamson"}}, {"11.4": {"non_striker": "AD Hales", "bowler": "JD Unadkat", "runs": {"extras": 0, "total": 2, "batsman": 2}, "batsman": "KS Williamson"}}, {"11.5": {"non_striker": "AD Hales", "bowler": "JD Unadkat", "runs": {"extras": 0, "total": 4, "batsman": 4}, "batsman": "KS Williamson"}}, {"11.6": {"non_striker": "AD Hales", "bowler": "JD Unadkat", "runs": {"extras": 0, "total": 1, "batsman": 1}, "batsman": "KS Williamson"}}, {"12.1": {"non_striker": "AD Hales", "bowler": "JC Archer", "runs": {"extras": 0, "total": 1, "batsman": 1}, "batsman": "KS Williamson"}}, {"12.2": {"non_striker": "KS Williamson", "bowler": "JC Archer", "runs": {"extras": 0, "total": 1, "batsman": 1}, "batsman": "AD Hales"}}, {"12.3": {"non_striker": "AD Hales", "bowler": "JC Archer", "runs": {"extras": 0, "total": 0, "batsman": 0}, "batsman": "KS Williamson"}}, {"12.4": {"non_striker": "AD Hales", "bowler": "JC Archer", "runs": {"extras": 0, "total": 6, "batsman": 6}, "batsman": "KS Williamson"}}, {"12.5": {"non_striker": "AD Hales", "bowler": "JC Archer", "runs": {"extras": 0, "total": 0, "batsman": 0}, "batsman": "KS Williamson"}}, {"12.6": {"non_striker": "AD Hales", "bowler": "JC Archer", "runs": {"extras": 0, "total": 0, "batsman": 0}, "batsman": "KS Williamson"}}, {"13.1": {"non_striker": "KS Williamson", "bowler": "K Gowtham", "runs": {"extras": 0, "total": 1, "batsman": 1}, "batsman": "AD Hales"}}, {"13.2": {"non_striker": "AD Hales", "bowler": "K Gowtham", "runs": {"extras": 0, "total": 1, "batsman": 1}, "batsman": "KS Williamson"}}, {"13.3": {"non_striker": "KS Williamson", "bowler": "K Gowtham", "runs": {"extras": 0, "total": 0, "batsman": 0}, "batsman": "AD Hales", "wicket": {"player_out": "AD Hales", "fielders": ["SV Samson"], "kind": "caught"}}}, {"13.4": {"non_striker": "MK Pandey", "bowler": "K Gowtham", "runs": {"extras": 0, "total": 0, "batsman": 0}, "batsman": "KS Williamson"}}, {"13.5": {"non_striker": "MK Pandey", "bowler": "K Gowtham", "runs": {"extras": 0, "total": 2, "batsman": 2}, "batsman": "KS Williamson"}}, {"13.6": {"non_striker": "MK Pandey", "bowler": "K Gowtham", "runs": {"extras": 0, "total": 2, "batsman": 2}, "batsman": "KS Williamson"}}, {"14.1": {"non_striker": "KS Williamson", "bowler": "IS Sodhi", "runs": {"extras": 0, "total": 0, "batsman": 0}, "batsman": "MK Pandey"}}, {"14.2": {"non_striker": "KS Williamson", "bowler": "IS Sodhi", "runs": {"extras": 0, "total": 1, "batsman": 1}, "batsman": "MK Pandey"}}, {"14.3": {"non_striker": "MK Pandey", "bowler": "IS Sodhi", "runs": {"extras": 0, "total": 1, "batsman": 1}, "batsman": "KS Williamson"}}, {"14.4": {"non_striker": "KS Williamson", "bowler": "IS Sodhi", "runs": {"extras": 0, "total": 1, "batsman": 1}, "batsman": "MK Pandey"}}, {"14.5": {"non_striker": "MK Pandey", "bowler": "IS Sodhi", "runs": {"extras": 0, "total": 0, "batsman": 0}, "batsman": "KS Williamson", "wicket": {"player_out": "KS Williamson", "fielders": ["JC Buttler"], "kind": "caught"}}}, {"14.6": {"non_striker": "MK Pandey", "bowler": "IS Sodhi", "runs": {"extras": 0, "total": 4, "batsman": 4}, "batsman": "Shakib Al Hasan"}}, {"15.1": {"non_striker": "Shakib Al Hasan", "bowler": "K Gowtham", "runs": {"extras": 0, "total": 1, "batsman": 1}, "batsman": "MK Pandey"}}, {"15.2": {"non_striker": "MK Pandey", "bowler": "K Gowtham", "runs": {"extras": 0, "total": 0, "batsman": 0}, "batsman": "Shakib Al Hasan"}}, {"15.3": {"non_striker": "MK Pandey", "bowler": "K Gowtham", "runs": {"extras": 0, "total": 1, "batsman": 1}, "batsman": "Shakib Al Hasan"}}, {"15.4": {"non_striker": "Shakib Al Hasan", "bowler": "K Gowtham", "runs": {"extras": 0, "total": 2, "batsman": 2}, "batsman": "MK Pandey"}}, {"15.5": {"non_striker": "Shakib Al Hasan", "bowler": "K Gowtham", "runs": {"extras": 0, "total": 0, "batsman": 0}, "batsman": "MK Pandey"}}, {"15.6": {"non_striker": "Shakib Al Hasan", "bowler": "K Gowtham", "runs": {"extras": 0, "total": 2, "batsman": 2}, "batsman": "MK Pandey"}}, {"16.1": {"non_striker": "MK Pandey", "bowler": "BA Stokes", "runs": {"extras": 0, "total": 0, "batsman": 0}, "batsman": "Shakib Al Hasan"}}, {"16.2": {"non_striker": "MK Pandey", "bowler": "BA Stokes", "runs": {"extras": 0, "total": 1, "batsman": 1}, "batsman": "Shakib Al Hasan"}}, {"16.3": {"non_striker": "Shakib Al Hasan", "bowler": "BA Stokes", "runs": {"extras": 0, "total": 2, "batsman": 2}, "batsman": "MK Pandey"}}, {"16.4": {"non_striker": "Shakib Al Hasan", "bowler": "BA Stokes", "runs": {"extras": 0, "total": 4, "batsman": 4}, "batsman": "MK Pandey"}}, {"16.5": {"non_striker": "Shakib Al Hasan", "bowler": "BA Stokes", "runs": {"extras": 0, "total": 0, "batsman": 0}, "batsman": "MK Pandey"}}, {"16.6": {"non_striker": "Shakib Al Hasan", "bowler": "BA Stokes", "runs": {"extras": 0, "total": 0, "batsman": 0}, "batsman": "MK Pandey"}}, {"17.1": {"non_striker": "MK Pandey", "bowler": "JC Archer", "runs": {"extras": 0, "total": 0, "batsman": 0}, "batsman": "Shakib Al Hasan", "wicket": {"player_out": "Shakib Al Hasan", "kind": "bowled"}}}, {"17.2": {"non_striker": "MK Pandey", "bowler": "JC Archer", "runs": {"extras": 0, "total": 1, "batsman": 1}, "batsman": "YK Pathan"}}, {"17.3": {"non_striker": "YK Pathan", "bowler": "JC Archer", "runs": {"extras": 0, "total": 1, "batsman": 1}, "batsman": "MK Pandey"}}, {"17.4": {"non_striker": "MK Pandey", "bowler": "JC Archer", "runs": {"extras": 0, "total": 1, "batsman": 1}, "batsman": "YK Pathan"}}, {"17.5": {"non_striker": "YK Pathan", "bowler": "JC Archer", "runs": {"extras": 0, "total": 1, "batsman": 1}, "batsman": "MK Pandey"}}, {"17.6": {"non_striker": "MK Pandey", "bowler": "JC Archer", "runs": {"extras": 0, "total": 0, "batsman": 0}, "batsman": "YK Pathan", "wicket": {"player_out": "YK Pathan", "fielders": ["DS Kulkarni"], "kind": "caught"}}}, {"18.1": {"non_striker": "WP Saha", "bowler": "JD Unadkat", "runs": {"extras": 0, "total": 1, "batsman": 1}, "batsman": "MK Pandey"}}, {"18.2": {"non_striker": "MK Pandey", "bowler": "JD Unadkat", "runs": {"extras": 0, "total": 2, "batsman": 2}, "batsman": "WP Saha"}}, {"18.3": {"non_striker": "MK Pandey", "bowler": "JD Unadkat", "runs": {"extras": 0, "total": 2, "batsman": 2}, "batsman": "WP Saha"}}, {"18.4": {"non_striker": "MK Pandey", "bowler": "JD Unadkat", "runs": {"extras": 0, "total": 1, "batsman": 1}, "batsman": "WP Saha"}}, {"18.5": {"non_striker": "WP Saha", "bowler": "JD Unadkat", "runs": {"extras": 0, "total": 0, "batsman": 0}, "batsman": "MK Pandey", "wicket": {"player_out": "MK Pandey", "fielders": ["AM Rahane"], "kind": "caught"}}}, {"18.6": {"non_striker": "WP Saha", "bowler": "JD Unadkat", "runs": {"extras": 0, "total": 0, "batsman": 0}, "batsman": "Rashid Khan"}}, {"19.1": {"non_striker": "Rashid Khan", "bowler": "JC Archer", "runs": {"extras": 0, "total": 4, "batsman": 4}, "batsman": "WP Saha"}}, {"19.2": {"non_striker": "Rashid Khan", "bowler": "JC Archer", "runs": {"extras": 0, "total": 1, "batsman": 1}, "batsman": "WP Saha"}}, {"19.3": {"non_striker": "WP Saha", "bowler": "JC Archer", "runs": {"extras": 0, "total": 1, "batsman": 1}, "batsman": "Rashid Khan"}}, {"19.4": {"non_striker": "Rashid Khan", "bowler": "JC Archer", "runs": {"extras": 0, "total": 1, "batsman": 1}, "batsman": "WP Saha"}}, {"19.5": {"non_striker": "WP Saha", "bowler": "JC Archer", "runs": {"extras": 0, "total": 0, "batsman": 0}, "batsman": "Rashid Khan", "wicket": {"player_out": "Rashid Khan", "fielders": ["BA Stokes"], "kind": "caught"}}}, {"19.6": {"non_striker": "Basil Thampi", "bowler": "JC Archer", "runs": {"extras": 1, "total": 1, "batsman": 0}, "extras": {"byes": 1}, "batsman": "WP Saha"}}]