[{"0.1": {"non_striker": "GJ Maxwell", "bowler": "KH Pandya", "runs": {"extras": 0, "total": 1, "batsman": 1}, "batsman": "PP Shaw"}}, {"0.2": {"non_striker": "PP Shaw", "bowler": "KH Pandya", "runs": {"extras": 2, "total": 2, "batsman": 0}, "extras": {"legbyes": 2}, "batsman": "GJ Maxwell"}}, {"0.3": {"non_striker": "PP Shaw", "bowler": "KH Pandya", "runs": {"extras": 0, "total": 0, "batsman": 0}, "batsman": "GJ Maxwell"}}, {"0.4": {"non_striker": "PP Shaw", "bowler": "KH Pandya", "runs": {"extras": 0, "total": 1, "batsman": 1}, "batsman": "GJ Maxwell"}}, {"0.5": {"non_striker": "GJ Maxwell", "bowler": "KH Pandya", "runs": {"extras": 0, "total": 1, "batsman": 1}, "batsman": "PP Shaw"}}, {"0.6": {"non_striker": "PP Shaw", "bowler": "KH Pandya", "runs": {"extras": 0, "total": 4, "batsman": 4}, "batsman": "GJ Maxwell"}}, {"1.1": {"non_striker": "GJ Maxwell", "bowler": "JJ Bumrah", "runs": {"extras": 0, "total": 0, "batsman": 0}, "batsman": "PP Shaw"}}, {"1.2": {"non_striker": "GJ Maxwell", "bowler": "JJ Bumrah", "runs": {"extras": 0, "total": 4, "batsman": 4}, "batsman": "PP Shaw"}}, {"1.3": {"non_striker": "GJ Maxwell", "bowler": "JJ Bumrah", "runs": {"extras": 0, "total": 1, "batsman": 1}, "batsman": "PP Shaw"}}, {"1.4": {"non_striker": "PP Shaw", "bowler": "JJ Bumrah", "runs": {"extras": 0, "total": 2, "batsman": 2}, "batsman": "GJ Maxwell"}}, {"1.5": {"non_striker": "PP Shaw", "bowler": "JJ Bumrah", "runs": {"extras": 0, "total": 0, "batsman": 0}, "batsman": "GJ Maxwell"}}, {"1.6": {"non_striker": "PP Shaw", "bowler": "JJ Bumrah", "runs": {"extras": 0, "total": 4, "batsman": 4}, "batsman": "GJ Maxwell"}}, {"2.1": {"non_striker": "GJ Maxwell", "bowler": "HH Pandya", "runs": {"extras": 0, "total": 0, "batsman": 0}, "batsman": "PP Shaw"}}, {"2.2": {"non_striker": "GJ Maxwell", "bowler": "HH Pandya", "runs": {"extras": 0, "total": 1, "batsman": 1}, "batsman": "PP Shaw"}}, {"2.3": {"non_striker": "PP Shaw", "bowler": "HH Pandya", "runs": {"extras": 0, "total": 0, "batsman": 0}, "batsman": "GJ Maxwell"}}, {"2.4": {"non_striker": "PP Shaw", "bowler": "HH Pandya", "runs": {"extras": 0, "total": 4, "batsman": 4}, "batsman": "GJ Maxwell"}}, {"2.5": {"non_striker": "PP Shaw", "bowler": "HH Pandya", "runs": {"extras": 0, "total": 1, "batsman": 1}, "batsman": "GJ Maxwell"}}, {"2.6": {"non_striker": "GJ Maxwell", "bowler": "HH Pandya", "runs": {"extras": 0, "total": 4, "batsman": 4}, "batsman": "PP Shaw"}}, {"3.1": {"non_striker": "PP Shaw", "bowler": "Mustafizur Rahman", "runs": {"extras": 0, "total": 0, "batsman": 0}, "batsman": "GJ Maxwell", "wicket": {"player_out": "PP Shaw", "kind": "run out"}}}, {"3.2": {"non_striker": "SS Iyer", "bowler": "Mustafizur Rahman", "runs": {"extras": 0, "total": 1, "batsman": 1}, "batsman": "GJ Maxwell"}}, {"3.3": {"non_striker": "GJ Maxwell", "bowler": "Mustafizur Rahman", "runs": {"extras": 0, "total": 1, "batsman": 1}, "batsman": "SS Iyer"}}, {"3.4": {"non_striker": "SS Iyer", "bowler": "Mustafizur Rahman", "runs": {"extras": 0, "total": 0, "batsman": 0}, "batsman": "GJ Maxwell"}}, {"3.5": {"non_striker": "SS Iyer", "bowler": "Mustafizur Rahman", "runs": {"extras": 0, "total": 0, "batsman": 0}, "batsman": "GJ Maxwell"}}, {"3.6": {"non_striker": "SS Iyer", "bowler": "Mustafizur Rahman", "runs": {"extras": 0, "total": 1, "batsman": 1}, "batsman": "GJ Maxwell"}}, {"4.1": {"non_striker": "SS Iyer", "bowler": "JJ Bumrah", "runs": {"extras": 0, "total": 4, "batsman": 4}, "batsman": "GJ Maxwell"}}, {"4.2": {"non_striker": "SS Iyer", "bowler": "JJ Bumrah", "runs": {"extras": 1, "total": 1, "batsman": 0}, "extras": {"wides": 1}, "batsman": "GJ Maxwell"}}, {"4.3": {"non_striker": "SS Iyer", "bowler": "JJ Bumrah", "runs": {"extras": 0, "total": 0, "batsman": 0}, "batsman": "GJ Maxwell"}}, {"4.4": {"non_striker": "SS Iyer", "bowler": "JJ Bumrah", "runs": {"extras": 0, "total": 0, "batsman": 0}, "batsman": "GJ Maxwell", "wicket": {"player_out": "GJ Maxwell", "fielders": ["HH Pandya"], "kind": "bowled"}}}, {"4.5": {"non_striker": "SS Iyer", "bowler": "JJ Bumrah", "runs": {"extras": 0, "total": 0, "batsman": 0}, "batsman": "RR Pant"}}, {"4.6": {"non_striker": "SS Iyer", "bowler": "JJ Bumrah", "runs": {"extras": 0, "total": 0, "batsman": 0}, "batsman": "RR Pant"}}, {"4.7": {"non_striker": "SS Iyer", "bowler": "JJ Bumrah", "runs": {"extras": 0, "total": 1, "batsman": 1}, "batsman": "RR Pant"}}, {"5.1": {"non_striker": "SS Iyer", "bowler": "Mustafizur Rahman", "runs": {"extras": 0, "total": 4, "batsman": 4}, "batsman": "RR Pant"}}, {"5.2": {"non_striker": "SS Iyer", "bowler": "Mustafizur Rahman", "runs": {"extras": 0, "total": 2, "batsman": 2}, "batsman": "RR Pant"}}, {"5.3": {"non_striker": "SS Iyer", "bowler": "Mustafizur Rahman", "runs": {"extras": 0, "total": 1, "batsman": 1}, "batsman": "RR Pant"}}, {"5.4": {"non_striker": "RR Pant", "bowler": "Mustafizur Rahman", "runs": {"extras": 0, "total": 0, "batsman": 0}, "batsman": "SS Iyer"}}, {"5.5": {"non_striker": "RR Pant", "bowler": "Mustafizur Rahman", "runs": {"extras": 0, "total": 0, "batsman": 0}, "batsman": "SS Iyer"}}, {"5.6": {"non_striker": "RR Pant", "bowler": "Mustafizur Rahman", "runs": {"extras": 0, "total": 0, "batsman": 0}, "batsman": "SS Iyer"}}, {"6.1": {"non_striker": "SS Iyer", "bowler": "M Markande", "runs": {"extras": 0, "total": 1, "batsman": 1}, "batsman": "RR Pant"}}, {"6.2": {"non_striker": "RR Pant", "bowler": "M Markande", "runs": {"extras": 0, "total": 1, "batsman": 1}, "batsman": "SS Iyer"}}, {"6.3": {"non_striker": "SS Iyer", "bowler": "M Markande", "runs": {"extras": 0, "total": 4, "batsman": 4}, "batsman": "RR Pant"}}, {"6.4": {"non_striker": "SS Iyer", "bowler": "M Markande", "runs": {"extras": 0, "total": 1, "batsman": 1}, "batsman": "RR Pant"}}, {"6.5": {"non_striker": "RR Pant", "bowler": "M Markande", "runs": {"extras": 0, "total": 1, "batsman": 1}, "batsman": "SS Iyer"}}, {"6.6": {"non_striker": "SS Iyer", "bowler": "M Markande", "runs": {"extras": 0, "total": 6, "batsman": 6}, "batsman": "RR Pant"}}, {"7.1": {"non_striker": "RR Pant", "bowler": "BCJ Cutting", "runs": {"extras": 0, "total": 1, "batsman": 1}, "batsman": "SS Iyer"}}, {"7.2": {"non_striker": "SS Iyer", "bowler": "BCJ Cutting", "runs": {"extras": 0, "total": 4, "batsman": 4}, "batsman": "RR Pant"}}, {"7.3": {"non_striker": "SS Iyer", "bowler": "BCJ Cutting", "runs": {"extras": 0, "total": 1, "batsman": 1}, "batsman": "RR Pant"}}, {"7.4": {"non_striker": "RR Pant", "bowler": "BCJ Cutting", "runs": {"extras": 0, "total": 1, "batsman": 1}, "batsman": "SS Iyer"}}, {"7.5": {"non_striker": "SS Iyer", "bowler": "BCJ Cutting", "runs": {"extras": 0, "total": 0, "batsman": 0}, "batsman": "RR Pant"}}, {"7.6": {"non_striker": "SS Iyer", "bowler": "BCJ Cutting", "runs": {"extras": 0, "total": 1, "batsman": 1}, "batsman": "RR Pant"}}, {"8.1": {"non_striker": "SS Iyer", "bowler": "M Markande", "runs": {"extras": 0, "total": 0, "batsman": 0}, "batsman": "RR Pant"}}, {"8.2": {"non_striker": "SS Iyer", "bowler": "M Markande", "runs": {"extras": 0, "total": 4, "batsman": 4}, "batsman": "RR Pant"}}, {"8.3": {"non_striker": "SS Iyer", "bowler": "M Markande", "runs": {"extras": 0, "total": 1, "batsman": 1}, "batsman": "RR Pant"}}, {"8.4": {"non_striker": "RR Pant", "bowler": "M Markande", "runs": {"extras": 0, "total": 1, "batsman": 1}, "batsman": "SS Iyer"}}, {"8.5": {"non_striker": "SS Iyer", "bowler": "M Markande", "runs": {"extras": 0, "total": 1, "batsman": 1}, "batsman": "RR Pant"}}, {"8.6": {"non_striker": "RR Pant", "bowler": "M Markande", "runs": {"extras": 0, "total": 0, "batsman": 0}, "batsman": "SS Iyer", "wicket": {"player_out": "SS Iyer", "fielders": ["KH Pandya"], "kind": "caught"}}}, {"9.1": {"non_striker": "V Shankar", "bowler": "HH Pandya", "runs": {"extras": 0, "total": 1, "batsman": 1}, "batsman": "RR Pant"}}, {"9.2": {"non_striker": "RR Pant", "bowler": "HH Pandya", "runs": {"extras": 0, "total": 4, "batsman": 4}, "batsman": "V Shankar"}}, {"9.3": {"non_striker": "RR Pant", "bowler": "HH Pandya", "runs": {"extras": 0, "total": 0, "batsman": 0}, "batsman": "V Shankar"}}, {"9.4": {"non_striker": "RR Pant", "bowler": "HH Pandya", "runs": {"extras": 0, "total": 1, "batsman": 1}, "batsman": "V Shankar"}}, {"9.5": {"non_striker": "V Shankar", "bowler": "HH Pandya", "runs": {"extras": 0, "total": 1, "batsman": 1}, "batsman": "RR Pant"}}, {"9.6": {"non_striker": "RR Pant", "bowler": "HH Pandya", "runs": {"extras": 0, "total": 1, "batsman": 1}, "batsman": "V Shankar"}}, {"10.1": {"non_striker": "RR Pant", "bowler": "BCJ Cutting", "runs": {"extras": 0, "total": 0, "batsman": 0}, "batsman": "V Shankar"}}, {"10.2": {"non_striker": "RR Pant", "bowler": "BCJ Cutting", "runs": {"extras": 0, "total": 0, "batsman": 0}, "batsman": "V Shankar"}}, {"10.3": {"non_striker": "RR Pant", "bowler": "BCJ Cutting", "runs": {"extras": 0, "total": 1, "batsman": 1}, "batsman": "V Shankar"}}, {"10.4": {"non_striker": "V Shankar", "bowler": "BCJ Cutting", "runs": {"extras": 0, "total": 0, "batsman": 0}, "batsman": "RR Pant"}}, {"10.5": {"non_striker": "V Shankar", "bowler": "BCJ Cutting", "runs": {"extras": 0, "total": 1, "batsman": 1}, "batsman": "RR Pant"}}, {"10.6": {"non_striker": "RR Pant", "bowler": "BCJ Cutting", "runs": {"extras": 0, "total": 1, "batsman": 1}, "batsman": "V Shankar"}}, {"11.1": {"non_striker": "RR Pant", "bowler": "HH Pandya", "runs": {"extras": 0, "total": 0, "batsman": 0}, "batsman": "V Shankar"}}, {"11.2": {"non_striker": "RR Pant", "bowler": "HH Pandya", "runs": {"extras": 0, "total": 1, "batsman": 1}, "batsman": "V Shankar"}}, {"11.3": {"non_striker": "V Shankar", "bowler": "HH Pandya", "runs": {"extras": 1, "total": 1, "batsman": 0}, "extras": {"wides": 1}, "batsman": "RR Pant"}}, {"11.4": {"non_striker": "V Shankar", "bowler": "HH Pandya", "runs": {"extras": 0, "total": 1, "batsman": 1}, "batsman": "RR Pant"}}, {"11.5": {"non_striker": "RR Pant", "bowler": "HH Pandya", "runs": {"extras": 0, "total": 1, "batsman": 1}, "batsman": "V Shankar"}}, {"11.6": {"non_striker": "V Shankar", "bowler": "HH Pandya", "runs": {"extras": 0, "total": 1, "batsman": 1}, "batsman": "RR Pant"}}, {"11.7": {"non_striker": "RR Pant", "bowler": "HH Pandya", "runs": {"extras": 0, "total": 1, "batsman": 1}, "batsman": "V Shankar"}}, {"12.1": {"non_striker": "RR Pant", "bowler": "BCJ Cutting", "runs": {"extras": 0, "total": 6, "batsman": 6}, "batsman": "V Shankar"}}, {"12.2": {"non_striker": "RR Pant", "bowler": "BCJ Cutting", "runs": {"extras": 0, "total": 1, "batsman": 1}, "batsman": "V Shankar"}}, {"12.3": {"non_striker": "V Shankar", "bowler": "BCJ Cutting", "runs": {"extras": 0, "total": 1, "batsman": 1}, "batsman": "RR Pant"}}, {"12.4": {"non_striker": "RR Pant", "bowler": "BCJ Cutting", "runs": {"extras": 0, "total": 1, "batsman": 1}, "batsman": "V Shankar"}}, {"12.5": {"non_striker": "V Shankar", "bowler": "BCJ Cutting", "runs": {"extras": 0, "total": 1, "batsman": 1}, "batsman": "RR Pant"}}, {"12.6": {"non_striker": "RR Pant", "bowler": "BCJ Cutting", "runs": {"extras": 0, "total": 1, "batsman": 1}, "batsman": "V Shankar"}}, {"13.1": {"non_striker": "RR Pant", "bowler": "JJ Bumrah", "runs": {"extras": 0, "total": 1, "batsman": 1}, "batsman": "V Shankar"}}, {"13.2": {"non_striker": "V Shankar", "bowler": "JJ Bumrah", "runs": {"extras": 0, "total": 1, "batsman": 1}, "batsman": "RR Pant"}}, {"13.3": {"non_striker": "RR Pant", "bowler": "JJ Bumrah", "runs": {"extras": 0, "total": 0, "batsman": 0}, "batsman": "V Shankar"}}, {"13.4": {"non_striker": "RR Pant", "bowler": "JJ Bumrah", "runs": {"extras": 0, "total": 1, "batsman": 1}, "batsman": "V Shankar"}}, {"13.5": {"non_striker": "V Shankar", "bowler": "JJ Bumrah", "runs": {"extras": 0, "total": 0, "batsman": 0}, "batsman": "RR Pant"}}, {"13.6": {"non_striker": "V Shankar", "bowler": "JJ Bumrah", "runs": {"extras": 0, "total": 1, "batsman": 1}, "batsman": "RR Pant"}}, {"14.1": {"non_striker": "V Shankar", "bowler": "Mustafizur Rahman", "runs": {"extras": 0, "total": 0, "batsman": 0}, "batsman": "RR Pant"}}, {"14.2": {"non_striker": "V Shankar", "bowler": "Mustafizur Rahman", "runs": {"extras": 0, "total": 6, "batsman": 6}, "batsman": "RR Pant"}}, {"14.3": {"non_striker": "V Shankar", "bowler": "Mustafizur Rahman", "runs": {"extras": 0, "total": 2, "batsman": 2}, "batsman": "RR Pant"}}, {"14.4": {"non_striker": "V Shankar", "bowler": "Mustafizur Rahman", "runs": {"extras": 0, "total": 0, "batsman": 0}, "batsman": "RR Pant"}}, {"14.5": {"non_striker": "V Shankar", "bowler": "Mustafizur Rahman", "runs": {"extras": 0, "total": 1, "batsman": 1}, "batsman": "RR Pant"}}, {"14.6": {"non_striker": "RR Pant", "bowler": "Mustafizur Rahman", "runs": {"extras": 0, "total": 4, "batsman": 4}, "batsman": "V Shankar"}}, {"15.1": {"non_striker": "V Shankar", "bowler": "HH Pandya", "runs": {"extras": 0, "total": 6, "batsman": 6}, "batsman": "RR Pant"}}, {"15.2": {"non_striker": "V Shankar", "bowler": "HH Pandya", "runs": {"extras": 0, "total": 0, "batsman": 0}, "batsman": "RR Pant"}}, {"15.3": {"non_striker": "V Shankar", "bowler": "HH Pandya", "runs": {"extras": 4, "total": 4, "batsman": 0}, "extras": {"legbyes": 4}, "batsman": "RR Pant"}}, {"15.4": {"non_striker": "V Shankar", "bowler": "HH Pandya", "runs": {"extras": 0, "total": 6, "batsman": 6}, "batsman": "RR Pant"}}, {"15.5": {"non_striker": "V Shankar", "bowler": "HH Pandya", "runs": {"extras": 0, "total": 0, "batsman": 0}, "batsman": "RR Pant"}}, {"15.6": {"non_striker": "V Shankar", "bowler": "HH Pandya", "runs": {"extras": 0, "total": 0, "batsman": 0}, "batsman": "RR Pant"}}, {"16.1": {"non_striker": "RR Pant", "bowler": "KH Pandya", "runs": {"extras": 0, "total": 1, "batsman": 1}, "batsman": "V Shankar"}}, {"16.2": {"non_striker": "V Shankar", "bowler": "KH Pandya", "runs": {"extras": 0, "total": 0, "batsman": 0}, "batsman": "RR Pant"}}, {"16.3": {"non_striker": "V Shankar", "bowler": "KH Pandya", "runs": {"extras": 0, "total": 0, "batsman": 0}, "batsman": "RR Pant"}}, {"16.4": {"non_striker": "V Shankar", "bowler": "KH Pandya", "runs": {"extras": 0, "total": 2, "batsman": 2}, "batsman": "RR Pant"}}, {"16.5": {"non_striker": "V Shankar", "bowler": "KH Pandya", "runs": {"extras": 0, "total": 0, "batsman": 0}, "batsman": "RR Pant", "wicket": {"player_out": "RR Pant", "fielders": ["KA Pollard"], "kind": "caught"}}}, {"16.6": {"non_striker": "V Shankar", "bowler": "KH Pandya", "runs": {"extras": 0, "total": 1, "batsman": 1}, "batsman": "Abhishek Sharma"}}, {"17.1": {"non_striker": "V Shankar", "bowler": "Mustafizur Rahman", "runs": {"extras": 0, "total": 1, "batsman": 1}, "batsman": "Abhishek Sharma"}}, {"17.2": {"non_striker": "Abhishek Sharma", "bowler": "Mustafizur Rahman", "runs": {"extras": 0, "total": 0, "batsman": 0}, "batsman": "V Shankar"}}, {"17.3": {"non_striker": "Abhishek Sharma", "bowler": "Mustafizur Rahman", "runs": {"extras": 0, "total": 1, "batsman": 1}, "batsman": "V Shankar"}}, {"17.4": {"non_striker": "V Shankar", "bowler": "Mustafizur Rahman", "runs": {"extras": 0, "total": 6, "batsman": 6}, "batsman": "Abhishek Sharma"}}, {"17.5": {"non_striker": "V Shankar", "bowler": "Mustafizur Rahman", "runs": {"extras": 0, "total": 2, "batsman": 2}, "batsman": "Abhishek Sharma"}}, {"17.6": {"non_striker": "V Shankar", "bowler": "Mustafizur Rahman", "runs": {"extras": 0, "total": 1, "batsman": 1}, "batsman": "Abhishek Sharma"}}, {"18.1": {"non_striker": "V Shankar", "bowler": "JJ Bumrah", "runs": {"extras": 0, "total": 1, "batsman": 1}, "batsman": "Abhishek Sharma"}}, {"18.2": {"non_striker": "Abhishek Sharma", "bowler": "JJ Bumrah", "runs": {"extras": 0, "total": 1, "batsman": 1}, "batsman": "V Shankar"}}, {"18.3": {"non_striker": "V Shankar", "bowler": "JJ Bumrah", "runs": {"extras": 0, "total": 1, "batsman": 1}, "batsman": "Abhishek Sharma"}}, {"18.4": {"non_striker": "Abhishek Sharma", "bowler": "JJ Bumrah", "runs": {"extras": 0, "total": 1, "batsman": 1}, "batsman": "V Shankar"}}, {"18.5": {"non_striker": "V Shankar", "bowler": "JJ Bumrah", "runs": {"extras": 1, "total": 1, "batsman": 0}, "extras": {"wides": 1}, "batsman": "Abhishek Sharma"}}, {"18.6": {"non_striker": "V Shankar", "bowler": "JJ Bumrah", "runs": {"extras": 0, "total": 1, "batsman": 1}, "batsman": "Abhishek Sharma"}}, {"18.7": {"non_striker": "Abhishek Sharma", "bowler": "JJ Bumrah", "runs": {"extras": 1, "total": 1, "batsman": 0}, "extras": {"wides": 1}, "batsman": "V Shankar"}}, {"18.8": {"non_striker": "Abhishek Sharma", "bowler": "JJ Bumrah", "runs": {"extras": 0, "total": 1, "batsman": 1}, "batsman": "V Shankar"}}, {"19.1": {"non_striker": "Abhishek Sharma", "bowler": "BCJ Cutting", "runs": {"extras": 1, "total": 1, "batsman": 0}, "extras": {"wides": 1}, "batsman": "V Shankar"}}, {"19.2": {"non_striker": "Abhishek Sharma", "bowler": "BCJ Cutting", "runs": {"extras": 0, "total": 4, "batsman": 4}, "batsman": "V Shankar"}}, {"19.3": {"non_striker": "Abhishek Sharma", "bowler": "BCJ Cutting", "runs": {"extras": 0, "total": 1, "batsman": 1}, "batsman": "V Shankar"}}, {"19.4": {"non_striker": "V Shankar", "bowler": "BCJ Cutting", "runs": {"extras": 0, "total": 1, "batsman": 1}, "batsman": "Abhishek Sharma"}}, {"19.5": {"non_striker": "Abhishek Sharma", "bowler": "BCJ Cutting", "runs": {"extras": 0, "total": 6, "batsman": 6}, "batsman": "V Shankar"}}, {"19.6": {"non_striker": "Abhishek Sharma", "bowler": "BCJ Cutting", "runs": {"extras": 0, "total": 1, "batsman": 1}, "batsman": "V Shankar"}}, {"19.7": {"non_striker": "V Shankar", "bowler": "BCJ Cutting", "runs": {"extras": 1, "total": 1, "batsman": 0}, "extras": {"byes": 1}, "batsman": "Abhishek Sharma"}}]