[{"0.1": {"non_striker": "S Dhawan", "bowler": "MG Johnson", "runs": {"extras": 1, "total": 1, "batsman": 0}, "extras": {"wides": 1}, "batsman": "WP Saha"}}, {"0.2": {"non_striker": "S Dhawan", "bowler": "MG Johnson", "runs": {"extras": 0, "total": 0, "batsman": 0}, "batsman": "WP Saha"}}, {"0.3": {"non_striker": "S Dhawan", "bowler": "MG Johnson", "runs": {"extras": 0, "total": 0, "batsman": 0}, "batsman": "WP Saha"}}, {"0.4": {"non_striker": "S Dhawan", "bowler": "MG Johnson", "runs": {"extras": 1, "total": 1, "batsman": 0}, "extras": {"wides": 1}, "batsman": "WP Saha"}}, {"0.5": {"non_striker": "S Dhawan", "bowler": "MG Johnson", "runs": {"extras": 0, "total": 0, "batsman": 0}, "batsman": "WP Saha"}}, {"0.6": {"non_striker": "S Dhawan", "bowler": "MG Johnson", "runs": {"extras": 0, "total": 0, "batsman": 0}, "batsman": "WP Saha"}}, {"0.7": {"non_striker": "S Dhawan", "bowler": "MG Johnson", "runs": {"extras": 0, "total": 4, "batsman": 4}, "batsman": "WP Saha"}}, {"0.8": {"non_striker": "S Dhawan", "bowler": "MG Johnson", "runs": {"extras": 0, "total": 0, "batsman": 0}, "batsman": "WP Saha"}}, {"1.1": {"non_striker": "WP Saha", "bowler": "AD Russell", "runs": {"extras": 0, "total": 1, "batsman": 1}, "batsman": "S Dhawan"}}, {"1.2": {"non_striker": "S Dhawan", "bowler": "AD Russell", "runs": {"extras": 0, "total": 4, "batsman": 4}, "batsman": "WP Saha"}}, {"1.3": {"non_striker": "S Dhawan", "bowler": "AD Russell", "runs": {"extras": 0, "total": 1, "batsman": 1}, "batsman": "WP Saha"}}, {"1.4": {"non_striker": "WP Saha", "bowler": "AD Russell", "runs": {"extras": 0, "total": 0, "batsman": 0}, "batsman": "S Dhawan"}}, {"1.5": {"non_striker": "WP Saha", "bowler": "AD Russell", "runs": {"extras": 0, "total": 4, "batsman": 4}, "batsman": "S Dhawan"}}, {"1.6": {"non_striker": "WP Saha", "bowler": "AD Russell", "runs": {"extras": 0, "total": 0, "batsman": 0}, "batsman": "S Dhawan"}}, {"2.1": {"non_striker": "S Dhawan", "bowler": "MG Johnson", "runs": {"extras": 0, "total": 2, "batsman": 2}, "batsman": "WP Saha"}}, {"2.2": {"non_striker": "S Dhawan", "bowler": "MG Johnson", "runs": {"extras": 0, "total": 0, "batsman": 0}, "batsman": "WP Saha"}}, {"2.3": {"non_striker": "S Dhawan", "bowler": "MG Johnson", "runs": {"extras": 0, "total": 4, "batsman": 4}, "batsman": "WP Saha"}}, {"2.4": {"non_striker": "S Dhawan", "bowler": "MG Johnson", "runs": {"extras": 1, "total": 1, "batsman": 0}, "extras": {"wides": 1}, "batsman": "WP Saha"}}, {"2.5": {"non_striker": "S Dhawan", "bowler": "MG Johnson", "runs": {"extras": 0, "total": 4, "batsman": 4}, "batsman": "WP Saha"}}, {"2.6": {"non_striker": "S Dhawan", "bowler": "MG Johnson", "runs": {"extras": 0, "total": 4, "batsman": 4}, "batsman": "WP Saha"}}, {"2.7": {"non_striker": "S Dhawan", "bowler": "MG Johnson", "runs": {"extras": 0, "total": 1, "batsman": 1}, "batsman": "WP Saha"}}, {"3.1": {"non_striker": "S Dhawan", "bowler": "SP Narine", "runs": {"extras": 0, "total": 0, "batsman": 0}, "batsman": "WP Saha", "wicket": {"player_out": "WP Saha", "fielders": ["KD Karthik"], "kind": "caught"}}}, {"3.2": {"non_striker": "S Dhawan", "bowler": "SP Narine", "runs": {"extras": 0, "total": 0, "batsman": 0}, "batsman": "KS Williamson"}}, {"3.3": {"non_striker": "S Dhawan", "bowler": "SP Narine", "runs": {"extras": 0, "total": 0, "batsman": 0}, "batsman": "KS Williamson"}}, {"3.4": {"non_striker": "S Dhawan", "bowler": "SP Narine", "runs": {"extras": 0, "total": 1, "batsman": 1}, "batsman": "KS Williamson"}}, {"3.5": {"non_striker": "KS Williamson", "bowler": "SP Narine", "runs": {"extras": 0, "total": 1, "batsman": 1}, "batsman": "S Dhawan"}}, {"3.6": {"non_striker": "S Dhawan", "bowler": "SP Narine", "runs": {"extras": 0, "total": 1, "batsman": 1}, "batsman": "KS Williamson"}}, {"4.1": {"non_striker": "S Dhawan", "bowler": "PP Chawla", "runs": {"extras": 0, "total": 1, "batsman": 1}, "batsman": "KS Williamson"}}, {"4.2": {"non_striker": "KS Williamson", "bowler": "PP Chawla", "runs": {"extras": 0, "total": 1, "batsman": 1}, "batsman": "S Dhawan"}}, {"4.3": {"non_striker": "S Dhawan", "bowler": "PP Chawla", "runs": {"extras": 0, "total": 4, "batsman": 4}, "batsman": "KS Williamson"}}, {"4.4": {"non_striker": "S Dhawan", "bowler": "PP Chawla", "runs": {"extras": 0, "total": 4, "batsman": 4}, "batsman": "KS Williamson"}}, {"4.5": {"non_striker": "S Dhawan", "bowler": "PP Chawla", "runs": {"extras": 0, "total": 0, "batsman": 0}, "batsman": "KS Williamson"}}, {"4.6": {"non_striker": "S Dhawan", "bowler": "PP Chawla", "runs": {"extras": 0, "total": 0, "batsman": 0}, "batsman": "KS Williamson"}}, {"5.1": {"non_striker": "KS Williamson", "bowler": "SP Narine", "runs": {"extras": 1, "total": 1, "batsman": 0}, "extras": {"wides": 1}, "batsman": "S Dhawan"}}, {"5.2": {"non_striker": "KS Williamson", "bowler": "SP Narine", "runs": {"extras": 0, "total": 0, "batsman": 0}, "batsman": "S Dhawan", "wicket": {"player_out": "S Dhawan", "kind": "bowled"}}}, {"5.3": {"non_striker": "KS Williamson", "bowler": "SP Narine", "runs": {"extras": 0, "total": 0, "batsman": 0}, "batsman": "MK Pandey"}}, {"5.4": {"non_striker": "KS Williamson", "bowler": "SP Narine", "runs": {"extras": 0, "total": 0, "batsman": 0}, "batsman": "MK Pandey"}}, {"5.5": {"non_striker": "KS Williamson", "bowler": "SP Narine", "runs": {"extras": 0, "total": 0, "batsman": 0}, "batsman": "MK Pandey"}}, {"5.6": {"non_striker": "KS Williamson", "bowler": "SP Narine", "runs": {"extras": 0, "total": 0, "batsman": 0}, "batsman": "MK Pandey"}}, {"5.7": {"non_striker": "KS Williamson", "bowler": "SP Narine", "runs": {"extras": 0, "total": 0, "batsman": 0}, "batsman": "MK Pandey"}}, {"6.1": {"non_striker": "MK Pandey", "bowler": "Kuldeep Yadav", "runs": {"extras": 0, "total": 0, "batsman": 0}, "batsman": "KS Williamson"}}, {"6.2": {"non_striker": "MK Pandey", "bowler": "Kuldeep Yadav", "runs": {"extras": 0, "total": 0, "batsman": 0}, "batsman": "KS Williamson"}}, {"6.3": {"non_striker": "MK Pandey", "bowler": "Kuldeep Yadav", "runs": {"extras": 0, "total": 1, "batsman": 1}, "batsman": "KS Williamson"}}, {"6.4": {"non_striker": "KS Williamson", "bowler": "Kuldeep Yadav", "runs": {"extras": 0, "total": 0, "batsman": 0}, "batsman": "MK Pandey"}}, {"6.5": {"non_striker": "KS Williamson", "bowler": "Kuldeep Yadav", "runs": {"extras": 0, "total": 1, "batsman": 1}, "batsman": "MK Pandey"}}, {"6.6": {"non_striker": "MK Pandey", "bowler": "Kuldeep Yadav", "runs": {"extras": 0, "total": 1, "batsman": 1}, "batsman": "KS Williamson"}}, {"7.1": {"non_striker": "MK Pandey", "bowler": "PP Chawla", "runs": {"extras": 0, "total": 0, "batsman": 0}, "batsman": "KS Williamson"}}, {"7.2": {"non_striker": "MK Pandey", "bowler": "PP Chawla", "runs": {"extras": 0, "total": 0, "batsman": 0}, "batsman": "KS Williamson"}}, {"7.3": {"non_striker": "MK Pandey", "bowler": "PP Chawla", "runs": {"extras": 0, "total": 1, "batsman": 1}, "batsman": "KS Williamson"}}, {"7.4": {"non_striker": "KS Williamson", "bowler": "PP Chawla", "runs": {"extras": 0, "total": 1, "batsman": 1}, "batsman": "MK Pandey"}}, {"7.5": {"non_striker": "MK Pandey", "bowler": "PP Chawla", "runs": {"extras": 0, "total": 1, "batsman": 1}, "batsman": "KS Williamson"}}, {"7.6": {"non_striker": "KS Williamson", "bowler": "PP Chawla", "runs": {"extras": 0, "total": 1, "batsman": 1}, "batsman": "MK Pandey"}}, {"8.1": {"non_striker": "KS Williamson", "bowler": "Kuldeep Yadav", "runs": {"extras": 0, "total": 1, "batsman": 1}, "batsman": "MK Pandey"}}, {"8.2": {"non_striker": "MK Pandey", "bowler": "Kuldeep Yadav", "runs": {"extras": 0, "total": 0, "batsman": 0}, "batsman": "KS Williamson"}}, {"8.3": {"non_striker": "MK Pandey", "bowler": "Kuldeep Yadav", "runs": {"extras": 0, "total": 1, "batsman": 1}, "batsman": "KS Williamson"}}, {"8.4": {"non_striker": "KS Williamson", "bowler": "Kuldeep Yadav", "runs": {"extras": 0, "total": 0, "batsman": 0}, "batsman": "MK Pandey", "wicket": {"player_out": "MK Pandey", "kind": "lbw"}}}, {"8.5": {"non_striker": "KS Williamson", "bowler": "Kuldeep Yadav", "runs": {"extras": 0, "total": 1, "batsman": 1}, "batsman": "Shakib Al Hasan"}}, {"8.6": {"non_striker": "Shakib Al Hasan", "bowler": "Kuldeep Yadav", "runs": {"extras": 0, "total": 2, "batsman": 2}, "batsman": "KS Williamson"}}, {"9.1": {"non_striker": "KS Williamson", "bowler": "PP Chawla", "runs": {"extras": 0, "total": 1, "batsman": 1}, "batsman": "Shakib Al Hasan"}}, {"9.2": {"non_striker": "Shakib Al Hasan", "bowler": "PP Chawla", "runs": {"extras": 0, "total": 1, "batsman": 1}, "batsman": "KS Williamson"}}, {"9.3": {"non_striker": "KS Williamson", "bowler": "PP Chawla", "runs": {"extras": 0, "total": 0, "batsman": 0}, "batsman": "Shakib Al Hasan"}}, {"9.4": {"non_striker": "KS Williamson", "bowler": "PP Chawla", "runs": {"extras": 0, "total": 1, "batsman": 1}, "batsman": "Shakib Al Hasan"}}, {"9.5": {"non_striker": "Shakib Al Hasan", "bowler": "PP Chawla", "runs": {"extras": 0, "total": 1, "batsman": 1}, "batsman": "KS Williamson"}}, {"9.6": {"non_striker": "KS Williamson", "bowler": "PP Chawla", "runs": {"extras": 0, "total": 0, "batsman": 0}, "batsman": "Shakib Al Hasan"}}, {"10.1": {"non_striker": "Shakib Al Hasan", "bowler": "Kuldeep Yadav", "runs": {"extras": 0, "total": 0, "batsman": 0}, "batsman": "KS Williamson"}}, {"10.2": {"non_striker": "Shakib Al Hasan", "bowler": "Kuldeep Yadav", "runs": {"extras": 0, "total": 4, "batsman": 4}, "batsman": "KS Williamson"}}, {"10.3": {"non_striker": "Shakib Al Hasan", "bowler": "Kuldeep Yadav", "runs": {"extras": 0, "total": 4, "batsman": 4}, "batsman": "KS Williamson"}}, {"10.4": {"non_striker": "Shakib Al Hasan", "bowler": "Kuldeep Yadav", "runs": {"extras": 0, "total": 0, "batsman": 0}, "batsman": "KS Williamson"}}, {"10.5": {"non_striker": "Shakib Al Hasan", "bowler": "Kuldeep Yadav", "runs": {"extras": 0, "total": 1, "batsman": 1}, "batsman": "KS Williamson"}}, {"10.6": {"non_striker": "KS Williamson", "bowler": "Kuldeep Yadav", "runs": {"extras": 0, "total": 1, "batsman": 1}, "batsman": "Shakib Al Hasan"}}, {"11.1": {"non_striker": "KS Williamson", "bowler": "AD Russell", "runs": {"extras": 0, "total": 1, "batsman": 1}, "batsman": "Shakib Al Hasan"}}, {"11.2": {"non_striker": "Shakib Al Hasan", "bowler": "AD Russell", "runs": {"extras": 0, "total": 1, "batsman": 1}, "batsman": "KS Williamson"}}, {"11.3": {"non_striker": "KS Williamson", "bowler": "AD Russell", "runs": {"extras": 0, "total": 0, "batsman": 0}, "batsman": "Shakib Al Hasan"}}, {"11.4": {"non_striker": "KS Williamson", "bowler": "AD Russell", "runs": {"extras": 0, "total": 4, "batsman": 4}, "batsman": "Shakib Al Hasan"}}, {"11.5": {"non_striker": "KS Williamson", "bowler": "AD Russell", "runs": {"extras": 0, "total": 4, "batsman": 4}, "batsman": "Shakib Al Hasan"}}, {"11.6": {"non_striker": "KS Williamson", "bowler": "AD Russell", "runs": {"extras": 0, "total": 6, "batsman": 6}, "batsman": "Shakib Al Hasan"}}, {"12.1": {"non_striker": "Shakib Al Hasan", "bowler": "SP Narine", "runs": {"extras": 0, "total": 1, "batsman": 1}, "batsman": "KS Williamson"}}, {"12.2": {"non_striker": "KS Williamson", "bowler": "SP Narine", "runs": {"extras": 0, "total": 2, "batsman": 2}, "batsman": "Shakib Al Hasan"}}, {"12.3": {"non_striker": "KS Williamson", "bowler": "SP Narine", "runs": {"extras": 0, "total": 1, "batsman": 1}, "batsman": "Shakib Al Hasan"}}, {"12.4": {"non_striker": "Shakib Al Hasan", "bowler": "SP Narine", "runs": {"extras": 0, "total": 2, "batsman": 2}, "batsman": "KS Williamson"}}, {"12.5": {"non_striker": "Shakib Al Hasan", "bowler": "SP Narine", "runs": {"extras": 0, "total": 2, "batsman": 2}, "batsman": "KS Williamson"}}, {"12.6": {"non_striker": "Shakib Al Hasan", "bowler": "SP Narine", "runs": {"extras": 0, "total": 1, "batsman": 1}, "batsman": "KS Williamson"}}, {"13.1": {"non_striker": "Shakib Al Hasan", "bowler": "Kuldeep Yadav", "runs": {"extras": 0, "total": 0, "batsman": 0}, "batsman": "KS Williamson"}}, {"13.2": {"non_striker": "Shakib Al Hasan", "bowler": "Kuldeep Yadav", "runs": {"extras": 0, "total": 1, "batsman": 1}, "batsman": "KS Williamson"}}, {"13.3": {"non_striker": "KS Williamson", "bowler": "Kuldeep Yadav", "runs": {"extras": 0, "total": 1, "batsman": 1}, "batsman": "Shakib Al Hasan"}}, {"13.4": {"non_striker": "Shakib Al Hasan", "bowler": "Kuldeep Yadav", "runs": {"extras": 0, "total": 1, "batsman": 1}, "batsman": "KS Williamson"}}, {"13.5": {"non_striker": "KS Williamson", "bowler": "Kuldeep Yadav", "runs": {"extras": 0, "total": 1, "batsman": 1}, "batsman": "Shakib Al Hasan"}}, {"13.6": {"non_striker": "Shakib Al Hasan", "bowler": "Kuldeep Yadav", "runs": {"extras": 0, "total": 1, "batsman": 1}, "batsman": "KS Williamson"}}, {"14.1": {"non_striker": "Shakib Al Hasan", "bowler": "Shivam Mavi", "runs": {"extras": 0, "total": 1, "batsman": 1}, "batsman": "KS Williamson"}}, {"14.2": {"non_striker": "KS Williamson", "bowler": "Shivam Mavi", "runs": {"extras": 0, "total": 1, "batsman": 1}, "batsman": "Shakib Al Hasan"}}, {"14.3": {"non_striker": "Shakib Al Hasan", "bowler": "Shivam Mavi", "runs": {"extras": 0, "total": 6, "batsman": 6}, "batsman": "KS Williamson"}}, {"14.4": {"non_striker": "Shakib Al Hasan", "bowler": "Shivam Mavi", "runs": {"extras": 0, "total": 0, "batsman": 0}, "batsman": "KS Williamson"}}, {"14.5": {"non_striker": "Shakib Al Hasan", "bowler": "Shivam Mavi", "runs": {"extras": 0, "total": 1, "batsman": 1}, "batsman": "KS Williamson"}}, {"14.6": {"non_striker": "KS Williamson", "bowler": "Shivam Mavi", "runs": {"extras": 0, "total": 1, "batsman": 1}, "batsman": "Shakib Al Hasan"}}, {"15.1": {"non_striker": "KS Williamson", "bowler": "PP Chawla", "runs": {"extras": 0, "total": 1, "batsman": 1}, "batsman": "Shakib Al Hasan"}}, {"15.2": {"non_striker": "Shakib Al Hasan", "bowler": "PP Chawla", "runs": {"extras": 0, "total": 1, "batsman": 1}, "batsman": "KS Williamson"}}, {"15.3": {"non_striker": "KS Williamson", "bowler": "PP Chawla", "runs": {"extras": 0, "total": 0, "batsman": 0}, "batsman": "Shakib Al Hasan"}}, {"15.4": {"non_striker": "KS Williamson", "bowler": "PP Chawla", "runs": {"extras": 0, "total": 0, "batsman": 0}, "batsman": "Shakib Al Hasan"}}, {"15.5": {"non_striker": "KS Williamson", "bowler": "PP Chawla", "runs": {"extras": 0, "total": 0, "batsman": 0}, "batsman": "Shakib Al Hasan", "wicket": {"player_out": "Shakib Al Hasan", "kind": "bowled"}}}, {"15.6": {"non_striker": "KS Williamson", "bowler": "PP Chawla", "runs": {"extras": 0, "total": 0, "batsman": 0}, "batsman": "DJ Hooda"}}, {"16.1": {"non_striker": "DJ Hooda", "bowler": "SP Narine", "runs": {"extras": 0, "total": 1, "batsman": 1}, "batsman": "KS Williamson"}}, {"16.2": {"non_striker": "KS Williamson", "bowler": "SP Narine", "runs": {"extras": 0, "total": 0, "batsman": 0}, "batsman": "DJ Hooda"}}, {"16.3": {"non_striker": "KS Williamson", "bowler": "SP Narine", "runs": {"extras": 0, "total": 0, "batsman": 0}, "batsman": "DJ Hooda"}}, {"16.4": {"non_striker": "KS Williamson", "bowler": "SP Narine", "runs": {"extras": 0, "total": 1, "batsman": 1}, "batsman": "DJ Hooda"}}, {"16.5": {"non_striker": "DJ Hooda", "bowler": "SP Narine", "runs": {"extras": 0, "total": 1, "batsman": 1}, "batsman": "KS Williamson"}}, {"16.6": {"non_striker": "KS Williamson", "bowler": "SP Narine", "runs": {"extras": 0, "total": 1, "batsman": 1}, "batsman": "DJ Hooda"}}, {"17.1": {"non_striker": "KS Williamson", "bowler": "MG Johnson", "runs": {"extras": 0, "total": 1, "batsman": 1}, "batsman": "DJ Hooda"}}, {"17.2": {"non_striker": "DJ Hooda", "bowler": "MG Johnson", "runs": {"extras": 0, "total": 0, "batsman": 0}, "batsman": "KS Williamson", "wicket": {"player_out": "KS Williamson", "fielders": ["AD Russell"], "kind": "caught"}}}, {"17.3": {"non_striker": "DJ Hooda", "bowler": "MG Johnson", "runs": {"extras": 0, "total": 0, "batsman": 0}, "batsman": "YK Pathan"}}, {"17.4": {"non_striker": "DJ Hooda", "bowler": "MG Johnson", "runs": {"extras": 0, "total": 0, "batsman": 0}, "batsman": "YK Pathan"}}, {"17.5": {"non_striker": "DJ Hooda", "bowler": "MG Johnson", "runs": {"extras": 1, "total": 1, "batsman": 0}, "extras": {"wides": 1}, "batsman": "YK Pathan"}}, {"17.6": {"non_striker": "DJ Hooda", "bowler": "MG Johnson", "runs": {"extras": 0, "total": 4, "batsman": 4}, "batsman": "YK Pathan"}}, {"17.7": {"non_striker": "DJ Hooda", "bowler": "MG Johnson", "runs": {"extras": 0, "total": 2, "batsman": 2}, "batsman": "YK Pathan"}}, {"18.1": {"non_striker": "YK Pathan", "bowler": "AD Russell", "runs": {"extras": 0, "total": 0, "batsman": 0}, "batsman": "DJ Hooda"}}, {"18.2": {"non_striker": "YK Pathan", "bowler": "AD Russell", "runs": {"extras": 0, "total": 1, "batsman": 1}, "batsman": "DJ Hooda"}}, {"18.3": {"non_striker": "DJ Hooda", "bowler": "AD Russell", "runs": {"extras": 0, "total": 4, "batsman": 4}, "batsman": "YK Pathan"}}, {"18.4": {"non_striker": "DJ Hooda", "bowler": "AD Russell", "runs": {"extras": 0, "total": 1, "batsman": 1}, "batsman": "YK Pathan"}}, {"18.5": {"non_striker": "YK Pathan", "bowler": "AD Russell", "runs": {"extras": 0, "total": 1, "batsman": 1}, "batsman": "DJ Hooda"}}, {"18.6": {"non_striker": "DJ Hooda", "bowler": "AD Russell", "runs": {"extras": 0, "total": 6, "batsman": 6}, "batsman": "YK Pathan"}}]