[{"0.1": {"non_striker": "CH Gayle", "bowler": "DL Chahar", "runs": {"extras": 0, "total": 0, "batsman": 0}, "batsman": "KL Rahul"}}, {"0.2": {"non_striker": "CH Gayle", "bowler": "DL Chahar", "runs": {"extras": 0, "total": 4, "batsman": 4}, "batsman": "KL Rahul"}}, {"0.3": {"non_striker": "CH Gayle", "bowler": "DL Chahar", "runs": {"extras": 0, "total": 2, "batsman": 2}, "batsman": "KL Rahul"}}, {"0.4": {"non_striker": "CH Gayle", "bowler": "DL Chahar", "runs": {"extras": 0, "total": 0, "batsman": 0}, "batsman": "KL Rahul"}}, {"0.5": {"non_striker": "CH Gayle", "bowler": "DL Chahar", "runs": {"extras": 0, "total": 0, "batsman": 0}, "batsman": "KL Rahul"}}, {"0.6": {"non_striker": "CH Gayle", "bowler": "DL Chahar", "runs": {"extras": 0, "total": 4, "batsman": 4}, "batsman": "KL Rahul"}}, {"1.1": {"non_striker": "KL Rahul", "bowler": "Harbhajan Singh", "runs": {"extras": 0, "total": 4, "batsman": 4}, "batsman": "CH Gayle"}}, {"1.2": {"non_striker": "KL Rahul", "bowler": "Harbhajan Singh", "runs": {"extras": 0, "total": 0, "batsman": 0}, "batsman": "CH Gayle"}}, {"1.3": {"non_striker": "KL Rahul", "bowler": "Harbhajan Singh", "runs": {"extras": 0, "total": 0, "batsman": 0}, "batsman": "CH Gayle"}}, {"1.4": {"non_striker": "KL Rahul", "bowler": "Harbhajan Singh", "runs": {"extras": 0, "total": 0, "batsman": 0}, "batsman": "CH Gayle"}}, {"1.5": {"non_striker": "KL Rahul", "bowler": "Harbhajan Singh", "runs": {"extras": 0, "total": 1, "batsman": 1}, "batsman": "CH Gayle"}}, {"1.6": {"non_striker": "CH Gayle", "bowler": "Harbhajan Singh", "runs": {"extras": 0, "total": 0, "batsman": 0}, "batsman": "KL Rahul"}}, {"2.1": {"non_striker": "KL Rahul", "bowler": "DL Chahar", "runs": {"extras": 0, "total": 0, "batsman": 0}, "batsman": "CH Gayle"}}, {"2.2": {"non_striker": "KL Rahul", "bowler": "DL Chahar", "runs": {"extras": 0, "total": 0, "batsman": 0}, "batsman": "CH Gayle"}}, {"2.3": {"non_striker": "KL Rahul", "bowler": "DL Chahar", "runs": {"extras": 0, "total": 0, "batsman": 0}, "batsman": "CH Gayle"}}, {"2.4": {"non_striker": "KL Rahul", "bowler": "DL Chahar", "runs": {"extras": 0, "total": 1, "batsman": 1}, "batsman": "CH Gayle"}}, {"2.5": {"non_striker": "CH Gayle", "bowler": "DL Chahar", "runs": {"extras": 0, "total": 4, "batsman": 4}, "batsman": "KL Rahul"}}, {"2.6": {"non_striker": "CH Gayle", "bowler": "DL Chahar", "runs": {"extras": 0, "total": 0, "batsman": 0}, "batsman": "KL Rahul"}}, {"3.1": {"non_striker": "KL Rahul", "bowler": "Harbhajan Singh", "runs": {"extras": 0, "total": 4, "batsman": 4}, "batsman": "CH Gayle"}}, {"3.2": {"non_striker": "KL Rahul", "bowler": "Harbhajan Singh", "runs": {"extras": 0, "total": 6, "batsman": 6}, "batsman": "CH Gayle"}}, {"3.3": {"non_striker": "KL Rahul", "bowler": "Harbhajan Singh", "runs": {"extras": 0, "total": 1, "batsman": 1}, "batsman": "CH Gayle"}}, {"3.4": {"non_striker": "CH Gayle", "bowler": "Harbhajan Singh", "runs": {"extras": 0, "total": 4, "batsman": 4}, "batsman": "KL Rahul"}}, {"3.5": {"non_striker": "CH Gayle", "bowler": "Harbhajan Singh", "runs": {"extras": 0, "total": 0, "batsman": 0}, "batsman": "KL Rahul"}}, {"3.6": {"non_striker": "CH Gayle", "bowler": "Harbhajan Singh", "runs": {"extras": 0, "total": 4, "batsman": 4}, "batsman": "KL Rahul"}}, {"4.1": {"non_striker": "KL Rahul", "bowler": "SN Thakur", "runs": {"extras": 0, "total": 4, "batsman": 4}, "batsman": "CH Gayle"}}, {"4.2": {"non_striker": "KL Rahul", "bowler": "SN Thakur", "runs": {"extras": 0, "total": 0, "batsman": 0}, "batsman": "CH Gayle"}}, {"4.3": {"non_striker": "KL Rahul", "bowler": "SN Thakur", "runs": {"extras": 0, "total": 1, "batsman": 1}, "batsman": "CH Gayle"}}, {"4.4": {"non_striker": "CH Gayle", "bowler": "SN Thakur", "runs": {"extras": 0, "total": 4, "batsman": 4}, "batsman": "KL Rahul"}}, {"4.5": {"non_striker": "CH Gayle", "bowler": "SN Thakur", "runs": {"extras": 0, "total": 1, "batsman": 1}, "batsman": "KL Rahul"}}, {"4.6": {"non_striker": "KL Rahul", "bowler": "SN Thakur", "runs": {"extras": 0, "total": 4, "batsman": 4}, "batsman": "CH Gayle"}}, {"5.1": {"non_striker": "CH Gayle", "bowler": "DL Chahar", "runs": {"extras": 0, "total": 1, "batsman": 1}, "batsman": "KL Rahul"}}, {"5.2": {"non_striker": "KL Rahul", "bowler": "DL Chahar", "runs": {"extras": 0, "total": 6, "batsman": 6}, "batsman": "CH Gayle"}}, {"5.3": {"non_striker": "KL Rahul", "bowler": "DL Chahar", "runs": {"extras": 0, "total": 4, "batsman": 4}, "batsman": "CH Gayle"}}, {"5.4": {"non_striker": "KL Rahul", "bowler": "DL Chahar", "runs": {"extras": 0, "total": 4, "batsman": 4}, "batsman": "CH Gayle"}}, {"5.5": {"non_striker": "KL Rahul", "bowler": "DL Chahar", "runs": {"extras": 1, "total": 1, "batsman": 0}, "extras": {"wides": 1}, "batsman": "CH Gayle"}}, {"5.6": {"non_striker": "KL Rahul", "bowler": "DL Chahar", "runs": {"extras": 0, "total": 6, "batsman": 6}, "batsman": "CH Gayle"}}, {"5.7": {"non_striker": "KL Rahul", "bowler": "DL Chahar", "runs": {"extras": 0, "total": 0, "batsman": 0}, "batsman": "CH Gayle"}}, {"6.1": {"non_striker": "CH Gayle", "bowler": "Imran Tahir", "runs": {"extras": 0, "total": 4, "batsman": 4}, "batsman": "KL Rahul"}}, {"6.2": {"non_striker": "CH Gayle", "bowler": "Imran Tahir", "runs": {"extras": 0, "total": 2, "batsman": 2}, "batsman": "KL Rahul"}}, {"6.3": {"non_striker": "CH Gayle", "bowler": "Imran Tahir", "runs": {"extras": 0, "total": 1, "batsman": 1}, "batsman": "KL Rahul"}}, {"6.4": {"non_striker": "KL Rahul", "bowler": "Imran Tahir", "runs": {"extras": 0, "total": 4, "batsman": 4}, "batsman": "CH Gayle"}}, {"6.5": {"non_striker": "KL Rahul", "bowler": "Imran Tahir", "runs": {"extras": 0, "total": 0, "batsman": 0}, "batsman": "CH Gayle"}}, {"6.6": {"non_striker": "KL Rahul", "bowler": "Imran Tahir", "runs": {"extras": 0, "total": 6, "batsman": 6}, "batsman": "CH Gayle"}}, {"7.1": {"non_striker": "CH Gayle", "bowler": "Harbhajan Singh", "runs": {"extras": 0, "total": 1, "batsman": 1}, "batsman": "KL Rahul"}}, {"7.2": {"non_striker": "KL Rahul", "bowler": "Harbhajan Singh", "runs": {"extras": 0, "total": 1, "batsman": 1}, "batsman": "CH Gayle"}}, {"7.3": {"non_striker": "CH Gayle", "bowler": "Harbhajan Singh", "runs": {"extras": 0, "total": 0, "batsman": 0}, "batsman": "KL Rahul"}}, {"7.4": {"non_striker": "CH Gayle", "bowler": "Harbhajan Singh", "runs": {"extras": 0, "total": 1, "batsman": 1}, "batsman": "KL Rahul"}}, {"7.5": {"non_striker": "KL Rahul", "bowler": "Harbhajan Singh", "runs": {"extras": 0, "total": 1, "batsman": 1}, "batsman": "CH Gayle"}}, {"7.6": {"non_striker": "CH Gayle", "bowler": "Harbhajan Singh", "runs": {"extras": 0, "total": 0, "batsman": 0}, "batsman": "KL Rahul", "wicket": {"player_out": "KL Rahul", "fielders": ["DJ Bravo"], "kind": "caught"}}}, {"8.1": {"non_striker": "MA Agarwal", "bowler": "SR Watson", "runs": {"extras": 0, "total": 1, "batsman": 1}, "batsman": "CH Gayle"}}, {"8.2": {"non_striker": "CH Gayle", "bowler": "SR Watson", "runs": {"extras": 0, "total": 2, "batsman": 2}, "batsman": "MA Agarwal"}}, {"8.3": {"non_striker": "CH Gayle", "bowler": "SR Watson", "runs": {"extras": 0, "total": 0, "batsman": 0}, "batsman": "MA Agarwal"}}, {"8.4": {"non_striker": "CH Gayle", "bowler": "SR Watson", "runs": {"extras": 0, "total": 1, "batsman": 1}, "batsman": "MA Agarwal"}}, {"8.5": {"non_striker": "MA Agarwal", "bowler": "SR Watson", "runs": {"extras": 0, "total": 1, "batsman": 1}, "batsman": "CH Gayle"}}, {"8.6": {"non_striker": "CH Gayle", "bowler": "SR Watson", "runs": {"extras": 0, "total": 1, "batsman": 1}, "batsman": "MA Agarwal"}}, {"9.1": {"non_striker": "CH Gayle", "bowler": "Harbhajan Singh", "runs": {"extras": 0, "total": 1, "batsman": 1}, "batsman": "MA Agarwal"}}, {"9.2": {"non_striker": "MA Agarwal", "bowler": "Harbhajan Singh", "runs": {"extras": 0, "total": 1, "batsman": 1}, "batsman": "CH Gayle"}}, {"9.3": {"non_striker": "CH Gayle", "bowler": "Harbhajan Singh", "runs": {"extras": 0, "total": 6, "batsman": 6}, "batsman": "MA Agarwal"}}, {"9.4": {"non_striker": "CH Gayle", "bowler": "Harbhajan Singh", "runs": {"extras": 0, "total": 4, "batsman": 4}, "batsman": "MA Agarwal"}}, {"9.5": {"non_striker": "CH Gayle", "bowler": "Harbhajan Singh", "runs": {"extras": 0, "total": 1, "batsman": 1}, "batsman": "MA Agarwal"}}, {"9.6": {"non_striker": "MA Agarwal", "bowler": "Harbhajan Singh", "runs": {"extras": 0, "total": 0, "batsman": 0}, "batsman": "CH Gayle"}}, {"10.1": {"non_striker": "CH Gayle", "bowler": "DJ Bravo", "runs": {"extras": 0, "total": 1, "batsman": 1}, "batsman": "MA Agarwal"}}, {"10.2": {"non_striker": "MA Agarwal", "bowler": "DJ Bravo", "runs": {"extras": 0, "total": 1, "batsman": 1}, "batsman": "CH Gayle"}}, {"10.3": {"non_striker": "CH Gayle", "bowler": "DJ Bravo", "runs": {"extras": 0, "total": 1, "batsman": 1}, "batsman": "MA Agarwal"}}, {"10.4": {"non_striker": "MA Agarwal", "bowler": "DJ Bravo", "runs": {"extras": 0, "total": 1, "batsman": 1}, "batsman": "CH Gayle"}}, {"10.5": {"non_striker": "CH Gayle", "bowler": "DJ Bravo", "runs": {"extras": 0, "total": 0, "batsman": 0}, "batsman": "MA Agarwal"}}, {"10.6": {"non_striker": "CH Gayle", "bowler": "DJ Bravo", "runs": {"extras": 0, "total": 1, "batsman": 1}, "batsman": "MA Agarwal"}}, {"11.1": {"non_striker": "CH Gayle", "bowler": "SR Watson", "runs": {"extras": 0, "total": 6, "batsman": 6}, "batsman": "MA Agarwal"}}, {"11.2": {"non_striker": "CH Gayle", "bowler": "SR Watson", "runs": {"extras": 0, "total": 1, "batsman": 1}, "batsman": "MA Agarwal"}}, {"11.3": {"non_striker": "MA Agarwal", "bowler": "SR Watson", "runs": {"extras": 0, "total": 0, "batsman": 0}, "batsman": "CH Gayle", "wicket": {"player_out": "CH Gayle", "fielders": ["Imran Tahir"], "kind": "caught"}}}, {"11.4": {"non_striker": "MA Agarwal", "bowler": "SR Watson", "runs": {"extras": 0, "total": 1, "batsman": 1}, "batsman": "Yuvraj Singh"}}, {"11.5": {"non_striker": "Yuvraj Singh", "bowler": "SR Watson", "runs": {"extras": 0, "total": 1, "batsman": 1}, "batsman": "MA Agarwal"}}, {"11.6": {"non_striker": "MA Agarwal", "bowler": "SR Watson", "runs": {"extras": 0, "total": 0, "batsman": 0}, "batsman": "Yuvraj Singh"}}, {"12.1": {"non_striker": "Yuvraj Singh", "bowler": "Imran Tahir", "runs": {"extras": 0, "total": 1, "batsman": 1}, "batsman": "MA Agarwal"}}, {"12.2": {"non_striker": "MA Agarwal", "bowler": "Imran Tahir", "runs": {"extras": 0, "total": 0, "batsman": 0}, "batsman": "Yuvraj Singh"}}, {"12.3": {"non_striker": "MA Agarwal", "bowler": "Imran Tahir", "runs": {"extras": 0, "total": 0, "batsman": 0}, "batsman": "Yuvraj Singh"}}, {"12.4": {"non_striker": "MA Agarwal", "bowler": "Imran Tahir", "runs": {"extras": 0, "total": 6, "batsman": 6}, "batsman": "Yuvraj Singh"}}, {"12.5": {"non_striker": "MA Agarwal", "bowler": "Imran Tahir", "runs": {"extras": 0, "total": 0, "batsman": 0}, "batsman": "Yuvraj Singh"}}, {"12.6": {"non_striker": "MA Agarwal", "bowler": "Imran Tahir", "runs": {"extras": 0, "total": 0, "batsman": 0}, "batsman": "Yuvraj Singh"}}, {"13.1": {"non_striker": "Yuvraj Singh", "bowler": "DJ Bravo", "runs": {"extras": 0, "total": 1, "batsman": 1}, "batsman": "MA Agarwal"}}, {"13.2": {"non_striker": "MA Agarwal", "bowler": "DJ Bravo", "runs": {"extras": 0, "total": 1, "batsman": 1}, "batsman": "Yuvraj Singh"}}, {"13.3": {"non_striker": "Yuvraj Singh", "bowler": "DJ Bravo", "runs": {"extras": 0, "total": 1, "batsman": 1}, "batsman": "MA Agarwal"}}, {"13.4": {"non_striker": "MA Agarwal", "bowler": "DJ Bravo", "runs": {"extras": 0, "total": 2, "batsman": 2}, "batsman": "Yuvraj Singh"}}, {"13.5": {"non_striker": "MA Agarwal", "bowler": "DJ Bravo", "runs": {"extras": 0, "total": 4, "batsman": 4}, "batsman": "Yuvraj Singh"}}, {"13.6": {"non_striker": "MA Agarwal", "bowler": "DJ Bravo", "runs": {"extras": 0, "total": 4, "batsman": 4}, "batsman": "Yuvraj Singh"}}, {"14.1": {"non_striker": "Yuvraj Singh", "bowler": "Imran Tahir", "runs": {"extras": 0, "total": 0, "batsman": 0}, "batsman": "MA Agarwal", "wicket": {"player_out": "MA Agarwal", "fielders": ["RA Jadeja"], "kind": "caught"}}}, {"14.2": {"non_striker": "Yuvraj Singh", "bowler": "Imran Tahir", "runs": {"extras": 0, "total": 0, "batsman": 0}, "batsman": "AJ Finch", "wicket": {"player_out": "AJ Finch", "kind": "lbw"}}}, {"14.3": {"non_striker": "Yuvraj Singh", "bowler": "Imran Tahir", "runs": {"extras": 0, "total": 0, "batsman": 0}, "batsman": "KK Nair"}}, {"14.4": {"non_striker": "Yuvraj Singh", "bowler": "Imran Tahir", "runs": {"extras": 0, "total": 0, "batsman": 0}, "batsman": "KK Nair"}}, {"14.5": {"non_striker": "Yuvraj Singh", "bowler": "Imran Tahir", "runs": {"extras": 0, "total": 4, "batsman": 4}, "batsman": "KK Nair"}}, {"14.6": {"non_striker": "Yuvraj Singh", "bowler": "Imran Tahir", "runs": {"extras": 0, "total": 1, "batsman": 1}, "batsman": "KK Nair"}}, {"15.1": {"non_striker": "Yuvraj Singh", "bowler": "SN Thakur", "runs": {"extras": 0, "total": 1, "batsman": 1}, "batsman": "KK Nair"}}, {"15.2": {"non_striker": "KK Nair", "bowler": "SN Thakur", "runs": {"extras": 0, "total": 2, "batsman": 2}, "batsman": "Yuvraj Singh"}}, {"15.3": {"non_striker": "KK Nair", "bowler": "SN Thakur", "runs": {"extras": 0, "total": 0, "batsman": 0}, "batsman": "Yuvraj Singh", "wicket": {"player_out": "Yuvraj Singh", "fielders": ["MS Dhoni"], "kind": "caught"}}}, {"15.4": {"non_striker": "KK Nair", "bowler": "SN Thakur", "runs": {"extras": 0, "total": 1, "batsman": 1}, "batsman": "R Ashwin"}}, {"15.5": {"non_striker": "R Ashwin", "bowler": "SN Thakur", "runs": {"extras": 0, "total": 0, "batsman": 0}, "batsman": "KK Nair"}}, {"15.6": {"non_striker": "R Ashwin", "bowler": "SN Thakur", "runs": {"extras": 0, "total": 2, "batsman": 2}, "batsman": "KK Nair"}}, {"16.1": {"non_striker": "KK Nair", "bowler": "Imran Tahir", "runs": {"extras": 0, "total": 1, "batsman": 1}, "batsman": "R Ashwin"}}, {"16.2": {"non_striker": "R Ashwin", "bowler": "Imran Tahir", "runs": {"extras": 0, "total": 2, "batsman": 2}, "batsman": "KK Nair"}}, {"16.3": {"non_striker": "R Ashwin", "bowler": "Imran Tahir", "runs": {"extras": 0, "total": 1, "batsman": 1}, "batsman": "KK Nair"}}, {"16.4": {"non_striker": "KK Nair", "bowler": "Imran Tahir", "runs": {"extras": 0, "total": 0, "batsman": 0}, "batsman": "R Ashwin"}}, {"16.5": {"non_striker": "KK Nair", "bowler": "Imran Tahir", "runs": {"extras": 0, "total": 0, "batsman": 0}, "batsman": "R Ashwin"}}, {"16.6": {"non_striker": "KK Nair", "bowler": "Imran Tahir", "runs": {"extras": 0, "total": 1, "batsman": 1}, "batsman": "R Ashwin"}}, {"17.1": {"non_striker": "KK Nair", "bowler": "DJ Bravo", "runs": {"extras": 0, "total": 1, "batsman": 1}, "batsman": "R Ashwin"}}, {"17.2": {"non_striker": "R Ashwin", "bowler": "DJ Bravo", "runs": {"extras": 0, "total": 6, "batsman": 6}, "batsman": "KK Nair"}}, {"17.3": {"non_striker": "R Ashwin", "bowler": "DJ Bravo", "runs": {"extras": 0, "total": 4, "batsman": 4}, "batsman": "KK Nair"}}, {"17.4": {"non_striker": "R Ashwin", "bowler": "DJ Bravo", "runs": {"extras": 0, "total": 2, "batsman": 2}, "batsman": "KK Nair"}}, {"17.5": {"non_striker": "R Ashwin", "bowler": "DJ Bravo", "runs": {"extras": 0, "total": 1, "batsman": 1}, "batsman": "KK Nair"}}, {"17.6": {"non_striker": "KK Nair", "bowler": "DJ Bravo", "runs": {"extras": 0, "total": 1, "batsman": 1}, "batsman": "R Ashwin"}}, {"18.1": {"non_striker": "KK Nair", "bowler": "SN Thakur", "runs": {"extras": 0, "total": 2, "batsman": 2}, "batsman": "R Ashwin"}}, {"18.2": {"non_striker": "KK Nair", "bowler": "SN Thakur", "runs": {"extras": 0, "total": 1, "batsman": 1}, "batsman": "R Ashwin"}}, {"18.3": {"non_striker": "R Ashwin", "bowler": "SN Thakur", "runs": {"extras": 0, "total": 1, "batsman": 1}, "batsman": "KK Nair"}}, {"18.4": {"non_striker": "KK Nair", "bowler": "SN Thakur", "runs": {"extras": 0, "total": 6, "batsman": 6}, "batsman": "R Ashwin"}}, {"18.5": {"non_striker": "KK Nair", "bowler": "SN Thakur", "runs": {"extras": 0, "total": 0, "batsman": 0}, "batsman": "R Ashwin", "wicket": {"player_out": "R Ashwin", "fielders": ["MS Dhoni"], "kind": "caught"}}}, {"18.6": {"non_striker": "AJ Tye", "bowler": "SN Thakur", "runs": {"extras": 0, "total": 3, "batsman": 3}, "batsman": "KK Nair"}}, {"19.1": {"non_striker": "AJ Tye", "bowler": "DJ Bravo", "runs": {"extras": 0, "total": 1, "batsman": 1}, "batsman": "KK Nair"}}, {"19.2": {"non_striker": "KK Nair", "bowler": "DJ Bravo", "runs": {"extras": 0, "total": 0, "batsman": 0}, "batsman": "AJ Tye"}}, {"19.3": {"non_striker": "KK Nair", "bowler": "DJ Bravo", "runs": {"extras": 0, "total": 1, "batsman": 1}, "batsman": "AJ Tye"}}, {"19.4": {"non_striker": "AJ Tye", "bowler": "DJ Bravo", "runs": {"extras": 0, "total": 0, "batsman": 0}, "batsman": "KK Nair", "wicket": {"player_out": "KK Nair", "fielders": ["RA Jadeja"], "kind": "caught"}}}, {"19.5": {"non_striker": "BB Sran", "bowler": "DJ Bravo", "runs": {"extras": 0, "total": 0, "batsman": 0}, "batsman": "AJ Tye"}}, {"19.6": {"non_striker": "BB Sran", "bowler": "DJ Bravo", "runs": {"extras": 0, "total": 2, "batsman": 2}, "batsman": "AJ Tye"}}]