[{"0.1": {"non_striker": "CH Gayle", "bowler": "B Kumar", "runs": {"extras": 0, "total": 0, "batsman": 0}, "batsman": "KL Rahul"}}, {"0.2": {"non_striker": "CH Gayle", "bowler": "B Kumar", "runs": {"extras": 0, "total": 0, "batsman": 0}, "batsman": "KL Rahul"}}, {"0.3": {"non_striker": "CH Gayle", "bowler": "B Kumar", "runs": {"extras": 0, "total": 0, "batsman": 0}, "batsman": "KL Rahul"}}, {"0.4": {"non_striker": "CH Gayle", "bowler": "B Kumar", "runs": {"extras": 0, "total": 0, "batsman": 0}, "batsman": "KL Rahul"}}, {"0.5": {"non_striker": "CH Gayle", "bowler": "B Kumar", "runs": {"extras": 0, "total": 1, "batsman": 1}, "batsman": "KL Rahul"}}, {"0.6": {"non_striker": "KL Rahul", "bowler": "B Kumar", "runs": {"extras": 0, "total": 1, "batsman": 1}, "batsman": "CH Gayle"}}, {"1.1": {"non_striker": "KL Rahul", "bowler": "CJ Jordan", "runs": {"extras": 0, "total": 0, "batsman": 0}, "batsman": "CH Gayle"}}, {"1.2": {"non_striker": "KL Rahul", "bowler": "CJ Jordan", "runs": {"extras": 4, "total": 4, "batsman": 0}, "extras": {"legbyes": 4}, "batsman": "CH Gayle"}}, {"1.3": {"non_striker": "KL Rahul", "bowler": "CJ Jordan", "runs": {"extras": 0, "total": 0, "batsman": 0}, "batsman": "CH Gayle"}}, {"1.4": {"non_striker": "KL Rahul", "bowler": "CJ Jordan", "runs": {"extras": 0, "total": 0, "batsman": 0}, "batsman": "CH Gayle"}}, {"1.5": {"non_striker": "KL Rahul", "bowler": "CJ Jordan", "runs": {"extras": 0, "total": 2, "batsman": 2}, "batsman": "CH Gayle"}}, {"1.6": {"non_striker": "KL Rahul", "bowler": "CJ Jordan", "runs": {"extras": 0, "total": 0, "batsman": 0}, "batsman": "CH Gayle"}}, {"2.1": {"non_striker": "CH Gayle", "bowler": "B Kumar", "runs": {"extras": 0, "total": 4, "batsman": 4}, "batsman": "KL Rahul"}}, {"2.2": {"non_striker": "CH Gayle", "bowler": "B Kumar", "runs": {"extras": 0, "total": 0, "batsman": 0}, "batsman": "KL Rahul"}}, {"2.3": {"non_striker": "CH Gayle", "bowler": "B Kumar", "runs": {"extras": 0, "total": 0, "batsman": 0}, "batsman": "KL Rahul"}}, {"2.4": {"non_striker": "CH Gayle", "bowler": "B Kumar", "runs": {"extras": 0, "total": 0, "batsman": 0}, "batsman": "KL Rahul"}}, {"2.5": {"non_striker": "CH Gayle", "bowler": "B Kumar", "runs": {"extras": 0, "total": 1, "batsman": 1}, "batsman": "KL Rahul"}}, {"2.6": {"non_striker": "KL Rahul", "bowler": "B Kumar", "runs": {"extras": 0, "total": 0, "batsman": 0}, "batsman": "CH Gayle"}}, {"3.1": {"non_striker": "CH Gayle", "bowler": "CJ Jordan", "runs": {"extras": 0, "total": 0, "batsman": 0}, "batsman": "KL Rahul"}}, {"3.2": {"non_striker": "CH Gayle", "bowler": "CJ Jordan", "runs": {"extras": 0, "total": 1, "batsman": 1}, "batsman": "KL Rahul"}}, {"3.3": {"non_striker": "KL Rahul", "bowler": "CJ Jordan", "runs": {"extras": 0, "total": 6, "batsman": 6}, "batsman": "CH Gayle"}}, {"3.4": {"non_striker": "KL Rahul", "bowler": "CJ Jordan", "runs": {"extras": 0, "total": 4, "batsman": 4}, "batsman": "CH Gayle"}}, {"3.5": {"non_striker": "KL Rahul", "bowler": "CJ Jordan", "runs": {"extras": 0, "total": 1, "batsman": 1}, "batsman": "CH Gayle"}}, {"3.6": {"non_striker": "CH Gayle", "bowler": "CJ Jordan", "runs": {"extras": 0, "total": 0, "batsman": 0}, "batsman": "KL Rahul"}}, {"4.1": {"non_striker": "KL Rahul", "bowler": "Rashid Khan", "runs": {"extras": 0, "total": 0, "batsman": 0}, "batsman": "CH Gayle"}}, {"4.2": {"non_striker": "KL Rahul", "bowler": "Rashid Khan", "runs": {"extras": 0, "total": 6, "batsman": 6}, "batsman": "CH Gayle"}}, {"4.3": {"non_striker": "KL Rahul", "bowler": "Rashid Khan", "runs": {"extras": 0, "total": 0, "batsman": 0}, "batsman": "CH Gayle"}}, {"4.4": {"non_striker": "KL Rahul", "bowler": "Rashid Khan", "runs": {"extras": 0, "total": 0, "batsman": 0}, "batsman": "CH Gayle"}}, {"4.5": {"non_striker": "KL Rahul", "bowler": "Rashid Khan", "runs": {"extras": 0, "total": 6, "batsman": 6}, "batsman": "CH Gayle"}}, {"4.6": {"non_striker": "KL Rahul", "bowler": "Rashid Khan", "runs": {"extras": 0, "total": 1, "batsman": 1}, "batsman": "CH Gayle"}}, {"5.1": {"non_striker": "KL Rahul", "bowler": "S Kaul", "runs": {"extras": 0, "total": 1, "batsman": 1}, "batsman": "CH Gayle"}}, {"5.2": {"non_striker": "CH Gayle", "bowler": "S Kaul", "runs": {"extras": 0, "total": 0, "batsman": 0}, "batsman": "KL Rahul"}}, {"5.3": {"non_striker": "CH Gayle", "bowler": "S Kaul", "runs": {"extras": 0, "total": 1, "batsman": 1}, "batsman": "KL Rahul"}}, {"5.4": {"non_striker": "KL Rahul", "bowler": "S Kaul", "runs": {"extras": 0, "total": 1, "batsman": 1}, "batsman": "CH Gayle"}}, {"5.5": {"non_striker": "CH Gayle", "bowler": "S Kaul", "runs": {"extras": 0, "total": 4, "batsman": 4}, "batsman": "KL Rahul"}}, {"5.6": {"non_striker": "CH Gayle", "bowler": "S Kaul", "runs": {"extras": 0, "total": 4, "batsman": 4}, "batsman": "KL Rahul"}}, {"6.1": {"non_striker": "KL Rahul", "bowler": "DJ Hooda", "runs": {"extras": 0, "total": 0, "batsman": 0}, "batsman": "CH Gayle"}}, {"6.2": {"non_striker": "KL Rahul", "bowler": "DJ Hooda", "runs": {"extras": 0, "total": 1, "batsman": 1}, "batsman": "CH Gayle"}}, {"6.3": {"non_striker": "CH Gayle", "bowler": "DJ Hooda", "runs": {"extras": 0, "total": 1, "batsman": 1}, "batsman": "KL Rahul"}}, {"6.4": {"non_striker": "KL Rahul", "bowler": "DJ Hooda", "runs": {"extras": 0, "total": 0, "batsman": 0}, "batsman": "CH Gayle"}}, {"6.5": {"non_striker": "KL Rahul", "bowler": "DJ Hooda", "runs": {"extras": 0, "total": 0, "batsman": 0}, "batsman": "CH Gayle"}}, {"6.6": {"non_striker": "KL Rahul", "bowler": "DJ Hooda", "runs": {"extras": 0, "total": 0, "batsman": 0}, "batsman": "CH Gayle"}}, {"7.1": {"non_striker": "CH Gayle", "bowler": "Rashid Khan", "runs": {"extras": 0, "total": 1, "batsman": 1}, "batsman": "KL Rahul"}}, {"7.2": {"non_striker": "KL Rahul", "bowler": "Rashid Khan", "runs": {"extras": 0, "total": 0, "batsman": 0}, "batsman": "CH Gayle"}}, {"7.3": {"non_striker": "KL Rahul", "bowler": "Rashid Khan", "runs": {"extras": 0, "total": 1, "batsman": 1}, "batsman": "CH Gayle"}}, {"7.4": {"non_striker": "CH Gayle", "bowler": "Rashid Khan", "runs": {"extras": 0, "total": 0, "batsman": 0}, "batsman": "KL Rahul"}}, {"7.5": {"non_striker": "CH Gayle", "bowler": "Rashid Khan", "runs": {"extras": 0, "total": 0, "batsman": 0}, "batsman": "KL Rahul", "wicket": {"player_out": "KL Rahul", "kind": "lbw"}}}, {"7.6": {"non_striker": "CH Gayle", "bowler": "Rashid Khan", "runs": {"extras": 0, "total": 0, "batsman": 0}, "batsman": "MA Agarwal"}}, {"8.1": {"non_striker": "MA Agarwal", "bowler": "DJ Hooda", "runs": {"extras": 1, "total": 1, "batsman": 0}, "extras": {"wides": 1}, "batsman": "CH Gayle"}}, {"8.2": {"non_striker": "MA Agarwal", "bowler": "DJ Hooda", "runs": {"extras": 0, "total": 6, "batsman": 6}, "batsman": "CH Gayle"}}, {"8.3": {"non_striker": "MA Agarwal", "bowler": "DJ Hooda", "runs": {"extras": 1, "total": 1, "batsman": 0}, "extras": {"legbyes": 1}, "batsman": "CH Gayle"}}, {"8.4": {"non_striker": "CH Gayle", "bowler": "DJ Hooda", "runs": {"extras": 0, "total": 4, "batsman": 4}, "batsman": "MA Agarwal"}}, {"8.5": {"non_striker": "CH Gayle", "bowler": "DJ Hooda", "runs": {"extras": 0, "total": 1, "batsman": 1}, "batsman": "MA Agarwal"}}, {"8.6": {"non_striker": "MA Agarwal", "bowler": "DJ Hooda", "runs": {"extras": 0, "total": 1, "batsman": 1}, "batsman": "CH Gayle"}}, {"8.7": {"non_striker": "CH Gayle", "bowler": "DJ Hooda", "runs": {"extras": 0, "total": 1, "batsman": 1}, "batsman": "MA Agarwal"}}, {"9.1": {"non_striker": "CH Gayle", "bowler": "Shakib Al Hasan", "runs": {"extras": 0, "total": 4, "batsman": 4}, "batsman": "MA Agarwal"}}, {"9.2": {"non_striker": "CH Gayle", "bowler": "Shakib Al Hasan", "runs": {"extras": 0, "total": 1, "batsman": 1}, "batsman": "MA Agarwal"}}, {"9.3": {"non_striker": "MA Agarwal", "bowler": "Shakib Al Hasan", "runs": {"extras": 0, "total": 1, "batsman": 1}, "batsman": "CH Gayle"}}, {"9.4": {"non_striker": "CH Gayle", "bowler": "Shakib Al Hasan", "runs": {"extras": 0, "total": 6, "batsman": 6}, "batsman": "MA Agarwal"}}, {"9.5": {"non_striker": "CH Gayle", "bowler": "Shakib Al Hasan", "runs": {"extras": 0, "total": 1, "batsman": 1}, "batsman": "MA Agarwal"}}, {"9.6": {"non_striker": "MA Agarwal", "bowler": "Shakib Al Hasan", "runs": {"extras": 0, "total": 1, "batsman": 1}, "batsman": "CH Gayle"}}, {"10.1": {"non_striker": "MA Agarwal", "bowler": "S Kaul", "runs": {"extras": 0, "total": 1, "batsman": 1}, "batsman": "CH Gayle"}}, {"10.2": {"non_striker": "CH Gayle", "bowler": "S Kaul", "runs": {"extras": 0, "total": 0, "batsman": 0}, "batsman": "MA Agarwal", "wicket": {"player_out": "MA Agarwal", "fielders": ["DJ Hooda"], "kind": "caught"}}}, {"10.3": {"non_striker": "CH Gayle", "bowler": "S Kaul", "runs": {"extras": 0, "total": 1, "batsman": 1}, "batsman": "KK Nair"}}, {"10.4": {"non_striker": "KK Nair", "bowler": "S Kaul", "runs": {"extras": 0, "total": 0, "batsman": 0}, "batsman": "CH Gayle"}}, {"10.5": {"non_striker": "KK Nair", "bowler": "S Kaul", "runs": {"extras": 0, "total": 1, "batsman": 1}, "batsman": "CH Gayle"}}, {"10.6": {"non_striker": "CH Gayle", "bowler": "S Kaul", "runs": {"extras": 0, "total": 1, "batsman": 1}, "batsman": "KK Nair"}}, {"11.1": {"non_striker": "CH Gayle", "bowler": "Shakib Al Hasan", "runs": {"extras": 0, "total": 6, "batsman": 6}, "batsman": "KK Nair"}}, {"11.2": {"non_striker": "CH Gayle", "bowler": "Shakib Al Hasan", "runs": {"extras": 0, "total": 1, "batsman": 1}, "batsman": "KK Nair"}}, {"11.3": {"non_striker": "KK Nair", "bowler": "Shakib Al Hasan", "runs": {"extras": 0, "total": 0, "batsman": 0}, "batsman": "CH Gayle"}}, {"11.4": {"non_striker": "KK Nair", "bowler": "Shakib Al Hasan", "runs": {"extras": 0, "total": 0, "batsman": 0}, "batsman": "CH Gayle"}}, {"11.5": {"non_striker": "KK Nair", "bowler": "Shakib Al Hasan", "runs": {"extras": 0, "total": 6, "batsman": 6}, "batsman": "CH Gayle"}}, {"11.6": {"non_striker": "KK Nair", "bowler": "Shakib Al Hasan", "runs": {"extras": 0, "total": 1, "batsman": 1}, "batsman": "CH Gayle"}}, {"12.1": {"non_striker": "KK Nair", "bowler": "CJ Jordan", "runs": {"extras": 0, "total": 1, "batsman": 1}, "batsman": "CH Gayle"}}, {"12.2": {"non_striker": "CH Gayle", "bowler": "CJ Jordan", "runs": {"extras": 0, "total": 1, "batsman": 1}, "batsman": "KK Nair"}}, {"12.3": {"non_striker": "KK Nair", "bowler": "CJ Jordan", "runs": {"extras": 0, "total": 1, "batsman": 1}, "batsman": "CH Gayle"}}, {"12.4": {"non_striker": "CH Gayle", "bowler": "CJ Jordan", "runs": {"extras": 0, "total": 0, "batsman": 0}, "batsman": "KK Nair"}}, {"12.5": {"non_striker": "CH Gayle", "bowler": "CJ Jordan", "runs": {"extras": 0, "total": 0, "batsman": 0}, "batsman": "KK Nair"}}, {"12.6": {"non_striker": "CH Gayle", "bowler": "CJ Jordan", "runs": {"extras": 0, "total": 1, "batsman": 1}, "batsman": "KK Nair"}}, {"13.1": {"non_striker": "CH Gayle", "bowler": "Rashid Khan", "runs": {"extras": 0, "total": 1, "batsman": 1}, "batsman": "KK Nair"}}, {"13.2": {"non_striker": "KK Nair", "bowler": "Rashid Khan", "runs": {"extras": 0, "total": 6, "batsman": 6}, "batsman": "CH Gayle"}}, {"13.3": {"non_striker": "KK Nair", "bowler": "Rashid Khan", "runs": {"extras": 0, "total": 6, "batsman": 6}, "batsman": "CH Gayle"}}, {"13.4": {"non_striker": "KK Nair", "bowler": "Rashid Khan", "runs": {"extras": 0, "total": 6, "batsman": 6}, "batsman": "CH Gayle"}}, {"13.5": {"non_striker": "KK Nair", "bowler": "Rashid Khan", "runs": {"extras": 0, "total": 6, "batsman": 6}, "batsman": "CH Gayle"}}, {"13.6": {"non_striker": "KK Nair", "bowler": "Rashid Khan", "runs": {"extras": 0, "total": 2, "batsman": 2}, "batsman": "CH Gayle"}}, {"14.1": {"non_striker": "CH Gayle", "bowler": "S Kaul", "runs": {"extras": 0, "total": 2, "batsman": 2}, "batsman": "KK Nair"}}, {"14.2": {"non_striker": "CH Gayle", "bowler": "S Kaul", "runs": {"extras": 0, "total": 4, "batsman": 4}, "batsman": "KK Nair"}}, {"14.3": {"non_striker": "CH Gayle", "bowler": "S Kaul", "runs": {"extras": 0, "total": 4, "batsman": 4}, "batsman": "KK Nair"}}, {"14.4": {"non_striker": "CH Gayle", "bowler": "S Kaul", "runs": {"extras": 0, "total": 1, "batsman": 1}, "batsman": "KK Nair"}}, {"14.5": {"non_striker": "KK Nair", "bowler": "S Kaul", "runs": {"extras": 0, "total": 0, "batsman": 0}, "batsman": "CH Gayle"}}, {"14.6": {"non_striker": "KK Nair", "bowler": "S Kaul", "runs": {"extras": 0, "total": 1, "batsman": 1}, "batsman": "CH Gayle"}}, {"15.1": {"non_striker": "KK Nair", "bowler": "B Kumar", "runs": {"extras": 0, "total": 2, "batsman": 2}, "batsman": "CH Gayle"}}, {"15.2": {"non_striker": "KK Nair", "bowler": "B Kumar", "runs": {"extras": 0, "total": 2, "batsman": 2}, "batsman": "CH Gayle"}}, {"15.3": {"non_striker": "KK Nair", "bowler": "B Kumar", "runs": {"extras": 0, "total": 1, "batsman": 1}, "batsman": "CH Gayle"}}, {"15.4": {"non_striker": "CH Gayle", "bowler": "B Kumar", "runs": {"extras": 0, "total": 1, "batsman": 1}, "batsman": "KK Nair"}}, {"15.5": {"non_striker": "KK Nair", "bowler": "B Kumar", "runs": {"extras": 0, "total": 1, "batsman": 1}, "batsman": "CH Gayle"}}, {"15.6": {"non_striker": "CH Gayle", "bowler": "B Kumar", "runs": {"extras": 0, "total": 1, "batsman": 1}, "batsman": "KK Nair"}}, {"16.1": {"non_striker": "CH Gayle", "bowler": "CJ Jordan", "runs": {"extras": 1, "total": 1, "batsman": 0}, "extras": {"wides": 1}, "batsman": "KK Nair"}}, {"16.2": {"non_striker": "CH Gayle", "bowler": "CJ Jordan", "runs": {"extras": 0, "total": 1, "batsman": 1}, "batsman": "KK Nair"}}, {"16.3": {"non_striker": "KK Nair", "bowler": "CJ Jordan", "runs": {"extras": 0, "total": 6, "batsman": 6}, "batsman": "CH Gayle"}}, {"16.4": {"non_striker": "KK Nair", "bowler": "CJ Jordan", "runs": {"extras": 0, "total": 1, "batsman": 1}, "batsman": "CH Gayle"}}, {"16.5": {"non_striker": "CH Gayle", "bowler": "CJ Jordan", "runs": {"extras": 0, "total": 4, "batsman": 4}, "batsman": "KK Nair"}}, {"16.6": {"non_striker": "CH Gayle", "bowler": "CJ Jordan", "runs": {"extras": 0, "total": 0, "batsman": 0}, "batsman": "KK Nair"}}, {"16.7": {"non_striker": "CH Gayle", "bowler": "CJ Jordan", "runs": {"extras": 0, "total": 0, "batsman": 0}, "batsman": "KK Nair"}}, {"17.1": {"non_striker": "KK Nair", "bowler": "B Kumar", "runs": {"extras": 0, "total": 1, "batsman": 1}, "batsman": "CH Gayle"}}, {"17.2": {"non_striker": "CH Gayle", "bowler": "B Kumar", "runs": {"extras": 0, "total": 1, "batsman": 1}, "batsman": "KK Nair"}}, {"17.3": {"non_striker": "KK Nair", "bowler": "B Kumar", "runs": {"extras": 1, "total": 1, "batsman": 0}, "extras": {"wides": 1}, "batsman": "CH Gayle"}}, {"17.4": {"non_striker": "KK Nair", "bowler": "B Kumar", "runs": {"extras": 0, "total": 1, "batsman": 1}, "batsman": "CH Gayle"}}, {"17.5": {"non_striker": "CH Gayle", "bowler": "B Kumar", "runs": {"extras": 0, "total": 0, "batsman": 0}, "batsman": "KK Nair", "wicket": {"player_out": "KK Nair", "fielders": ["S Dhawan"], "kind": "caught"}}}, {"17.6": {"non_striker": "AJ Finch", "bowler": "B Kumar", "runs": {"extras": 0, "total": 0, "batsman": 0}, "batsman": "CH Gayle"}}, {"17.7": {"non_striker": "AJ Finch", "bowler": "B Kumar", "runs": {"extras": 0, "total": 6, "batsman": 6}, "batsman": "CH Gayle"}}, {"18.1": {"non_striker": "CH Gayle", "bowler": "S Kaul", "runs": {"extras": 0, "total": 1, "batsman": 1}, "batsman": "AJ Finch"}}, {"18.2": {"non_striker": "AJ Finch", "bowler": "S Kaul", "runs": {"extras": 0, "total": 1, "batsman": 1}, "batsman": "CH Gayle"}}, {"18.3": {"non_striker": "CH Gayle", "bowler": "S Kaul", "runs": {"extras": 0, "total": 1, "batsman": 1}, "batsman": "AJ Finch"}}, {"18.4": {"non_striker": "AJ Finch", "bowler": "S Kaul", "runs": {"extras": 0, "total": 1, "batsman": 1}, "batsman": "CH Gayle"}}, {"18.5": {"non_striker": "CH Gayle", "bowler": "S Kaul", "runs": {"extras": 0, "total": 1, "batsman": 1}, "batsman": "AJ Finch"}}, {"18.6": {"non_striker": "AJ Finch", "bowler": "S Kaul", "runs": {"extras": 0, "total": 1, "batsman": 1}, "batsman": "CH Gayle"}}, {"19.1": {"non_striker": "AJ Finch", "bowler": "Rashid Khan", "runs": {"extras": 0, "total": 0, "batsman": 0}, "batsman": "CH Gayle"}}, {"19.2": {"non_striker": "AJ Finch", "bowler": "Rashid Khan", "runs": {"extras": 0, "total": 1, "batsman": 1}, "batsman": "CH Gayle"}}, {"19.3": {"non_striker": "CH Gayle", "bowler": "Rashid Khan", "runs": {"extras": 0, "total": 4, "batsman": 4}, "batsman": "AJ Finch"}}, {"19.4": {"non_striker": "CH Gayle", "bowler": "Rashid Khan", "runs": {"extras": 0, "total": 6, "batsman": 6}, "batsman": "AJ Finch"}}, {"19.5": {"non_striker": "CH Gayle", "bowler": "Rashid Khan", "runs": {"extras": 0, "total": 1, "batsman": 1}, "batsman": "AJ Finch"}}, {"19.6": {"non_striker": "AJ Finch", "bowler": "Rashid Khan", "runs": {"extras": 0, "total": 1, "batsman": 1}, "batsman": "CH Gayle"}}]