[{"0.1": {"non_striker": "BB McCullum", "bowler": "PP Chawla", "runs": {"extras": 0, "total": 0, "batsman": 0}, "batsman": "Q de Kock"}}, {"0.2": {"non_striker": "BB McCullum", "bowler": "PP Chawla", "runs": {"extras": 0, "total": 0, "batsman": 0}, "batsman": "Q de Kock"}}, {"0.3": {"non_striker": "BB McCullum", "bowler": "PP Chawla", "runs": {"extras": 0, "total": 1, "batsman": 1}, "batsman": "Q de Kock"}}, {"0.4": {"non_striker": "Q de Kock", "bowler": "PP Chawla", "runs": {"extras": 0, "total": 0, "batsman": 0}, "batsman": "BB McCullum"}}, {"0.5": {"non_striker": "Q de Kock", "bowler": "PP Chawla", "runs": {"extras": 0, "total": 0, "batsman": 0}, "batsman": "BB McCullum"}}, {"0.6": {"non_striker": "Q de Kock", "bowler": "PP Chawla", "runs": {"extras": 0, "total": 0, "batsman": 0}, "batsman": "BB McCullum"}}, {"1.1": {"non_striker": "BB McCullum", "bowler": "SP Narine", "runs": {"extras": 0, "total": 0, "batsman": 0}, "batsman": "Q de Kock"}}, {"1.2": {"non_striker": "BB McCullum", "bowler": "SP Narine", "runs": {"extras": 0, "total": 0, "batsman": 0}, "batsman": "Q de Kock"}}, {"1.3": {"non_striker": "BB McCullum", "bowler": "SP Narine", "runs": {"extras": 0, "total": 4, "batsman": 4}, "batsman": "Q de Kock"}}, {"1.4": {"non_striker": "BB McCullum", "bowler": "SP Narine", "runs": {"extras": 0, "total": 4, "batsman": 4}, "batsman": "Q de Kock"}}, {"1.5": {"non_striker": "BB McCullum", "bowler": "SP Narine", "runs": {"extras": 0, "total": 0, "batsman": 0}, "batsman": "Q de Kock"}}, {"1.6": {"non_striker": "BB McCullum", "bowler": "SP Narine", "runs": {"extras": 0, "total": 0, "batsman": 0}, "batsman": "Q de Kock"}}, {"2.1": {"non_striker": "Q de Kock", "bowler": "MG Johnson", "runs": {"extras": 0, "total": 1, "batsman": 1}, "batsman": "BB McCullum"}}, {"2.2": {"non_striker": "BB McCullum", "bowler": "MG Johnson", "runs": {"extras": 0, "total": 1, "batsman": 1}, "batsman": "Q de Kock"}}, {"2.3": {"non_striker": "Q de Kock", "bowler": "MG Johnson", "runs": {"extras": 0, "total": 4, "batsman": 4}, "batsman": "BB McCullum"}}, {"2.4": {"non_striker": "Q de Kock", "bowler": "MG Johnson", "runs": {"extras": 1, "total": 1, "batsman": 0}, "extras": {"wides": 1}, "batsman": "BB McCullum"}}, {"2.5": {"non_striker": "Q de Kock", "bowler": "MG Johnson", "runs": {"extras": 0, "total": 1, "batsman": 1}, "batsman": "BB McCullum"}}, {"2.6": {"non_striker": "BB McCullum", "bowler": "MG Johnson", "runs": {"extras": 0, "total": 0, "batsman": 0}, "batsman": "Q de Kock"}}, {"2.7": {"non_striker": "BB McCullum", "bowler": "MG Johnson", "runs": {"extras": 0, "total": 6, "batsman": 6}, "batsman": "Q de Kock"}}, {"3.1": {"non_striker": "Q de Kock", "bowler": "PP Chawla", "runs": {"extras": 0, "total": 4, "batsman": 4}, "batsman": "BB McCullum"}}, {"3.2": {"non_striker": "Q de Kock", "bowler": "PP Chawla", "runs": {"extras": 0, "total": 1, "batsman": 1}, "batsman": "BB McCullum"}}, {"3.3": {"non_striker": "BB McCullum", "bowler": "PP Chawla", "runs": {"extras": 0, "total": 1, "batsman": 1}, "batsman": "Q de Kock"}}, {"3.4": {"non_striker": "Q de Kock", "bowler": "PP Chawla", "runs": {"extras": 0, "total": 0, "batsman": 0}, "batsman": "BB McCullum"}}, {"3.5": {"non_striker": "Q de Kock", "bowler": "PP Chawla", "runs": {"extras": 0, "total": 0, "batsman": 0}, "batsman": "BB McCullum"}}, {"3.6": {"non_striker": "Q de Kock", "bowler": "PP Chawla", "runs": {"extras": 0, "total": 0, "batsman": 0}, "batsman": "BB McCullum"}}, {"4.1": {"non_striker": "BB McCullum", "bowler": "SP Narine", "runs": {"extras": 0, "total": 1, "batsman": 1}, "batsman": "Q de Kock"}}, {"4.2": {"non_striker": "Q de Kock", "bowler": "SP Narine", "runs": {"extras": 1, "total": 1, "batsman": 0}, "extras": {"legbyes": 1}, "batsman": "BB McCullum"}}, {"4.3": {"non_striker": "BB McCullum", "bowler": "SP Narine", "runs": {"extras": 0, "total": 0, "batsman": 0}, "batsman": "Q de Kock"}}, {"4.4": {"non_striker": "BB McCullum", "bowler": "SP Narine", "runs": {"extras": 0, "total": 4, "batsman": 4}, "batsman": "Q de Kock"}}, {"4.5": {"non_striker": "BB McCullum", "bowler": "SP Narine", "runs": {"extras": 0, "total": 0, "batsman": 0}, "batsman": "Q de Kock"}}, {"4.6": {"non_striker": "BB McCullum", "bowler": "SP Narine", "runs": {"extras": 0, "total": 1, "batsman": 1}, "batsman": "Q de Kock"}}, {"5.1": {"non_striker": "BB McCullum", "bowler": "Shivam Mavi", "runs": {"extras": 1, "total": 1, "batsman": 0}, "extras": {"legbyes": 1}, "batsman": "Q de Kock"}}, {"5.2": {"non_striker": "Q de Kock", "bowler": "Shivam Mavi", "runs": {"extras": 0, "total": 1, "batsman": 1}, "batsman": "BB McCullum"}}, {"5.3": {"non_striker": "BB McCullum", "bowler": "Shivam Mavi", "runs": {"extras": 0, "total": 0, "batsman": 0}, "batsman": "Q de Kock"}}, {"5.4": {"non_striker": "BB McCullum", "bowler": "Shivam Mavi", "runs": {"extras": 0, "total": 1, "batsman": 1}, "batsman": "Q de Kock"}}, {"5.5": {"non_striker": "Q de Kock", "bowler": "Shivam Mavi", "runs": {"extras": 0, "total": 0, "batsman": 0}, "batsman": "BB McCullum"}}, {"5.6": {"non_striker": "Q de Kock", "bowler": "Shivam Mavi", "runs": {"extras": 0, "total": 1, "batsman": 1}, "batsman": "BB McCullum"}}, {"6.1": {"non_striker": "Q de Kock", "bowler": "Kuldeep Yadav", "runs": {"extras": 0, "total": 1, "batsman": 1}, "batsman": "BB McCullum"}}, {"6.2": {"non_striker": "BB McCullum", "bowler": "Kuldeep Yadav", "runs": {"extras": 0, "total": 2, "batsman": 2}, "batsman": "Q de Kock"}}, {"6.3": {"non_striker": "BB McCullum", "bowler": "Kuldeep Yadav", "runs": {"extras": 0, "total": 1, "batsman": 1}, "batsman": "Q de Kock"}}, {"6.4": {"non_striker": "Q de Kock", "bowler": "Kuldeep Yadav", "runs": {"extras": 0, "total": 1, "batsman": 1}, "batsman": "BB McCullum"}}, {"6.5": {"non_striker": "BB McCullum", "bowler": "Kuldeep Yadav", "runs": {"extras": 0, "total": 1, "batsman": 1}, "batsman": "Q de Kock"}}, {"6.6": {"non_striker": "Q de Kock", "bowler": "Kuldeep Yadav", "runs": {"extras": 0, "total": 6, "batsman": 6}, "batsman": "BB McCullum"}}, {"7.1": {"non_striker": "BB McCullum", "bowler": "PP Chawla", "runs": {"extras": 0, "total": 0, "batsman": 0}, "batsman": "Q de Kock"}}, {"7.2": {"non_striker": "BB McCullum", "bowler": "PP Chawla", "runs": {"extras": 0, "total": 1, "batsman": 1}, "batsman": "Q de Kock"}}, {"7.3": {"non_striker": "Q de Kock", "bowler": "PP Chawla", "runs": {"extras": 0, "total": 4, "batsman": 4}, "batsman": "BB McCullum"}}, {"7.4": {"non_striker": "Q de Kock", "bowler": "PP Chawla", "runs": {"extras": 0, "total": 4, "batsman": 4}, "batsman": "BB McCullum"}}, {"7.5": {"non_striker": "Q de Kock", "bowler": "PP Chawla", "runs": {"extras": 0, "total": 0, "batsman": 0}, "batsman": "BB McCullum"}}, {"7.6": {"non_striker": "Q de Kock", "bowler": "PP Chawla", "runs": {"extras": 0, "total": 6, "batsman": 6}, "batsman": "BB McCullum"}}, {"8.1": {"non_striker": "BB McCullum", "bowler": "Kuldeep Yadav", "runs": {"extras": 0, "total": 0, "batsman": 0}, "batsman": "Q de Kock", "wicket": {"player_out": "Q de Kock", "fielders": ["Shubman Gill"], "kind": "caught"}}}, {"8.2": {"non_striker": "V Kohli", "bowler": "Kuldeep Yadav", "runs": {"extras": 1, "total": 1, "batsman": 0}, "extras": {"legbyes": 1}, "batsman": "BB McCullum"}}, {"8.3": {"non_striker": "BB McCullum", "bowler": "Kuldeep Yadav", "runs": {"extras": 0, "total": 1, "batsman": 1}, "batsman": "V Kohli"}}, {"8.4": {"non_striker": "V Kohli", "bowler": "Kuldeep Yadav", "runs": {"extras": 0, "total": 0, "batsman": 0}, "batsman": "BB McCullum"}}, {"8.5": {"non_striker": "V Kohli", "bowler": "Kuldeep Yadav", "runs": {"extras": 0, "total": 1, "batsman": 1}, "batsman": "BB McCullum"}}, {"8.6": {"non_striker": "BB McCullum", "bowler": "Kuldeep Yadav", "runs": {"extras": 0, "total": 0, "batsman": 0}, "batsman": "V Kohli"}}, {"9.1": {"non_striker": "V Kohli", "bowler": "AD Russell", "runs": {"extras": 0, "total": 1, "batsman": 1}, "batsman": "BB McCullum"}}, {"9.2": {"non_striker": "BB McCullum", "bowler": "AD Russell", "runs": {"extras": 0, "total": 1, "batsman": 1}, "batsman": "V Kohli"}}, {"9.3": {"non_striker": "V Kohli", "bowler": "AD Russell", "runs": {"extras": 0, "total": 1, "batsman": 1}, "batsman": "BB McCullum"}}, {"9.4": {"non_striker": "BB McCullum", "bowler": "AD Russell", "runs": {"extras": 0, "total": 1, "batsman": 1}, "batsman": "V Kohli"}}, {"9.5": {"non_striker": "V Kohli", "bowler": "AD Russell", "runs": {"extras": 0, "total": 0, "batsman": 0}, "batsman": "BB McCullum", "wicket": {"player_out": "BB McCullum", "fielders": ["KD Karthik"], "kind": "caught"}}}, {"9.6": {"non_striker": "V Kohli", "bowler": "AD Russell", "runs": {"extras": 1, "total": 1, "batsman": 0}, "extras": {"wides": 1}, "batsman": "M Vohra"}}, {"9.7": {"non_striker": "V Kohli", "bowler": "AD Russell", "runs": {"extras": 0, "total": 0, "batsman": 0}, "batsman": "M Vohra", "wicket": {"player_out": "M Vohra", "kind": "bowled"}}}, {"10.1": {"non_striker": "Mandeep Singh", "bowler": "Kuldeep Yadav", "runs": {"extras": 0, "total": 0, "batsman": 0}, "batsman": "V Kohli"}}, {"10.2": {"non_striker": "Mandeep Singh", "bowler": "Kuldeep Yadav", "runs": {"extras": 0, "total": 1, "batsman": 1}, "batsman": "V Kohli"}}, {"10.3": {"non_striker": "V Kohli", "bowler": "Kuldeep Yadav", "runs": {"extras": 0, "total": 1, "batsman": 1}, "batsman": "Mandeep Singh"}}, {"10.4": {"non_striker": "Mandeep Singh", "bowler": "Kuldeep Yadav", "runs": {"extras": 0, "total": 0, "batsman": 0}, "batsman": "V Kohli"}}, {"10.5": {"non_striker": "Mandeep Singh", "bowler": "Kuldeep Yadav", "runs": {"extras": 0, "total": 2, "batsman": 2}, "batsman": "V Kohli"}}, {"10.6": {"non_striker": "Mandeep Singh", "bowler": "Kuldeep Yadav", "runs": {"extras": 0, "total": 0, "batsman": 0}, "batsman": "V Kohli"}}, {"11.1": {"non_striker": "V Kohli", "bowler": "AD Russell", "runs": {"extras": 1, "total": 1, "batsman": 0}, "extras": {"wides": 1}, "batsman": "Mandeep Singh"}}, {"11.2": {"non_striker": "V Kohli", "bowler": "AD Russell", "runs": {"extras": 0, "total": 0, "batsman": 0}, "batsman": "Mandeep Singh"}}, {"11.3": {"non_striker": "V Kohli", "bowler": "AD Russell", "runs": {"extras": 0, "total": 1, "batsman": 1}, "batsman": "Mandeep Singh"}}, {"11.4": {"non_striker": "Mandeep Singh", "bowler": "AD Russell", "runs": {"extras": 0, "total": 1, "batsman": 1}, "batsman": "V Kohli"}}, {"11.5": {"non_striker": "V Kohli", "bowler": "AD Russell", "runs": {"extras": 0, "total": 1, "batsman": 1}, "batsman": "Mandeep Singh"}}, {"11.6": {"non_striker": "Mandeep Singh", "bowler": "AD Russell", "runs": {"extras": 0, "total": 4, "batsman": 4}, "batsman": "V Kohli"}}, {"11.7": {"non_striker": "Mandeep Singh", "bowler": "AD Russell", "runs": {"extras": 0, "total": 1, "batsman": 1}, "batsman": "V Kohli"}}, {"12.1": {"non_striker": "Mandeep Singh", "bowler": "Kuldeep Yadav", "runs": {"extras": 1, "total": 1, "batsman": 0}, "extras": {"legbyes": 1}, "batsman": "V Kohli"}}, {"12.2": {"non_striker": "V Kohli", "bowler": "Kuldeep Yadav", "runs": {"extras": 0, "total": 0, "batsman": 0}, "batsman": "Mandeep Singh"}}, {"12.3": {"non_striker": "V Kohli", "bowler": "Kuldeep Yadav", "runs": {"extras": 0, "total": 1, "batsman": 1}, "batsman": "Mandeep Singh"}}, {"12.4": {"non_striker": "Mandeep Singh", "bowler": "Kuldeep Yadav", "runs": {"extras": 0, "total": 1, "batsman": 1}, "batsman": "V Kohli"}}, {"12.5": {"non_striker": "V Kohli", "bowler": "Kuldeep Yadav", "runs": {"extras": 0, "total": 0, "batsman": 0}, "batsman": "Mandeep Singh"}}, {"12.6": {"non_striker": "V Kohli", "bowler": "Kuldeep Yadav", "runs": {"extras": 0, "total": 0, "batsman": 0}, "batsman": "Mandeep Singh"}}, {"13.1": {"non_striker": "Mandeep Singh", "bowler": "MG Johnson", "runs": {"extras": 0, "total": 4, "batsman": 4}, "batsman": "V Kohli"}}, {"13.2": {"non_striker": "Mandeep Singh", "bowler": "MG Johnson", "runs": {"extras": 0, "total": 1, "batsman": 1}, "batsman": "V Kohli"}}, {"13.3": {"non_striker": "V Kohli", "bowler": "MG Johnson", "runs": {"extras": 0, "total": 1, "batsman": 1}, "batsman": "Mandeep Singh"}}, {"13.4": {"non_striker": "Mandeep Singh", "bowler": "MG Johnson", "runs": {"extras": 0, "total": 1, "batsman": 1}, "batsman": "V Kohli"}}, {"13.5": {"non_striker": "V Kohli", "bowler": "MG Johnson", "runs": {"extras": 0, "total": 1, "batsman": 1}, "batsman": "Mandeep Singh"}}, {"13.6": {"non_striker": "Mandeep Singh", "bowler": "MG Johnson", "runs": {"extras": 0, "total": 1, "batsman": 1}, "batsman": "V Kohli"}}, {"14.1": {"non_striker": "Mandeep Singh", "bowler": "SP Narine", "runs": {"extras": 0, "total": 4, "batsman": 4}, "batsman": "V Kohli"}}, {"14.2": {"non_striker": "Mandeep Singh", "bowler": "SP Narine", "runs": {"extras": 0, "total": 2, "batsman": 2}, "batsman": "V Kohli"}}, {"14.3": {"non_striker": "Mandeep Singh", "bowler": "SP Narine", "runs": {"extras": 0, "total": 2, "batsman": 2}, "batsman": "V Kohli"}}, {"14.4": {"non_striker": "Mandeep Singh", "bowler": "SP Narine", "runs": {"extras": 0, "total": 0, "batsman": 0}, "batsman": "V Kohli"}}, {"14.5": {"non_striker": "Mandeep Singh", "bowler": "SP Narine", "runs": {"extras": 0, "total": 0, "batsman": 0}, "batsman": "V Kohli"}}, {"14.6": {"non_striker": "Mandeep Singh", "bowler": "SP Narine", "runs": {"extras": 0, "total": 1, "batsman": 1}, "batsman": "V Kohli"}}, {"15.1": {"non_striker": "Mandeep Singh", "bowler": "Shivam Mavi", "runs": {"extras": 0, "total": 4, "batsman": 4}, "batsman": "V Kohli"}}, {"15.2": {"non_striker": "Mandeep Singh", "bowler": "Shivam Mavi", "runs": {"extras": 0, "total": 0, "batsman": 0}, "batsman": "V Kohli"}}, {"15.3": {"non_striker": "Mandeep Singh", "bowler": "Shivam Mavi", "runs": {"extras": 0, "total": 0, "batsman": 0}, "batsman": "V Kohli"}}, {"15.4": {"non_striker": "Mandeep Singh", "bowler": "Shivam Mavi", "runs": {"extras": 0, "total": 4, "batsman": 4}, "batsman": "V Kohli"}}, {"15.5": {"non_striker": "Mandeep Singh", "bowler": "Shivam Mavi", "runs": {"extras": 0, "total": 0, "batsman": 0}, "batsman": "V Kohli"}}, {"15.6": {"non_striker": "Mandeep Singh", "bowler": "Shivam Mavi", "runs": {"extras": 0, "total": 1, "batsman": 1}, "batsman": "V Kohli"}}, {"16.1": {"non_striker": "Mandeep Singh", "bowler": "SP Narine", "runs": {"extras": 0, "total": 0, "batsman": 0}, "batsman": "V Kohli"}}, {"16.2": {"non_striker": "Mandeep Singh", "bowler": "SP Narine", "runs": {"extras": 0, "total": 1, "batsman": 1}, "batsman": "V Kohli"}}, {"16.3": {"non_striker": "V Kohli", "bowler": "SP Narine", "runs": {"extras": 0, "total": 6, "batsman": 6}, "batsman": "Mandeep Singh"}}, {"16.4": {"non_striker": "V Kohli", "bowler": "SP Narine", "runs": {"extras": 0, "total": 1, "batsman": 1}, "batsman": "Mandeep Singh"}}, {"16.5": {"non_striker": "Mandeep Singh", "bowler": "SP Narine", "runs": {"extras": 0, "total": 1, "batsman": 1}, "batsman": "V Kohli"}}, {"16.6": {"non_striker": "V Kohli", "bowler": "SP Narine", "runs": {"extras": 0, "total": 6, "batsman": 6}, "batsman": "Mandeep Singh"}}, {"17.1": {"non_striker": "Mandeep Singh", "bowler": "AD Russell", "runs": {"extras": 0, "total": 6, "batsman": 6}, "batsman": "V Kohli"}}, {"17.2": {"non_striker": "Mandeep Singh", "bowler": "AD Russell", "runs": {"extras": 0, "total": 1, "batsman": 1}, "batsman": "V Kohli"}}, {"17.3": {"non_striker": "V Kohli", "bowler": "AD Russell", "runs": {"extras": 0, "total": 0, "batsman": 0}, "batsman": "Mandeep Singh", "wicket": {"player_out": "Mandeep Singh", "fielders": ["Shivam Mavi"], "kind": "caught"}}}, {"17.4": {"non_striker": "C de Grandhomme", "bowler": "AD Russell", "runs": {"extras": 0, "total": 2, "batsman": 2}, "batsman": "V Kohli"}}, {"17.5": {"non_striker": "C de Grandhomme", "bowler": "AD Russell", "runs": {"extras": 0, "total": 2, "batsman": 2}, "batsman": "V Kohli"}}, {"17.6": {"non_striker": "C de Grandhomme", "bowler": "AD Russell", "runs": {"extras": 0, "total": 6, "batsman": 6}, "batsman": "V Kohli"}}, {"18.1": {"non_striker": "V Kohli", "bowler": "Shivam Mavi", "runs": {"extras": 0, "total": 0, "batsman": 0}, "batsman": "C de Grandhomme"}}, {"18.2": {"non_striker": "V Kohli", "bowler": "Shivam Mavi", "runs": {"extras": 0, "total": 1, "batsman": 1}, "batsman": "C de Grandhomme"}}, {"18.3": {"non_striker": "C de Grandhomme", "bowler": "Shivam Mavi", "runs": {"extras": 0, "total": 1, "batsman": 1}, "batsman": "V Kohli"}}, {"18.4": {"non_striker": "V Kohli", "bowler": "Shivam Mavi", "runs": {"extras": 0, "total": 2, "batsman": 2}, "batsman": "C de Grandhomme"}}, {"18.5": {"non_striker": "V Kohli", "bowler": "Shivam Mavi", "runs": {"extras": 0, "total": 2, "batsman": 2}, "batsman": "C de Grandhomme"}}, {"18.6": {"non_striker": "V Kohli", "bowler": "Shivam Mavi", "runs": {"extras": 2, "total": 2, "batsman": 0}, "extras": {"wides": 2}, "batsman": "C de Grandhomme"}}, {"18.7": {"non_striker": "C de Grandhomme", "bowler": "Shivam Mavi", "runs": {"extras": 0, "total": 1, "batsman": 1}, "batsman": "V Kohli"}}, {"19.1": {"non_striker": "C de Grandhomme", "bowler": "MG Johnson", "runs": {"extras": 0, "total": 2, "batsman": 2}, "batsman": "V Kohli"}}, {"19.2": {"non_striker": "C de Grandhomme", "bowler": "MG Johnson", "runs": {"extras": 0, "total": 1, "batsman": 1}, "batsman": "V Kohli"}}, {"19.3": {"non_striker": "V Kohli", "bowler": "MG Johnson", "runs": {"extras": 0, "total": 6, "batsman": 6}, "batsman": "C de Grandhomme"}}, {"19.4": {"non_striker": "V Kohli", "bowler": "MG Johnson", "runs": {"extras": 1, "total": 1, "batsman": 0}, "extras": {"byes": 1}, "batsman": "C de Grandhomme"}}, {"19.5": {"non_striker": "C de Grandhomme", "bowler": "MG Johnson", "runs": {"extras": 0, "total": 0, "batsman": 0}, "batsman": "V Kohli"}}, {"19.6": {"non_striker": "C de Grandhomme", "bowler": "MG Johnson", "runs": {"extras": 0, "total": 6, "batsman": 6}, "batsman": "V Kohli"}}]