[{"0.1": {"non_striker": "E Lewis", "bowler": "R Ashwin", "runs": {"extras": 0, "total": 1, "batsman": 1}, "batsman": "SA Yadav"}}, {"0.2": {"non_striker": "SA Yadav", "bowler": "R Ashwin", "runs": {"extras": 0, "total": 1, "batsman": 1}, "batsman": "E Lewis"}}, {"0.3": {"non_striker": "E Lewis", "bowler": "R Ashwin", "runs": {"extras": 0, "total": 1, "batsman": 1}, "batsman": "SA Yadav"}}, {"0.4": {"non_striker": "SA Yadav", "bowler": "R Ashwin", "runs": {"extras": 0, "total": 1, "batsman": 1}, "batsman": "E Lewis"}}, {"0.5": {"non_striker": "E Lewis", "bowler": "R Ashwin", "runs": {"extras": 0, "total": 1, "batsman": 1}, "batsman": "SA Yadav"}}, {"0.6": {"non_striker": "SA Yadav", "bowler": "R Ashwin", "runs": {"extras": 0, "total": 1, "batsman": 1}, "batsman": "E Lewis"}}, {"1.1": {"non_striker": "SA Yadav", "bowler": "AS Rajpoot", "runs": {"extras": 0, "total": 1, "batsman": 1}, "batsman": "E Lewis"}}, {"1.2": {"non_striker": "E Lewis", "bowler": "AS Rajpoot", "runs": {"extras": 0, "total": 0, "batsman": 0}, "batsman": "SA Yadav"}}, {"1.3": {"non_striker": "E Lewis", "bowler": "AS Rajpoot", "runs": {"extras": 0, "total": 0, "batsman": 0}, "batsman": "SA Yadav"}}, {"1.4": {"non_striker": "E Lewis", "bowler": "AS Rajpoot", "runs": {"extras": 0, "total": 0, "batsman": 0}, "batsman": "SA Yadav"}}, {"1.5": {"non_striker": "E Lewis", "bowler": "AS Rajpoot", "runs": {"extras": 0, "total": 0, "batsman": 0}, "batsman": "SA Yadav"}}, {"1.6": {"non_striker": "E Lewis", "bowler": "AS Rajpoot", "runs": {"extras": 0, "total": 6, "batsman": 6}, "batsman": "SA Yadav"}}, {"2.1": {"non_striker": "SA Yadav", "bowler": "R Ashwin", "runs": {"extras": 0, "total": 1, "batsman": 1}, "batsman": "E Lewis"}}, {"2.2": {"non_striker": "E Lewis", "bowler": "R Ashwin", "runs": {"extras": 0, "total": 1, "batsman": 1}, "batsman": "SA Yadav"}}, {"2.3": {"non_striker": "SA Yadav", "bowler": "R Ashwin", "runs": {"extras": 0, "total": 1, "batsman": 1}, "batsman": "E Lewis"}}, {"2.4": {"non_striker": "E Lewis", "bowler": "R Ashwin", "runs": {"extras": 0, "total": 1, "batsman": 1}, "batsman": "SA Yadav"}}, {"2.5": {"non_striker": "SA Yadav", "bowler": "R Ashwin", "runs": {"extras": 0, "total": 2, "batsman": 2}, "batsman": "E Lewis"}}, {"2.6": {"non_striker": "SA Yadav", "bowler": "R Ashwin", "runs": {"extras": 0, "total": 1, "batsman": 1}, "batsman": "E Lewis"}}, {"3.1": {"non_striker": "SA Yadav", "bowler": "AS Rajpoot", "runs": {"extras": 0, "total": 1, "batsman": 1}, "batsman": "E Lewis"}}, {"3.2": {"non_striker": "E Lewis", "bowler": "AS Rajpoot", "runs": {"extras": 0, "total": 6, "batsman": 6}, "batsman": "SA Yadav"}}, {"3.3": {"non_striker": "E Lewis", "bowler": "AS Rajpoot", "runs": {"extras": 0, "total": 0, "batsman": 0}, "batsman": "SA Yadav"}}, {"3.4": {"non_striker": "E Lewis", "bowler": "AS Rajpoot", "runs": {"extras": 0, "total": 4, "batsman": 4}, "batsman": "SA Yadav"}}, {"3.5": {"non_striker": "E Lewis", "bowler": "AS Rajpoot", "runs": {"extras": 0, "total": 1, "batsman": 1}, "batsman": "SA Yadav"}}, {"3.6": {"non_striker": "SA Yadav", "bowler": "AS Rajpoot", "runs": {"extras": 0, "total": 0, "batsman": 0}, "batsman": "E Lewis"}}, {"4.1": {"non_striker": "E Lewis", "bowler": "AJ Tye", "runs": {"extras": 0, "total": 4, "batsman": 4}, "batsman": "SA Yadav"}}, {"4.2": {"non_striker": "E Lewis", "bowler": "AJ Tye", "runs": {"extras": 0, "total": 0, "batsman": 0}, "batsman": "SA Yadav"}}, {"4.3": {"non_striker": "E Lewis", "bowler": "AJ Tye", "runs": {"extras": 0, "total": 0, "batsman": 0}, "batsman": "SA Yadav"}}, {"4.4": {"non_striker": "E Lewis", "bowler": "AJ Tye", "runs": {"extras": 0, "total": 0, "batsman": 0}, "batsman": "SA Yadav"}}, {"4.5": {"non_striker": "E Lewis", "bowler": "AJ Tye", "runs": {"extras": 0, "total": 1, "batsman": 1}, "batsman": "SA Yadav"}}, {"4.6": {"non_striker": "SA Yadav", "bowler": "AJ Tye", "runs": {"extras": 0, "total": 0, "batsman": 0}, "batsman": "E Lewis"}}, {"5.1": {"non_striker": "E Lewis", "bowler": "Mujeeb Ur Rahman", "runs": {"extras": 0, "total": 0, "batsman": 0}, "batsman": "SA Yadav"}}, {"5.2": {"non_striker": "E Lewis", "bowler": "Mujeeb Ur Rahman", "runs": {"extras": 0, "total": 1, "batsman": 1}, "batsman": "SA Yadav"}}, {"5.3": {"non_striker": "SA Yadav", "bowler": "Mujeeb Ur Rahman", "runs": {"extras": 0, "total": 0, "batsman": 0}, "batsman": "E Lewis"}}, {"5.4": {"non_striker": "SA Yadav", "bowler": "Mujeeb Ur Rahman", "runs": {"extras": 0, "total": 0, "batsman": 0}, "batsman": "E Lewis", "wicket": {"player_out": "E Lewis", "fielders": ["KL Rahul"], "kind": "caught"}}}, {"5.5": {"non_striker": "SA Yadav", "bowler": "Mujeeb Ur Rahman", "runs": {"extras": 0, "total": 0, "batsman": 0}, "batsman": "Ishan Kishan"}}, {"5.6": {"non_striker": "SA Yadav", "bowler": "Mujeeb Ur Rahman", "runs": {"extras": 1, "total": 1, "batsman": 0}, "extras": {"wides": 1}, "batsman": "Ishan Kishan"}}, {"5.7": {"non_striker": "SA Yadav", "bowler": "Mujeeb Ur Rahman", "runs": {"extras": 0, "total": 0, "batsman": 0}, "batsman": "Ishan Kishan"}}, {"6.1": {"non_striker": "Ishan Kishan", "bowler": "R Ashwin", "runs": {"extras": 0, "total": 0, "batsman": 0}, "batsman": "SA Yadav"}}, {"6.2": {"non_striker": "Ishan Kishan", "bowler": "R Ashwin", "runs": {"extras": 0, "total": 0, "batsman": 0}, "batsman": "SA Yadav"}}, {"6.3": {"non_striker": "Ishan Kishan", "bowler": "R Ashwin", "runs": {"extras": 0, "total": 1, "batsman": 1}, "batsman": "SA Yadav"}}, {"6.4": {"non_striker": "SA Yadav", "bowler": "R Ashwin", "runs": {"extras": 0, "total": 0, "batsman": 0}, "batsman": "Ishan Kishan"}}, {"6.5": {"non_striker": "SA Yadav", "bowler": "R Ashwin", "runs": {"extras": 0, "total": 0, "batsman": 0}, "batsman": "Ishan Kishan"}}, {"6.6": {"non_striker": "SA Yadav", "bowler": "R Ashwin", "runs": {"extras": 0, "total": 0, "batsman": 0}, "batsman": "Ishan Kishan"}}, {"7.1": {"non_striker": "Ishan Kishan", "bowler": "AR Patel", "runs": {"extras": 0, "total": 4, "batsman": 4}, "batsman": "SA Yadav"}}, {"7.2": {"non_striker": "Ishan Kishan", "bowler": "AR Patel", "runs": {"extras": 0, "total": 1, "batsman": 1}, "batsman": "SA Yadav"}}, {"7.3": {"non_striker": "SA Yadav", "bowler": "AR Patel", "runs": {"extras": 0, "total": 2, "batsman": 2}, "batsman": "Ishan Kishan"}}, {"7.4": {"non_striker": "SA Yadav", "bowler": "AR Patel", "runs": {"extras": 0, "total": 1, "batsman": 1}, "batsman": "Ishan Kishan"}}, {"7.5": {"non_striker": "Ishan Kishan", "bowler": "AR Patel", "runs": {"extras": 0, "total": 1, "batsman": 1}, "batsman": "SA Yadav"}}, {"7.6": {"non_striker": "SA Yadav", "bowler": "AR Patel", "runs": {"extras": 0, "total": 0, "batsman": 0}, "batsman": "Ishan Kishan"}}, {"8.1": {"non_striker": "Ishan Kishan", "bowler": "MP Stoinis", "runs": {"extras": 0, "total": 4, "batsman": 4}, "batsman": "SA Yadav"}}, {"8.2": {"non_striker": "Ishan Kishan", "bowler": "MP Stoinis", "runs": {"extras": 0, "total": 0, "batsman": 0}, "batsman": "SA Yadav"}}, {"8.3": {"non_striker": "Ishan Kishan", "bowler": "MP Stoinis", "runs": {"extras": 0, "total": 0, "batsman": 0}, "batsman": "SA Yadav"}}, {"8.4": {"non_striker": "Ishan Kishan", "bowler": "MP Stoinis", "runs": {"extras": 0, "total": 1, "batsman": 1}, "batsman": "SA Yadav"}}, {"8.5": {"non_striker": "SA Yadav", "bowler": "MP Stoinis", "runs": {"extras": 0, "total": 0, "batsman": 0}, "batsman": "Ishan Kishan"}}, {"8.6": {"non_striker": "SA Yadav", "bowler": "MP Stoinis", "runs": {"extras": 0, "total": 1, "batsman": 1}, "batsman": "Ishan Kishan"}}, {"9.1": {"non_striker": "SA Yadav", "bowler": "AS Rajpoot", "runs": {"extras": 0, "total": 1, "batsman": 1}, "batsman": "Ishan Kishan"}}, {"9.2": {"non_striker": "Ishan Kishan", "bowler": "AS Rajpoot", "runs": {"extras": 0, "total": 0, "batsman": 0}, "batsman": "SA Yadav"}}, {"9.3": {"non_striker": "Ishan Kishan", "bowler": "AS Rajpoot", "runs": {"extras": 0, "total": 6, "batsman": 6}, "batsman": "SA Yadav"}}, {"9.4": {"non_striker": "Ishan Kishan", "bowler": "AS Rajpoot", "runs": {"extras": 0, "total": 4, "batsman": 4}, "batsman": "SA Yadav"}}, {"9.5": {"non_striker": "Ishan Kishan", "bowler": "AS Rajpoot", "runs": {"extras": 0, "total": 1, "batsman": 1}, "batsman": "SA Yadav"}}, {"9.6": {"non_striker": "SA Yadav", "bowler": "AS Rajpoot", "runs": {"extras": 0, "total": 0, "batsman": 0}, "batsman": "Ishan Kishan"}}, {"10.1": {"non_striker": "Ishan Kishan", "bowler": "R Ashwin", "runs": {"extras": 0, "total": 1, "batsman": 1}, "batsman": "SA Yadav"}}, {"10.2": {"non_striker": "SA Yadav", "bowler": "R Ashwin", "runs": {"extras": 0, "total": 1, "batsman": 1}, "batsman": "Ishan Kishan"}}, {"10.3": {"non_striker": "Ishan Kishan", "bowler": "R Ashwin", "runs": {"extras": 0, "total": 0, "batsman": 0}, "batsman": "SA Yadav"}}, {"10.4": {"non_striker": "Ishan Kishan", "bowler": "R Ashwin", "runs": {"extras": 0, "total": 1, "batsman": 1}, "batsman": "SA Yadav"}}, {"10.5": {"non_striker": "SA Yadav", "bowler": "R Ashwin", "runs": {"extras": 0, "total": 6, "batsman": 6}, "batsman": "Ishan Kishan"}}, {"10.6": {"non_striker": "SA Yadav", "bowler": "R Ashwin", "runs": {"extras": 0, "total": 0, "batsman": 0}, "batsman": "Ishan Kishan"}}, {"11.1": {"non_striker": "Ishan Kishan", "bowler": "MP Stoinis", "runs": {"extras": 0, "total": 4, "batsman": 4}, "batsman": "SA Yadav"}}, {"11.2": {"non_striker": "Ishan Kishan", "bowler": "MP Stoinis", "runs": {"extras": 0, "total": 0, "batsman": 0}, "batsman": "SA Yadav"}}, {"11.3": {"non_striker": "Ishan Kishan", "bowler": "MP Stoinis", "runs": {"extras": 0, "total": 0, "batsman": 0}, "batsman": "SA Yadav"}}, {"11.4": {"non_striker": "Ishan Kishan", "bowler": "MP Stoinis", "runs": {"extras": 0, "total": 0, "batsman": 0}, "batsman": "SA Yadav", "wicket": {"player_out": "SA Yadav", "fielders": ["KL Rahul"], "kind": "caught"}}}, {"11.5": {"non_striker": "Ishan Kishan", "bowler": "MP Stoinis", "runs": {"extras": 0, "total": 1, "batsman": 1}, "batsman": "HH Pandya"}}, {"11.6": {"non_striker": "HH Pandya", "bowler": "MP Stoinis", "runs": {"extras": 0, "total": 6, "batsman": 6}, "batsman": "Ishan Kishan"}}, {"12.1": {"non_striker": "Ishan Kishan", "bowler": "Mujeeb Ur Rahman", "runs": {"extras": 0, "total": 1, "batsman": 1}, "batsman": "HH Pandya"}}, {"12.2": {"non_striker": "HH Pandya", "bowler": "Mujeeb Ur Rahman", "runs": {"extras": 0, "total": 1, "batsman": 1}, "batsman": "Ishan Kishan"}}, {"12.3": {"non_striker": "Ishan Kishan", "bowler": "Mujeeb Ur Rahman", "runs": {"extras": 0, "total": 4, "batsman": 4}, "batsman": "HH Pandya"}}, {"12.4": {"non_striker": "Ishan Kishan", "bowler": "Mujeeb Ur Rahman", "runs": {"extras": 0, "total": 1, "batsman": 1}, "batsman": "HH Pandya"}}, {"12.5": {"non_striker": "HH Pandya", "bowler": "Mujeeb Ur Rahman", "runs": {"extras": 0, "total": 6, "batsman": 6}, "batsman": "Ishan Kishan"}}, {"12.6": {"non_striker": "HH Pandya", "bowler": "Mujeeb Ur Rahman", "runs": {"extras": 0, "total": 0, "batsman": 0}, "batsman": "Ishan Kishan", "wicket": {"player_out": "Ishan Kishan", "kind": "bowled"}}}, {"13.1": {"non_striker": "RG Sharma", "bowler": "AJ Tye", "runs": {"extras": 0, "total": 1, "batsman": 1}, "batsman": "HH Pandya"}}, {"13.2": {"non_striker": "HH Pandya", "bowler": "AJ Tye", "runs": {"extras": 0, "total": 1, "batsman": 1}, "batsman": "RG Sharma"}}, {"13.3": {"non_striker": "RG Sharma", "bowler": "AJ Tye", "runs": {"extras": 0, "total": 4, "batsman": 4}, "batsman": "HH Pandya"}}, {"13.4": {"non_striker": "RG Sharma", "bowler": "AJ Tye", "runs": {"extras": 0, "total": 2, "batsman": 2}, "batsman": "HH Pandya"}}, {"13.5": {"non_striker": "RG Sharma", "bowler": "AJ Tye", "runs": {"extras": 0, "total": 1, "batsman": 1}, "batsman": "HH Pandya"}}, {"13.6": {"non_striker": "HH Pandya", "bowler": "AJ Tye", "runs": {"extras": 0, "total": 1, "batsman": 1}, "batsman": "RG Sharma"}}, {"14.1": {"non_striker": "HH Pandya", "bowler": "Mujeeb Ur Rahman", "runs": {"extras": 0, "total": 1, "batsman": 1}, "batsman": "RG Sharma"}}, {"14.2": {"non_striker": "RG Sharma", "bowler": "Mujeeb Ur Rahman", "runs": {"extras": 0, "total": 6, "batsman": 6}, "batsman": "HH Pandya"}}, {"14.3": {"non_striker": "RG Sharma", "bowler": "Mujeeb Ur Rahman", "runs": {"extras": 0, "total": 0, "batsman": 0}, "batsman": "HH Pandya"}}, {"14.4": {"non_striker": "RG Sharma", "bowler": "Mujeeb Ur Rahman", "runs": {"extras": 0, "total": 1, "batsman": 1}, "batsman": "HH Pandya"}}, {"14.5": {"non_striker": "HH Pandya", "bowler": "Mujeeb Ur Rahman", "runs": {"extras": 0, "total": 0, "batsman": 0}, "batsman": "RG Sharma"}}, {"14.6": {"non_striker": "HH Pandya", "bowler": "Mujeeb Ur Rahman", "runs": {"extras": 0, "total": 0, "batsman": 0}, "batsman": "RG Sharma"}}, {"15.1": {"non_striker": "RG Sharma", "bowler": "AJ Tye", "runs": {"extras": 0, "total": 1, "batsman": 1}, "batsman": "HH Pandya"}}, {"15.2": {"non_striker": "HH Pandya", "bowler": "AJ Tye", "runs": {"extras": 0, "total": 1, "batsman": 1}, "batsman": "RG Sharma"}}, {"15.3": {"non_striker": "RG Sharma", "bowler": "AJ Tye", "runs": {"extras": 0, "total": 0, "batsman": 0}, "batsman": "HH Pandya", "wicket": {"player_out": "HH Pandya", "kind": "bowled"}}}, {"15.4": {"non_striker": "RG Sharma", "bowler": "AJ Tye", "runs": {"extras": 1, "total": 1, "batsman": 0}, "extras": {"wides": 1}, "batsman": "KH Pandya"}}, {"15.5": {"non_striker": "RG Sharma", "bowler": "AJ Tye", "runs": {"extras": 0, "total": 4, "batsman": 4}, "batsman": "KH Pandya"}}, {"15.6": {"non_striker": "RG Sharma", "bowler": "AJ Tye", "runs": {"extras": 0, "total": 0, "batsman": 0}, "batsman": "KH Pandya"}}, {"15.7": {"non_striker": "RG Sharma", "bowler": "AJ Tye", "runs": {"extras": 0, "total": 0, "batsman": 0}, "batsman": "KH Pandya"}}, {"16.1": {"non_striker": "KH Pandya", "bowler": "Mujeeb Ur Rahman", "runs": {"extras": 0, "total": 6, "batsman": 6}, "batsman": "RG Sharma"}}, {"16.2": {"non_striker": "KH Pandya", "bowler": "Mujeeb Ur Rahman", "runs": {"extras": 0, "total": 0, "batsman": 0}, "batsman": "RG Sharma"}}, {"16.3": {"non_striker": "KH Pandya", "bowler": "Mujeeb Ur Rahman", "runs": {"extras": 0, "total": 0, "batsman": 0}, "batsman": "RG Sharma"}}, {"16.4": {"non_striker": "KH Pandya", "bowler": "Mujeeb Ur Rahman", "runs": {"extras": 0, "total": 1, "batsman": 1}, "batsman": "RG Sharma"}}, {"16.5": {"non_striker": "RG Sharma", "bowler": "Mujeeb Ur Rahman", "runs": {"extras": 0, "total": 1, "batsman": 1}, "batsman": "KH Pandya"}}, {"16.6": {"non_striker": "KH Pandya", "bowler": "Mujeeb Ur Rahman", "runs": {"extras": 0, "total": 6, "batsman": 6}, "batsman": "RG Sharma"}}, {"17.1": {"non_striker": "RG Sharma", "bowler": "MP Stoinis", "runs": {"extras": 0, "total": 1, "batsman": 1}, "batsman": "KH Pandya"}}, {"17.2": {"non_striker": "KH Pandya", "bowler": "MP Stoinis", "runs": {"extras": 0, "total": 4, "batsman": 4}, "batsman": "RG Sharma"}}, {"17.3": {"non_striker": "KH Pandya", "bowler": "MP Stoinis", "runs": {"extras": 0, "total": 1, "batsman": 1}, "batsman": "RG Sharma"}}, {"17.4": {"non_striker": "RG Sharma", "bowler": "MP Stoinis", "runs": {"extras": 0, "total": 4, "batsman": 4}, "batsman": "KH Pandya"}}, {"17.5": {"non_striker": "RG Sharma", "bowler": "MP Stoinis", "runs": {"extras": 0, "total": 4, "batsman": 4}, "batsman": "KH Pandya"}}, {"17.6": {"non_striker": "RG Sharma", "bowler": "MP Stoinis", "runs": {"extras": 0, "total": 6, "batsman": 6}, "batsman": "KH Pandya"}}, {"18.1": {"non_striker": "KH Pandya", "bowler": "AJ Tye", "runs": {"extras": 0, "total": 1, "batsman": 1}, "batsman": "RG Sharma"}}, {"18.2": {"non_striker": "RG Sharma", "bowler": "AJ Tye", "runs": {"extras": 0, "total": 4, "batsman": 4}, "batsman": "KH Pandya"}}, {"18.3": {"non_striker": "RG Sharma", "bowler": "AJ Tye", "runs": {"extras": 0, "total": 6, "batsman": 6}, "batsman": "KH Pandya"}}, {"18.4": {"non_striker": "RG Sharma", "bowler": "AJ Tye", "runs": {"extras": 0, "total": 1, "batsman": 1}, "batsman": "KH Pandya"}}, {"18.5": {"non_striker": "KH Pandya", "bowler": "AJ Tye", "runs": {"extras": 0, "total": 1, "batsman": 1}, "batsman": "RG Sharma"}}, {"18.6": {"non_striker": "RG Sharma", "bowler": "AJ Tye", "runs": {"extras": 4, "total": 4, "batsman": 0}, "extras": {"legbyes": 4}, "batsman": "KH Pandya"}}]