[{"0.1": {"non_striker": "Ishan Kishan", "bowler": "TG Southee", "runs": {"extras": 0, "total": 0, "batsman": 0}, "batsman": "SA Yadav"}}, {"0.2": {"non_striker": "Ishan Kishan", "bowler": "TG Southee", "runs": {"extras": 0, "total": 0, "batsman": 0}, "batsman": "SA Yadav"}}, {"0.3": {"non_striker": "Ishan Kishan", "bowler": "TG Southee", "runs": {"extras": 0, "total": 4, "batsman": 4}, "batsman": "SA Yadav"}}, {"0.4": {"non_striker": "Ishan Kishan", "bowler": "TG Southee", "runs": {"extras": 0, "total": 0, "batsman": 0}, "batsman": "SA Yadav"}}, {"0.5": {"non_striker": "Ishan Kishan", "bowler": "TG Southee", "runs": {"extras": 0, "total": 1, "batsman": 1}, "batsman": "SA Yadav"}}, {"0.6": {"non_striker": "SA Yadav", "bowler": "TG Southee", "runs": {"extras": 0, "total": 0, "batsman": 0}, "batsman": "Ishan Kishan", "wicket": {"player_out": "Ishan Kishan", "kind": "bowled"}}}, {"1.1": {"non_striker": "JP Duminy", "bowler": "UT Yadav", "runs": {"extras": 0, "total": 0, "batsman": 0}, "batsman": "SA Yadav"}}, {"1.2": {"non_striker": "JP Duminy", "bowler": "UT Yadav", "runs": {"extras": 1, "total": 1, "batsman": 0}, "extras": {"legbyes": 1}, "batsman": "SA Yadav"}}, {"1.3": {"non_striker": "SA Yadav", "bowler": "UT Yadav", "runs": {"extras": 1, "total": 1, "batsman": 0}, "extras": {"wides": 1}, "batsman": "JP Duminy"}}, {"1.4": {"non_striker": "SA Yadav", "bowler": "UT Yadav", "runs": {"extras": 0, "total": 0, "batsman": 0}, "batsman": "JP Duminy"}}, {"1.5": {"non_striker": "SA Yadav", "bowler": "UT Yadav", "runs": {"extras": 0, "total": 4, "batsman": 4}, "batsman": "JP Duminy"}}, {"1.6": {"non_striker": "SA Yadav", "bowler": "UT Yadav", "runs": {"extras": 0, "total": 1, "batsman": 1}, "batsman": "JP Duminy"}}, {"1.7": {"non_striker": "JP Duminy", "bowler": "UT Yadav", "runs": {"extras": 0, "total": 4, "batsman": 4}, "batsman": "SA Yadav"}}, {"2.1": {"non_striker": "SA Yadav", "bowler": "TG Southee", "runs": {"extras": 1, "total": 1, "batsman": 0}, "extras": {"wides": 1}, "batsman": "JP Duminy"}}, {"2.2": {"non_striker": "SA Yadav", "bowler": "TG Southee", "runs": {"extras": 0, "total": 0, "batsman": 0}, "batsman": "JP Duminy"}}, {"2.3": {"non_striker": "SA Yadav", "bowler": "TG Southee", "runs": {"extras": 0, "total": 4, "batsman": 4}, "batsman": "JP Duminy"}}, {"2.4": {"non_striker": "SA Yadav", "bowler": "TG Southee", "runs": {"extras": 0, "total": 0, "batsman": 0}, "batsman": "JP Duminy"}}, {"2.5": {"non_striker": "SA Yadav", "bowler": "TG Southee", "runs": {"extras": 0, "total": 0, "batsman": 0}, "batsman": "JP Duminy"}}, {"2.6": {"non_striker": "SA Yadav", "bowler": "TG Southee", "runs": {"extras": 0, "total": 0, "batsman": 0}, "batsman": "JP Duminy"}}, {"2.7": {"non_striker": "SA Yadav", "bowler": "TG Southee", "runs": {"extras": 0, "total": 0, "batsman": 0}, "batsman": "JP Duminy"}}, {"3.1": {"non_striker": "JP Duminy", "bowler": "UT Yadav", "runs": {"extras": 0, "total": 0, "batsman": 0}, "batsman": "SA Yadav", "wicket": {"player_out": "SA Yadav", "kind": "lbw"}}}, {"3.2": {"non_striker": "JP Duminy", "bowler": "UT Yadav", "runs": {"extras": 0, "total": 0, "batsman": 0}, "batsman": "RG Sharma", "wicket": {"player_out": "RG Sharma", "fielders": ["Q de Kock"], "kind": "caught"}}}, {"3.3": {"non_striker": "JP Duminy", "bowler": "UT Yadav", "runs": {"extras": 0, "total": 0, "batsman": 0}, "batsman": "KA Pollard"}}, {"3.4": {"non_striker": "JP Duminy", "bowler": "UT Yadav", "runs": {"extras": 0, "total": 1, "batsman": 1}, "batsman": "KA Pollard"}}, {"3.5": {"non_striker": "KA Pollard", "bowler": "UT Yadav", "runs": {"extras": 1, "total": 1, "batsman": 0}, "extras": {"legbyes": 1}, "batsman": "JP Duminy"}}, {"3.6": {"non_striker": "JP Duminy", "bowler": "UT Yadav", "runs": {"extras": 1, "total": 1, "batsman": 0}, "extras": {"wides": 1}, "batsman": "KA Pollard"}}, {"3.7": {"non_striker": "JP Duminy", "bowler": "UT Yadav", "runs": {"extras": 0, "total": 0, "batsman": 0}, "batsman": "KA Pollard"}}, {"4.1": {"non_striker": "KA Pollard", "bowler": "Mohammed Siraj", "runs": {"extras": 0, "total": 0, "batsman": 0}, "batsman": "JP Duminy"}}, {"4.2": {"non_striker": "KA Pollard", "bowler": "Mohammed Siraj", "runs": {"extras": 0, "total": 0, "batsman": 0}, "batsman": "JP Duminy"}}, {"4.3": {"non_striker": "KA Pollard", "bowler": "Mohammed Siraj", "runs": {"extras": 0, "total": 2, "batsman": 2}, "batsman": "JP Duminy"}}, {"4.4": {"non_striker": "KA Pollard", "bowler": "Mohammed Siraj", "runs": {"extras": 0, "total": 1, "batsman": 1}, "batsman": "JP Duminy"}}, {"4.5": {"non_striker": "JP Duminy", "bowler": "Mohammed Siraj", "runs": {"extras": 1, "total": 1, "batsman": 0}, "extras": {"wides": 1}, "batsman": "KA Pollard"}}, {"4.6": {"non_striker": "JP Duminy", "bowler": "Mohammed Siraj", "runs": {"extras": 0, "total": 1, "batsman": 1}, "batsman": "KA Pollard"}}, {"4.7": {"non_striker": "KA Pollard", "bowler": "Mohammed Siraj", "runs": {"extras": 0, "total": 0, "batsman": 0}, "batsman": "JP Duminy"}}, {"5.1": {"non_striker": "JP Duminy", "bowler": "UT Yadav", "runs": {"extras": 0, "total": 4, "batsman": 4}, "batsman": "KA Pollard"}}, {"5.2": {"non_striker": "JP Duminy", "bowler": "UT Yadav", "runs": {"extras": 0, "total": 0, "batsman": 0}, "batsman": "KA Pollard"}}, {"5.3": {"non_striker": "JP Duminy", "bowler": "UT Yadav", "runs": {"extras": 0, "total": 1, "batsman": 1}, "batsman": "KA Pollard"}}, {"5.4": {"non_striker": "KA Pollard", "bowler": "UT Yadav", "runs": {"extras": 0, "total": 1, "batsman": 1}, "batsman": "JP Duminy"}}, {"5.5": {"non_striker": "JP Duminy", "bowler": "UT Yadav", "runs": {"extras": 0, "total": 0, "batsman": 0}, "batsman": "KA Pollard"}}, {"5.6": {"non_striker": "JP Duminy", "bowler": "UT Yadav", "runs": {"extras": 0, "total": 5, "batsman": 5}, "batsman": "KA Pollard"}}, {"6.1": {"non_striker": "JP Duminy", "bowler": "YS Chahal", "runs": {"extras": 0, "total": 0, "batsman": 0}, "batsman": "KA Pollard"}}, {"6.2": {"non_striker": "JP Duminy", "bowler": "YS Chahal", "runs": {"extras": 0, "total": 0, "batsman": 0}, "batsman": "KA Pollard"}}, {"6.3": {"non_striker": "JP Duminy", "bowler": "YS Chahal", "runs": {"extras": 0, "total": 1, "batsman": 1}, "batsman": "KA Pollard"}}, {"6.4": {"non_striker": "KA Pollard", "bowler": "YS Chahal", "runs": {"extras": 5, "total": 5, "batsman": 0}, "extras": {"wides": 5}, "batsman": "JP Duminy"}}, {"6.5": {"non_striker": "KA Pollard", "bowler": "YS Chahal", "runs": {"extras": 1, "total": 1, "batsman": 0}, "extras": {"wides": 1}, "batsman": "JP Duminy"}}, {"6.6": {"non_striker": "KA Pollard", "bowler": "YS Chahal", "runs": {"extras": 0, "total": 0, "batsman": 0}, "batsman": "JP Duminy"}}, {"6.7": {"non_striker": "KA Pollard", "bowler": "YS Chahal", "runs": {"extras": 0, "total": 0, "batsman": 0}, "batsman": "JP Duminy"}}, {"6.8": {"non_striker": "KA Pollard", "bowler": "YS Chahal", "runs": {"extras": 0, "total": 0, "batsman": 0}, "batsman": "JP Duminy"}}, {"7.1": {"non_striker": "JP Duminy", "bowler": "Mohammed Siraj", "runs": {"extras": 0, "total": 0, "batsman": 0}, "batsman": "KA Pollard", "wicket": {"player_out": "KA Pollard", "fielders": ["Q de Kock"], "kind": "caught"}}}, {"7.2": {"non_striker": "JP Duminy", "bowler": "Mohammed Siraj", "runs": {"extras": 0, "total": 1, "batsman": 1}, "batsman": "HH Pandya"}}, {"7.3": {"non_striker": "HH Pandya", "bowler": "Mohammed Siraj", "runs": {"extras": 1, "total": 1, "batsman": 0}, "extras": {"wides": 1}, "batsman": "JP Duminy"}}, {"7.4": {"non_striker": "HH Pandya", "bowler": "Mohammed Siraj", "runs": {"extras": 0, "total": 1, "batsman": 1}, "batsman": "JP Duminy"}}, {"7.5": {"non_striker": "JP Duminy", "bowler": "Mohammed Siraj", "runs": {"extras": 0, "total": 0, "batsman": 0}, "batsman": "HH Pandya"}}, {"7.6": {"non_striker": "JP Duminy", "bowler": "Mohammed Siraj", "runs": {"extras": 0, "total": 1, "batsman": 1}, "batsman": "HH Pandya"}}, {"7.7": {"non_striker": "HH Pandya", "bowler": "Mohammed Siraj", "runs": {"extras": 0, "total": 4, "batsman": 4}, "batsman": "JP Duminy"}}, {"8.1": {"non_striker": "JP Duminy", "bowler": "YS Chahal", "runs": {"extras": 0, "total": 0, "batsman": 0}, "batsman": "HH Pandya"}}, {"8.2": {"non_striker": "JP Duminy", "bowler": "YS Chahal", "runs": {"extras": 0, "total": 0, "batsman": 0}, "batsman": "HH Pandya"}}, {"8.3": {"non_striker": "JP Duminy", "bowler": "YS Chahal", "runs": {"extras": 0, "total": 4, "batsman": 4}, "batsman": "HH Pandya"}}, {"8.4": {"non_striker": "JP Duminy", "bowler": "YS Chahal", "runs": {"extras": 1, "total": 1, "batsman": 0}, "extras": {"legbyes": 1}, "batsman": "HH Pandya"}}, {"8.5": {"non_striker": "HH Pandya", "bowler": "YS Chahal", "runs": {"extras": 0, "total": 1, "batsman": 1}, "batsman": "JP Duminy"}}, {"8.6": {"non_striker": "JP Duminy", "bowler": "YS Chahal", "runs": {"extras": 0, "total": 1, "batsman": 1}, "batsman": "HH Pandya"}}, {"9.1": {"non_striker": "JP Duminy", "bowler": "Washington Sundar", "runs": {"extras": 0, "total": 1, "batsman": 1}, "batsman": "HH Pandya"}}, {"9.2": {"non_striker": "HH Pandya", "bowler": "Washington Sundar", "runs": {"extras": 0, "total": 1, "batsman": 1}, "batsman": "JP Duminy"}}, {"9.3": {"non_striker": "JP Duminy", "bowler": "Washington Sundar", "runs": {"extras": 0, "total": 4, "batsman": 4}, "batsman": "HH Pandya"}}, {"9.4": {"non_striker": "JP Duminy", "bowler": "Washington Sundar", "runs": {"extras": 0, "total": 2, "batsman": 2}, "batsman": "HH Pandya"}}, {"9.5": {"non_striker": "JP Duminy", "bowler": "Washington Sundar", "runs": {"extras": 0, "total": 6, "batsman": 6}, "batsman": "HH Pandya"}}, {"9.6": {"non_striker": "JP Duminy", "bowler": "Washington Sundar", "runs": {"extras": 0, "total": 1, "batsman": 1}, "batsman": "HH Pandya"}}, {"10.1": {"non_striker": "JP Duminy", "bowler": "YS Chahal", "runs": {"extras": 0, "total": 1, "batsman": 1}, "batsman": "HH Pandya"}}, {"10.2": {"non_striker": "HH Pandya", "bowler": "YS Chahal", "runs": {"extras": 0, "total": 0, "batsman": 0}, "batsman": "JP Duminy"}}, {"10.3": {"non_striker": "HH Pandya", "bowler": "YS Chahal", "runs": {"extras": 0, "total": 0, "batsman": 0}, "batsman": "JP Duminy"}}, {"10.4": {"non_striker": "HH Pandya", "bowler": "YS Chahal", "runs": {"extras": 0, "total": 1, "batsman": 1}, "batsman": "JP Duminy"}}, {"10.5": {"non_striker": "JP Duminy", "bowler": "YS Chahal", "runs": {"extras": 0, "total": 0, "batsman": 0}, "batsman": "HH Pandya"}}, {"10.6": {"non_striker": "JP Duminy", "bowler": "YS Chahal", "runs": {"extras": 0, "total": 1, "batsman": 1}, "batsman": "HH Pandya"}}, {"11.1": {"non_striker": "JP Duminy", "bowler": "C de Grandhomme", "runs": {"extras": 0, "total": 1, "batsman": 1}, "batsman": "HH Pandya"}}, {"11.2": {"non_striker": "HH Pandya", "bowler": "C de Grandhomme", "runs": {"extras": 0, "total": 1, "batsman": 1}, "batsman": "JP Duminy"}}, {"11.3": {"non_striker": "JP Duminy", "bowler": "C de Grandhomme", "runs": {"extras": 0, "total": 0, "batsman": 0}, "batsman": "HH Pandya"}}, {"11.4": {"non_striker": "JP Duminy", "bowler": "C de Grandhomme", "runs": {"extras": 0, "total": 1, "batsman": 1}, "batsman": "HH Pandya"}}, {"11.5": {"non_striker": "HH Pandya", "bowler": "C de Grandhomme", "runs": {"extras": 0, "total": 0, "batsman": 0}, "batsman": "JP Duminy"}}, {"11.6": {"non_striker": "HH Pandya", "bowler": "C de Grandhomme", "runs": {"extras": 0, "total": 1, "batsman": 1}, "batsman": "JP Duminy", "wicket": {"player_out": "JP Duminy", "kind": "run out"}}}, {"12.1": {"non_striker": "KH Pandya", "bowler": "YS Chahal", "runs": {"extras": 0, "total": 0, "batsman": 0}, "batsman": "HH Pandya"}}, {"12.2": {"non_striker": "KH Pandya", "bowler": "YS Chahal", "runs": {"extras": 0, "total": 1, "batsman": 1}, "batsman": "HH Pandya"}}, {"12.3": {"non_striker": "HH Pandya", "bowler": "YS Chahal", "runs": {"extras": 0, "total": 1, "batsman": 1}, "batsman": "KH Pandya"}}, {"12.4": {"non_striker": "KH Pandya", "bowler": "YS Chahal", "runs": {"extras": 1, "total": 1, "batsman": 0}, "extras": {"wides": 1}, "batsman": "HH Pandya"}}, {"12.5": {"non_striker": "KH Pandya", "bowler": "YS Chahal", "runs": {"extras": 0, "total": 0, "batsman": 0}, "batsman": "HH Pandya"}}, {"12.6": {"non_striker": "KH Pandya", "bowler": "YS Chahal", "runs": {"extras": 1, "total": 1, "batsman": 0}, "extras": {"legbyes": 1}, "batsman": "HH Pandya"}}, {"12.7": {"non_striker": "HH Pandya", "bowler": "YS Chahal", "runs": {"extras": 0, "total": 4, "batsman": 4}, "batsman": "KH Pandya"}}, {"13.1": {"non_striker": "KH Pandya", "bowler": "C de Grandhomme", "runs": {"extras": 0, "total": 0, "batsman": 0}, "batsman": "HH Pandya"}}, {"13.2": {"non_striker": "KH Pandya", "bowler": "C de Grandhomme", "runs": {"extras": 5, "total": 5, "batsman": 0}, "extras": {"wides": 5}, "batsman": "HH Pandya"}}, {"13.3": {"non_striker": "KH Pandya", "bowler": "C de Grandhomme", "runs": {"extras": 0, "total": 0, "batsman": 0}, "batsman": "HH Pandya"}}, {"13.4": {"non_striker": "KH Pandya", "bowler": "C de Grandhomme", "runs": {"extras": 0, "total": 1, "batsman": 1}, "batsman": "HH Pandya"}}, {"13.5": {"non_striker": "HH Pandya", "bowler": "C de Grandhomme", "runs": {"extras": 0, "total": 0, "batsman": 0}, "batsman": "KH Pandya"}}, {"13.6": {"non_striker": "HH Pandya", "bowler": "C de Grandhomme", "runs": {"extras": 1, "total": 1, "batsman": 0}, "extras": {"byes": 1}, "batsman": "KH Pandya"}}, {"13.7": {"non_striker": "KH Pandya", "bowler": "C de Grandhomme", "runs": {"extras": 0, "total": 1, "batsman": 1}, "batsman": "HH Pandya"}}, {"14.1": {"non_striker": "KH Pandya", "bowler": "UT Yadav", "runs": {"extras": 0, "total": 1, "batsman": 1}, "batsman": "HH Pandya"}}, {"14.2": {"non_striker": "HH Pandya", "bowler": "UT Yadav", "runs": {"extras": 0, "total": 1, "batsman": 1}, "batsman": "KH Pandya"}}, {"14.3": {"non_striker": "KH Pandya", "bowler": "UT Yadav", "runs": {"extras": 0, "total": 0, "batsman": 0}, "batsman": "HH Pandya"}}, {"14.4": {"non_striker": "KH Pandya", "bowler": "UT Yadav", "runs": {"extras": 0, "total": 1, "batsman": 1}, "batsman": "HH Pandya"}}, {"14.5": {"non_striker": "HH Pandya", "bowler": "UT Yadav", "runs": {"extras": 0, "total": 2, "batsman": 2}, "batsman": "KH Pandya"}}, {"14.6": {"non_striker": "HH Pandya", "bowler": "UT Yadav", "runs": {"extras": 0, "total": 1, "batsman": 1}, "batsman": "KH Pandya"}}, {"15.1": {"non_striker": "HH Pandya", "bowler": "C de Grandhomme", "runs": {"extras": 0, "total": 6, "batsman": 6}, "batsman": "KH Pandya"}}, {"15.2": {"non_striker": "HH Pandya", "bowler": "C de Grandhomme", "runs": {"extras": 0, "total": 0, "batsman": 0}, "batsman": "KH Pandya"}}, {"15.3": {"non_striker": "HH Pandya", "bowler": "C de Grandhomme", "runs": {"extras": 0, "total": 1, "batsman": 1}, "batsman": "KH Pandya"}}, {"15.4": {"non_striker": "KH Pandya", "bowler": "C de Grandhomme", "runs": {"extras": 0, "total": 4, "batsman": 4}, "batsman": "HH Pandya"}}, {"15.5": {"non_striker": "KH Pandya", "bowler": "C de Grandhomme", "runs": {"extras": 0, "total": 2, "batsman": 2}, "batsman": "HH Pandya"}}, {"15.6": {"non_striker": "KH Pandya", "bowler": "C de Grandhomme", "runs": {"extras": 0, "total": 4, "batsman": 4}, "batsman": "HH Pandya"}}, {"16.1": {"non_striker": "HH Pandya", "bowler": "Mohammed Siraj", "runs": {"extras": 0, "total": 1, "batsman": 1}, "batsman": "KH Pandya"}}, {"16.2": {"non_striker": "KH Pandya", "bowler": "Mohammed Siraj", "runs": {"extras": 1, "total": 1, "batsman": 0}, "extras": {"wides": 1}, "batsman": "HH Pandya"}}, {"16.3": {"non_striker": "KH Pandya", "bowler": "Mohammed Siraj", "runs": {"extras": 0, "total": 1, "batsman": 1}, "batsman": "HH Pandya"}}, {"16.4": {"non_striker": "HH Pandya", "bowler": "Mohammed Siraj", "runs": {"extras": 0, "total": 1, "batsman": 1}, "batsman": "KH Pandya"}}, {"16.5": {"non_striker": "KH Pandya", "bowler": "Mohammed Siraj", "runs": {"extras": 0, "total": 1, "batsman": 1}, "batsman": "HH Pandya"}}, {"16.6": {"non_striker": "HH Pandya", "bowler": "Mohammed Siraj", "runs": {"extras": 0, "total": 1, "batsman": 1}, "batsman": "KH Pandya"}}, {"16.7": {"non_striker": "KH Pandya", "bowler": "Mohammed Siraj", "runs": {"extras": 0, "total": 4, "batsman": 4}, "batsman": "HH Pandya"}}, {"17.1": {"non_striker": "HH Pandya", "bowler": "TG Southee", "runs": {"extras": 0, "total": 1, "batsman": 1}, "batsman": "KH Pandya"}}, {"17.2": {"non_striker": "KH Pandya", "bowler": "TG Southee", "runs": {"extras": 0, "total": 1, "batsman": 1}, "batsman": "HH Pandya"}}, {"17.3": {"non_striker": "HH Pandya", "bowler": "TG Southee", "runs": {"extras": 0, "total": 1, "batsman": 1}, "batsman": "KH Pandya"}}, {"17.4": {"non_striker": "KH Pandya", "bowler": "TG Southee", "runs": {"extras": 0, "total": 1, "batsman": 1}, "batsman": "HH Pandya"}}, {"17.5": {"non_striker": "HH Pandya", "bowler": "TG Southee", "runs": {"extras": 0, "total": 0, "batsman": 0}, "batsman": "KH Pandya"}}, {"17.6": {"non_striker": "HH Pandya", "bowler": "TG Southee", "runs": {"extras": 0, "total": 1, "batsman": 1}, "batsman": "KH Pandya"}}, {"18.1": {"non_striker": "HH Pandya", "bowler": "Mohammed Siraj", "runs": {"extras": 0, "total": 1, "batsman": 1}, "batsman": "KH Pandya"}}, {"18.2": {"non_striker": "KH Pandya", "bowler": "Mohammed Siraj", "runs": {"extras": 0, "total": 1, "batsman": 1}, "batsman": "HH Pandya"}}, {"18.3": {"non_striker": "HH Pandya", "bowler": "Mohammed Siraj", "runs": {"extras": 0, "total": 0, "batsman": 0}, "batsman": "KH Pandya", "wicket": {"player_out": "KH Pandya", "fielders": ["Mandeep Singh"], "kind": "caught"}}}, {"18.4": {"non_striker": "BCJ Cutting", "bowler": "Mohammed Siraj", "runs": {"extras": 0, "total": 0, "batsman": 0}, "batsman": "HH Pandya"}}, {"18.5": {"non_striker": "BCJ Cutting", "bowler": "Mohammed Siraj", "runs": {"extras": 0, "total": 1, "batsman": 1}, "batsman": "HH Pandya"}}, {"18.6": {"non_striker": "HH Pandya", "bowler": "Mohammed Siraj", "runs": {"extras": 0, "total": 2, "batsman": 2}, "batsman": "BCJ Cutting"}}, {"19.1": {"non_striker": "BCJ Cutting", "bowler": "TG Southee", "runs": {"extras": 0, "total": 0, "batsman": 0}, "batsman": "HH Pandya", "wicket": {"player_out": "HH Pandya", "fielders": ["V Kohli"], "kind": "caught"}}}, {"19.2": {"non_striker": "MJ McClenaghan", "bowler": "TG Southee", "runs": {"extras": 0, "total": 4, "batsman": 4}, "batsman": "BCJ Cutting"}}, {"19.3": {"non_striker": "MJ McClenaghan", "bowler": "TG Southee", "runs": {"extras": 0, "total": 0, "batsman": 0}, "batsman": "BCJ Cutting"}}, {"19.4": {"non_striker": "MJ McClenaghan", "bowler": "TG Southee", "runs": {"extras": 0, "total": 0, "batsman": 0}, "batsman": "BCJ Cutting"}}, {"19.5": {"non_striker": "MJ McClenaghan", "bowler": "TG Southee", "runs": {"extras": 0, "total": 0, "batsman": 0}, "batsman": "BCJ Cutting"}}, {"19.6": {"non_striker": "MJ McClenaghan", "bowler": "TG Southee", "runs": {"extras": 0, "total": 6, "batsman": 6}, "batsman": "BCJ Cutting"}}]