[{"0.1": {"non_striker": "AT Rayudu", "bowler": "P Negi", "runs": {"extras": 0, "total": 1, "batsman": 1}, "batsman": "SR Watson"}}, {"0.2": {"non_striker": "SR Watson", "bowler": "P Negi", "runs": {"extras": 0, "total": 0, "batsman": 0}, "batsman": "AT Rayudu"}}, {"0.3": {"non_striker": "SR Watson", "bowler": "P Negi", "runs": {"extras": 0, "total": 1, "batsman": 1}, "batsman": "AT Rayudu"}}, {"0.4": {"non_striker": "AT Rayudu", "bowler": "P Negi", "runs": {"extras": 0, "total": 0, "batsman": 0}, "batsman": "SR Watson"}}, {"0.5": {"non_striker": "AT Rayudu", "bowler": "P Negi", "runs": {"extras": 0, "total": 6, "batsman": 6}, "batsman": "SR Watson"}}, {"0.6": {"non_striker": "AT Rayudu", "bowler": "P Negi", "runs": {"extras": 0, "total": 0, "batsman": 0}, "batsman": "SR Watson", "wicket": {"player_out": "SR Watson", "fielders": ["Mohammed Siraj"], "kind": "caught"}}}, {"1.1": {"non_striker": "SK Raina", "bowler": "UT Yadav", "runs": {"extras": 0, "total": 0, "batsman": 0}, "batsman": "AT Rayudu"}}, {"1.2": {"non_striker": "SK Raina", "bowler": "UT Yadav", "runs": {"extras": 0, "total": 0, "batsman": 0}, "batsman": "AT Rayudu"}}, {"1.3": {"non_striker": "SK Raina", "bowler": "UT Yadav", "runs": {"extras": 0, "total": 1, "batsman": 1}, "batsman": "AT Rayudu"}}, {"1.4": {"non_striker": "AT Rayudu", "bowler": "UT Yadav", "runs": {"extras": 0, "total": 0, "batsman": 0}, "batsman": "SK Raina"}}, {"1.5": {"non_striker": "AT Rayudu", "bowler": "UT Yadav", "runs": {"extras": 0, "total": 0, "batsman": 0}, "batsman": "SK Raina"}}, {"1.6": {"non_striker": "AT Rayudu", "bowler": "UT Yadav", "runs": {"extras": 0, "total": 1, "batsman": 1}, "batsman": "SK Raina"}}, {"2.1": {"non_striker": "AT Rayudu", "bowler": "Washington Sundar", "runs": {"extras": 0, "total": 1, "batsman": 1}, "batsman": "SK Raina"}}, {"2.2": {"non_striker": "SK Raina", "bowler": "Washington Sundar", "runs": {"extras": 0, "total": 0, "batsman": 0}, "batsman": "AT Rayudu"}}, {"2.3": {"non_striker": "SK Raina", "bowler": "Washington Sundar", "runs": {"extras": 0, "total": 6, "batsman": 6}, "batsman": "AT Rayudu"}}, {"2.4": {"non_striker": "SK Raina", "bowler": "Washington Sundar", "runs": {"extras": 0, "total": 6, "batsman": 6}, "batsman": "AT Rayudu"}}, {"2.5": {"non_striker": "SK Raina", "bowler": "Washington Sundar", "runs": {"extras": 0, "total": 0, "batsman": 0}, "batsman": "AT Rayudu"}}, {"2.6": {"non_striker": "SK Raina", "bowler": "Washington Sundar", "runs": {"extras": 0, "total": 1, "batsman": 1}, "batsman": "AT Rayudu"}}, {"3.1": {"non_striker": "SK Raina", "bowler": "UT Yadav", "runs": {"extras": 0, "total": 6, "batsman": 6}, "batsman": "AT Rayudu"}}, {"3.2": {"non_striker": "SK Raina", "bowler": "UT Yadav", "runs": {"extras": 0, "total": 0, "batsman": 0}, "batsman": "AT Rayudu"}}, {"3.3": {"non_striker": "SK Raina", "bowler": "UT Yadav", "runs": {"extras": 0, "total": 0, "batsman": 0}, "batsman": "AT Rayudu"}}, {"3.4": {"non_striker": "SK Raina", "bowler": "UT Yadav", "runs": {"extras": 0, "total": 1, "batsman": 1}, "batsman": "AT Rayudu"}}, {"3.5": {"non_striker": "AT Rayudu", "bowler": "UT Yadav", "runs": {"extras": 0, "total": 4, "batsman": 4}, "batsman": "SK Raina"}}, {"3.6": {"non_striker": "AT Rayudu", "bowler": "UT Yadav", "runs": {"extras": 0, "total": 0, "batsman": 0}, "batsman": "SK Raina"}}, {"4.1": {"non_striker": "SK Raina", "bowler": "Mohammed Siraj", "runs": {"extras": 0, "total": 0, "batsman": 0}, "batsman": "AT Rayudu"}}, {"4.2": {"non_striker": "SK Raina", "bowler": "Mohammed Siraj", "runs": {"extras": 0, "total": 4, "batsman": 4}, "batsman": "AT Rayudu"}}, {"4.3": {"non_striker": "SK Raina", "bowler": "Mohammed Siraj", "runs": {"extras": 0, "total": 1, "batsman": 1}, "batsman": "AT Rayudu"}}, {"4.4": {"non_striker": "AT Rayudu", "bowler": "Mohammed Siraj", "runs": {"extras": 1, "total": 1, "batsman": 0}, "extras": {"wides": 1}, "batsman": "SK Raina"}}, {"4.5": {"non_striker": "AT Rayudu", "bowler": "Mohammed Siraj", "runs": {"extras": 0, "total": 4, "batsman": 4}, "batsman": "SK Raina"}}, {"4.6": {"non_striker": "AT Rayudu", "bowler": "Mohammed Siraj", "runs": {"extras": 0, "total": 1, "batsman": 1}, "batsman": "SK Raina"}}, {"4.7": {"non_striker": "SK Raina", "bowler": "Mohammed Siraj", "runs": {"extras": 0, "total": 4, "batsman": 4}, "batsman": "AT Rayudu"}}, {"5.1": {"non_striker": "AT Rayudu", "bowler": "UT Yadav", "runs": {"extras": 0, "total": 0, "batsman": 0}, "batsman": "SK Raina", "wicket": {"player_out": "SK Raina", "fielders": ["Mandeep Singh"], "kind": "caught"}}}, {"5.2": {"non_striker": "AT Rayudu", "bowler": "UT Yadav", "runs": {"extras": 0, "total": 0, "batsman": 0}, "batsman": "SW Billings"}}, {"5.3": {"non_striker": "AT Rayudu", "bowler": "UT Yadav", "runs": {"extras": 0, "total": 4, "batsman": 4}, "batsman": "SW Billings"}}, {"5.4": {"non_striker": "AT Rayudu", "bowler": "UT Yadav", "runs": {"extras": 0, "total": 0, "batsman": 0}, "batsman": "SW Billings"}}, {"5.5": {"non_striker": "AT Rayudu", "bowler": "UT Yadav", "runs": {"extras": 0, "total": 0, "batsman": 0}, "batsman": "SW Billings"}}, {"5.6": {"non_striker": "AT Rayudu", "bowler": "UT Yadav", "runs": {"extras": 0, "total": 1, "batsman": 1}, "batsman": "SW Billings"}}, {"6.1": {"non_striker": "AT Rayudu", "bowler": "YS Chahal", "runs": {"extras": 0, "total": 4, "batsman": 4}, "batsman": "SW Billings"}}, {"6.2": {"non_striker": "AT Rayudu", "bowler": "YS Chahal", "runs": {"extras": 0, "total": 0, "batsman": 0}, "batsman": "SW Billings", "wicket": {"player_out": "SW Billings", "fielders": ["Q de Kock"], "kind": "stumped"}}}, {"6.3": {"non_striker": "AT Rayudu", "bowler": "YS Chahal", "runs": {"extras": 0, "total": 1, "batsman": 1}, "batsman": "RA Jadeja"}}, {"6.4": {"non_striker": "RA Jadeja", "bowler": "YS Chahal", "runs": {"extras": 0, "total": 0, "batsman": 0}, "batsman": "AT Rayudu"}}, {"6.5": {"non_striker": "RA Jadeja", "bowler": "YS Chahal", "runs": {"extras": 0, "total": 0, "batsman": 0}, "batsman": "AT Rayudu"}}, {"6.6": {"non_striker": "RA Jadeja", "bowler": "YS Chahal", "runs": {"extras": 0, "total": 1, "batsman": 1}, "batsman": "AT Rayudu"}}, {"7.1": {"non_striker": "RA Jadeja", "bowler": "UT Yadav", "runs": {"extras": 0, "total": 1, "batsman": 1}, "batsman": "AT Rayudu"}}, {"7.2": {"non_striker": "AT Rayudu", "bowler": "UT Yadav", "runs": {"extras": 0, "total": 0, "batsman": 0}, "batsman": "RA Jadeja"}}, {"7.3": {"non_striker": "AT Rayudu", "bowler": "UT Yadav", "runs": {"extras": 0, "total": 1, "batsman": 1}, "batsman": "RA Jadeja"}}, {"7.4": {"non_striker": "RA Jadeja", "bowler": "UT Yadav", "runs": {"extras": 0, "total": 1, "batsman": 1}, "batsman": "AT Rayudu"}}, {"7.5": {"non_striker": "AT Rayudu", "bowler": "UT Yadav", "runs": {"extras": 0, "total": 1, "batsman": 1}, "batsman": "RA Jadeja"}}, {"7.6": {"non_striker": "RA Jadeja", "bowler": "UT Yadav", "runs": {"extras": 0, "total": 1, "batsman": 1}, "batsman": "AT Rayudu"}}, {"8.1": {"non_striker": "RA Jadeja", "bowler": "YS Chahal", "runs": {"extras": 0, "total": 0, "batsman": 0}, "batsman": "AT Rayudu"}}, {"8.2": {"non_striker": "RA Jadeja", "bowler": "YS Chahal", "runs": {"extras": 0, "total": 0, "batsman": 0}, "batsman": "AT Rayudu"}}, {"8.3": {"non_striker": "RA Jadeja", "bowler": "YS Chahal", "runs": {"extras": 0, "total": 6, "batsman": 6}, "batsman": "AT Rayudu"}}, {"8.4": {"non_striker": "RA Jadeja", "bowler": "YS Chahal", "runs": {"extras": 0, "total": 0, "batsman": 0}, "batsman": "AT Rayudu"}}, {"8.5": {"non_striker": "RA Jadeja", "bowler": "YS Chahal", "runs": {"extras": 0, "total": 1, "batsman": 1}, "batsman": "AT Rayudu"}}, {"8.6": {"non_striker": "AT Rayudu", "bowler": "YS Chahal", "runs": {"extras": 1, "total": 1, "batsman": 0}, "extras": {"wides": 1}, "batsman": "RA Jadeja"}}, {"8.7": {"non_striker": "AT Rayudu", "bowler": "YS Chahal", "runs": {"extras": 0, "total": 0, "batsman": 0}, "batsman": "RA Jadeja", "wicket": {"player_out": "RA Jadeja", "kind": "bowled"}}}, {"9.1": {"non_striker": "MS Dhoni", "bowler": "P Negi", "runs": {"extras": 0, "total": 1, "batsman": 1}, "batsman": "AT Rayudu"}}, {"9.2": {"non_striker": "AT Rayudu", "bowler": "P Negi", "runs": {"extras": 0, "total": 0, "batsman": 0}, "batsman": "MS Dhoni"}}, {"9.3": {"non_striker": "AT Rayudu", "bowler": "P Negi", "runs": {"extras": 0, "total": 6, "batsman": 6}, "batsman": "MS Dhoni"}}, {"9.4": {"non_striker": "AT Rayudu", "bowler": "P Negi", "runs": {"extras": 0, "total": 1, "batsman": 1}, "batsman": "MS Dhoni"}}, {"9.5": {"non_striker": "MS Dhoni", "bowler": "P Negi", "runs": {"extras": 0, "total": 1, "batsman": 1}, "batsman": "AT Rayudu"}}, {"9.6": {"non_striker": "AT Rayudu", "bowler": "P Negi", "runs": {"extras": 0, "total": 0, "batsman": 0}, "batsman": "MS Dhoni"}}, {"10.1": {"non_striker": "MS Dhoni", "bowler": "YS Chahal", "runs": {"extras": 0, "total": 1, "batsman": 1}, "batsman": "AT Rayudu"}}, {"10.2": {"non_striker": "AT Rayudu", "bowler": "YS Chahal", "runs": {"extras": 0, "total": 2, "batsman": 2}, "batsman": "MS Dhoni"}}, {"10.3": {"non_striker": "AT Rayudu", "bowler": "YS Chahal", "runs": {"extras": 0, "total": 2, "batsman": 2}, "batsman": "MS Dhoni"}}, {"10.4": {"non_striker": "AT Rayudu", "bowler": "YS Chahal", "runs": {"extras": 0, "total": 0, "batsman": 0}, "batsman": "MS Dhoni"}}, {"10.5": {"non_striker": "AT Rayudu", "bowler": "YS Chahal", "runs": {"extras": 0, "total": 1, "batsman": 1}, "batsman": "MS Dhoni"}}, {"10.6": {"non_striker": "MS Dhoni", "bowler": "YS Chahal", "runs": {"extras": 1, "total": 1, "batsman": 0}, "extras": {"noballs": 1}, "batsman": "AT Rayudu"}}, {"10.7": {"non_striker": "MS Dhoni", "bowler": "YS Chahal", "runs": {"extras": 0, "total": 0, "batsman": 0}, "batsman": "AT Rayudu"}}, {"11.1": {"non_striker": "AT Rayudu", "bowler": "CJ Anderson", "runs": {"extras": 0, "total": 1, "batsman": 1}, "batsman": "MS Dhoni"}}, {"11.2": {"non_striker": "MS Dhoni", "bowler": "CJ Anderson", "runs": {"extras": 0, "total": 1, "batsman": 1}, "batsman": "AT Rayudu"}}, {"11.3": {"non_striker": "AT Rayudu", "bowler": "CJ Anderson", "runs": {"extras": 0, "total": 1, "batsman": 1}, "batsman": "MS Dhoni"}}, {"11.4": {"non_striker": "MS Dhoni", "bowler": "CJ Anderson", "runs": {"extras": 1, "total": 1, "batsman": 0}, "extras": {"legbyes": 1}, "batsman": "AT Rayudu"}}, {"11.5": {"non_striker": "AT Rayudu", "bowler": "CJ Anderson", "runs": {"extras": 0, "total": 6, "batsman": 6}, "batsman": "MS Dhoni"}}, {"11.6": {"non_striker": "AT Rayudu", "bowler": "CJ Anderson", "runs": {"extras": 0, "total": 1, "batsman": 1}, "batsman": "MS Dhoni"}}, {"12.1": {"non_striker": "AT Rayudu", "bowler": "YS Chahal", "runs": {"extras": 1, "total": 1, "batsman": 0}, "extras": {"legbyes": 1}, "batsman": "MS Dhoni"}}, {"12.2": {"non_striker": "MS Dhoni", "bowler": "YS Chahal", "runs": {"extras": 0, "total": 1, "batsman": 1}, "batsman": "AT Rayudu"}}, {"12.3": {"non_striker": "AT Rayudu", "bowler": "YS Chahal", "runs": {"extras": 0, "total": 1, "batsman": 1}, "batsman": "MS Dhoni"}}, {"12.4": {"non_striker": "MS Dhoni", "bowler": "YS Chahal", "runs": {"extras": 0, "total": 0, "batsman": 0}, "batsman": "AT Rayudu"}}, {"12.5": {"non_striker": "MS Dhoni", "bowler": "YS Chahal", "runs": {"extras": 0, "total": 1, "batsman": 1}, "batsman": "AT Rayudu"}}, {"12.6": {"non_striker": "AT Rayudu", "bowler": "YS Chahal", "runs": {"extras": 1, "total": 1, "batsman": 0}, "extras": {"wides": 1}, "batsman": "MS Dhoni"}}, {"12.7": {"non_striker": "AT Rayudu", "bowler": "YS Chahal", "runs": {"extras": 0, "total": 1, "batsman": 1}, "batsman": "MS Dhoni"}}, {"13.1": {"non_striker": "AT Rayudu", "bowler": "P Negi", "runs": {"extras": 0, "total": 6, "batsman": 6}, "batsman": "MS Dhoni"}}, {"13.2": {"non_striker": "AT Rayudu", "bowler": "P Negi", "runs": {"extras": 0, "total": 6, "batsman": 6}, "batsman": "MS Dhoni"}}, {"13.3": {"non_striker": "AT Rayudu", "bowler": "P Negi", "runs": {"extras": 0, "total": 0, "batsman": 0}, "batsman": "MS Dhoni"}}, {"13.4": {"non_striker": "AT Rayudu", "bowler": "P Negi", "runs": {"extras": 0, "total": 1, "batsman": 1}, "batsman": "MS Dhoni"}}, {"13.5": {"non_striker": "MS Dhoni", "bowler": "P Negi", "runs": {"extras": 0, "total": 6, "batsman": 6}, "batsman": "AT Rayudu"}}, {"13.6": {"non_striker": "MS Dhoni", "bowler": "P Negi", "runs": {"extras": 0, "total": 0, "batsman": 0}, "batsman": "AT Rayudu"}}, {"14.1": {"non_striker": "AT Rayudu", "bowler": "Mohammed Siraj", "runs": {"extras": 0, "total": 1, "batsman": 1}, "batsman": "MS Dhoni"}}, {"14.2": {"non_striker": "MS Dhoni", "bowler": "Mohammed Siraj", "runs": {"extras": 0, "total": 0, "batsman": 0}, "batsman": "AT Rayudu"}}, {"14.3": {"non_striker": "MS Dhoni", "bowler": "Mohammed Siraj", "runs": {"extras": 0, "total": 6, "batsman": 6}, "batsman": "AT Rayudu"}}, {"14.4": {"non_striker": "MS Dhoni", "bowler": "Mohammed Siraj", "runs": {"extras": 0, "total": 1, "batsman": 1}, "batsman": "AT Rayudu"}}, {"14.5": {"non_striker": "AT Rayudu", "bowler": "Mohammed Siraj", "runs": {"extras": 0, "total": 0, "batsman": 0}, "batsman": "MS Dhoni"}}, {"14.6": {"non_striker": "AT Rayudu", "bowler": "Mohammed Siraj", "runs": {"extras": 0, "total": 1, "batsman": 1}, "batsman": "MS Dhoni"}}, {"15.1": {"non_striker": "AT Rayudu", "bowler": "CJ Anderson", "runs": {"extras": 0, "total": 1, "batsman": 1}, "batsman": "MS Dhoni"}}, {"15.2": {"non_striker": "MS Dhoni", "bowler": "CJ Anderson", "runs": {"extras": 0, "total": 0, "batsman": 0}, "batsman": "AT Rayudu"}}, {"15.3": {"non_striker": "MS Dhoni", "bowler": "CJ Anderson", "runs": {"extras": 0, "total": 1, "batsman": 1}, "batsman": "AT Rayudu"}}, {"15.4": {"non_striker": "AT Rayudu", "bowler": "CJ Anderson", "runs": {"extras": 0, "total": 1, "batsman": 1}, "batsman": "MS Dhoni"}}, {"15.5": {"non_striker": "MS Dhoni", "bowler": "CJ Anderson", "runs": {"extras": 1, "total": 1, "batsman": 0}, "extras": {"wides": 1}, "batsman": "AT Rayudu"}}, {"15.6": {"non_striker": "MS Dhoni", "bowler": "CJ Anderson", "runs": {"extras": 0, "total": 6, "batsman": 6}, "batsman": "AT Rayudu"}}, {"15.7": {"non_striker": "MS Dhoni", "bowler": "CJ Anderson", "runs": {"extras": 0, "total": 6, "batsman": 6}, "batsman": "AT Rayudu"}}, {"16.1": {"non_striker": "AT Rayudu", "bowler": "Mohammed Siraj", "runs": {"extras": 0, "total": 1, "batsman": 1}, "batsman": "MS Dhoni"}}, {"16.2": {"non_striker": "MS Dhoni", "bowler": "Mohammed Siraj", "runs": {"extras": 0, "total": 1, "batsman": 1}, "batsman": "AT Rayudu"}}, {"16.3": {"non_striker": "AT Rayudu", "bowler": "Mohammed Siraj", "runs": {"extras": 0, "total": 2, "batsman": 2}, "batsman": "MS Dhoni"}}, {"16.4": {"non_striker": "AT Rayudu", "bowler": "Mohammed Siraj", "runs": {"extras": 0, "total": 1, "batsman": 1}, "batsman": "MS Dhoni"}}, {"16.5": {"non_striker": "MS Dhoni", "bowler": "Mohammed Siraj", "runs": {"extras": 0, "total": 1, "batsman": 1}, "batsman": "AT Rayudu"}}, {"16.6": {"non_striker": "AT Rayudu", "bowler": "Mohammed Siraj", "runs": {"extras": 0, "total": 4, "batsman": 4}, "batsman": "MS Dhoni"}}, {"17.1": {"non_striker": "MS Dhoni", "bowler": "CJ Anderson", "runs": {"extras": 0, "total": 1, "batsman": 1}, "batsman": "AT Rayudu"}}, {"17.2": {"non_striker": "AT Rayudu", "bowler": "CJ Anderson", "runs": {"extras": 1, "total": 1, "batsman": 0}, "extras": {"wides": 1}, "batsman": "MS Dhoni"}}, {"17.3": {"non_striker": "AT Rayudu", "bowler": "CJ Anderson", "runs": {"extras": 0, "total": 6, "batsman": 6}, "batsman": "MS Dhoni"}}, {"17.4": {"non_striker": "AT Rayudu", "bowler": "CJ Anderson", "runs": {"extras": 0, "total": 1, "batsman": 1}, "batsman": "MS Dhoni"}}, {"17.5": {"non_striker": "MS Dhoni", "bowler": "CJ Anderson", "runs": {"extras": 0, "total": 4, "batsman": 4}, "batsman": "AT Rayudu"}}, {"17.6": {"non_striker": "MS Dhoni", "bowler": "CJ Anderson", "runs": {"extras": 0, "total": 1, "batsman": 1}, "batsman": "AT Rayudu", "wicket": {"player_out": "AT Rayudu", "kind": "run out"}}}, {"17.7": {"non_striker": "MS Dhoni", "bowler": "CJ Anderson", "runs": {"extras": 0, "total": 1, "batsman": 1}, "batsman": "DJ Bravo"}}, {"18.1": {"non_striker": "MS Dhoni", "bowler": "Mohammed Siraj", "runs": {"extras": 0, "total": 0, "batsman": 0}, "batsman": "DJ Bravo"}}, {"18.2": {"non_striker": "MS Dhoni", "bowler": "Mohammed Siraj", "runs": {"extras": 0, "total": 1, "batsman": 1}, "batsman": "DJ Bravo"}}, {"18.3": {"non_striker": "DJ Bravo", "bowler": "Mohammed Siraj", "runs": {"extras": 0, "total": 1, "batsman": 1}, "batsman": "MS Dhoni"}}, {"18.4": {"non_striker": "MS Dhoni", "bowler": "Mohammed Siraj", "runs": {"extras": 0, "total": 1, "batsman": 1}, "batsman": "DJ Bravo"}}, {"18.5": {"non_striker": "DJ Bravo", "bowler": "Mohammed Siraj", "runs": {"extras": 0, "total": 6, "batsman": 6}, "batsman": "MS Dhoni"}}, {"18.6": {"non_striker": "DJ Bravo", "bowler": "Mohammed Siraj", "runs": {"extras": 1, "total": 1, "batsman": 0}, "extras": {"wides": 1}, "batsman": "MS Dhoni"}}, {"18.7": {"non_striker": "DJ Bravo", "bowler": "Mohammed Siraj", "runs": {"extras": 1, "total": 1, "batsman": 0}, "extras": {"wides": 1}, "batsman": "MS Dhoni"}}, {"18.8": {"non_striker": "DJ Bravo", "bowler": "Mohammed Siraj", "runs": {"extras": 1, "total": 1, "batsman": 0}, "extras": {"wides": 1}, "batsman": "MS Dhoni"}}, {"18.9": {"non_striker": "DJ Bravo", "bowler": "Mohammed Siraj", "runs": {"extras": 0, "total": 2, "batsman": 2}, "batsman": "MS Dhoni"}}, {"19.1": {"non_striker": "MS Dhoni", "bowler": "CJ Anderson", "runs": {"extras": 0, "total": 4, "batsman": 4}, "batsman": "DJ Bravo"}}, {"19.2": {"non_striker": "MS Dhoni", "bowler": "CJ Anderson", "runs": {"extras": 0, "total": 6, "batsman": 6}, "batsman": "DJ Bravo"}}, {"19.3": {"non_striker": "MS Dhoni", "bowler": "CJ Anderson", "runs": {"extras": 0, "total": 1, "batsman": 1}, "batsman": "DJ Bravo"}}, {"19.4": {"non_striker": "DJ Bravo", "bowler": "CJ Anderson", "runs": {"extras": 0, "total": 6, "batsman": 6}, "batsman": "MS Dhoni"}}]