[{"0.1": {"non_striker": "SP Narine", "bowler": "TG Southee", "runs": {"extras": 0, "total": 0, "batsman": 0}, "batsman": "CA Lynn"}}, {"0.2": {"non_striker": "SP Narine", "bowler": "TG Southee", "runs": {"extras": 0, "total": 1, "batsman": 1}, "batsman": "CA Lynn"}}, {"0.3": {"non_striker": "CA Lynn", "bowler": "TG Southee", "runs": {"extras": 0, "total": 1, "batsman": 1}, "batsman": "SP Narine"}}, {"0.4": {"non_striker": "SP Narine", "bowler": "TG Southee", "runs": {"extras": 0, "total": 1, "batsman": 1}, "batsman": "CA Lynn"}}, {"0.5": {"non_striker": "CA Lynn", "bowler": "TG Southee", "runs": {"extras": 0, "total": 0, "batsman": 0}, "batsman": "SP Narine"}}, {"0.6": {"non_striker": "CA Lynn", "bowler": "TG Southee", "runs": {"extras": 1, "total": 1, "batsman": 0}, "extras": {"wides": 1}, "batsman": "SP Narine"}}, {"0.7": {"non_striker": "CA Lynn", "bowler": "TG Southee", "runs": {"extras": 0, "total": 1, "batsman": 1}, "batsman": "SP Narine"}}, {"1.1": {"non_striker": "CA Lynn", "bowler": "UT Yadav", "runs": {"extras": 0, "total": 6, "batsman": 6}, "batsman": "SP Narine"}}, {"1.2": {"non_striker": "CA Lynn", "bowler": "UT Yadav", "runs": {"extras": 0, "total": 4, "batsman": 4}, "batsman": "SP Narine"}}, {"1.3": {"non_striker": "CA Lynn", "bowler": "UT Yadav", "runs": {"extras": 0, "total": 1, "batsman": 1}, "batsman": "SP Narine"}}, {"1.4": {"non_striker": "SP Narine", "bowler": "UT Yadav", "runs": {"extras": 0, "total": 1, "batsman": 1}, "batsman": "CA Lynn"}}, {"1.5": {"non_striker": "CA Lynn", "bowler": "UT Yadav", "runs": {"extras": 0, "total": 0, "batsman": 0}, "batsman": "SP Narine"}}, {"1.6": {"non_striker": "CA Lynn", "bowler": "UT Yadav", "runs": {"extras": 0, "total": 1, "batsman": 1}, "batsman": "SP Narine"}}, {"2.1": {"non_striker": "CA Lynn", "bowler": "TG Southee", "runs": {"extras": 0, "total": 4, "batsman": 4}, "batsman": "SP Narine"}}, {"2.2": {"non_striker": "CA Lynn", "bowler": "TG Southee", "runs": {"extras": 0, "total": 4, "batsman": 4}, "batsman": "SP Narine"}}, {"2.3": {"non_striker": "CA Lynn", "bowler": "TG Southee", "runs": {"extras": 0, "total": 0, "batsman": 0}, "batsman": "SP Narine"}}, {"2.4": {"non_striker": "CA Lynn", "bowler": "TG Southee", "runs": {"extras": 1, "total": 1, "batsman": 0}, "extras": {"wides": 1}, "batsman": "SP Narine"}}, {"2.5": {"non_striker": "CA Lynn", "bowler": "TG Southee", "runs": {"extras": 0, "total": 0, "batsman": 0}, "batsman": "SP Narine"}}, {"2.6": {"non_striker": "CA Lynn", "bowler": "TG Southee", "runs": {"extras": 0, "total": 2, "batsman": 2}, "batsman": "SP Narine"}}, {"2.7": {"non_striker": "CA Lynn", "bowler": "TG Southee", "runs": {"extras": 0, "total": 0, "batsman": 0}, "batsman": "SP Narine"}}, {"3.1": {"non_striker": "SP Narine", "bowler": "YS Chahal", "runs": {"extras": 0, "total": 4, "batsman": 4}, "batsman": "CA Lynn"}}, {"3.2": {"non_striker": "SP Narine", "bowler": "YS Chahal", "runs": {"extras": 0, "total": 0, "batsman": 0}, "batsman": "CA Lynn"}}, {"3.3": {"non_striker": "SP Narine", "bowler": "YS Chahal", "runs": {"extras": 0, "total": 0, "batsman": 0}, "batsman": "CA Lynn"}}, {"3.4": {"non_striker": "SP Narine", "bowler": "YS Chahal", "runs": {"extras": 0, "total": 1, "batsman": 1}, "batsman": "CA Lynn"}}, {"3.5": {"non_striker": "CA Lynn", "bowler": "YS Chahal", "runs": {"extras": 0, "total": 1, "batsman": 1}, "batsman": "SP Narine"}}, {"3.6": {"non_striker": "SP Narine", "bowler": "YS Chahal", "runs": {"extras": 0, "total": 1, "batsman": 1}, "batsman": "CA Lynn"}}, {"4.1": {"non_striker": "SP Narine", "bowler": "UT Yadav", "runs": {"extras": 0, "total": 4, "batsman": 4}, "batsman": "CA Lynn"}}, {"4.2": {"non_striker": "SP Narine", "bowler": "UT Yadav", "runs": {"extras": 0, "total": 0, "batsman": 0}, "batsman": "CA Lynn"}}, {"4.3": {"non_striker": "SP Narine", "bowler": "UT Yadav", "runs": {"extras": 0, "total": 0, "batsman": 0}, "batsman": "CA Lynn"}}, {"4.4": {"non_striker": "SP Narine", "bowler": "UT Yadav", "runs": {"extras": 0, "total": 6, "batsman": 6}, "batsman": "CA Lynn"}}, {"4.5": {"non_striker": "SP Narine", "bowler": "UT Yadav", "runs": {"extras": 0, "total": 1, "batsman": 1}, "batsman": "CA Lynn"}}, {"4.6": {"non_striker": "CA Lynn", "bowler": "UT Yadav", "runs": {"extras": 0, "total": 0, "batsman": 0}, "batsman": "SP Narine"}}, {"5.1": {"non_striker": "SP Narine", "bowler": "YS Chahal", "runs": {"extras": 0, "total": 0, "batsman": 0}, "batsman": "CA Lynn"}}, {"5.2": {"non_striker": "SP Narine", "bowler": "YS Chahal", "runs": {"extras": 0, "total": 0, "batsman": 0}, "batsman": "CA Lynn"}}, {"5.3": {"non_striker": "SP Narine", "bowler": "YS Chahal", "runs": {"extras": 0, "total": 0, "batsman": 0}, "batsman": "CA Lynn"}}, {"5.4": {"non_striker": "SP Narine", "bowler": "YS Chahal", "runs": {"extras": 0, "total": 4, "batsman": 4}, "batsman": "CA Lynn"}}, {"5.5": {"non_striker": "SP Narine", "bowler": "YS Chahal", "runs": {"extras": 0, "total": 0, "batsman": 0}, "batsman": "CA Lynn"}}, {"5.6": {"non_striker": "SP Narine", "bowler": "YS Chahal", "runs": {"extras": 0, "total": 0, "batsman": 0}, "batsman": "CA Lynn"}}, {"6.1": {"non_striker": "CA Lynn", "bowler": "Mohammed Siraj", "runs": {"extras": 1, "total": 1, "batsman": 0}, "extras": {"wides": 1}, "batsman": "SP Narine"}}, {"6.2": {"non_striker": "CA Lynn", "bowler": "Mohammed Siraj", "runs": {"extras": 0, "total": 1, "batsman": 1}, "batsman": "SP Narine"}}, {"6.3": {"non_striker": "SP Narine", "bowler": "Mohammed Siraj", "runs": {"extras": 0, "total": 1, "batsman": 1}, "batsman": "CA Lynn"}}, {"6.4": {"non_striker": "CA Lynn", "bowler": "Mohammed Siraj", "runs": {"extras": 0, "total": 1, "batsman": 1}, "batsman": "SP Narine"}}, {"6.5": {"non_striker": "SP Narine", "bowler": "Mohammed Siraj", "runs": {"extras": 0, "total": 0, "batsman": 0}, "batsman": "CA Lynn"}}, {"6.6": {"non_striker": "SP Narine", "bowler": "Mohammed Siraj", "runs": {"extras": 0, "total": 4, "batsman": 4}, "batsman": "CA Lynn"}}, {"6.7": {"non_striker": "SP Narine", "bowler": "Mohammed Siraj", "runs": {"extras": 0, "total": 0, "batsman": 0}, "batsman": "CA Lynn"}}, {"7.1": {"non_striker": "CA Lynn", "bowler": "M Ashwin", "runs": {"extras": 0, "total": 0, "batsman": 0}, "batsman": "SP Narine", "wicket": {"player_out": "SP Narine", "fielders": ["C de Grandhomme"], "kind": "caught"}}}, {"7.2": {"non_striker": "CA Lynn", "bowler": "M Ashwin", "runs": {"extras": 0, "total": 1, "batsman": 1}, "batsman": "RV Uthappa"}}, {"7.3": {"non_striker": "RV Uthappa", "bowler": "M Ashwin", "runs": {"extras": 0, "total": 1, "batsman": 1}, "batsman": "CA Lynn"}}, {"7.4": {"non_striker": "CA Lynn", "bowler": "M Ashwin", "runs": {"extras": 0, "total": 0, "batsman": 0}, "batsman": "RV Uthappa"}}, {"7.5": {"non_striker": "CA Lynn", "bowler": "M Ashwin", "runs": {"extras": 0, "total": 6, "batsman": 6}, "batsman": "RV Uthappa"}}, {"7.6": {"non_striker": "CA Lynn", "bowler": "M Ashwin", "runs": {"extras": 0, "total": 0, "batsman": 0}, "batsman": "RV Uthappa"}}, {"8.1": {"non_striker": "RV Uthappa", "bowler": "Mohammed Siraj", "runs": {"extras": 1, "total": 1, "batsman": 0}, "extras": {"wides": 1}, "batsman": "CA Lynn"}}, {"8.2": {"non_striker": "RV Uthappa", "bowler": "Mohammed Siraj", "runs": {"extras": 0, "total": 1, "batsman": 1}, "batsman": "CA Lynn"}}, {"8.3": {"non_striker": "CA Lynn", "bowler": "Mohammed Siraj", "runs": {"extras": 0, "total": 0, "batsman": 0}, "batsman": "RV Uthappa"}}, {"8.4": {"non_striker": "CA Lynn", "bowler": "Mohammed Siraj", "runs": {"extras": 0, "total": 0, "batsman": 0}, "batsman": "RV Uthappa"}}, {"8.5": {"non_striker": "CA Lynn", "bowler": "Mohammed Siraj", "runs": {"extras": 0, "total": 4, "batsman": 4}, "batsman": "RV Uthappa"}}, {"8.6": {"non_striker": "CA Lynn", "bowler": "Mohammed Siraj", "runs": {"extras": 0, "total": 1, "batsman": 1}, "batsman": "RV Uthappa"}}, {"8.7": {"non_striker": "RV Uthappa", "bowler": "Mohammed Siraj", "runs": {"extras": 0, "total": 0, "batsman": 0}, "batsman": "CA Lynn"}}, {"9.1": {"non_striker": "CA Lynn", "bowler": "M Ashwin", "runs": {"extras": 0, "total": 0, "batsman": 0}, "batsman": "RV Uthappa"}}, {"9.2": {"non_striker": "CA Lynn", "bowler": "M Ashwin", "runs": {"extras": 0, "total": 4, "batsman": 4}, "batsman": "RV Uthappa"}}, {"9.3": {"non_striker": "CA Lynn", "bowler": "M Ashwin", "runs": {"extras": 0, "total": 4, "batsman": 4}, "batsman": "RV Uthappa"}}, {"9.4": {"non_striker": "CA Lynn", "bowler": "M Ashwin", "runs": {"extras": 0, "total": 1, "batsman": 1}, "batsman": "RV Uthappa"}}, {"9.5": {"non_striker": "RV Uthappa", "bowler": "M Ashwin", "runs": {"extras": 0, "total": 4, "batsman": 4}, "batsman": "CA Lynn"}}, {"9.6": {"non_striker": "RV Uthappa", "bowler": "M Ashwin", "runs": {"extras": 0, "total": 1, "batsman": 1}, "batsman": "CA Lynn"}}, {"10.1": {"non_striker": "RV Uthappa", "bowler": "YS Chahal", "runs": {"extras": 0, "total": 1, "batsman": 1}, "batsman": "CA Lynn"}}, {"10.2": {"non_striker": "CA Lynn", "bowler": "YS Chahal", "runs": {"extras": 0, "total": 6, "batsman": 6}, "batsman": "RV Uthappa"}}, {"10.3": {"non_striker": "CA Lynn", "bowler": "YS Chahal", "runs": {"extras": 0, "total": 1, "batsman": 1}, "batsman": "RV Uthappa"}}, {"10.4": {"non_striker": "RV Uthappa", "bowler": "YS Chahal", "runs": {"extras": 0, "total": 1, "batsman": 1}, "batsman": "CA Lynn"}}, {"10.5": {"non_striker": "CA Lynn", "bowler": "YS Chahal", "runs": {"extras": 0, "total": 0, "batsman": 0}, "batsman": "RV Uthappa"}}, {"10.6": {"non_striker": "CA Lynn", "bowler": "YS Chahal", "runs": {"extras": 0, "total": 1, "batsman": 1}, "batsman": "RV Uthappa"}}, {"11.1": {"non_striker": "CA Lynn", "bowler": "UT Yadav", "runs": {"extras": 0, "total": 0, "batsman": 0}, "batsman": "RV Uthappa"}}, {"11.2": {"non_striker": "CA Lynn", "bowler": "UT Yadav", "runs": {"extras": 0, "total": 1, "batsman": 1}, "batsman": "RV Uthappa"}}, {"11.3": {"non_striker": "RV Uthappa", "bowler": "UT Yadav", "runs": {"extras": 0, "total": 0, "batsman": 0}, "batsman": "CA Lynn"}}, {"11.4": {"non_striker": "RV Uthappa", "bowler": "UT Yadav", "runs": {"extras": 0, "total": 1, "batsman": 1}, "batsman": "CA Lynn"}}, {"11.5": {"non_striker": "CA Lynn", "bowler": "UT Yadav", "runs": {"extras": 0, "total": 0, "batsman": 0}, "batsman": "RV Uthappa"}}, {"11.6": {"non_striker": "CA Lynn", "bowler": "UT Yadav", "runs": {"extras": 0, "total": 6, "batsman": 6}, "batsman": "RV Uthappa"}}, {"12.1": {"non_striker": "RV Uthappa", "bowler": "M Ashwin", "runs": {"extras": 0, "total": 1, "batsman": 1}, "batsman": "CA Lynn"}}, {"12.2": {"non_striker": "CA Lynn", "bowler": "M Ashwin", "runs": {"extras": 1, "total": 1, "batsman": 0}, "extras": {"wides": 1}, "batsman": "RV Uthappa"}}, {"12.3": {"non_striker": "CA Lynn", "bowler": "M Ashwin", "runs": {"extras": 0, "total": 0, "batsman": 0}, "batsman": "RV Uthappa", "wicket": {"player_out": "RV Uthappa", "fielders": ["TG Southee"], "kind": "caught"}}}, {"12.4": {"non_striker": "CA Lynn", "bowler": "M Ashwin", "runs": {"extras": 0, "total": 1, "batsman": 1}, "batsman": "N Rana"}}, {"12.5": {"non_striker": "N Rana", "bowler": "M Ashwin", "runs": {"extras": 0, "total": 2, "batsman": 2}, "batsman": "CA Lynn"}}, {"12.6": {"non_striker": "N Rana", "bowler": "M Ashwin", "runs": {"extras": 0, "total": 0, "batsman": 0}, "batsman": "CA Lynn"}}, {"12.7": {"non_striker": "N Rana", "bowler": "M Ashwin", "runs": {"extras": 0, "total": 1, "batsman": 1}, "batsman": "CA Lynn"}}, {"13.1": {"non_striker": "N Rana", "bowler": "YS Chahal", "runs": {"extras": 0, "total": 4, "batsman": 4}, "batsman": "CA Lynn"}}, {"13.2": {"non_striker": "N Rana", "bowler": "YS Chahal", "runs": {"extras": 0, "total": 0, "batsman": 0}, "batsman": "CA Lynn"}}, {"13.3": {"non_striker": "N Rana", "bowler": "YS Chahal", "runs": {"extras": 0, "total": 0, "batsman": 0}, "batsman": "CA Lynn"}}, {"13.4": {"non_striker": "N Rana", "bowler": "YS Chahal", "runs": {"extras": 0, "total": 2, "batsman": 2}, "batsman": "CA Lynn"}}, {"13.5": {"non_striker": "N Rana", "bowler": "YS Chahal", "runs": {"extras": 0, "total": 1, "batsman": 1}, "batsman": "CA Lynn"}}, {"13.6": {"non_striker": "CA Lynn", "bowler": "YS Chahal", "runs": {"extras": 0, "total": 1, "batsman": 1}, "batsman": "N Rana"}}, {"14.1": {"non_striker": "CA Lynn", "bowler": "TG Southee", "runs": {"extras": 0, "total": 0, "batsman": 0}, "batsman": "N Rana"}}, {"14.2": {"non_striker": "CA Lynn", "bowler": "TG Southee", "runs": {"extras": 0, "total": 1, "batsman": 1}, "batsman": "N Rana"}}, {"14.3": {"non_striker": "N Rana", "bowler": "TG Southee", "runs": {"extras": 0, "total": 1, "batsman": 1}, "batsman": "CA Lynn"}}, {"14.4": {"non_striker": "CA Lynn", "bowler": "TG Southee", "runs": {"extras": 0, "total": 1, "batsman": 1}, "batsman": "N Rana"}}, {"14.5": {"non_striker": "N Rana", "bowler": "TG Southee", "runs": {"extras": 0, "total": 1, "batsman": 1}, "batsman": "CA Lynn"}}, {"14.6": {"non_striker": "CA Lynn", "bowler": "TG Southee", "runs": {"extras": 0, "total": 0, "batsman": 0}, "batsman": "N Rana"}}, {"15.1": {"non_striker": "N Rana", "bowler": "M Ashwin", "runs": {"extras": 0, "total": 0, "batsman": 0}, "batsman": "CA Lynn"}}, {"15.2": {"non_striker": "N Rana", "bowler": "M Ashwin", "runs": {"extras": 0, "total": 1, "batsman": 1}, "batsman": "CA Lynn"}}, {"15.3": {"non_striker": "CA Lynn", "bowler": "M Ashwin", "runs": {"extras": 0, "total": 2, "batsman": 2}, "batsman": "N Rana"}}, {"15.4": {"non_striker": "CA Lynn", "bowler": "M Ashwin", "runs": {"extras": 0, "total": 1, "batsman": 1}, "batsman": "N Rana"}}, {"15.5": {"non_striker": "N Rana", "bowler": "M Ashwin", "runs": {"extras": 1, "total": 1, "batsman": 0}, "extras": {"byes": 1}, "batsman": "CA Lynn"}}, {"15.6": {"non_striker": "CA Lynn", "bowler": "M Ashwin", "runs": {"extras": 0, "total": 4, "batsman": 4}, "batsman": "N Rana"}}, {"16.1": {"non_striker": "N Rana", "bowler": "Mohammed Siraj", "runs": {"extras": 1, "total": 1, "batsman": 0}, "extras": {"wides": 1}, "batsman": "CA Lynn"}}, {"16.2": {"non_striker": "N Rana", "bowler": "Mohammed Siraj", "runs": {"extras": 0, "total": 1, "batsman": 1}, "batsman": "CA Lynn"}}, {"16.3": {"non_striker": "CA Lynn", "bowler": "Mohammed Siraj", "runs": {"extras": 0, "total": 4, "batsman": 4}, "batsman": "N Rana", "wicket": {"player_out": "N Rana", "kind": "retired hurt"}}}, {"16.4": {"non_striker": "CA Lynn", "bowler": "Mohammed Siraj", "runs": {"extras": 0, "total": 0, "batsman": 0}, "batsman": "AD Russell", "wicket": {"player_out": "AD Russell", "fielders": ["Q de Kock"], "kind": "caught"}}}, {"16.5": {"non_striker": "KD Karthik", "bowler": "Mohammed Siraj", "runs": {"extras": 1, "total": 1, "batsman": 0}, "extras": {"wides": 1}, "batsman": "CA Lynn"}}, {"16.6": {"non_striker": "KD Karthik", "bowler": "Mohammed Siraj", "runs": {"extras": 0, "total": 1, "batsman": 1}, "batsman": "CA Lynn"}}, {"16.7": {"non_striker": "CA Lynn", "bowler": "Mohammed Siraj", "runs": {"extras": 0, "total": 2, "batsman": 2}, "batsman": "KD Karthik"}}, {"16.8": {"non_striker": "CA Lynn", "bowler": "Mohammed Siraj", "runs": {"extras": 0, "total": 4, "batsman": 4}, "batsman": "KD Karthik"}}, {"17.1": {"non_striker": "KD Karthik", "bowler": "TG Southee", "runs": {"extras": 0, "total": 4, "batsman": 4}, "batsman": "CA Lynn"}}, {"17.2": {"non_striker": "KD Karthik", "bowler": "TG Southee", "runs": {"extras": 0, "total": 1, "batsman": 1}, "batsman": "CA Lynn"}}, {"17.3": {"non_striker": "CA Lynn", "bowler": "TG Southee", "runs": {"extras": 0, "total": 2, "batsman": 2}, "batsman": "KD Karthik"}}, {"17.4": {"non_striker": "CA Lynn", "bowler": "TG Southee", "runs": {"extras": 0, "total": 4, "batsman": 4}, "batsman": "KD Karthik"}}, {"17.5": {"non_striker": "CA Lynn", "bowler": "TG Southee", "runs": {"extras": 0, "total": 1, "batsman": 1}, "batsman": "KD Karthik"}}, {"17.6": {"non_striker": "KD Karthik", "bowler": "TG Southee", "runs": {"extras": 0, "total": 2, "batsman": 2}, "batsman": "CA Lynn"}}, {"18.1": {"non_striker": "CA Lynn", "bowler": "Mohammed Siraj", "runs": {"extras": 0, "total": 2, "batsman": 2}, "batsman": "KD Karthik"}}, {"18.2": {"non_striker": "CA Lynn", "bowler": "Mohammed Siraj", "runs": {"extras": 0, "total": 6, "batsman": 6}, "batsman": "KD Karthik"}}, {"18.3": {"non_striker": "CA Lynn", "bowler": "Mohammed Siraj", "runs": {"extras": 0, "total": 2, "batsman": 2}, "batsman": "KD Karthik"}}, {"18.4": {"non_striker": "CA Lynn", "bowler": "Mohammed Siraj", "runs": {"extras": 0, "total": 0, "batsman": 0}, "batsman": "KD Karthik"}}, {"18.5": {"non_striker": "CA Lynn", "bowler": "Mohammed Siraj", "runs": {"extras": 0, "total": 0, "batsman": 0}, "batsman": "KD Karthik", "wicket": {"player_out": "KD Karthik", "fielders": ["V Kohli"], "kind": "caught"}}}, {"18.6": {"non_striker": "CA Lynn", "bowler": "Mohammed Siraj", "runs": {"extras": 0, "total": 1, "batsman": 1}, "batsman": "Shubman Gill"}}, {"19.1": {"non_striker": "CA Lynn", "bowler": "UT Yadav", "runs": {"extras": 0, "total": 4, "batsman": 4}, "batsman": "Shubman Gill"}}]