[{"0.1": {"non_striker": "PA Patel", "bowler": "R Ashwin", "runs": {"extras": 0, "total": 1, "batsman": 1}, "batsman": "V Kohli"}}, {"0.2": {"non_striker": "V Kohli", "bowler": "R Ashwin", "runs": {"extras": 0, "total": 1, "batsman": 1}, "batsman": "PA Patel"}}, {"0.3": {"non_striker": "PA Patel", "bowler": "R Ashwin", "runs": {"extras": 0, "total": 1, "batsman": 1}, "batsman": "V Kohli"}}, {"0.4": {"non_striker": "V Kohli", "bowler": "R Ashwin", "runs": {"extras": 0, "total": 1, "batsman": 1}, "batsman": "PA Patel"}}, {"0.5": {"non_striker": "PA Patel", "bowler": "R Ashwin", "runs": {"extras": 0, "total": 1, "batsman": 1}, "batsman": "V Kohli"}}, {"0.6": {"non_striker": "V Kohli", "bowler": "R Ashwin", "runs": {"extras": 0, "total": 4, "batsman": 4}, "batsman": "PA Patel"}}, {"1.1": {"non_striker": "PA Patel", "bowler": "AJ Tye", "runs": {"extras": 0, "total": 0, "batsman": 0}, "batsman": "V Kohli"}}, {"1.2": {"non_striker": "PA Patel", "bowler": "AJ Tye", "runs": {"extras": 0, "total": 0, "batsman": 0}, "batsman": "V Kohli"}}, {"1.3": {"non_striker": "PA Patel", "bowler": "AJ Tye", "runs": {"extras": 0, "total": 1, "batsman": 1}, "batsman": "V Kohli"}}, {"1.4": {"non_striker": "V Kohli", "bowler": "AJ Tye", "runs": {"extras": 0, "total": 4, "batsman": 4}, "batsman": "PA Patel"}}, {"1.5": {"non_striker": "V Kohli", "bowler": "AJ Tye", "runs": {"extras": 0, "total": 4, "batsman": 4}, "batsman": "PA Patel"}}, {"1.6": {"non_striker": "V Kohli", "bowler": "AJ Tye", "runs": {"extras": 0, "total": 2, "batsman": 2}, "batsman": "PA Patel"}}, {"2.1": {"non_striker": "PA Patel", "bowler": "AS Rajpoot", "runs": {"extras": 0, "total": 6, "batsman": 6}, "batsman": "V Kohli"}}, {"2.2": {"non_striker": "PA Patel", "bowler": "AS Rajpoot", "runs": {"extras": 0, "total": 4, "batsman": 4}, "batsman": "V Kohli"}}, {"2.3": {"non_striker": "PA Patel", "bowler": "AS Rajpoot", "runs": {"extras": 0, "total": 0, "batsman": 0}, "batsman": "V Kohli"}}, {"2.4": {"non_striker": "PA Patel", "bowler": "AS Rajpoot", "runs": {"extras": 1, "total": 1, "batsman": 0}, "extras": {"wides": 1}, "batsman": "V Kohli"}}, {"2.5": {"non_striker": "PA Patel", "bowler": "AS Rajpoot", "runs": {"extras": 0, "total": 4, "batsman": 4}, "batsman": "V Kohli"}}, {"2.6": {"non_striker": "PA Patel", "bowler": "AS Rajpoot", "runs": {"extras": 0, "total": 1, "batsman": 1}, "batsman": "V Kohli"}}, {"2.7": {"non_striker": "V Kohli", "bowler": "AS Rajpoot", "runs": {"extras": 0, "total": 0, "batsman": 0}, "batsman": "PA Patel"}}, {"3.1": {"non_striker": "PA Patel", "bowler": "AJ Tye", "runs": {"extras": 0, "total": 1, "batsman": 1}, "batsman": "V Kohli"}}, {"3.2": {"non_striker": "V Kohli", "bowler": "AJ Tye", "runs": {"extras": 0, "total": 0, "batsman": 0}, "batsman": "PA Patel"}}, {"3.3": {"non_striker": "V Kohli", "bowler": "AJ Tye", "runs": {"extras": 0, "total": 1, "batsman": 1}, "batsman": "PA Patel"}}, {"3.4": {"non_striker": "PA Patel", "bowler": "AJ Tye", "runs": {"extras": 0, "total": 0, "batsman": 0}, "batsman": "V Kohli"}}, {"3.5": {"non_striker": "PA Patel", "bowler": "AJ Tye", "runs": {"extras": 1, "total": 1, "batsman": 0}, "extras": {"legbyes": 1}, "batsman": "V Kohli"}}, {"3.6": {"non_striker": "V Kohli", "bowler": "AJ Tye", "runs": {"extras": 0, "total": 0, "batsman": 0}, "batsman": "PA Patel"}}, {"4.1": {"non_striker": "PA Patel", "bowler": "MM Sharma", "runs": {"extras": 0, "total": 1, "batsman": 1}, "batsman": "V Kohli"}}, {"4.2": {"non_striker": "V Kohli", "bowler": "MM Sharma", "runs": {"extras": 0, "total": 4, "batsman": 4}, "batsman": "PA Patel"}}, {"4.3": {"non_striker": "V Kohli", "bowler": "MM Sharma", "runs": {"extras": 0, "total": 1, "batsman": 1}, "batsman": "PA Patel"}}, {"4.4": {"non_striker": "PA Patel", "bowler": "MM Sharma", "runs": {"extras": 0, "total": 1, "batsman": 1}, "batsman": "V Kohli"}}, {"4.5": {"non_striker": "V Kohli", "bowler": "MM Sharma", "runs": {"extras": 0, "total": 4, "batsman": 4}, "batsman": "PA Patel"}}, {"4.6": {"non_striker": "V Kohli", "bowler": "MM Sharma", "runs": {"extras": 0, "total": 4, "batsman": 4}, "batsman": "PA Patel"}}, {"5.1": {"non_striker": "PA Patel", "bowler": "AJ Tye", "runs": {"extras": 0, "total": 0, "batsman": 0}, "batsman": "V Kohli"}}, {"5.2": {"non_striker": "PA Patel", "bowler": "AJ Tye", "runs": {"extras": 0, "total": 1, "batsman": 1}, "batsman": "V Kohli"}}, {"5.3": {"non_striker": "V Kohli", "bowler": "AJ Tye", "runs": {"extras": 0, "total": 1, "batsman": 1}, "batsman": "PA Patel"}}, {"5.4": {"non_striker": "PA Patel", "bowler": "AJ Tye", "runs": {"extras": 0, "total": 0, "batsman": 0}, "batsman": "V Kohli"}}, {"5.5": {"non_striker": "PA Patel", "bowler": "AJ Tye", "runs": {"extras": 0, "total": 4, "batsman": 4}, "batsman": "V Kohli"}}, {"5.6": {"non_striker": "PA Patel", "bowler": "AJ Tye", "runs": {"extras": 0, "total": 6, "batsman": 6}, "batsman": "V Kohli"}}, {"6.1": {"non_striker": "V Kohli", "bowler": "MP Stoinis", "runs": {"extras": 0, "total": 1, "batsman": 1}, "batsman": "PA Patel"}}, {"6.2": {"non_striker": "PA Patel", "bowler": "MP Stoinis", "runs": {"extras": 0, "total": 4, "batsman": 4}, "batsman": "V Kohli"}}, {"6.3": {"non_striker": "PA Patel", "bowler": "MP Stoinis", "runs": {"extras": 0, "total": 1, "batsman": 1}, "batsman": "V Kohli"}}, {"6.4": {"non_striker": "V Kohli", "bowler": "MP Stoinis", "runs": {"extras": 0, "total": 2, "batsman": 2}, "batsman": "PA Patel"}}, {"6.5": {"non_striker": "V Kohli", "bowler": "MP Stoinis", "runs": {"extras": 1, "total": 1, "batsman": 0}, "extras": {"legbyes": 1}, "batsman": "PA Patel"}}, {"6.6": {"non_striker": "PA Patel", "bowler": "MP Stoinis", "runs": {"extras": 0, "total": 4, "batsman": 4}, "batsman": "V Kohli"}}, {"7.1": {"non_striker": "V Kohli", "bowler": "AJ Tye", "runs": {"extras": 0, "total": 1, "batsman": 1}, "batsman": "PA Patel"}}, {"7.2": {"non_striker": "PA Patel", "bowler": "AJ Tye", "runs": {"extras": 0, "total": 1, "batsman": 1}, "batsman": "V Kohli"}}, {"7.3": {"non_striker": "V Kohli", "bowler": "AJ Tye", "runs": {"extras": 0, "total": 0, "batsman": 0}, "batsman": "PA Patel"}}, {"7.4": {"non_striker": "V Kohli", "bowler": "AJ Tye", "runs": {"extras": 0, "total": 4, "batsman": 4}, "batsman": "PA Patel"}}, {"7.5": {"non_striker": "V Kohli", "bowler": "AJ Tye", "runs": {"extras": 0, "total": 1, "batsman": 1}, "batsman": "PA Patel"}}, {"7.6": {"non_striker": "PA Patel", "bowler": "AJ Tye", "runs": {"extras": 0, "total": 1, "batsman": 1}, "batsman": "V Kohli"}}, {"8.1": {"non_striker": "PA Patel", "bowler": "AS Rajpoot", "runs": {"extras": 1, "total": 1, "batsman": 0}, "extras": {"noballs": 1}, "batsman": "V Kohli"}}, {"8.2": {"non_striker": "PA Patel", "bowler": "AS Rajpoot", "runs": {"extras": 0, "total": 4, "batsman": 4}, "batsman": "V Kohli"}}]