[{"0.1": {"non_striker": "E Lewis", "bowler": "DS Kulkarni", "runs": {"extras": 0, "total": 0, "batsman": 0}, "batsman": "SA Yadav"}}, {"0.2": {"non_striker": "E Lewis", "bowler": "DS Kulkarni", "runs": {"extras": 0, "total": 0, "batsman": 0}, "batsman": "SA Yadav"}}, {"0.3": {"non_striker": "E Lewis", "bowler": "DS Kulkarni", "runs": {"extras": 0, "total": 1, "batsman": 1}, "batsman": "SA Yadav"}}, {"0.4": {"non_striker": "SA Yadav", "bowler": "DS Kulkarni", "runs": {"extras": 0, "total": 0, "batsman": 0}, "batsman": "E Lewis", "wicket": {"player_out": "E Lewis", "kind": "bowled"}}}, {"0.5": {"non_striker": "SA Yadav", "bowler": "DS Kulkarni", "runs": {"extras": 0, "total": 0, "batsman": 0}, "batsman": "Ishan Kishan"}}, {"0.6": {"non_striker": "SA Yadav", "bowler": "DS Kulkarni", "runs": {"extras": 0, "total": 0, "batsman": 0}, "batsman": "Ishan Kishan"}}, {"1.1": {"non_striker": "Ishan Kishan", "bowler": "K Gowtham", "runs": {"extras": 0, "total": 0, "batsman": 0}, "batsman": "SA Yadav"}}, {"1.2": {"non_striker": "Ishan Kishan", "bowler": "K Gowtham", "runs": {"extras": 0, "total": 1, "batsman": 1}, "batsman": "SA Yadav"}}, {"1.3": {"non_striker": "SA Yadav", "bowler": "K Gowtham", "runs": {"extras": 0, "total": 1, "batsman": 1}, "batsman": "Ishan Kishan"}}, {"1.4": {"non_striker": "Ishan Kishan", "bowler": "K Gowtham", "runs": {"extras": 0, "total": 0, "batsman": 0}, "batsman": "SA Yadav"}}, {"1.5": {"non_striker": "Ishan Kishan", "bowler": "K Gowtham", "runs": {"extras": 0, "total": 0, "batsman": 0}, "batsman": "SA Yadav"}}, {"1.6": {"non_striker": "Ishan Kishan", "bowler": "K Gowtham", "runs": {"extras": 0, "total": 1, "batsman": 1}, "batsman": "SA Yadav"}}, {"2.1": {"non_striker": "Ishan Kishan", "bowler": "DS Kulkarni", "runs": {"extras": 0, "total": 6, "batsman": 6}, "batsman": "SA Yadav"}}, {"2.2": {"non_striker": "Ishan Kishan", "bowler": "DS Kulkarni", "runs": {"extras": 0, "total": 1, "batsman": 1}, "batsman": "SA Yadav"}}, {"2.3": {"non_striker": "SA Yadav", "bowler": "DS Kulkarni", "runs": {"extras": 0, "total": 0, "batsman": 0}, "batsman": "Ishan Kishan"}}, {"2.4": {"non_striker": "SA Yadav", "bowler": "DS Kulkarni", "runs": {"extras": 0, "total": 0, "batsman": 0}, "batsman": "Ishan Kishan"}}, {"2.5": {"non_striker": "SA Yadav", "bowler": "DS Kulkarni", "runs": {"extras": 0, "total": 0, "batsman": 0}, "batsman": "Ishan Kishan"}}, {"2.6": {"non_striker": "SA Yadav", "bowler": "DS Kulkarni", "runs": {"extras": 0, "total": 0, "batsman": 0}, "batsman": "Ishan Kishan"}}, {"3.1": {"non_striker": "Ishan Kishan", "bowler": "JC Archer", "runs": {"extras": 1, "total": 1, "batsman": 0}, "extras": {"legbyes": 1}, "batsman": "SA Yadav"}}, {"3.2": {"non_striker": "SA Yadav", "bowler": "JC Archer", "runs": {"extras": 0, "total": 0, "batsman": 0}, "batsman": "Ishan Kishan"}}, {"3.3": {"non_striker": "SA Yadav", "bowler": "JC Archer", "runs": {"extras": 0, "total": 1, "batsman": 1}, "batsman": "Ishan Kishan"}}, {"3.4": {"non_striker": "Ishan Kishan", "bowler": "JC Archer", "runs": {"extras": 0, "total": 0, "batsman": 0}, "batsman": "SA Yadav"}}, {"3.5": {"non_striker": "Ishan Kishan", "bowler": "JC Archer", "runs": {"extras": 0, "total": 4, "batsman": 4}, "batsman": "SA Yadav"}}, {"3.6": {"non_striker": "Ishan Kishan", "bowler": "JC Archer", "runs": {"extras": 0, "total": 0, "batsman": 0}, "batsman": "SA Yadav"}}, {"4.1": {"non_striker": "SA Yadav", "bowler": "DS Kulkarni", "runs": {"extras": 0, "total": 0, "batsman": 0}, "batsman": "Ishan Kishan"}}, {"4.2": {"non_striker": "SA Yadav", "bowler": "DS Kulkarni", "runs": {"extras": 0, "total": 6, "batsman": 6}, "batsman": "Ishan Kishan"}}, {"4.3": {"non_striker": "SA Yadav", "bowler": "DS Kulkarni", "runs": {"extras": 0, "total": 1, "batsman": 1}, "batsman": "Ishan Kishan"}}, {"4.4": {"non_striker": "Ishan Kishan", "bowler": "DS Kulkarni", "runs": {"extras": 0, "total": 6, "batsman": 6}, "batsman": "SA Yadav"}}, {"4.5": {"non_striker": "Ishan Kishan", "bowler": "DS Kulkarni", "runs": {"extras": 0, "total": 1, "batsman": 1}, "batsman": "SA Yadav"}}, {"4.6": {"non_striker": "SA Yadav", "bowler": "DS Kulkarni", "runs": {"extras": 0, "total": 4, "batsman": 4}, "batsman": "Ishan Kishan"}}, {"5.1": {"non_striker": "Ishan Kishan", "bowler": "JD Unadkat", "runs": {"extras": 0, "total": 4, "batsman": 4}, "batsman": "SA Yadav"}}, {"5.2": {"non_striker": "Ishan Kishan", "bowler": "JD Unadkat", "runs": {"extras": 0, "total": 1, "batsman": 1}, "batsman": "SA Yadav"}}, {"5.3": {"non_striker": "SA Yadav", "bowler": "JD Unadkat", "runs": {"extras": 0, "total": 0, "batsman": 0}, "batsman": "Ishan Kishan"}}, {"5.4": {"non_striker": "SA Yadav", "bowler": "JD Unadkat", "runs": {"extras": 0, "total": 1, "batsman": 1}, "batsman": "Ishan Kishan"}}, {"5.5": {"non_striker": "Ishan Kishan", "bowler": "JD Unadkat", "runs": {"extras": 0, "total": 1, "batsman": 1}, "batsman": "SA Yadav"}}, {"5.6": {"non_striker": "SA Yadav", "bowler": "JD Unadkat", "runs": {"extras": 0, "total": 1, "batsman": 1}, "batsman": "Ishan Kishan"}}, {"6.1": {"non_striker": "SA Yadav", "bowler": "K Gowtham", "runs": {"extras": 0, "total": 1, "batsman": 1}, "batsman": "Ishan Kishan"}}, {"6.2": {"non_striker": "Ishan Kishan", "bowler": "K Gowtham", "runs": {"extras": 0, "total": 2, "batsman": 2}, "batsman": "SA Yadav"}}, {"6.3": {"non_striker": "Ishan Kishan", "bowler": "K Gowtham", "runs": {"extras": 0, "total": 1, "batsman": 1}, "batsman": "SA Yadav"}}, {"6.4": {"non_striker": "SA Yadav", "bowler": "K Gowtham", "runs": {"extras": 0, "total": 1, "batsman": 1}, "batsman": "Ishan Kishan"}}, {"6.5": {"non_striker": "Ishan Kishan", "bowler": "K Gowtham", "runs": {"extras": 0, "total": 0, "batsman": 0}, "batsman": "SA Yadav"}}, {"6.6": {"non_striker": "Ishan Kishan", "bowler": "K Gowtham", "runs": {"extras": 0, "total": 4, "batsman": 4}, "batsman": "SA Yadav"}}, {"7.1": {"non_striker": "SA Yadav", "bowler": "S Gopal", "runs": {"extras": 0, "total": 1, "batsman": 1}, "batsman": "Ishan Kishan"}}, {"7.2": {"non_striker": "Ishan Kishan", "bowler": "S Gopal", "runs": {"extras": 0, "total": 2, "batsman": 2}, "batsman": "SA Yadav"}}, {"7.3": {"non_striker": "Ishan Kishan", "bowler": "S Gopal", "runs": {"extras": 1, "total": 1, "batsman": 0}, "extras": {"wides": 1}, "batsman": "SA Yadav"}}, {"7.4": {"non_striker": "Ishan Kishan", "bowler": "S Gopal", "runs": {"extras": 0, "total": 4, "batsman": 4}, "batsman": "SA Yadav"}}, {"7.5": {"non_striker": "Ishan Kishan", "bowler": "S Gopal", "runs": {"extras": 0, "total": 1, "batsman": 1}, "batsman": "SA Yadav"}}, {"7.6": {"non_striker": "SA Yadav", "bowler": "S Gopal", "runs": {"extras": 0, "total": 2, "batsman": 2}, "batsman": "Ishan Kishan"}}, {"7.7": {"non_striker": "SA Yadav", "bowler": "S Gopal", "runs": {"extras": 0, "total": 1, "batsman": 1}, "batsman": "Ishan Kishan"}}, {"8.1": {"non_striker": "SA Yadav", "bowler": "BA Stokes", "runs": {"extras": 0, "total": 0, "batsman": 0}, "batsman": "Ishan Kishan"}}, {"8.2": {"non_striker": "SA Yadav", "bowler": "BA Stokes", "runs": {"extras": 0, "total": 6, "batsman": 6}, "batsman": "Ishan Kishan"}}, {"8.3": {"non_striker": "SA Yadav", "bowler": "BA Stokes", "runs": {"extras": 0, "total": 1, "batsman": 1}, "batsman": "Ishan Kishan"}}, {"8.4": {"non_striker": "Ishan Kishan", "bowler": "BA Stokes", "runs": {"extras": 0, "total": 2, "batsman": 2}, "batsman": "SA Yadav"}}, {"8.5": {"non_striker": "Ishan Kishan", "bowler": "BA Stokes", "runs": {"extras": 0, "total": 1, "batsman": 1}, "batsman": "SA Yadav"}}, {"8.6": {"non_striker": "SA Yadav", "bowler": "BA Stokes", "runs": {"extras": 0, "total": 1, "batsman": 1}, "batsman": "Ishan Kishan"}}, {"9.1": {"non_striker": "SA Yadav", "bowler": "S Gopal", "runs": {"extras": 0, "total": 4, "batsman": 4}, "batsman": "Ishan Kishan"}}, {"9.2": {"non_striker": "SA Yadav", "bowler": "S Gopal", "runs": {"extras": 0, "total": 1, "batsman": 1}, "batsman": "Ishan Kishan"}}, {"9.3": {"non_striker": "Ishan Kishan", "bowler": "S Gopal", "runs": {"extras": 0, "total": 6, "batsman": 6}, "batsman": "SA Yadav"}}, {"9.4": {"non_striker": "Ishan Kishan", "bowler": "S Gopal", "runs": {"extras": 0, "total": 1, "batsman": 1}, "batsman": "SA Yadav"}}, {"9.5": {"non_striker": "SA Yadav", "bowler": "S Gopal", "runs": {"extras": 0, "total": 0, "batsman": 0}, "batsman": "Ishan Kishan"}}, {"9.6": {"non_striker": "SA Yadav", "bowler": "S Gopal", "runs": {"extras": 0, "total": 6, "batsman": 6}, "batsman": "Ishan Kishan"}}, {"10.1": {"non_striker": "Ishan Kishan", "bowler": "BA Stokes", "runs": {"extras": 0, "total": 0, "batsman": 0}, "batsman": "SA Yadav"}}, {"10.2": {"non_striker": "Ishan Kishan", "bowler": "BA Stokes", "runs": {"extras": 0, "total": 4, "batsman": 4}, "batsman": "SA Yadav"}}, {"10.3": {"non_striker": "Ishan Kishan", "bowler": "BA Stokes", "runs": {"extras": 0, "total": 2, "batsman": 2}, "batsman": "SA Yadav"}}, {"10.4": {"non_striker": "Ishan Kishan", "bowler": "BA Stokes", "runs": {"extras": 0, "total": 2, "batsman": 2}, "batsman": "SA Yadav"}}, {"10.5": {"non_striker": "Ishan Kishan", "bowler": "BA Stokes", "runs": {"extras": 0, "total": 1, "batsman": 1}, "batsman": "SA Yadav"}}, {"10.6": {"non_striker": "SA Yadav", "bowler": "BA Stokes", "runs": {"extras": 0, "total": 2, "batsman": 2}, "batsman": "Ishan Kishan"}}, {"11.1": {"non_striker": "Ishan Kishan", "bowler": "K Gowtham", "runs": {"extras": 0, "total": 0, "batsman": 0}, "batsman": "SA Yadav"}}, {"11.2": {"non_striker": "Ishan Kishan", "bowler": "K Gowtham", "runs": {"extras": 0, "total": 1, "batsman": 1}, "batsman": "SA Yadav"}}, {"11.3": {"non_striker": "SA Yadav", "bowler": "K Gowtham", "runs": {"extras": 0, "total": 1, "batsman": 1}, "batsman": "Ishan Kishan"}}, {"11.4": {"non_striker": "Ishan Kishan", "bowler": "K Gowtham", "runs": {"extras": 0, "total": 4, "batsman": 4}, "batsman": "SA Yadav"}}, {"11.5": {"non_striker": "Ishan Kishan", "bowler": "K Gowtham", "runs": {"extras": 0, "total": 1, "batsman": 1}, "batsman": "SA Yadav"}}, {"11.6": {"non_striker": "SA Yadav", "bowler": "K Gowtham", "runs": {"extras": 0, "total": 1, "batsman": 1}, "batsman": "Ishan Kishan"}}, {"12.1": {"non_striker": "SA Yadav", "bowler": "JC Archer", "runs": {"extras": 0, "total": 4, "batsman": 4}, "batsman": "Ishan Kishan"}}, {"12.2": {"non_striker": "SA Yadav", "bowler": "JC Archer", "runs": {"extras": 0, "total": 1, "batsman": 1}, "batsman": "Ishan Kishan"}}, {"12.3": {"non_striker": "Ishan Kishan", "bowler": "JC Archer", "runs": {"extras": 0, "total": 2, "batsman": 2}, "batsman": "SA Yadav"}}, {"12.4": {"non_striker": "Ishan Kishan", "bowler": "JC Archer", "runs": {"extras": 0, "total": 1, "batsman": 1}, "batsman": "SA Yadav"}}, {"12.5": {"non_striker": "SA Yadav", "bowler": "JC Archer", "runs": {"extras": 0, "total": 1, "batsman": 1}, "batsman": "Ishan Kishan"}}, {"12.6": {"non_striker": "Ishan Kishan", "bowler": "JC Archer", "runs": {"extras": 0, "total": 0, "batsman": 0}, "batsman": "SA Yadav"}}, {"13.1": {"non_striker": "SA Yadav", "bowler": "JD Unadkat", "runs": {"extras": 0, "total": 2, "batsman": 2}, "batsman": "Ishan Kishan"}}, {"13.2": {"non_striker": "SA Yadav", "bowler": "JD Unadkat", "runs": {"extras": 0, "total": 0, "batsman": 0}, "batsman": "Ishan Kishan"}}, {"13.3": {"non_striker": "SA Yadav", "bowler": "JD Unadkat", "runs": {"extras": 0, "total": 4, "batsman": 4}, "batsman": "Ishan Kishan"}}, {"13.4": {"non_striker": "SA Yadav", "bowler": "JD Unadkat", "runs": {"extras": 0, "total": 0, "batsman": 0}, "batsman": "Ishan Kishan"}}, {"13.5": {"non_striker": "SA Yadav", "bowler": "JD Unadkat", "runs": {"extras": 0, "total": 0, "batsman": 0}, "batsman": "Ishan Kishan"}}, {"13.6": {"non_striker": "SA Yadav", "bowler": "JD Unadkat", "runs": {"extras": 0, "total": 2, "batsman": 2}, "batsman": "Ishan Kishan"}}, {"14.1": {"non_striker": "Ishan Kishan", "bowler": "DS Kulkarni", "runs": {"extras": 0, "total": 1, "batsman": 1}, "batsman": "SA Yadav"}}, {"14.2": {"non_striker": "SA Yadav", "bowler": "DS Kulkarni", "runs": {"extras": 0, "total": 0, "batsman": 0}, "batsman": "Ishan Kishan", "wicket": {"player_out": "Ishan Kishan", "fielders": ["JC Buttler"], "kind": "caught"}}}, {"14.3": {"non_striker": "KA Pollard", "bowler": "DS Kulkarni", "runs": {"extras": 0, "total": 1, "batsman": 1}, "batsman": "SA Yadav"}}, {"14.4": {"non_striker": "SA Yadav", "bowler": "DS Kulkarni", "runs": {"extras": 0, "total": 0, "batsman": 0}, "batsman": "KA Pollard"}}, {"14.5": {"non_striker": "SA Yadav", "bowler": "DS Kulkarni", "runs": {"extras": 0, "total": 1, "batsman": 1}, "batsman": "KA Pollard"}}, {"14.6": {"non_striker": "KA Pollard", "bowler": "DS Kulkarni", "runs": {"extras": 1, "total": 1, "batsman": 0}, "extras": {"wides": 1}, "batsman": "SA Yadav"}}, {"14.7": {"non_striker": "KA Pollard", "bowler": "DS Kulkarni", "runs": {"extras": 1, "total": 1, "batsman": 0}, "extras": {"wides": 1}, "batsman": "SA Yadav"}}, {"14.8": {"non_striker": "KA Pollard", "bowler": "DS Kulkarni", "runs": {"extras": 0, "total": 1, "batsman": 1}, "batsman": "SA Yadav"}}, {"15.1": {"non_striker": "KA Pollard", "bowler": "JD Unadkat", "runs": {"extras": 0, "total": 0, "batsman": 0}, "batsman": "SA Yadav"}}, {"15.2": {"non_striker": "KA Pollard", "bowler": "JD Unadkat", "runs": {"extras": 0, "total": 0, "batsman": 0}, "batsman": "SA Yadav", "wicket": {"player_out": "SA Yadav", "fielders": ["JC Buttler"], "kind": "caught"}}}, {"15.3": {"non_striker": "RG Sharma", "bowler": "JD Unadkat", "runs": {"extras": 0, "total": 1, "batsman": 1}, "batsman": "KA Pollard"}}, {"15.4": {"non_striker": "KA Pollard", "bowler": "JD Unadkat", "runs": {"extras": 0, "total": 0, "batsman": 0}, "batsman": "RG Sharma", "wicket": {"player_out": "RG Sharma", "kind": "run out"}}}, {"15.5": {"non_striker": "KH Pandya", "bowler": "JD Unadkat", "runs": {"extras": 0, "total": 1, "batsman": 1}, "batsman": "KA Pollard"}}, {"15.6": {"non_striker": "KA Pollard", "bowler": "JD Unadkat", "runs": {"extras": 0, "total": 0, "batsman": 0}, "batsman": "KH Pandya"}}, {"16.1": {"non_striker": "KH Pandya", "bowler": "JC Archer", "runs": {"extras": 0, "total": 0, "batsman": 0}, "batsman": "KA Pollard"}}, {"16.2": {"non_striker": "KH Pandya", "bowler": "JC Archer", "runs": {"extras": 0, "total": 0, "batsman": 0}, "batsman": "KA Pollard"}}, {"16.3": {"non_striker": "KH Pandya", "bowler": "JC Archer", "runs": {"extras": 0, "total": 0, "batsman": 0}, "batsman": "KA Pollard"}}, {"16.4": {"non_striker": "KH Pandya", "bowler": "JC Archer", "runs": {"extras": 0, "total": 1, "batsman": 1}, "batsman": "KA Pollard"}}, {"16.5": {"non_striker": "KA Pollard", "bowler": "JC Archer", "runs": {"extras": 0, "total": 1, "batsman": 1}, "batsman": "KH Pandya"}}, {"16.6": {"non_striker": "KH Pandya", "bowler": "JC Archer", "runs": {"extras": 0, "total": 1, "batsman": 1}, "batsman": "KA Pollard"}}, {"17.1": {"non_striker": "KA Pollard", "bowler": "JD Unadkat", "runs": {"extras": 0, "total": 4, "batsman": 4}, "batsman": "KH Pandya"}}, {"17.2": {"non_striker": "KA Pollard", "bowler": "JD Unadkat", "runs": {"extras": 0, "total": 1, "batsman": 1}, "batsman": "KH Pandya"}}, {"17.3": {"non_striker": "KH Pandya", "bowler": "JD Unadkat", "runs": {"extras": 0, "total": 6, "batsman": 6}, "batsman": "KA Pollard"}}, {"17.4": {"non_striker": "KH Pandya", "bowler": "JD Unadkat", "runs": {"extras": 0, "total": 1, "batsman": 1}, "batsman": "KA Pollard"}}, {"17.5": {"non_striker": "KA Pollard", "bowler": "JD Unadkat", "runs": {"extras": 0, "total": 1, "batsman": 1}, "batsman": "KH Pandya"}}, {"17.6": {"non_striker": "KH Pandya", "bowler": "JD Unadkat", "runs": {"extras": 0, "total": 0, "batsman": 0}, "batsman": "KA Pollard"}}, {"18.1": {"non_striker": "KA Pollard", "bowler": "JC Archer", "runs": {"extras": 0, "total": 0, "batsman": 0}, "batsman": "KH Pandya", "wicket": {"player_out": "KH Pandya", "fielders": ["H Klaasen"], "kind": "caught"}}}, {"18.2": {"non_striker": "HH Pandya", "bowler": "JC Archer", "runs": {"extras": 0, "total": 1, "batsman": 1}, "batsman": "KA Pollard"}}, {"18.3": {"non_striker": "KA Pollard", "bowler": "JC Archer", "runs": {"extras": 0, "total": 4, "batsman": 4}, "batsman": "HH Pandya"}}, {"18.4": {"non_striker": "KA Pollard", "bowler": "JC Archer", "runs": {"extras": 0, "total": 0, "batsman": 0}, "batsman": "HH Pandya", "wicket": {"player_out": "HH Pandya", "kind": "bowled"}}}, {"18.5": {"non_striker": "KA Pollard", "bowler": "JC Archer", "runs": {"extras": 0, "total": 0, "batsman": 0}, "batsman": "MJ McClenaghan", "wicket": {"player_out": "MJ McClenaghan", "kind": "bowled"}}}, {"18.6": {"non_striker": "KA Pollard", "bowler": "JC Archer", "runs": {"extras": 0, "total": 0, "batsman": 0}, "batsman": "M Markande"}}, {"19.1": {"non_striker": "M Markande", "bowler": "BA Stokes", "runs": {"extras": 0, "total": 0, "batsman": 0}, "batsman": "KA Pollard"}}, {"19.2": {"non_striker": "M Markande", "bowler": "BA Stokes", "runs": {"extras": 0, "total": 2, "batsman": 2}, "batsman": "KA Pollard"}}, {"19.3": {"non_striker": "M Markande", "bowler": "BA Stokes", "runs": {"extras": 0, "total": 0, "batsman": 0}, "batsman": "KA Pollard"}}, {"19.4": {"non_striker": "M Markande", "bowler": "BA Stokes", "runs": {"extras": 1, "total": 1, "batsman": 0}, "extras": {"noballs": 1}, "batsman": "KA Pollard"}}, {"19.5": {"non_striker": "M Markande", "bowler": "BA Stokes", "runs": {"extras": 0, "total": 4, "batsman": 4}, "batsman": "KA Pollard"}}, {"19.6": {"non_striker": "M Markande", "bowler": "BA Stokes", "runs": {"extras": 0, "total": 0, "batsman": 0}, "batsman": "KA Pollard"}}, {"19.7": {"non_striker": "M Markande", "bowler": "BA Stokes", "runs": {"extras": 0, "total": 2, "batsman": 2}, "batsman": "KA Pollard"}}]