[{"0.1": {"non_striker": "E Lewis", "bowler": "Sandeep Sharma", "runs": {"extras": 0, "total": 0, "batsman": 0}, "batsman": "RG Sharma"}}, {"0.2": {"non_striker": "E Lewis", "bowler": "Sandeep Sharma", "runs": {"extras": 0, "total": 0, "batsman": 0}, "batsman": "RG Sharma"}}, {"0.3": {"non_striker": "E Lewis", "bowler": "Sandeep Sharma", "runs": {"extras": 0, "total": 0, "batsman": 0}, "batsman": "RG Sharma"}}, {"0.4": {"non_striker": "E Lewis", "bowler": "Sandeep Sharma", "runs": {"extras": 0, "total": 1, "batsman": 1}, "batsman": "RG Sharma"}}, {"0.5": {"non_striker": "RG Sharma", "bowler": "Sandeep Sharma", "runs": {"extras": 0, "total": 0, "batsman": 0}, "batsman": "E Lewis"}}, {"0.6": {"non_striker": "RG Sharma", "bowler": "Sandeep Sharma", "runs": {"extras": 0, "total": 0, "batsman": 0}, "batsman": "E Lewis"}}, {"1.1": {"non_striker": "E Lewis", "bowler": "B Stanlake", "runs": {"extras": 0, "total": 0, "batsman": 0}, "batsman": "RG Sharma"}}, {"1.2": {"non_striker": "E Lewis", "bowler": "B Stanlake", "runs": {"extras": 0, "total": 6, "batsman": 6}, "batsman": "RG Sharma"}}, {"1.3": {"non_striker": "E Lewis", "bowler": "B Stanlake", "runs": {"extras": 0, "total": 0, "batsman": 0}, "batsman": "RG Sharma"}}, {"1.4": {"non_striker": "E Lewis", "bowler": "B Stanlake", "runs": {"extras": 0, "total": 0, "batsman": 0}, "batsman": "RG Sharma"}}, {"1.5": {"non_striker": "E Lewis", "bowler": "B Stanlake", "runs": {"extras": 0, "total": 4, "batsman": 4}, "batsman": "RG Sharma"}}, {"1.6": {"non_striker": "E Lewis", "bowler": "B Stanlake", "runs": {"extras": 0, "total": 0, "batsman": 0}, "batsman": "RG Sharma", "wicket": {"player_out": "RG Sharma", "fielders": ["Shakib Al Hasan"], "kind": "caught"}}}, {"2.1": {"non_striker": "Ishan Kishan", "bowler": "Sandeep Sharma", "runs": {"extras": 0, "total": 6, "batsman": 6}, "batsman": "E Lewis"}}, {"2.2": {"non_striker": "Ishan Kishan", "bowler": "Sandeep Sharma", "runs": {"extras": 0, "total": 2, "batsman": 2}, "batsman": "E Lewis"}}, {"2.3": {"non_striker": "Ishan Kishan", "bowler": "Sandeep Sharma", "runs": {"extras": 0, "total": 0, "batsman": 0}, "batsman": "E Lewis"}}, {"2.4": {"non_striker": "Ishan Kishan", "bowler": "Sandeep Sharma", "runs": {"extras": 0, "total": 1, "batsman": 1}, "batsman": "E Lewis"}}, {"2.5": {"non_striker": "E Lewis", "bowler": "Sandeep Sharma", "runs": {"extras": 0, "total": 4, "batsman": 4}, "batsman": "Ishan Kishan"}}, {"2.6": {"non_striker": "E Lewis", "bowler": "Sandeep Sharma", "runs": {"extras": 0, "total": 4, "batsman": 4}, "batsman": "Ishan Kishan"}}, {"3.1": {"non_striker": "Ishan Kishan", "bowler": "B Stanlake", "runs": {"extras": 0, "total": 4, "batsman": 4}, "batsman": "E Lewis"}}, {"3.2": {"non_striker": "Ishan Kishan", "bowler": "B Stanlake", "runs": {"extras": 0, "total": 0, "batsman": 0}, "batsman": "E Lewis"}}, {"3.3": {"non_striker": "Ishan Kishan", "bowler": "B Stanlake", "runs": {"extras": 0, "total": 0, "batsman": 0}, "batsman": "E Lewis"}}, {"3.4": {"non_striker": "Ishan Kishan", "bowler": "B Stanlake", "runs": {"extras": 0, "total": 4, "batsman": 4}, "batsman": "E Lewis"}}, {"3.5": {"non_striker": "Ishan Kishan", "bowler": "B Stanlake", "runs": {"extras": 1, "total": 1, "batsman": 0}, "extras": {"wides": 1}, "batsman": "E Lewis"}}, {"3.6": {"non_striker": "Ishan Kishan", "bowler": "B Stanlake", "runs": {"extras": 0, "total": 6, "batsman": 6}, "batsman": "E Lewis"}}, {"3.7": {"non_striker": "Ishan Kishan", "bowler": "B Stanlake", "runs": {"extras": 0, "total": 0, "batsman": 0}, "batsman": "E Lewis"}}, {"4.1": {"non_striker": "E Lewis", "bowler": "Rashid Khan", "runs": {"extras": 0, "total": 0, "batsman": 0}, "batsman": "Ishan Kishan"}}, {"4.2": {"non_striker": "E Lewis", "bowler": "Rashid Khan", "runs": {"extras": 0, "total": 0, "batsman": 0}, "batsman": "Ishan Kishan"}}, {"4.3": {"non_striker": "E Lewis", "bowler": "Rashid Khan", "runs": {"extras": 0, "total": 0, "batsman": 0}, "batsman": "Ishan Kishan"}}, {"4.4": {"non_striker": "E Lewis", "bowler": "Rashid Khan", "runs": {"extras": 4, "total": 4, "batsman": 0}, "extras": {"legbyes": 4}, "batsman": "Ishan Kishan"}}, {"4.5": {"non_striker": "E Lewis", "bowler": "Rashid Khan", "runs": {"extras": 0, "total": 1, "batsman": 1}, "batsman": "Ishan Kishan"}}, {"4.6": {"non_striker": "Ishan Kishan", "bowler": "Rashid Khan", "runs": {"extras": 0, "total": 0, "batsman": 0}, "batsman": "E Lewis"}}, {"5.1": {"non_striker": "E Lewis", "bowler": "S Kaul", "runs": {"extras": 0, "total": 0, "batsman": 0}, "batsman": "Ishan Kishan"}}, {"5.2": {"non_striker": "E Lewis", "bowler": "S Kaul", "runs": {"extras": 0, "total": 0, "batsman": 0}, "batsman": "Ishan Kishan", "wicket": {"player_out": "Ishan Kishan", "fielders": ["YK Pathan"], "kind": "caught"}}}, {"5.3": {"non_striker": "SA Yadav", "bowler": "S Kaul", "runs": {"extras": 0, "total": 0, "batsman": 0}, "batsman": "E Lewis"}}, {"5.4": {"non_striker": "SA Yadav", "bowler": "S Kaul", "runs": {"extras": 0, "total": 4, "batsman": 4}, "batsman": "E Lewis"}}, {"5.5": {"non_striker": "SA Yadav", "bowler": "S Kaul", "runs": {"extras": 0, "total": 2, "batsman": 2}, "batsman": "E Lewis"}}, {"5.6": {"non_striker": "SA Yadav", "bowler": "S Kaul", "runs": {"extras": 0, "total": 0, "batsman": 0}, "batsman": "E Lewis", "wicket": {"player_out": "E Lewis", "kind": "bowled"}}}, {"6.1": {"non_striker": "KH Pandya", "bowler": "Shakib Al Hasan", "runs": {"extras": 0, "total": 0, "batsman": 0}, "batsman": "SA Yadav"}}, {"6.2": {"non_striker": "KH Pandya", "bowler": "Shakib Al Hasan", "runs": {"extras": 0, "total": 0, "batsman": 0}, "batsman": "SA Yadav"}}, {"6.3": {"non_striker": "KH Pandya", "bowler": "Shakib Al Hasan", "runs": {"extras": 0, "total": 0, "batsman": 0}, "batsman": "SA Yadav"}}, {"6.4": {"non_striker": "KH Pandya", "bowler": "Shakib Al Hasan", "runs": {"extras": 0, "total": 0, "batsman": 0}, "batsman": "SA Yadav"}}, {"6.5": {"non_striker": "KH Pandya", "bowler": "Shakib Al Hasan", "runs": {"extras": 0, "total": 1, "batsman": 1}, "batsman": "SA Yadav"}}, {"6.6": {"non_striker": "SA Yadav", "bowler": "Shakib Al Hasan", "runs": {"extras": 0, "total": 0, "batsman": 0}, "batsman": "KH Pandya"}}, {"7.1": {"non_striker": "KH Pandya", "bowler": "Sandeep Sharma", "runs": {"extras": 0, "total": 1, "batsman": 1}, "batsman": "SA Yadav"}}, {"7.2": {"non_striker": "SA Yadav", "bowler": "Sandeep Sharma", "runs": {"extras": 0, "total": 0, "batsman": 0}, "batsman": "KH Pandya"}}, {"7.3": {"non_striker": "SA Yadav", "bowler": "Sandeep Sharma", "runs": {"extras": 0, "total": 0, "batsman": 0}, "batsman": "KH Pandya"}}, {"7.4": {"non_striker": "SA Yadav", "bowler": "Sandeep Sharma", "runs": {"extras": 0, "total": 2, "batsman": 2}, "batsman": "KH Pandya"}}, {"7.5": {"non_striker": "SA Yadav", "bowler": "Sandeep Sharma", "runs": {"extras": 0, "total": 1, "batsman": 1}, "batsman": "KH Pandya"}}, {"7.6": {"non_striker": "KH Pandya", "bowler": "Sandeep Sharma", "runs": {"extras": 0, "total": 0, "batsman": 0}, "batsman": "SA Yadav"}}, {"8.1": {"non_striker": "SA Yadav", "bowler": "Shakib Al Hasan", "runs": {"extras": 1, "total": 1, "batsman": 0}, "extras": {"wides": 1}, "batsman": "KH Pandya"}}, {"8.2": {"non_striker": "SA Yadav", "bowler": "Shakib Al Hasan", "runs": {"extras": 0, "total": 2, "batsman": 2}, "batsman": "KH Pandya"}}, {"8.3": {"non_striker": "SA Yadav", "bowler": "Shakib Al Hasan", "runs": {"extras": 0, "total": 2, "batsman": 2}, "batsman": "KH Pandya"}}, {"8.4": {"non_striker": "SA Yadav", "bowler": "Shakib Al Hasan", "runs": {"extras": 0, "total": 4, "batsman": 4}, "batsman": "KH Pandya"}}, {"8.5": {"non_striker": "SA Yadav", "bowler": "Shakib Al Hasan", "runs": {"extras": 0, "total": 4, "batsman": 4}, "batsman": "KH Pandya"}}, {"8.6": {"non_striker": "SA Yadav", "bowler": "Shakib Al Hasan", "runs": {"extras": 0, "total": 0, "batsman": 0}, "batsman": "KH Pandya", "wicket": {"player_out": "KH Pandya", "fielders": ["KS Williamson"], "kind": "caught"}}}, {"8.7": {"non_striker": "SA Yadav", "bowler": "Shakib Al Hasan", "runs": {"extras": 0, "total": 0, "batsman": 0}, "batsman": "KA Pollard"}}, {"9.1": {"non_striker": "KA Pollard", "bowler": "B Stanlake", "runs": {"extras": 0, "total": 0, "batsman": 0}, "batsman": "SA Yadav"}}, {"9.2": {"non_striker": "KA Pollard", "bowler": "B Stanlake", "runs": {"extras": 0, "total": 4, "batsman": 4}, "batsman": "SA Yadav"}}, {"9.3": {"non_striker": "KA Pollard", "bowler": "B Stanlake", "runs": {"extras": 0, "total": 1, "batsman": 1}, "batsman": "SA Yadav"}}, {"9.4": {"non_striker": "SA Yadav", "bowler": "B Stanlake", "runs": {"extras": 0, "total": 0, "batsman": 0}, "batsman": "KA Pollard"}}, {"9.5": {"non_striker": "SA Yadav", "bowler": "B Stanlake", "runs": {"extras": 0, "total": 0, "batsman": 0}, "batsman": "KA Pollard"}}, {"9.6": {"non_striker": "SA Yadav", "bowler": "B Stanlake", "runs": {"extras": 0, "total": 1, "batsman": 1}, "batsman": "KA Pollard"}}, {"10.1": {"non_striker": "SA Yadav", "bowler": "Rashid Khan", "runs": {"extras": 0, "total": 0, "batsman": 0}, "batsman": "KA Pollard"}}, {"10.2": {"non_striker": "SA Yadav", "bowler": "Rashid Khan", "runs": {"extras": 0, "total": 0, "batsman": 0}, "batsman": "KA Pollard"}}, {"10.3": {"non_striker": "SA Yadav", "bowler": "Rashid Khan", "runs": {"extras": 0, "total": 0, "batsman": 0}, "batsman": "KA Pollard"}}, {"10.4": {"non_striker": "SA Yadav", "bowler": "Rashid Khan", "runs": {"extras": 0, "total": 0, "batsman": 0}, "batsman": "KA Pollard"}}, {"10.5": {"non_striker": "SA Yadav", "bowler": "Rashid Khan", "runs": {"extras": 0, "total": 4, "batsman": 4}, "batsman": "KA Pollard"}}, {"10.6": {"non_striker": "SA Yadav", "bowler": "Rashid Khan", "runs": {"extras": 0, "total": 0, "batsman": 0}, "batsman": "KA Pollard"}}, {"11.1": {"non_striker": "KA Pollard", "bowler": "S Kaul", "runs": {"extras": 0, "total": 0, "batsman": 0}, "batsman": "SA Yadav"}}, {"11.2": {"non_striker": "KA Pollard", "bowler": "S Kaul", "runs": {"extras": 0, "total": 0, "batsman": 0}, "batsman": "SA Yadav"}}, {"11.3": {"non_striker": "KA Pollard", "bowler": "S Kaul", "runs": {"extras": 0, "total": 0, "batsman": 0}, "batsman": "SA Yadav"}}, {"11.4": {"non_striker": "KA Pollard", "bowler": "S Kaul", "runs": {"extras": 0, "total": 1, "batsman": 1}, "batsman": "SA Yadav"}}, {"11.5": {"non_striker": "SA Yadav", "bowler": "S Kaul", "runs": {"extras": 0, "total": 0, "batsman": 0}, "batsman": "KA Pollard"}}, {"11.6": {"non_striker": "SA Yadav", "bowler": "S Kaul", "runs": {"extras": 0, "total": 4, "batsman": 4}, "batsman": "KA Pollard"}}, {"12.1": {"non_striker": "KA Pollard", "bowler": "Rashid Khan", "runs": {"extras": 0, "total": 0, "batsman": 0}, "batsman": "SA Yadav"}}, {"12.2": {"non_striker": "KA Pollard", "bowler": "Rashid Khan", "runs": {"extras": 0, "total": 0, "batsman": 0}, "batsman": "SA Yadav"}}, {"12.3": {"non_striker": "KA Pollard", "bowler": "Rashid Khan", "runs": {"extras": 0, "total": 1, "batsman": 1}, "batsman": "SA Yadav"}}, {"12.4": {"non_striker": "SA Yadav", "bowler": "Rashid Khan", "runs": {"extras": 0, "total": 1, "batsman": 1}, "batsman": "KA Pollard"}}, {"12.5": {"non_striker": "KA Pollard", "bowler": "Rashid Khan", "runs": {"extras": 0, "total": 1, "batsman": 1}, "batsman": "SA Yadav"}}, {"12.6": {"non_striker": "SA Yadav", "bowler": "Rashid Khan", "runs": {"extras": 0, "total": 0, "batsman": 0}, "batsman": "KA Pollard"}}, {"13.1": {"non_striker": "KA Pollard", "bowler": "Shakib Al Hasan", "runs": {"extras": 0, "total": 1, "batsman": 1}, "batsman": "SA Yadav"}}, {"13.2": {"non_striker": "SA Yadav", "bowler": "Shakib Al Hasan", "runs": {"extras": 0, "total": 0, "batsman": 0}, "batsman": "KA Pollard"}}, {"13.3": {"non_striker": "SA Yadav", "bowler": "Shakib Al Hasan", "runs": {"extras": 0, "total": 6, "batsman": 6}, "batsman": "KA Pollard"}}, {"13.4": {"non_striker": "SA Yadav", "bowler": "Shakib Al Hasan", "runs": {"extras": 0, "total": 1, "batsman": 1}, "batsman": "KA Pollard"}}, {"13.5": {"non_striker": "KA Pollard", "bowler": "Shakib Al Hasan", "runs": {"extras": 0, "total": 1, "batsman": 1}, "batsman": "SA Yadav"}}, {"13.6": {"non_striker": "SA Yadav", "bowler": "Shakib Al Hasan", "runs": {"extras": 0, "total": 1, "batsman": 1}, "batsman": "KA Pollard"}}, {"14.1": {"non_striker": "SA Yadav", "bowler": "B Stanlake", "runs": {"extras": 0, "total": 6, "batsman": 6}, "batsman": "KA Pollard"}}, {"14.2": {"non_striker": "SA Yadav", "bowler": "B Stanlake", "runs": {"extras": 0, "total": 0, "batsman": 0}, "batsman": "KA Pollard"}}, {"14.3": {"non_striker": "SA Yadav", "bowler": "B Stanlake", "runs": {"extras": 0, "total": 4, "batsman": 4}, "batsman": "KA Pollard"}}, {"14.4": {"non_striker": "SA Yadav", "bowler": "B Stanlake", "runs": {"extras": 0, "total": 0, "batsman": 0}, "batsman": "KA Pollard"}}, {"14.5": {"non_striker": "SA Yadav", "bowler": "B Stanlake", "runs": {"extras": 0, "total": 0, "batsman": 0}, "batsman": "KA Pollard", "wicket": {"player_out": "KA Pollard", "fielders": ["S Dhawan"], "kind": "caught"}}}, {"14.6": {"non_striker": "SA Yadav", "bowler": "B Stanlake", "runs": {"extras": 0, "total": 1, "batsman": 1}, "batsman": "BCJ Cutting"}}, {"15.1": {"non_striker": "SA Yadav", "bowler": "Shakib Al Hasan", "runs": {"extras": 0, "total": 1, "batsman": 1}, "batsman": "BCJ Cutting"}}, {"15.2": {"non_striker": "BCJ Cutting", "bowler": "Shakib Al Hasan", "runs": {"extras": 0, "total": 6, "batsman": 6}, "batsman": "SA Yadav"}}, {"15.3": {"non_striker": "BCJ Cutting", "bowler": "Shakib Al Hasan", "runs": {"extras": 0, "total": 1, "batsman": 1}, "batsman": "SA Yadav"}}, {"15.4": {"non_striker": "SA Yadav", "bowler": "Shakib Al Hasan", "runs": {"extras": 0, "total": 1, "batsman": 1}, "batsman": "BCJ Cutting"}}, {"15.5": {"non_striker": "BCJ Cutting", "bowler": "Shakib Al Hasan", "runs": {"extras": 0, "total": 0, "batsman": 0}, "batsman": "SA Yadav"}}, {"15.6": {"non_striker": "BCJ Cutting", "bowler": "Shakib Al Hasan", "runs": {"extras": 0, "total": 1, "batsman": 1}, "batsman": "SA Yadav"}}, {"16.1": {"non_striker": "BCJ Cutting", "bowler": "S Kaul", "runs": {"extras": 0, "total": 1, "batsman": 1}, "batsman": "SA Yadav"}}, {"16.2": {"non_striker": "SA Yadav", "bowler": "S Kaul", "runs": {"extras": 0, "total": 0, "batsman": 0}, "batsman": "BCJ Cutting"}}, {"16.3": {"non_striker": "SA Yadav", "bowler": "S Kaul", "runs": {"extras": 0, "total": 1, "batsman": 1}, "batsman": "BCJ Cutting"}}, {"16.4": {"non_striker": "BCJ Cutting", "bowler": "S Kaul", "runs": {"extras": 0, "total": 1, "batsman": 1}, "batsman": "SA Yadav"}}, {"16.5": {"non_striker": "SA Yadav", "bowler": "S Kaul", "runs": {"extras": 0, "total": 1, "batsman": 1}, "batsman": "BCJ Cutting"}}, {"16.6": {"non_striker": "BCJ Cutting", "bowler": "S Kaul", "runs": {"extras": 0, "total": 4, "batsman": 4}, "batsman": "SA Yadav"}}, {"17.1": {"non_striker": "SA Yadav", "bowler": "Rashid Khan", "runs": {"extras": 0, "total": 0, "batsman": 0}, "batsman": "BCJ Cutting"}}, {"17.2": {"non_striker": "SA Yadav", "bowler": "Rashid Khan", "runs": {"extras": 0, "total": 4, "batsman": 4}, "batsman": "BCJ Cutting"}}, {"17.3": {"non_striker": "SA Yadav", "bowler": "Rashid Khan", "runs": {"extras": 0, "total": 0, "batsman": 0}, "batsman": "BCJ Cutting", "wicket": {"player_out": "BCJ Cutting", "kind": "bowled"}}}, {"17.4": {"non_striker": "SA Yadav", "bowler": "Rashid Khan", "runs": {"extras": 1, "total": 1, "batsman": 0}, "extras": {"wides": 1}, "batsman": "PJ Sangwan"}}, {"17.5": {"non_striker": "SA Yadav", "bowler": "Rashid Khan", "runs": {"extras": 0, "total": 0, "batsman": 0}, "batsman": "PJ Sangwan"}}, {"17.6": {"non_striker": "SA Yadav", "bowler": "Rashid Khan", "runs": {"extras": 0, "total": 0, "batsman": 0}, "batsman": "PJ Sangwan"}}, {"17.7": {"non_striker": "SA Yadav", "bowler": "Rashid Khan", "runs": {"extras": 0, "total": 0, "batsman": 0}, "batsman": "PJ Sangwan"}}, {"18.1": {"non_striker": "PJ Sangwan", "bowler": "Sandeep Sharma", "runs": {"extras": 0, "total": 2, "batsman": 2}, "batsman": "SA Yadav"}}, {"18.2": {"non_striker": "PJ Sangwan", "bowler": "Sandeep Sharma", "runs": {"extras": 0, "total": 0, "batsman": 0}, "batsman": "SA Yadav"}}, {"18.3": {"non_striker": "PJ Sangwan", "bowler": "Sandeep Sharma", "runs": {"extras": 0, "total": 0, "batsman": 0}, "batsman": "SA Yadav"}}, {"18.4": {"non_striker": "PJ Sangwan", "bowler": "Sandeep Sharma", "runs": {"extras": 0, "total": 0, "batsman": 0}, "batsman": "SA Yadav", "wicket": {"player_out": "SA Yadav", "fielders": ["DJ Hooda"], "kind": "caught"}}}, {"18.5": {"non_striker": "M Markande", "bowler": "Sandeep Sharma", "runs": {"extras": 0, "total": 0, "batsman": 0}, "batsman": "PJ Sangwan", "wicket": {"player_out": "PJ Sangwan", "kind": "lbw"}}}, {"18.6": {"non_striker": "M Markande", "bowler": "Sandeep Sharma", "runs": {"extras": 0, "total": 1, "batsman": 1}, "batsman": "JJ Bumrah"}}, {"19.1": {"non_striker": "M Markande", "bowler": "S Kaul", "runs": {"extras": 1, "total": 1, "batsman": 0}, "extras": {"noballs": 1}, "batsman": "JJ Bumrah"}}, {"19.2": {"non_striker": "M Markande", "bowler": "S Kaul", "runs": {"extras": 0, "total": 1, "batsman": 1}, "batsman": "JJ Bumrah"}}, {"19.3": {"non_striker": "JJ Bumrah", "bowler": "S Kaul", "runs": {"extras": 0, "total": 1, "batsman": 1}, "batsman": "M Markande"}}, {"19.4": {"non_striker": "M Markande", "bowler": "S Kaul", "runs": {"extras": 0, "total": 1, "batsman": 1}, "batsman": "JJ Bumrah"}}, {"19.5": {"non_striker": "JJ Bumrah", "bowler": "S Kaul", "runs": {"extras": 0, "total": 1, "batsman": 1}, "batsman": "M Markande"}}, {"19.6": {"non_striker": "M Markande", "bowler": "S Kaul", "runs": {"extras": 0, "total": 1, "batsman": 1}, "batsman": "JJ Bumrah"}}, {"19.7": {"non_striker": "JJ Bumrah", "bowler": "S Kaul", "runs": {"extras": 0, "total": 4, "batsman": 4}, "batsman": "M Markande"}}]