[{"0.1": {"non_striker": "Shubman Gill", "bowler": "MJ McClenaghan", "runs": {"extras": 0, "total": 1, "batsman": 1}, "batsman": "CA Lynn"}}, {"0.2": {"non_striker": "CA Lynn", "bowler": "MJ McClenaghan", "runs": {"extras": 0, "total": 1, "batsman": 1}, "batsman": "Shubman Gill"}}, {"0.3": {"non_striker": "Shubman Gill", "bowler": "MJ McClenaghan", "runs": {"extras": 0, "total": 0, "batsman": 0}, "batsman": "CA Lynn"}}, {"0.4": {"non_striker": "Shubman Gill", "bowler": "MJ McClenaghan", "runs": {"extras": 0, "total": 0, "batsman": 0}, "batsman": "CA Lynn"}}, {"0.5": {"non_striker": "Shubman Gill", "bowler": "MJ McClenaghan", "runs": {"extras": 0, "total": 0, "batsman": 0}, "batsman": "CA Lynn"}}, {"0.6": {"non_striker": "Shubman Gill", "bowler": "MJ McClenaghan", "runs": {"extras": 0, "total": 0, "batsman": 0}, "batsman": "CA Lynn"}}, {"1.1": {"non_striker": "CA Lynn", "bowler": "JJ Bumrah", "runs": {"extras": 0, "total": 1, "batsman": 1}, "batsman": "Shubman Gill"}}, {"1.2": {"non_striker": "Shubman Gill", "bowler": "JJ Bumrah", "runs": {"extras": 0, "total": 0, "batsman": 0}, "batsman": "CA Lynn"}}, {"1.3": {"non_striker": "Shubman Gill", "bowler": "JJ Bumrah", "runs": {"extras": 0, "total": 0, "batsman": 0}, "batsman": "CA Lynn"}}, {"1.4": {"non_striker": "Shubman Gill", "bowler": "JJ Bumrah", "runs": {"extras": 0, "total": 4, "batsman": 4}, "batsman": "CA Lynn"}}, {"1.5": {"non_striker": "Shubman Gill", "bowler": "JJ Bumrah", "runs": {"extras": 0, "total": 4, "batsman": 4}, "batsman": "CA Lynn"}}, {"1.6": {"non_striker": "Shubman Gill", "bowler": "JJ Bumrah", "runs": {"extras": 4, "total": 4, "batsman": 0}, "extras": {"byes": 4}, "batsman": "CA Lynn"}}, {"2.1": {"non_striker": "CA Lynn", "bowler": "MJ McClenaghan", "runs": {"extras": 0, "total": 4, "batsman": 4}, "batsman": "Shubman Gill"}}, {"2.2": {"non_striker": "CA Lynn", "bowler": "MJ McClenaghan", "runs": {"extras": 0, "total": 1, "batsman": 1}, "batsman": "Shubman Gill"}}, {"2.3": {"non_striker": "Shubman Gill", "bowler": "MJ McClenaghan", "runs": {"extras": 0, "total": 4, "batsman": 4}, "batsman": "CA Lynn"}}, {"2.4": {"non_striker": "Shubman Gill", "bowler": "MJ McClenaghan", "runs": {"extras": 0, "total": 4, "batsman": 4}, "batsman": "CA Lynn"}}, {"2.5": {"non_striker": "Shubman Gill", "bowler": "MJ McClenaghan", "runs": {"extras": 0, "total": 0, "batsman": 0}, "batsman": "CA Lynn", "wicket": {"player_out": "CA Lynn", "fielders": ["JJ Bumrah"], "kind": "caught"}}}, {"2.6": {"non_striker": "Shubman Gill", "bowler": "MJ McClenaghan", "runs": {"extras": 0, "total": 0, "batsman": 0}, "batsman": "RV Uthappa"}}, {"3.1": {"non_striker": "RV Uthappa", "bowler": "HH Pandya", "runs": {"extras": 0, "total": 0, "batsman": 0}, "batsman": "Shubman Gill", "wicket": {"player_out": "Shubman Gill", "fielders": ["KH Pandya"], "kind": "caught"}}}, {"3.2": {"non_striker": "N Rana", "bowler": "HH Pandya", "runs": {"extras": 0, "total": 1, "batsman": 1}, "batsman": "RV Uthappa"}}, {"3.3": {"non_striker": "RV Uthappa", "bowler": "HH Pandya", "runs": {"extras": 0, "total": 0, "batsman": 0}, "batsman": "N Rana"}}, {"3.4": {"non_striker": "RV Uthappa", "bowler": "HH Pandya", "runs": {"extras": 0, "total": 4, "batsman": 4}, "batsman": "N Rana"}}, {"3.5": {"non_striker": "RV Uthappa", "bowler": "HH Pandya", "runs": {"extras": 0, "total": 0, "batsman": 0}, "batsman": "N Rana"}}, {"3.6": {"non_striker": "RV Uthappa", "bowler": "HH Pandya", "runs": {"extras": 0, "total": 0, "batsman": 0}, "batsman": "N Rana"}}, {"4.1": {"non_striker": "N Rana", "bowler": "MJ McClenaghan", "runs": {"extras": 0, "total": 2, "batsman": 2}, "batsman": "RV Uthappa"}}, {"4.2": {"non_striker": "N Rana", "bowler": "MJ McClenaghan", "runs": {"extras": 0, "total": 0, "batsman": 0}, "batsman": "RV Uthappa"}}, {"4.3": {"non_striker": "N Rana", "bowler": "MJ McClenaghan", "runs": {"extras": 0, "total": 1, "batsman": 1}, "batsman": "RV Uthappa"}}, {"4.4": {"non_striker": "RV Uthappa", "bowler": "MJ McClenaghan", "runs": {"extras": 0, "total": 2, "batsman": 2}, "batsman": "N Rana"}}, {"4.5": {"non_striker": "RV Uthappa", "bowler": "MJ McClenaghan", "runs": {"extras": 0, "total": 0, "batsman": 0}, "batsman": "N Rana"}}, {"4.6": {"non_striker": "RV Uthappa", "bowler": "MJ McClenaghan", "runs": {"extras": 0, "total": 6, "batsman": 6}, "batsman": "N Rana"}}, {"5.1": {"non_striker": "N Rana", "bowler": "HH Pandya", "runs": {"extras": 0, "total": 0, "batsman": 0}, "batsman": "RV Uthappa"}}, {"5.2": {"non_striker": "N Rana", "bowler": "HH Pandya", "runs": {"extras": 0, "total": 0, "batsman": 0}, "batsman": "RV Uthappa"}}, {"5.3": {"non_striker": "N Rana", "bowler": "HH Pandya", "runs": {"extras": 0, "total": 0, "batsman": 0}, "batsman": "RV Uthappa"}}, {"5.4": {"non_striker": "N Rana", "bowler": "HH Pandya", "runs": {"extras": 0, "total": 2, "batsman": 2}, "batsman": "RV Uthappa"}}, {"5.5": {"non_striker": "N Rana", "bowler": "HH Pandya", "runs": {"extras": 0, "total": 0, "batsman": 0}, "batsman": "RV Uthappa"}}, {"5.6": {"non_striker": "N Rana", "bowler": "HH Pandya", "runs": {"extras": 1, "total": 1, "batsman": 0}, "extras": {"wides": 1}, "batsman": "RV Uthappa"}}, {"5.7": {"non_striker": "N Rana", "bowler": "HH Pandya", "runs": {"extras": 0, "total": 0, "batsman": 0}, "batsman": "RV Uthappa"}}, {"6.1": {"non_striker": "RV Uthappa", "bowler": "KH Pandya", "runs": {"extras": 0, "total": 1, "batsman": 1}, "batsman": "N Rana"}}, {"6.2": {"non_striker": "N Rana", "bowler": "KH Pandya", "runs": {"extras": 0, "total": 0, "batsman": 0}, "batsman": "RV Uthappa"}}, {"6.3": {"non_striker": "N Rana", "bowler": "KH Pandya", "runs": {"extras": 0, "total": 6, "batsman": 6}, "batsman": "RV Uthappa"}}, {"6.4": {"non_striker": "N Rana", "bowler": "KH Pandya", "runs": {"extras": 0, "total": 1, "batsman": 1}, "batsman": "RV Uthappa"}}, {"6.5": {"non_striker": "RV Uthappa", "bowler": "KH Pandya", "runs": {"extras": 0, "total": 4, "batsman": 4}, "batsman": "N Rana"}}, {"6.6": {"non_striker": "RV Uthappa", "bowler": "KH Pandya", "runs": {"extras": 0, "total": 1, "batsman": 1}, "batsman": "N Rana"}}, {"7.1": {"non_striker": "RV Uthappa", "bowler": "M Markande", "runs": {"extras": 0, "total": 4, "batsman": 4}, "batsman": "N Rana"}}, {"7.2": {"non_striker": "RV Uthappa", "bowler": "M Markande", "runs": {"extras": 0, "total": 1, "batsman": 1}, "batsman": "N Rana"}}, {"7.3": {"non_striker": "N Rana", "bowler": "M Markande", "runs": {"extras": 0, "total": 0, "batsman": 0}, "batsman": "RV Uthappa"}}, {"7.4": {"non_striker": "N Rana", "bowler": "M Markande", "runs": {"extras": 0, "total": 0, "batsman": 0}, "batsman": "RV Uthappa"}}, {"7.5": {"non_striker": "N Rana", "bowler": "M Markande", "runs": {"extras": 0, "total": 6, "batsman": 6}, "batsman": "RV Uthappa"}}, {"7.6": {"non_striker": "N Rana", "bowler": "M Markande", "runs": {"extras": 0, "total": 6, "batsman": 6}, "batsman": "RV Uthappa"}}, {"8.1": {"non_striker": "RV Uthappa", "bowler": "KH Pandya", "runs": {"extras": 0, "total": 1, "batsman": 1}, "batsman": "N Rana"}}, {"8.2": {"non_striker": "N Rana", "bowler": "KH Pandya", "runs": {"extras": 0, "total": 2, "batsman": 2}, "batsman": "RV Uthappa"}}, {"8.3": {"non_striker": "N Rana", "bowler": "KH Pandya", "runs": {"extras": 0, "total": 0, "batsman": 0}, "batsman": "RV Uthappa"}}, {"8.4": {"non_striker": "N Rana", "bowler": "KH Pandya", "runs": {"extras": 0, "total": 0, "batsman": 0}, "batsman": "RV Uthappa"}}, {"8.5": {"non_striker": "N Rana", "bowler": "KH Pandya", "runs": {"extras": 0, "total": 0, "batsman": 0}, "batsman": "RV Uthappa"}}, {"8.6": {"non_striker": "N Rana", "bowler": "KH Pandya", "runs": {"extras": 0, "total": 4, "batsman": 4}, "batsman": "RV Uthappa"}}, {"9.1": {"non_striker": "RV Uthappa", "bowler": "BCJ Cutting", "runs": {"extras": 0, "total": 1, "batsman": 1}, "batsman": "N Rana"}}, {"9.2": {"non_striker": "N Rana", "bowler": "BCJ Cutting", "runs": {"extras": 0, "total": 1, "batsman": 1}, "batsman": "RV Uthappa"}}, {"9.3": {"non_striker": "RV Uthappa", "bowler": "BCJ Cutting", "runs": {"extras": 0, "total": 0, "batsman": 0}, "batsman": "N Rana"}}, {"9.4": {"non_striker": "RV Uthappa", "bowler": "BCJ Cutting", "runs": {"extras": 0, "total": 1, "batsman": 1}, "batsman": "N Rana"}}, {"9.5": {"non_striker": "N Rana", "bowler": "BCJ Cutting", "runs": {"extras": 0, "total": 4, "batsman": 4}, "batsman": "RV Uthappa"}}, {"9.6": {"non_striker": "N Rana", "bowler": "BCJ Cutting", "runs": {"extras": 0, "total": 0, "batsman": 0}, "batsman": "RV Uthappa"}}, {"10.1": {"non_striker": "RV Uthappa", "bowler": "JJ Bumrah", "runs": {"extras": 0, "total": 0, "batsman": 0}, "batsman": "N Rana"}}, {"10.2": {"non_striker": "RV Uthappa", "bowler": "JJ Bumrah", "runs": {"extras": 0, "total": 1, "batsman": 1}, "batsman": "N Rana"}}, {"10.3": {"non_striker": "N Rana", "bowler": "JJ Bumrah", "runs": {"extras": 0, "total": 1, "batsman": 1}, "batsman": "RV Uthappa"}}, {"10.4": {"non_striker": "RV Uthappa", "bowler": "JJ Bumrah", "runs": {"extras": 0, "total": 0, "batsman": 0}, "batsman": "N Rana"}}, {"10.5": {"non_striker": "RV Uthappa", "bowler": "JJ Bumrah", "runs": {"extras": 0, "total": 1, "batsman": 1}, "batsman": "N Rana"}}, {"10.6": {"non_striker": "N Rana", "bowler": "JJ Bumrah", "runs": {"extras": 0, "total": 1, "batsman": 1}, "batsman": "RV Uthappa"}}, {"11.1": {"non_striker": "N Rana", "bowler": "BCJ Cutting", "runs": {"extras": 0, "total": 0, "batsman": 0}, "batsman": "RV Uthappa"}}, {"11.2": {"non_striker": "N Rana", "bowler": "BCJ Cutting", "runs": {"extras": 0, "total": 4, "batsman": 4}, "batsman": "RV Uthappa"}}, {"11.3": {"non_striker": "N Rana", "bowler": "BCJ Cutting", "runs": {"extras": 0, "total": 4, "batsman": 4}, "batsman": "RV Uthappa"}}, {"11.4": {"non_striker": "N Rana", "bowler": "BCJ Cutting", "runs": {"extras": 0, "total": 4, "batsman": 4}, "batsman": "RV Uthappa"}}, {"11.5": {"non_striker": "N Rana", "bowler": "BCJ Cutting", "runs": {"extras": 0, "total": 4, "batsman": 4}, "batsman": "RV Uthappa"}}, {"11.6": {"non_striker": "N Rana", "bowler": "BCJ Cutting", "runs": {"extras": 0, "total": 0, "batsman": 0}, "batsman": "RV Uthappa"}}, {"12.1": {"non_striker": "RV Uthappa", "bowler": "M Markande", "runs": {"extras": 0, "total": 0, "batsman": 0}, "batsman": "N Rana"}}, {"12.2": {"non_striker": "RV Uthappa", "bowler": "M Markande", "runs": {"extras": 0, "total": 1, "batsman": 1}, "batsman": "N Rana"}}, {"12.3": {"non_striker": "N Rana", "bowler": "M Markande", "runs": {"extras": 0, "total": 0, "batsman": 0}, "batsman": "RV Uthappa", "wicket": {"player_out": "RV Uthappa", "fielders": ["BCJ Cutting"], "kind": "caught"}}}, {"12.4": {"non_striker": "KD Karthik", "bowler": "M Markande", "runs": {"extras": 0, "total": 0, "batsman": 0}, "batsman": "N Rana"}}, {"12.5": {"non_striker": "KD Karthik", "bowler": "M Markande", "runs": {"extras": 0, "total": 0, "batsman": 0}, "batsman": "N Rana"}}, {"12.6": {"non_striker": "KD Karthik", "bowler": "M Markande", "runs": {"extras": 0, "total": 1, "batsman": 1}, "batsman": "N Rana"}}, {"13.1": {"non_striker": "KD Karthik", "bowler": "HH Pandya", "runs": {"extras": 0, "total": 1, "batsman": 1}, "batsman": "N Rana"}}, {"13.2": {"non_striker": "N Rana", "bowler": "HH Pandya", "runs": {"extras": 0, "total": 1, "batsman": 1}, "batsman": "KD Karthik"}}, {"13.3": {"non_striker": "KD Karthik", "bowler": "HH Pandya", "runs": {"extras": 0, "total": 0, "batsman": 0}, "batsman": "N Rana", "wicket": {"player_out": "N Rana", "fielders": ["JJ Bumrah"], "kind": "caught"}}}, {"13.4": {"non_striker": "AD Russell", "bowler": "HH Pandya", "runs": {"extras": 0, "total": 1, "batsman": 1}, "batsman": "KD Karthik"}}, {"13.5": {"non_striker": "KD Karthik", "bowler": "HH Pandya", "runs": {"extras": 0, "total": 1, "batsman": 1}, "batsman": "AD Russell"}}, {"13.6": {"non_striker": "AD Russell", "bowler": "HH Pandya", "runs": {"extras": 0, "total": 1, "batsman": 1}, "batsman": "KD Karthik"}}, {"14.1": {"non_striker": "AD Russell", "bowler": "MJ McClenaghan", "runs": {"extras": 0, "total": 1, "batsman": 1}, "batsman": "KD Karthik"}}, {"14.2": {"non_striker": "KD Karthik", "bowler": "MJ McClenaghan", "runs": {"extras": 0, "total": 1, "batsman": 1}, "batsman": "AD Russell"}}, {"14.3": {"non_striker": "AD Russell", "bowler": "MJ McClenaghan", "runs": {"extras": 0, "total": 0, "batsman": 0}, "batsman": "KD Karthik"}}, {"14.4": {"non_striker": "AD Russell", "bowler": "MJ McClenaghan", "runs": {"extras": 0, "total": 1, "batsman": 1}, "batsman": "KD Karthik"}}, {"14.5": {"non_striker": "KD Karthik", "bowler": "MJ McClenaghan", "runs": {"extras": 0, "total": 0, "batsman": 0}, "batsman": "AD Russell"}}, {"14.6": {"non_striker": "KD Karthik", "bowler": "MJ McClenaghan", "runs": {"extras": 0, "total": 1, "batsman": 1}, "batsman": "AD Russell"}}, {"15.1": {"non_striker": "KD Karthik", "bowler": "M Markande", "runs": {"extras": 0, "total": 0, "batsman": 0}, "batsman": "AD Russell"}}, {"15.2": {"non_striker": "KD Karthik", "bowler": "M Markande", "runs": {"extras": 0, "total": 1, "batsman": 1}, "batsman": "AD Russell"}}, {"15.3": {"non_striker": "AD Russell", "bowler": "M Markande", "runs": {"extras": 0, "total": 0, "batsman": 0}, "batsman": "KD Karthik"}}, {"15.4": {"non_striker": "AD Russell", "bowler": "M Markande", "runs": {"extras": 0, "total": 1, "batsman": 1}, "batsman": "KD Karthik"}}, {"15.5": {"non_striker": "KD Karthik", "bowler": "M Markande", "runs": {"extras": 0, "total": 4, "batsman": 4}, "batsman": "AD Russell"}}, {"15.6": {"non_striker": "KD Karthik", "bowler": "M Markande", "runs": {"extras": 0, "total": 0, "batsman": 0}, "batsman": "AD Russell"}}, {"16.1": {"non_striker": "AD Russell", "bowler": "JJ Bumrah", "runs": {"extras": 0, "total": 1, "batsman": 1}, "batsman": "KD Karthik"}}, {"16.2": {"non_striker": "KD Karthik", "bowler": "JJ Bumrah", "runs": {"extras": 0, "total": 1, "batsman": 1}, "batsman": "AD Russell"}}, {"16.3": {"non_striker": "AD Russell", "bowler": "JJ Bumrah", "runs": {"extras": 0, "total": 1, "batsman": 1}, "batsman": "KD Karthik"}}, {"16.4": {"non_striker": "KD Karthik", "bowler": "JJ Bumrah", "runs": {"extras": 0, "total": 0, "batsman": 0}, "batsman": "AD Russell", "wicket": {"player_out": "AD Russell", "fielders": ["KH Pandya"], "kind": "caught"}}}, {"16.5": {"non_striker": "SP Narine", "bowler": "JJ Bumrah", "runs": {"extras": 0, "total": 4, "batsman": 4}, "batsman": "KD Karthik"}}, {"16.6": {"non_striker": "SP Narine", "bowler": "JJ Bumrah", "runs": {"extras": 4, "total": 4, "batsman": 0}, "extras": {"legbyes": 4}, "batsman": "KD Karthik"}}, {"17.1": {"non_striker": "KD Karthik", "bowler": "HH Pandya", "runs": {"extras": 0, "total": 0, "batsman": 0}, "batsman": "SP Narine"}}, {"17.2": {"non_striker": "KD Karthik", "bowler": "HH Pandya", "runs": {"extras": 0, "total": 1, "batsman": 1}, "batsman": "SP Narine"}}, {"17.3": {"non_striker": "SP Narine", "bowler": "HH Pandya", "runs": {"extras": 0, "total": 0, "batsman": 0}, "batsman": "KD Karthik"}}, {"17.4": {"non_striker": "SP Narine", "bowler": "HH Pandya", "runs": {"extras": 0, "total": 4, "batsman": 4}, "batsman": "KD Karthik"}}, {"17.5": {"non_striker": "SP Narine", "bowler": "HH Pandya", "runs": {"extras": 0, "total": 0, "batsman": 0}, "batsman": "KD Karthik"}}, {"17.6": {"non_striker": "SP Narine", "bowler": "HH Pandya", "runs": {"extras": 0, "total": 1, "batsman": 1}, "batsman": "KD Karthik"}}, {"18.1": {"non_striker": "SP Narine", "bowler": "JJ Bumrah", "runs": {"extras": 0, "total": 0, "batsman": 0}, "batsman": "KD Karthik"}}, {"18.2": {"non_striker": "SP Narine", "bowler": "JJ Bumrah", "runs": {"extras": 0, "total": 6, "batsman": 6}, "batsman": "KD Karthik"}}, {"18.3": {"non_striker": "SP Narine", "bowler": "JJ Bumrah", "runs": {"extras": 0, "total": 0, "batsman": 0}, "batsman": "KD Karthik"}}, {"18.4": {"non_striker": "SP Narine", "bowler": "JJ Bumrah", "runs": {"extras": 0, "total": 0, "batsman": 0}, "batsman": "KD Karthik"}}, {"18.5": {"non_striker": "SP Narine", "bowler": "JJ Bumrah", "runs": {"extras": 0, "total": 4, "batsman": 4}, "batsman": "KD Karthik"}}, {"18.6": {"non_striker": "SP Narine", "bowler": "JJ Bumrah", "runs": {"extras": 0, "total": 4, "batsman": 4}, "batsman": "KD Karthik"}}, {"19.1": {"non_striker": "KD Karthik", "bowler": "KH Pandya", "runs": {"extras": 0, "total": 4, "batsman": 4}, "batsman": "SP Narine"}}, {"19.2": {"non_striker": "KD Karthik", "bowler": "KH Pandya", "runs": {"extras": 0, "total": 0, "batsman": 0}, "batsman": "SP Narine", "wicket": {"player_out": "SP Narine", "fielders": ["RG Sharma"], "kind": "caught"}}}, {"19.3": {"non_striker": "PP Chawla", "bowler": "KH Pandya", "runs": {"extras": 0, "total": 0, "batsman": 0}, "batsman": "KD Karthik"}}, {"19.4": {"non_striker": "PP Chawla", "bowler": "KH Pandya", "runs": {"extras": 0, "total": 4, "batsman": 4}, "batsman": "KD Karthik"}}, {"19.5": {"non_striker": "PP Chawla", "bowler": "KH Pandya", "runs": {"extras": 0, "total": 0, "batsman": 0}, "batsman": "KD Karthik"}}, {"19.6": {"non_striker": "PP Chawla", "bowler": "KH Pandya", "runs": {"extras": 0, "total": 1, "batsman": 1}, "batsman": "KD Karthik"}}]