[{"0.1": {"non_striker": "CH Gayle", "bowler": "DL Chahar", "runs": {"extras": 0, "total": 0, "batsman": 0}, "batsman": "KL Rahul"}}, {"0.2": {"non_striker": "CH Gayle", "bowler": "DL Chahar", "runs": {"extras": 0, "total": 2, "batsman": 2}, "batsman": "KL Rahul"}}, {"0.3": {"non_striker": "CH Gayle", "bowler": "DL Chahar", "runs": {"extras": 0, "total": 0, "batsman": 0}, "batsman": "KL Rahul"}}, {"0.4": {"non_striker": "CH Gayle", "bowler": "DL Chahar", "runs": {"extras": 0, "total": 0, "batsman": 0}, "batsman": "KL Rahul"}}, {"0.5": {"non_striker": "CH Gayle", "bowler": "DL Chahar", "runs": {"extras": 0, "total": 4, "batsman": 4}, "batsman": "KL Rahul"}}, {"0.6": {"non_striker": "CH Gayle", "bowler": "DL Chahar", "runs": {"extras": 1, "total": 1, "batsman": 0}, "extras": {"wides": 1}, "batsman": "KL Rahul"}}, {"0.7": {"non_striker": "CH Gayle", "bowler": "DL Chahar", "runs": {"extras": 0, "total": 0, "batsman": 0}, "batsman": "KL Rahul"}}, {"1.1": {"non_striker": "KL Rahul", "bowler": "L Ngidi", "runs": {"extras": 0, "total": 0, "batsman": 0}, "batsman": "CH Gayle"}}, {"1.2": {"non_striker": "KL Rahul", "bowler": "L Ngidi", "runs": {"extras": 0, "total": 0, "batsman": 0}, "batsman": "CH Gayle", "wicket": {"player_out": "CH Gayle", "fielders": ["MS Dhoni"], "kind": "caught"}}}, {"1.3": {"non_striker": "KL Rahul", "bowler": "L Ngidi", "runs": {"extras": 0, "total": 0, "batsman": 0}, "batsman": "AJ Finch"}}, {"1.4": {"non_striker": "KL Rahul", "bowler": "L Ngidi", "runs": {"extras": 1, "total": 1, "batsman": 0}, "extras": {"byes": 1}, "batsman": "AJ Finch"}}, {"1.5": {"non_striker": "AJ Finch", "bowler": "L Ngidi", "runs": {"extras": 0, "total": 0, "batsman": 0}, "batsman": "KL Rahul"}}, {"1.6": {"non_striker": "AJ Finch", "bowler": "L Ngidi", "runs": {"extras": 0, "total": 0, "batsman": 0}, "batsman": "KL Rahul"}}, {"2.1": {"non_striker": "KL Rahul", "bowler": "DL Chahar", "runs": {"extras": 0, "total": 4, "batsman": 4}, "batsman": "AJ Finch"}}, {"2.2": {"non_striker": "KL Rahul", "bowler": "DL Chahar", "runs": {"extras": 0, "total": 0, "batsman": 0}, "batsman": "AJ Finch"}}, {"2.3": {"non_striker": "KL Rahul", "bowler": "DL Chahar", "runs": {"extras": 1, "total": 1, "batsman": 0}, "extras": {"legbyes": 1}, "batsman": "AJ Finch"}}, {"2.4": {"non_striker": "AJ Finch", "bowler": "DL Chahar", "runs": {"extras": 0, "total": 1, "batsman": 1}, "batsman": "KL Rahul"}}, {"2.5": {"non_striker": "KL Rahul", "bowler": "DL Chahar", "runs": {"extras": 0, "total": 0, "batsman": 0}, "batsman": "AJ Finch", "wicket": {"player_out": "AJ Finch", "fielders": ["SK Raina"], "kind": "caught"}}}, {"2.6": {"non_striker": "KL Rahul", "bowler": "DL Chahar", "runs": {"extras": 0, "total": 1, "batsman": 1}, "batsman": "MK Tiwary"}}, {"3.1": {"non_striker": "KL Rahul", "bowler": "L Ngidi", "runs": {"extras": 0, "total": 0, "batsman": 0}, "batsman": "MK Tiwary"}}, {"3.2": {"non_striker": "KL Rahul", "bowler": "L Ngidi", "runs": {"extras": 0, "total": 0, "batsman": 0}, "batsman": "MK Tiwary"}}, {"3.3": {"non_striker": "KL Rahul", "bowler": "L Ngidi", "runs": {"extras": 0, "total": 0, "batsman": 0}, "batsman": "MK Tiwary"}}, {"3.4": {"non_striker": "KL Rahul", "bowler": "L Ngidi", "runs": {"extras": 0, "total": 1, "batsman": 1}, "batsman": "MK Tiwary"}}, {"3.5": {"non_striker": "MK Tiwary", "bowler": "L Ngidi", "runs": {"extras": 0, "total": 0, "batsman": 0}, "batsman": "KL Rahul"}}, {"3.6": {"non_striker": "MK Tiwary", "bowler": "L Ngidi", "runs": {"extras": 0, "total": 0, "batsman": 0}, "batsman": "KL Rahul", "wicket": {"player_out": "KL Rahul", "kind": "bowled"}}}, {"4.1": {"non_striker": "DA Miller", "bowler": "DL Chahar", "runs": {"extras": 0, "total": 1, "batsman": 1}, "batsman": "MK Tiwary"}}, {"4.2": {"non_striker": "MK Tiwary", "bowler": "DL Chahar", "runs": {"extras": 0, "total": 0, "batsman": 0}, "batsman": "DA Miller"}}, {"4.3": {"non_striker": "MK Tiwary", "bowler": "DL Chahar", "runs": {"extras": 0, "total": 4, "batsman": 4}, "batsman": "DA Miller"}}, {"4.4": {"non_striker": "MK Tiwary", "bowler": "DL Chahar", "runs": {"extras": 0, "total": 0, "batsman": 0}, "batsman": "DA Miller"}}, {"4.5": {"non_striker": "MK Tiwary", "bowler": "DL Chahar", "runs": {"extras": 0, "total": 1, "batsman": 1}, "batsman": "DA Miller"}}, {"4.6": {"non_striker": "DA Miller", "bowler": "DL Chahar", "runs": {"extras": 0, "total": 1, "batsman": 1}, "batsman": "MK Tiwary"}}, {"5.1": {"non_striker": "DA Miller", "bowler": "L Ngidi", "runs": {"extras": 0, "total": 0, "batsman": 0}, "batsman": "MK Tiwary"}}, {"5.2": {"non_striker": "DA Miller", "bowler": "L Ngidi", "runs": {"extras": 0, "total": 2, "batsman": 2}, "batsman": "MK Tiwary"}}, {"5.3": {"non_striker": "DA Miller", "bowler": "L Ngidi", "runs": {"extras": 0, "total": 1, "batsman": 1}, "batsman": "MK Tiwary"}}, {"5.4": {"non_striker": "MK Tiwary", "bowler": "L Ngidi", "runs": {"extras": 0, "total": 1, "batsman": 1}, "batsman": "DA Miller"}}, {"5.5": {"non_striker": "DA Miller", "bowler": "L Ngidi", "runs": {"extras": 0, "total": 1, "batsman": 1}, "batsman": "MK Tiwary"}}, {"5.6": {"non_striker": "MK Tiwary", "bowler": "L Ngidi", "runs": {"extras": 0, "total": 1, "batsman": 1}, "batsman": "DA Miller"}}, {"6.1": {"non_striker": "MK Tiwary", "bowler": "DL Chahar", "runs": {"extras": 0, "total": 1, "batsman": 1}, "batsman": "DA Miller"}}, {"6.2": {"non_striker": "DA Miller", "bowler": "DL Chahar", "runs": {"extras": 0, "total": 0, "batsman": 0}, "batsman": "MK Tiwary"}}, {"6.3": {"non_striker": "DA Miller", "bowler": "DL Chahar", "runs": {"extras": 0, "total": 1, "batsman": 1}, "batsman": "MK Tiwary"}}, {"6.4": {"non_striker": "MK Tiwary", "bowler": "DL Chahar", "runs": {"extras": 0, "total": 0, "batsman": 0}, "batsman": "DA Miller"}}, {"6.5": {"non_striker": "MK Tiwary", "bowler": "DL Chahar", "runs": {"extras": 1, "total": 1, "batsman": 0}, "extras": {"wides": 1}, "batsman": "DA Miller"}}, {"6.6": {"non_striker": "MK Tiwary", "bowler": "DL Chahar", "runs": {"extras": 0, "total": 0, "batsman": 0}, "batsman": "DA Miller"}}, {"6.7": {"non_striker": "MK Tiwary", "bowler": "DL Chahar", "runs": {"extras": 1, "total": 1, "batsman": 0}, "extras": {"noballs": 1}, "batsman": "DA Miller"}}, {"6.8": {"non_striker": "MK Tiwary", "bowler": "DL Chahar", "runs": {"extras": 0, "total": 6, "batsman": 6}, "batsman": "DA Miller"}}, {"7.1": {"non_striker": "DA Miller", "bowler": "Harbhajan Singh", "runs": {"extras": 0, "total": 4, "batsman": 4}, "batsman": "MK Tiwary"}}, {"7.2": {"non_striker": "DA Miller", "bowler": "Harbhajan Singh", "runs": {"extras": 0, "total": 0, "batsman": 0}, "batsman": "MK Tiwary"}}, {"7.3": {"non_striker": "DA Miller", "bowler": "Harbhajan Singh", "runs": {"extras": 0, "total": 6, "batsman": 6}, "batsman": "MK Tiwary"}}, {"7.4": {"non_striker": "DA Miller", "bowler": "Harbhajan Singh", "runs": {"extras": 0, "total": 1, "batsman": 1}, "batsman": "MK Tiwary"}}, {"7.5": {"non_striker": "MK Tiwary", "bowler": "Harbhajan Singh", "runs": {"extras": 0, "total": 1, "batsman": 1}, "batsman": "DA Miller"}}, {"7.6": {"non_striker": "DA Miller", "bowler": "Harbhajan Singh", "runs": {"extras": 0, "total": 1, "batsman": 1}, "batsman": "MK Tiwary"}}, {"8.1": {"non_striker": "DA Miller", "bowler": "SN Thakur", "runs": {"extras": 0, "total": 0, "batsman": 0}, "batsman": "MK Tiwary"}}, {"8.2": {"non_striker": "DA Miller", "bowler": "SN Thakur", "runs": {"extras": 0, "total": 4, "batsman": 4}, "batsman": "MK Tiwary"}}, {"8.3": {"non_striker": "DA Miller", "bowler": "SN Thakur", "runs": {"extras": 0, "total": 0, "batsman": 0}, "batsman": "MK Tiwary"}}, {"8.4": {"non_striker": "DA Miller", "bowler": "SN Thakur", "runs": {"extras": 1, "total": 1, "batsman": 0}, "extras": {"wides": 1}, "batsman": "MK Tiwary"}}, {"8.5": {"non_striker": "DA Miller", "bowler": "SN Thakur", "runs": {"extras": 0, "total": 0, "batsman": 0}, "batsman": "MK Tiwary"}}, {"8.6": {"non_striker": "DA Miller", "bowler": "SN Thakur", "runs": {"extras": 0, "total": 3, "batsman": 3}, "batsman": "MK Tiwary"}}, {"8.7": {"non_striker": "MK Tiwary", "bowler": "SN Thakur", "runs": {"extras": 0, "total": 1, "batsman": 1}, "batsman": "DA Miller"}}, {"9.1": {"non_striker": "MK Tiwary", "bowler": "DJ Bravo", "runs": {"extras": 0, "total": 2, "batsman": 2}, "batsman": "DA Miller"}}, {"9.2": {"non_striker": "MK Tiwary", "bowler": "DJ Bravo", "runs": {"extras": 0, "total": 1, "batsman": 1}, "batsman": "DA Miller"}}, {"9.3": {"non_striker": "DA Miller", "bowler": "DJ Bravo", "runs": {"extras": 1, "total": 1, "batsman": 0}, "extras": {"legbyes": 1}, "batsman": "MK Tiwary"}}, {"9.4": {"non_striker": "MK Tiwary", "bowler": "DJ Bravo", "runs": {"extras": 0, "total": 1, "batsman": 1}, "batsman": "DA Miller"}}, {"9.5": {"non_striker": "DA Miller", "bowler": "DJ Bravo", "runs": {"extras": 0, "total": 4, "batsman": 4}, "batsman": "MK Tiwary"}}, {"9.6": {"non_striker": "DA Miller", "bowler": "DJ Bravo", "runs": {"extras": 0, "total": 1, "batsman": 1}, "batsman": "MK Tiwary"}}, {"10.1": {"non_striker": "DA Miller", "bowler": "SN Thakur", "runs": {"extras": 0, "total": 1, "batsman": 1}, "batsman": "MK Tiwary"}}, {"10.2": {"non_striker": "MK Tiwary", "bowler": "SN Thakur", "runs": {"extras": 0, "total": 1, "batsman": 1}, "batsman": "DA Miller"}}, {"10.3": {"non_striker": "DA Miller", "bowler": "SN Thakur", "runs": {"extras": 0, "total": 0, "batsman": 0}, "batsman": "MK Tiwary"}}, {"10.4": {"non_striker": "DA Miller", "bowler": "SN Thakur", "runs": {"extras": 0, "total": 1, "batsman": 1}, "batsman": "MK Tiwary"}}, {"10.5": {"non_striker": "MK Tiwary", "bowler": "SN Thakur", "runs": {"extras": 0, "total": 2, "batsman": 2}, "batsman": "DA Miller"}}, {"10.6": {"non_striker": "MK Tiwary", "bowler": "SN Thakur", "runs": {"extras": 0, "total": 0, "batsman": 0}, "batsman": "DA Miller"}}, {"11.1": {"non_striker": "DA Miller", "bowler": "RA Jadeja", "runs": {"extras": 0, "total": 0, "batsman": 0}, "batsman": "MK Tiwary", "wicket": {"player_out": "MK Tiwary", "fielders": ["MS Dhoni"], "kind": "caught"}}}, {"11.2": {"non_striker": "DA Miller", "bowler": "RA Jadeja", "runs": {"extras": 0, "total": 1, "batsman": 1}, "batsman": "KK Nair"}}, {"11.3": {"non_striker": "KK Nair", "bowler": "RA Jadeja", "runs": {"extras": 1, "total": 1, "batsman": 0}, "extras": {"legbyes": 1}, "batsman": "DA Miller"}}, {"11.4": {"non_striker": "DA Miller", "bowler": "RA Jadeja", "runs": {"extras": 0, "total": 0, "batsman": 0}, "batsman": "KK Nair"}}, {"11.5": {"non_striker": "DA Miller", "bowler": "RA Jadeja", "runs": {"extras": 0, "total": 1, "batsman": 1}, "batsman": "KK Nair"}}, {"11.6": {"non_striker": "KK Nair", "bowler": "RA Jadeja", "runs": {"extras": 0, "total": 1, "batsman": 1}, "batsman": "DA Miller"}}, {"12.1": {"non_striker": "KK Nair", "bowler": "DJ Bravo", "runs": {"extras": 0, "total": 0, "batsman": 0}, "batsman": "DA Miller", "wicket": {"player_out": "DA Miller", "kind": "bowled"}}}, {"12.2": {"non_striker": "KK Nair", "bowler": "DJ Bravo", "runs": {"extras": 0, "total": 1, "batsman": 1}, "batsman": "AR Patel"}}, {"12.3": {"non_striker": "AR Patel", "bowler": "DJ Bravo", "runs": {"extras": 0, "total": 0, "batsman": 0}, "batsman": "KK Nair"}}, {"12.4": {"non_striker": "AR Patel", "bowler": "DJ Bravo", "runs": {"extras": 0, "total": 1, "batsman": 1}, "batsman": "KK Nair"}}, {"12.5": {"non_striker": "KK Nair", "bowler": "DJ Bravo", "runs": {"extras": 0, "total": 0, "batsman": 0}, "batsman": "AR Patel"}}, {"12.6": {"non_striker": "KK Nair", "bowler": "DJ Bravo", "runs": {"extras": 0, "total": 0, "batsman": 0}, "batsman": "AR Patel"}}, {"13.1": {"non_striker": "AR Patel", "bowler": "RA Jadeja", "runs": {"extras": 0, "total": 0, "batsman": 0}, "batsman": "KK Nair"}}, {"13.2": {"non_striker": "AR Patel", "bowler": "RA Jadeja", "runs": {"extras": 0, "total": 6, "batsman": 6}, "batsman": "KK Nair"}}, {"13.3": {"non_striker": "AR Patel", "bowler": "RA Jadeja", "runs": {"extras": 0, "total": 1, "batsman": 1}, "batsman": "KK Nair"}}, {"13.4": {"non_striker": "KK Nair", "bowler": "RA Jadeja", "runs": {"extras": 0, "total": 1, "batsman": 1}, "batsman": "AR Patel"}}, {"13.5": {"non_striker": "AR Patel", "bowler": "RA Jadeja", "runs": {"extras": 0, "total": 1, "batsman": 1}, "batsman": "KK Nair"}}, {"13.6": {"non_striker": "KK Nair", "bowler": "RA Jadeja", "runs": {"extras": 0, "total": 0, "batsman": 0}, "batsman": "AR Patel"}}, {"14.1": {"non_striker": "AR Patel", "bowler": "DJ Bravo", "runs": {"extras": 0, "total": 6, "batsman": 6}, "batsman": "KK Nair"}}, {"14.2": {"non_striker": "AR Patel", "bowler": "DJ Bravo", "runs": {"extras": 0, "total": 1, "batsman": 1}, "batsman": "KK Nair"}}, {"14.3": {"non_striker": "KK Nair", "bowler": "DJ Bravo", "runs": {"extras": 0, "total": 1, "batsman": 1}, "batsman": "AR Patel"}}, {"14.4": {"non_striker": "AR Patel", "bowler": "DJ Bravo", "runs": {"extras": 0, "total": 1, "batsman": 1}, "batsman": "KK Nair"}}, {"14.5": {"non_striker": "KK Nair", "bowler": "DJ Bravo", "runs": {"extras": 0, "total": 1, "batsman": 1}, "batsman": "AR Patel"}}, {"14.6": {"non_striker": "AR Patel", "bowler": "DJ Bravo", "runs": {"extras": 0, "total": 1, "batsman": 1}, "batsman": "KK Nair"}}, {"15.1": {"non_striker": "AR Patel", "bowler": "RA Jadeja", "runs": {"extras": 0, "total": 1, "batsman": 1}, "batsman": "KK Nair"}}, {"15.2": {"non_striker": "KK Nair", "bowler": "RA Jadeja", "runs": {"extras": 0, "total": 1, "batsman": 1}, "batsman": "AR Patel"}}, {"15.3": {"non_striker": "AR Patel", "bowler": "RA Jadeja", "runs": {"extras": 0, "total": 1, "batsman": 1}, "batsman": "KK Nair"}}, {"15.4": {"non_striker": "KK Nair", "bowler": "RA Jadeja", "runs": {"extras": 0, "total": 6, "batsman": 6}, "batsman": "AR Patel"}}, {"15.5": {"non_striker": "KK Nair", "bowler": "RA Jadeja", "runs": {"extras": 0, "total": 1, "batsman": 1}, "batsman": "AR Patel"}}, {"15.6": {"non_striker": "AR Patel", "bowler": "RA Jadeja", "runs": {"extras": 0, "total": 1, "batsman": 1}, "batsman": "KK Nair"}}, {"16.1": {"non_striker": "AR Patel", "bowler": "SN Thakur", "runs": {"extras": 1, "total": 1, "batsman": 0}, "extras": {"legbyes": 1}, "batsman": "KK Nair"}}, {"16.2": {"non_striker": "KK Nair", "bowler": "SN Thakur", "runs": {"extras": 0, "total": 2, "batsman": 2}, "batsman": "AR Patel"}}, {"16.3": {"non_striker": "KK Nair", "bowler": "SN Thakur", "runs": {"extras": 0, "total": 0, "batsman": 0}, "batsman": "AR Patel", "wicket": {"player_out": "AR Patel", "fielders": ["SW Billings"], "kind": "caught"}}}, {"16.4": {"non_striker": "R Ashwin", "bowler": "SN Thakur", "runs": {"extras": 0, "total": 4, "batsman": 4}, "batsman": "KK Nair"}}, {"16.5": {"non_striker": "R Ashwin", "bowler": "SN Thakur", "runs": {"extras": 0, "total": 6, "batsman": 6}, "batsman": "KK Nair"}}, {"16.6": {"non_striker": "R Ashwin", "bowler": "SN Thakur", "runs": {"extras": 1, "total": 1, "batsman": 0}, "extras": {"wides": 1}, "batsman": "KK Nair"}}, {"16.7": {"non_striker": "R Ashwin", "bowler": "SN Thakur", "runs": {"extras": 0, "total": 4, "batsman": 4}, "batsman": "KK Nair"}}, {"17.1": {"non_striker": "KK Nair", "bowler": "L Ngidi", "runs": {"extras": 1, "total": 1, "batsman": 0}, "extras": {"wides": 1}, "batsman": "R Ashwin"}}, {"17.2": {"non_striker": "KK Nair", "bowler": "L Ngidi", "runs": {"extras": 0, "total": 0, "batsman": 0}, "batsman": "R Ashwin", "wicket": {"player_out": "R Ashwin", "fielders": ["MS Dhoni"], "kind": "caught"}}}, {"17.3": {"non_striker": "KK Nair", "bowler": "L Ngidi", "runs": {"extras": 0, "total": 0, "batsman": 0}, "batsman": "AJ Tye"}}, {"17.4": {"non_striker": "KK Nair", "bowler": "L Ngidi", "runs": {"extras": 0, "total": 0, "batsman": 0}, "batsman": "AJ Tye", "wicket": {"player_out": "AJ Tye", "fielders": ["SK Raina"], "kind": "caught"}}}, {"17.5": {"non_striker": "KK Nair", "bowler": "L Ngidi", "runs": {"extras": 0, "total": 0, "batsman": 0}, "batsman": "MM Sharma"}}, {"17.6": {"non_striker": "KK Nair", "bowler": "L Ngidi", "runs": {"extras": 0, "total": 1, "batsman": 1}, "batsman": "MM Sharma"}}, {"17.7": {"non_striker": "MM Sharma", "bowler": "L Ngidi", "runs": {"extras": 0, "total": 1, "batsman": 1}, "batsman": "KK Nair"}}, {"18.1": {"non_striker": "MM Sharma", "bowler": "DJ Bravo", "runs": {"extras": 0, "total": 0, "batsman": 0}, "batsman": "KK Nair"}}, {"18.2": {"non_striker": "MM Sharma", "bowler": "DJ Bravo", "runs": {"extras": 0, "total": 4, "batsman": 4}, "batsman": "KK Nair"}}, {"18.3": {"non_striker": "MM Sharma", "bowler": "DJ Bravo", "runs": {"extras": 0, "total": 6, "batsman": 6}, "batsman": "KK Nair"}}, {"18.4": {"non_striker": "MM Sharma", "bowler": "DJ Bravo", "runs": {"extras": 0, "total": 6, "batsman": 6}, "batsman": "KK Nair"}}, {"18.5": {"non_striker": "MM Sharma", "bowler": "DJ Bravo", "runs": {"extras": 0, "total": 0, "batsman": 0}, "batsman": "KK Nair", "wicket": {"player_out": "KK Nair", "fielders": ["DL Chahar"], "kind": "caught"}}}, {"18.6": {"non_striker": "MM Sharma", "bowler": "DJ Bravo", "runs": {"extras": 0, "total": 1, "batsman": 1}, "batsman": "AS Rajpoot"}}, {"19.1": {"non_striker": "MM Sharma", "bowler": "SN Thakur", "runs": {"extras": 0, "total": 0, "batsman": 0}, "batsman": "AS Rajpoot"}}, {"19.2": {"non_striker": "MM Sharma", "bowler": "SN Thakur", "runs": {"extras": 0, "total": 1, "batsman": 1}, "batsman": "AS Rajpoot"}}, {"19.3": {"non_striker": "AS Rajpoot", "bowler": "SN Thakur", "runs": {"extras": 0, "total": 1, "batsman": 1}, "batsman": "MM Sharma"}}, {"19.4": {"non_striker": "MM Sharma", "bowler": "SN Thakur", "runs": {"extras": 0, "total": 0, "batsman": 0}, "batsman": "AS Rajpoot", "wicket": {"player_out": "AS Rajpoot", "fielders": ["F du Plessis"], "kind": "caught"}}}]