[{"0.1": {"non_striker": "SP Narine", "bowler": "DL Chahar", "runs": {"extras": 0, "total": 0, "batsman": 0}, "batsman": "CA Lynn"}}, {"0.2": {"non_striker": "SP Narine", "bowler": "DL Chahar", "runs": {"extras": 0, "total": 4, "batsman": 4}, "batsman": "CA Lynn"}}, {"0.3": {"non_striker": "SP Narine", "bowler": "DL Chahar", "runs": {"extras": 0, "total": 1, "batsman": 1}, "batsman": "CA Lynn"}}, {"0.4": {"non_striker": "CA Lynn", "bowler": "DL Chahar", "runs": {"extras": 1, "total": 1, "batsman": 0}, "extras": {"wides": 1}, "batsman": "SP Narine"}}, {"0.5": {"non_striker": "CA Lynn", "bowler": "DL Chahar", "runs": {"extras": 0, "total": 0, "batsman": 0}, "batsman": "SP Narine"}}, {"0.6": {"non_striker": "CA Lynn", "bowler": "DL Chahar", "runs": {"extras": 0, "total": 6, "batsman": 6}, "batsman": "SP Narine"}}, {"0.7": {"non_striker": "CA Lynn", "bowler": "DL Chahar", "runs": {"extras": 0, "total": 6, "batsman": 6}, "batsman": "SP Narine"}}, {"1.1": {"non_striker": "SP Narine", "bowler": "Harbhajan Singh", "runs": {"extras": 0, "total": 0, "batsman": 0}, "batsman": "CA Lynn"}}, {"1.2": {"non_striker": "SP Narine", "bowler": "Harbhajan Singh", "runs": {"extras": 0, "total": 1, "batsman": 1}, "batsman": "CA Lynn"}}, {"1.3": {"non_striker": "CA Lynn", "bowler": "Harbhajan Singh", "runs": {"extras": 0, "total": 0, "batsman": 0}, "batsman": "SP Narine", "wicket": {"player_out": "SP Narine", "fielders": ["SK Raina"], "kind": "caught"}}}, {"1.4": {"non_striker": "RV Uthappa", "bowler": "Harbhajan Singh", "runs": {"extras": 0, "total": 1, "batsman": 1}, "batsman": "CA Lynn"}}, {"1.5": {"non_striker": "CA Lynn", "bowler": "Harbhajan Singh", "runs": {"extras": 0, "total": 0, "batsman": 0}, "batsman": "RV Uthappa"}}, {"1.6": {"non_striker": "CA Lynn", "bowler": "Harbhajan Singh", "runs": {"extras": 0, "total": 0, "batsman": 0}, "batsman": "RV Uthappa"}}, {"2.1": {"non_striker": "RV Uthappa", "bowler": "SR Watson", "runs": {"extras": 0, "total": 4, "batsman": 4}, "batsman": "CA Lynn"}}, {"2.2": {"non_striker": "RV Uthappa", "bowler": "SR Watson", "runs": {"extras": 0, "total": 1, "batsman": 1}, "batsman": "CA Lynn"}}, {"2.3": {"non_striker": "CA Lynn", "bowler": "SR Watson", "runs": {"extras": 0, "total": 4, "batsman": 4}, "batsman": "RV Uthappa"}}, {"2.4": {"non_striker": "CA Lynn", "bowler": "SR Watson", "runs": {"extras": 0, "total": 0, "batsman": 0}, "batsman": "RV Uthappa"}}, {"2.5": {"non_striker": "CA Lynn", "bowler": "SR Watson", "runs": {"extras": 0, "total": 4, "batsman": 4}, "batsman": "RV Uthappa"}}, {"2.6": {"non_striker": "CA Lynn", "bowler": "SR Watson", "runs": {"extras": 0, "total": 0, "batsman": 0}, "batsman": "RV Uthappa"}}, {"3.1": {"non_striker": "RV Uthappa", "bowler": "RA Jadeja", "runs": {"extras": 0, "total": 1, "batsman": 1}, "batsman": "CA Lynn"}}, {"3.2": {"non_striker": "CA Lynn", "bowler": "RA Jadeja", "runs": {"extras": 0, "total": 0, "batsman": 0}, "batsman": "RV Uthappa"}}, {"3.3": {"non_striker": "CA Lynn", "bowler": "RA Jadeja", "runs": {"extras": 0, "total": 1, "batsman": 1}, "batsman": "RV Uthappa"}}, {"3.4": {"non_striker": "RV Uthappa", "bowler": "RA Jadeja", "runs": {"extras": 0, "total": 0, "batsman": 0}, "batsman": "CA Lynn"}}, {"3.5": {"non_striker": "RV Uthappa", "bowler": "RA Jadeja", "runs": {"extras": 0, "total": 0, "batsman": 0}, "batsman": "CA Lynn"}}, {"3.6": {"non_striker": "RV Uthappa", "bowler": "RA Jadeja", "runs": {"extras": 0, "total": 0, "batsman": 0}, "batsman": "CA Lynn"}}, {"4.1": {"non_striker": "CA Lynn", "bowler": "Imran Tahir", "runs": {"extras": 0, "total": 0, "batsman": 0}, "batsman": "RV Uthappa"}}, {"4.2": {"non_striker": "CA Lynn", "bowler": "Imran Tahir", "runs": {"extras": 0, "total": 0, "batsman": 0}, "batsman": "RV Uthappa"}}, {"4.3": {"non_striker": "CA Lynn", "bowler": "Imran Tahir", "runs": {"extras": 0, "total": 1, "batsman": 1}, "batsman": "RV Uthappa"}}, {"4.4": {"non_striker": "RV Uthappa", "bowler": "Imran Tahir", "runs": {"extras": 0, "total": 4, "batsman": 4}, "batsman": "CA Lynn"}}, {"4.5": {"non_striker": "RV Uthappa", "bowler": "Imran Tahir", "runs": {"extras": 0, "total": 1, "batsman": 1}, "batsman": "CA Lynn"}}, {"4.6": {"non_striker": "CA Lynn", "bowler": "Imran Tahir", "runs": {"extras": 0, "total": 6, "batsman": 6}, "batsman": "RV Uthappa"}}, {"5.1": {"non_striker": "RV Uthappa", "bowler": "RA Jadeja", "runs": {"extras": 0, "total": 4, "batsman": 4}, "batsman": "CA Lynn"}}, {"5.2": {"non_striker": "RV Uthappa", "bowler": "RA Jadeja", "runs": {"extras": 0, "total": 0, "batsman": 0}, "batsman": "CA Lynn", "wicket": {"player_out": "CA Lynn", "kind": "bowled"}}}, {"5.3": {"non_striker": "RV Uthappa", "bowler": "RA Jadeja", "runs": {"extras": 0, "total": 0, "batsman": 0}, "batsman": "N Rana"}}, {"5.4": {"non_striker": "RV Uthappa", "bowler": "RA Jadeja", "runs": {"extras": 0, "total": 1, "batsman": 1}, "batsman": "N Rana"}}, {"5.5": {"non_striker": "N Rana", "bowler": "RA Jadeja", "runs": {"extras": 0, "total": 6, "batsman": 6}, "batsman": "RV Uthappa"}}, {"5.6": {"non_striker": "N Rana", "bowler": "RA Jadeja", "runs": {"extras": 0, "total": 6, "batsman": 6}, "batsman": "RV Uthappa"}}, {"6.1": {"non_striker": "RV Uthappa", "bowler": "Harbhajan Singh", "runs": {"extras": 0, "total": 1, "batsman": 1}, "batsman": "N Rana"}}, {"6.2": {"non_striker": "N Rana", "bowler": "Harbhajan Singh", "runs": {"extras": 0, "total": 1, "batsman": 1}, "batsman": "RV Uthappa"}}, {"6.3": {"non_striker": "RV Uthappa", "bowler": "Harbhajan Singh", "runs": {"extras": 0, "total": 0, "batsman": 0}, "batsman": "N Rana"}}, {"6.4": {"non_striker": "RV Uthappa", "bowler": "Harbhajan Singh", "runs": {"extras": 0, "total": 2, "batsman": 2}, "batsman": "N Rana"}}, {"6.5": {"non_striker": "RV Uthappa", "bowler": "Harbhajan Singh", "runs": {"extras": 0, "total": 4, "batsman": 4}, "batsman": "N Rana"}}, {"6.6": {"non_striker": "RV Uthappa", "bowler": "Harbhajan Singh", "runs": {"extras": 0, "total": 1, "batsman": 1}, "batsman": "N Rana"}}, {"7.1": {"non_striker": "RV Uthappa", "bowler": "SN Thakur", "runs": {"extras": 0, "total": 0, "batsman": 0}, "batsman": "N Rana"}}, {"7.2": {"non_striker": "RV Uthappa", "bowler": "SN Thakur", "runs": {"extras": 0, "total": 0, "batsman": 0}, "batsman": "N Rana"}}, {"7.3": {"non_striker": "RV Uthappa", "bowler": "SN Thakur", "runs": {"extras": 0, "total": 0, "batsman": 0}, "batsman": "N Rana"}}, {"7.4": {"non_striker": "RV Uthappa", "bowler": "SN Thakur", "runs": {"extras": 0, "total": 4, "batsman": 4}, "batsman": "N Rana"}}, {"7.5": {"non_striker": "RV Uthappa", "bowler": "SN Thakur", "runs": {"extras": 0, "total": 2, "batsman": 2}, "batsman": "N Rana"}}, {"7.6": {"non_striker": "RV Uthappa", "bowler": "SN Thakur", "runs": {"extras": 0, "total": 1, "batsman": 1}, "batsman": "N Rana"}}, {"8.1": {"non_striker": "RV Uthappa", "bowler": "SR Watson", "runs": {"extras": 0, "total": 0, "batsman": 0}, "batsman": "N Rana", "wicket": {"player_out": "N Rana", "fielders": ["MS Dhoni"], "kind": "caught"}}}, {"8.2": {"non_striker": "KD Karthik", "bowler": "SR Watson", "runs": {"extras": 1, "total": 1, "batsman": 0}, "extras": {"wides": 1}, "batsman": "RV Uthappa"}}, {"8.3": {"non_striker": "KD Karthik", "bowler": "SR Watson", "runs": {"extras": 0, "total": 0, "batsman": 0}, "batsman": "RV Uthappa", "wicket": {"player_out": "RV Uthappa", "kind": "run out"}}}, {"8.4": {"non_striker": "RK Singh", "bowler": "SR Watson", "runs": {"extras": 0, "total": 0, "batsman": 0}, "batsman": "KD Karthik"}}, {"8.5": {"non_striker": "RK Singh", "bowler": "SR Watson", "runs": {"extras": 0, "total": 4, "batsman": 4}, "batsman": "KD Karthik"}}, {"8.6": {"non_striker": "RK Singh", "bowler": "SR Watson", "runs": {"extras": 0, "total": 1, "batsman": 1}, "batsman": "KD Karthik"}}, {"8.7": {"non_striker": "KD Karthik", "bowler": "SR Watson", "runs": {"extras": 0, "total": 1, "batsman": 1}, "batsman": "RK Singh"}}, {"9.1": {"non_striker": "KD Karthik", "bowler": "SN Thakur", "runs": {"extras": 0, "total": 1, "batsman": 1}, "batsman": "RK Singh"}}, {"9.2": {"non_striker": "RK Singh", "bowler": "SN Thakur", "runs": {"extras": 0, "total": 0, "batsman": 0}, "batsman": "KD Karthik"}}, {"9.3": {"non_striker": "RK Singh", "bowler": "SN Thakur", "runs": {"extras": 0, "total": 0, "batsman": 0}, "batsman": "KD Karthik"}}, {"9.4": {"non_striker": "RK Singh", "bowler": "SN Thakur", "runs": {"extras": 0, "total": 1, "batsman": 1}, "batsman": "KD Karthik"}}, {"9.5": {"non_striker": "KD Karthik", "bowler": "SN Thakur", "runs": {"extras": 0, "total": 0, "batsman": 0}, "batsman": "RK Singh"}}, {"9.6": {"non_striker": "KD Karthik", "bowler": "SN Thakur", "runs": {"extras": 0, "total": 0, "batsman": 0}, "batsman": "RK Singh", "wicket": {"player_out": "RK Singh", "fielders": ["DJ Bravo"], "kind": "caught"}}}, {"10.1": {"non_striker": "AD Russell", "bowler": "Imran Tahir", "runs": {"extras": 0, "total": 4, "batsman": 4}, "batsman": "KD Karthik"}}, {"10.2": {"non_striker": "AD Russell", "bowler": "Imran Tahir", "runs": {"extras": 0, "total": 0, "batsman": 0}, "batsman": "KD Karthik"}}, {"10.3": {"non_striker": "AD Russell", "bowler": "Imran Tahir", "runs": {"extras": 0, "total": 0, "batsman": 0}, "batsman": "KD Karthik"}}, {"10.4": {"non_striker": "AD Russell", "bowler": "Imran Tahir", "runs": {"extras": 0, "total": 0, "batsman": 0}, "batsman": "KD Karthik"}}, {"10.5": {"non_striker": "AD Russell", "bowler": "Imran Tahir", "runs": {"extras": 0, "total": 2, "batsman": 2}, "batsman": "KD Karthik"}}, {"10.6": {"non_striker": "AD Russell", "bowler": "Imran Tahir", "runs": {"extras": 0, "total": 0, "batsman": 0}, "batsman": "KD Karthik"}}, {"11.1": {"non_striker": "KD Karthik", "bowler": "SR Watson", "runs": {"extras": 0, "total": 1, "batsman": 1}, "batsman": "AD Russell"}}, {"11.2": {"non_striker": "AD Russell", "bowler": "SR Watson", "runs": {"extras": 0, "total": 1, "batsman": 1}, "batsman": "KD Karthik"}}, {"11.3": {"non_striker": "KD Karthik", "bowler": "SR Watson", "runs": {"extras": 0, "total": 4, "batsman": 4}, "batsman": "AD Russell"}}, {"11.4": {"non_striker": "KD Karthik", "bowler": "SR Watson", "runs": {"extras": 0, "total": 1, "batsman": 1}, "batsman": "AD Russell"}}, {"11.5": {"non_striker": "AD Russell", "bowler": "SR Watson", "runs": {"extras": 0, "total": 1, "batsman": 1}, "batsman": "KD Karthik"}}, {"11.6": {"non_striker": "KD Karthik", "bowler": "SR Watson", "runs": {"extras": 0, "total": 1, "batsman": 1}, "batsman": "AD Russell"}}, {"12.1": {"non_striker": "KD Karthik", "bowler": "Imran Tahir", "runs": {"extras": 0, "total": 0, "batsman": 0}, "batsman": "AD Russell"}}, {"12.2": {"non_striker": "KD Karthik", "bowler": "Imran Tahir", "runs": {"extras": 0, "total": 0, "batsman": 0}, "batsman": "AD Russell"}}, {"12.3": {"non_striker": "KD Karthik", "bowler": "Imran Tahir", "runs": {"extras": 0, "total": 2, "batsman": 2}, "batsman": "AD Russell"}}, {"12.4": {"non_striker": "KD Karthik", "bowler": "Imran Tahir", "runs": {"extras": 1, "total": 1, "batsman": 0}, "extras": {"legbyes": 1}, "batsman": "AD Russell"}}, {"12.5": {"non_striker": "AD Russell", "bowler": "Imran Tahir", "runs": {"extras": 0, "total": 1, "batsman": 1}, "batsman": "KD Karthik"}}, {"12.6": {"non_striker": "KD Karthik", "bowler": "Imran Tahir", "runs": {"extras": 0, "total": 0, "batsman": 0}, "batsman": "AD Russell"}}, {"13.1": {"non_striker": "AD Russell", "bowler": "DJ Bravo", "runs": {"extras": 0, "total": 1, "batsman": 1}, "batsman": "KD Karthik"}}, {"13.2": {"non_striker": "KD Karthik", "bowler": "DJ Bravo", "runs": {"extras": 0, "total": 0, "batsman": 0}, "batsman": "AD Russell"}}, {"13.3": {"non_striker": "KD Karthik", "bowler": "DJ Bravo", "runs": {"extras": 0, "total": 1, "batsman": 1}, "batsman": "AD Russell"}}, {"13.4": {"non_striker": "AD Russell", "bowler": "DJ Bravo", "runs": {"extras": 0, "total": 1, "batsman": 1}, "batsman": "KD Karthik"}}, {"13.5": {"non_striker": "KD Karthik", "bowler": "DJ Bravo", "runs": {"extras": 0, "total": 6, "batsman": 6}, "batsman": "AD Russell"}}, {"13.6": {"non_striker": "KD Karthik", "bowler": "DJ Bravo", "runs": {"extras": 0, "total": 1, "batsman": 1}, "batsman": "AD Russell"}}, {"14.1": {"non_striker": "KD Karthik", "bowler": "Imran Tahir", "runs": {"extras": 0, "total": 1, "batsman": 1}, "batsman": "AD Russell"}}, {"14.2": {"non_striker": "AD Russell", "bowler": "Imran Tahir", "runs": {"extras": 0, "total": 1, "batsman": 1}, "batsman": "KD Karthik"}}, {"14.3": {"non_striker": "KD Karthik", "bowler": "Imran Tahir", "runs": {"extras": 0, "total": 1, "batsman": 1}, "batsman": "AD Russell"}}, {"14.4": {"non_striker": "AD Russell", "bowler": "Imran Tahir", "runs": {"extras": 0, "total": 0, "batsman": 0}, "batsman": "KD Karthik"}}, {"14.5": {"non_striker": "AD Russell", "bowler": "Imran Tahir", "runs": {"extras": 0, "total": 1, "batsman": 1}, "batsman": "KD Karthik"}}, {"14.6": {"non_striker": "KD Karthik", "bowler": "Imran Tahir", "runs": {"extras": 0, "total": 1, "batsman": 1}, "batsman": "AD Russell"}}, {"15.1": {"non_striker": "KD Karthik", "bowler": "SN Thakur", "runs": {"extras": 0, "total": 1, "batsman": 1}, "batsman": "AD Russell"}}, {"15.2": {"non_striker": "AD Russell", "bowler": "SN Thakur", "runs": {"extras": 0, "total": 1, "batsman": 1}, "batsman": "KD Karthik"}}, {"15.3": {"non_striker": "KD Karthik", "bowler": "SN Thakur", "runs": {"extras": 0, "total": 6, "batsman": 6}, "batsman": "AD Russell"}}, {"15.4": {"non_striker": "KD Karthik", "bowler": "SN Thakur", "runs": {"extras": 0, "total": 6, "batsman": 6}, "batsman": "AD Russell"}}, {"15.5": {"non_striker": "KD Karthik", "bowler": "SN Thakur", "runs": {"extras": 0, "total": 1, "batsman": 1}, "batsman": "AD Russell"}}, {"15.6": {"non_striker": "AD Russell", "bowler": "SN Thakur", "runs": {"extras": 0, "total": 0, "batsman": 0}, "batsman": "KD Karthik"}}, {"16.1": {"non_striker": "KD Karthik", "bowler": "DJ Bravo", "runs": {"extras": 0, "total": 0, "batsman": 0}, "batsman": "AD Russell"}}, {"16.2": {"non_striker": "KD Karthik", "bowler": "DJ Bravo", "runs": {"extras": 0, "total": 6, "batsman": 6}, "batsman": "AD Russell"}}, {"16.3": {"non_striker": "KD Karthik", "bowler": "DJ Bravo", "runs": {"extras": 0, "total": 0, "batsman": 0}, "batsman": "AD Russell"}}, {"16.4": {"non_striker": "KD Karthik", "bowler": "DJ Bravo", "runs": {"extras": 0, "total": 6, "batsman": 6}, "batsman": "AD Russell"}}, {"16.5": {"non_striker": "KD Karthik", "bowler": "DJ Bravo", "runs": {"extras": 0, "total": 1, "batsman": 1}, "batsman": "AD Russell"}}, {"16.6": {"non_striker": "AD Russell", "bowler": "DJ Bravo", "runs": {"extras": 0, "total": 6, "batsman": 6}, "batsman": "KD Karthik"}}, {"17.1": {"non_striker": "KD Karthik", "bowler": "SR Watson", "runs": {"extras": 0, "total": 6, "batsman": 6}, "batsman": "AD Russell"}}, {"17.2": {"non_striker": "KD Karthik", "bowler": "SR Watson", "runs": {"extras": 0, "total": 1, "batsman": 1}, "batsman": "AD Russell"}}, {"17.3": {"non_striker": "AD Russell", "bowler": "SR Watson", "runs": {"extras": 0, "total": 0, "batsman": 0}, "batsman": "KD Karthik"}}, {"17.4": {"non_striker": "AD Russell", "bowler": "SR Watson", "runs": {"extras": 1, "total": 1, "batsman": 0}, "extras": {"wides": 1}, "batsman": "KD Karthik"}}, {"17.5": {"non_striker": "AD Russell", "bowler": "SR Watson", "runs": {"extras": 0, "total": 0, "batsman": 0}, "batsman": "KD Karthik", "wicket": {"player_out": "KD Karthik", "kind": "lbw"}}}, {"17.6": {"non_striker": "AD Russell", "bowler": "SR Watson", "runs": {"extras": 0, "total": 1, "batsman": 1}, "batsman": "TK Curran"}}, {"17.7": {"non_striker": "TK Curran", "bowler": "SR Watson", "runs": {"extras": 0, "total": 1, "batsman": 1}, "batsman": "AD Russell"}}, {"18.1": {"non_striker": "TK Curran", "bowler": "DJ Bravo", "runs": {"extras": 0, "total": 6, "batsman": 6}, "batsman": "AD Russell"}}, {"18.2": {"non_striker": "TK Curran", "bowler": "DJ Bravo", "runs": {"extras": 0, "total": 6, "batsman": 6}, "batsman": "AD Russell"}}, {"18.3": {"non_striker": "TK Curran", "bowler": "DJ Bravo", "runs": {"extras": 0, "total": 6, "batsman": 6}, "batsman": "AD Russell"}}, {"18.4": {"non_striker": "TK Curran", "bowler": "DJ Bravo", "runs": {"extras": 0, "total": 1, "batsman": 1}, "batsman": "AD Russell"}}, {"18.5": {"non_striker": "AD Russell", "bowler": "DJ Bravo", "runs": {"extras": 0, "total": 1, "batsman": 1}, "batsman": "TK Curran"}}, {"18.6": {"non_striker": "TK Curran", "bowler": "DJ Bravo", "runs": {"extras": 0, "total": 1, "batsman": 1}, "batsman": "AD Russell"}}, {"19.1": {"non_striker": "TK Curran", "bowler": "SN Thakur", "runs": {"extras": 0, "total": 6, "batsman": 6}, "batsman": "AD Russell"}}, {"19.2": {"non_striker": "TK Curran", "bowler": "SN Thakur", "runs": {"extras": 0, "total": 1, "batsman": 1}, "batsman": "AD Russell"}}, {"19.3": {"non_striker": "AD Russell", "bowler": "SN Thakur", "runs": {"extras": 0, "total": 0, "batsman": 0}, "batsman": "TK Curran"}}, {"19.4": {"non_striker": "AD Russell", "bowler": "SN Thakur", "runs": {"extras": 0, "total": 0, "batsman": 0}, "batsman": "TK Curran"}}, {"19.5": {"non_striker": "AD Russell", "bowler": "SN Thakur", "runs": {"extras": 1, "total": 1, "batsman": 0}, "extras": {"byes": 1}, "batsman": "TK Curran"}}, {"19.6": {"non_striker": "TK Curran", "bowler": "SN Thakur", "runs": {"extras": 0, "total": 6, "batsman": 6}, "batsman": "AD Russell"}}]