[{"0.1": {"non_striker": "JJ Roy", "bowler": "B Kumar", "runs": {"extras": 0, "total": 0, "batsman": 0}, "batsman": "PP Shaw"}}, {"0.2": {"non_striker": "JJ Roy", "bowler": "B Kumar", "runs": {"extras": 0, "total": 0, "batsman": 0}, "batsman": "PP Shaw"}}, {"0.3": {"non_striker": "JJ Roy", "bowler": "B Kumar", "runs": {"extras": 0, "total": 2, "batsman": 2}, "batsman": "PP Shaw"}}, {"0.4": {"non_striker": "JJ Roy", "bowler": "B Kumar", "runs": {"extras": 0, "total": 0, "batsman": 0}, "batsman": "PP Shaw"}}, {"0.5": {"non_striker": "JJ Roy", "bowler": "B Kumar", "runs": {"extras": 0, "total": 1, "batsman": 1}, "batsman": "PP Shaw"}}, {"0.6": {"non_striker": "PP Shaw", "bowler": "B Kumar", "runs": {"extras": 0, "total": 0, "batsman": 0}, "batsman": "JJ Roy"}}, {"1.1": {"non_striker": "JJ Roy", "bowler": "Sandeep Sharma", "runs": {"extras": 0, "total": 1, "batsman": 1}, "batsman": "PP Shaw"}}, {"1.2": {"non_striker": "PP Shaw", "bowler": "Sandeep Sharma", "runs": {"extras": 0, "total": 4, "batsman": 4}, "batsman": "JJ Roy"}}, {"1.3": {"non_striker": "PP Shaw", "bowler": "Sandeep Sharma", "runs": {"extras": 0, "total": 0, "batsman": 0}, "batsman": "JJ Roy"}}, {"1.4": {"non_striker": "PP Shaw", "bowler": "Sandeep Sharma", "runs": {"extras": 0, "total": 1, "batsman": 1}, "batsman": "JJ Roy"}}, {"1.5": {"non_striker": "JJ Roy", "bowler": "Sandeep Sharma", "runs": {"extras": 0, "total": 1, "batsman": 1}, "batsman": "PP Shaw"}}, {"1.6": {"non_striker": "PP Shaw", "bowler": "Sandeep Sharma", "runs": {"extras": 0, "total": 1, "batsman": 1}, "batsman": "JJ Roy"}}, {"2.1": {"non_striker": "PP Shaw", "bowler": "B Kumar", "runs": {"extras": 0, "total": 0, "batsman": 0}, "batsman": "JJ Roy"}}, {"2.2": {"non_striker": "PP Shaw", "bowler": "B Kumar", "runs": {"extras": 0, "total": 0, "batsman": 0}, "batsman": "JJ Roy"}}, {"2.3": {"non_striker": "PP Shaw", "bowler": "B Kumar", "runs": {"extras": 0, "total": 4, "batsman": 4}, "batsman": "JJ Roy"}}, {"2.4": {"non_striker": "PP Shaw", "bowler": "B Kumar", "runs": {"extras": 0, "total": 0, "batsman": 0}, "batsman": "JJ Roy"}}, {"2.5": {"non_striker": "PP Shaw", "bowler": "B Kumar", "runs": {"extras": 1, "total": 1, "batsman": 0}, "extras": {"legbyes": 1}, "batsman": "JJ Roy"}}, {"2.6": {"non_striker": "JJ Roy", "bowler": "B Kumar", "runs": {"extras": 0, "total": 0, "batsman": 0}, "batsman": "PP Shaw"}}, {"3.1": {"non_striker": "PP Shaw", "bowler": "Shakib Al Hasan", "runs": {"extras": 0, "total": 0, "batsman": 0}, "batsman": "JJ Roy"}}, {"3.2": {"non_striker": "PP Shaw", "bowler": "Shakib Al Hasan", "runs": {"extras": 0, "total": 1, "batsman": 1}, "batsman": "JJ Roy"}}, {"3.3": {"non_striker": "JJ Roy", "bowler": "Shakib Al Hasan", "runs": {"extras": 0, "total": 4, "batsman": 4}, "batsman": "PP Shaw"}}, {"3.4": {"non_striker": "JJ Roy", "bowler": "Shakib Al Hasan", "runs": {"extras": 0, "total": 0, "batsman": 0}, "batsman": "PP Shaw"}}, {"3.5": {"non_striker": "JJ Roy", "bowler": "Shakib Al Hasan", "runs": {"extras": 0, "total": 0, "batsman": 0}, "batsman": "PP Shaw", "wicket": {"player_out": "PP Shaw", "fielders": ["S Dhawan"], "kind": "caught"}}}, {"3.6": {"non_striker": "SS Iyer", "bowler": "Shakib Al Hasan", "runs": {"extras": 0, "total": 0, "batsman": 0}, "batsman": "JJ Roy", "wicket": {"player_out": "JJ Roy", "fielders": ["SP Goswami"], "kind": "caught"}}}, {"4.1": {"non_striker": "RR Pant", "bowler": "Sandeep Sharma", "runs": {"extras": 0, "total": 0, "batsman": 0}, "batsman": "SS Iyer"}}, {"4.2": {"non_striker": "RR Pant", "bowler": "Sandeep Sharma", "runs": {"extras": 0, "total": 0, "batsman": 0}, "batsman": "SS Iyer"}}, {"4.3": {"non_striker": "RR Pant", "bowler": "Sandeep Sharma", "runs": {"extras": 0, "total": 0, "batsman": 0}, "batsman": "SS Iyer"}}, {"4.4": {"non_striker": "RR Pant", "bowler": "Sandeep Sharma", "runs": {"extras": 0, "total": 1, "batsman": 1}, "batsman": "SS Iyer"}}, {"4.5": {"non_striker": "SS Iyer", "bowler": "Sandeep Sharma", "runs": {"extras": 0, "total": 1, "batsman": 1}, "batsman": "RR Pant"}}, {"4.6": {"non_striker": "RR Pant", "bowler": "Sandeep Sharma", "runs": {"extras": 0, "total": 0, "batsman": 0}, "batsman": "SS Iyer"}}, {"5.1": {"non_striker": "SS Iyer", "bowler": "S Kaul", "runs": {"extras": 0, "total": 4, "batsman": 4}, "batsman": "RR Pant"}}, {"5.2": {"non_striker": "SS Iyer", "bowler": "S Kaul", "runs": {"extras": 0, "total": 4, "batsman": 4}, "batsman": "RR Pant"}}, {"5.3": {"non_striker": "SS Iyer", "bowler": "S Kaul", "runs": {"extras": 0, "total": 4, "batsman": 4}, "batsman": "RR Pant"}}, {"5.4": {"non_striker": "SS Iyer", "bowler": "S Kaul", "runs": {"extras": 0, "total": 0, "batsman": 0}, "batsman": "RR Pant"}}, {"5.5": {"non_striker": "SS Iyer", "bowler": "S Kaul", "runs": {"extras": 0, "total": 2, "batsman": 2}, "batsman": "RR Pant"}}, {"5.6": {"non_striker": "SS Iyer", "bowler": "S Kaul", "runs": {"extras": 0, "total": 1, "batsman": 1}, "batsman": "RR Pant"}}, {"6.1": {"non_striker": "SS Iyer", "bowler": "Shakib Al Hasan", "runs": {"extras": 0, "total": 1, "batsman": 1}, "batsman": "RR Pant"}}, {"6.2": {"non_striker": "RR Pant", "bowler": "Shakib Al Hasan", "runs": {"extras": 0, "total": 1, "batsman": 1}, "batsman": "SS Iyer"}}, {"6.3": {"non_striker": "SS Iyer", "bowler": "Shakib Al Hasan", "runs": {"extras": 0, "total": 1, "batsman": 1}, "batsman": "RR Pant"}}, {"6.4": {"non_striker": "RR Pant", "bowler": "Shakib Al Hasan", "runs": {"extras": 0, "total": 0, "batsman": 0}, "batsman": "SS Iyer"}}, {"6.5": {"non_striker": "RR Pant", "bowler": "Shakib Al Hasan", "runs": {"extras": 0, "total": 1, "batsman": 1}, "batsman": "SS Iyer"}}, {"6.6": {"non_striker": "SS Iyer", "bowler": "Shakib Al Hasan", "runs": {"extras": 0, "total": 1, "batsman": 1}, "batsman": "RR Pant"}}, {"7.1": {"non_striker": "SS Iyer", "bowler": "Sandeep Sharma", "runs": {"extras": 0, "total": 0, "batsman": 0}, "batsman": "RR Pant"}}, {"7.2": {"non_striker": "SS Iyer", "bowler": "Sandeep Sharma", "runs": {"extras": 0, "total": 0, "batsman": 0}, "batsman": "RR Pant"}}, {"7.3": {"non_striker": "SS Iyer", "bowler": "Sandeep Sharma", "runs": {"extras": 0, "total": 0, "batsman": 0}, "batsman": "RR Pant"}}, {"7.4": {"non_striker": "SS Iyer", "bowler": "Sandeep Sharma", "runs": {"extras": 0, "total": 0, "batsman": 0}, "batsman": "RR Pant", "wicket": {"player_out": "SS Iyer", "kind": "run out"}}}, {"7.5": {"non_striker": "HV Patel", "bowler": "Sandeep Sharma", "runs": {"extras": 0, "total": 0, "batsman": 0}, "batsman": "RR Pant"}}, {"7.6": {"non_striker": "HV Patel", "bowler": "Sandeep Sharma", "runs": {"extras": 0, "total": 1, "batsman": 1}, "batsman": "RR Pant"}}, {"8.1": {"non_striker": "HV Patel", "bowler": "Shakib Al Hasan", "runs": {"extras": 0, "total": 1, "batsman": 1}, "batsman": "RR Pant"}}, {"8.2": {"non_striker": "RR Pant", "bowler": "Shakib Al Hasan", "runs": {"extras": 0, "total": 1, "batsman": 1}, "batsman": "HV Patel"}}, {"8.3": {"non_striker": "HV Patel", "bowler": "Shakib Al Hasan", "runs": {"extras": 0, "total": 0, "batsman": 0}, "batsman": "RR Pant"}}, {"8.4": {"non_striker": "HV Patel", "bowler": "Shakib Al Hasan", "runs": {"extras": 0, "total": 1, "batsman": 1}, "batsman": "RR Pant"}}, {"8.5": {"non_striker": "RR Pant", "bowler": "Shakib Al Hasan", "runs": {"extras": 0, "total": 1, "batsman": 1}, "batsman": "HV Patel"}}, {"8.6": {"non_striker": "HV Patel", "bowler": "Shakib Al Hasan", "runs": {"extras": 0, "total": 0, "batsman": 0}, "batsman": "RR Pant"}}, {"9.1": {"non_striker": "RR Pant", "bowler": "Rashid Khan", "runs": {"extras": 0, "total": 1, "batsman": 1}, "batsman": "HV Patel"}}, {"9.2": {"non_striker": "HV Patel", "bowler": "Rashid Khan", "runs": {"extras": 0, "total": 0, "batsman": 0}, "batsman": "RR Pant"}}, {"9.3": {"non_striker": "HV Patel", "bowler": "Rashid Khan", "runs": {"extras": 0, "total": 1, "batsman": 1}, "batsman": "RR Pant"}}, {"9.4": {"non_striker": "RR Pant", "bowler": "Rashid Khan", "runs": {"extras": 0, "total": 1, "batsman": 1}, "batsman": "HV Patel"}}, {"9.5": {"non_striker": "HV Patel", "bowler": "Rashid Khan", "runs": {"extras": 0, "total": 1, "batsman": 1}, "batsman": "RR Pant"}}, {"9.6": {"non_striker": "RR Pant", "bowler": "Rashid Khan", "runs": {"extras": 0, "total": 0, "batsman": 0}, "batsman": "HV Patel"}}, {"10.1": {"non_striker": "HV Patel", "bowler": "S Kaul", "runs": {"extras": 0, "total": 1, "batsman": 1}, "batsman": "RR Pant"}}, {"10.2": {"non_striker": "RR Pant", "bowler": "S Kaul", "runs": {"extras": 0, "total": 6, "batsman": 6}, "batsman": "HV Patel"}}, {"10.3": {"non_striker": "RR Pant", "bowler": "S Kaul", "runs": {"extras": 0, "total": 1, "batsman": 1}, "batsman": "HV Patel"}}, {"10.4": {"non_striker": "HV Patel", "bowler": "S Kaul", "runs": {"extras": 0, "total": 4, "batsman": 4}, "batsman": "RR Pant"}}, {"10.5": {"non_striker": "HV Patel", "bowler": "S Kaul", "runs": {"extras": 0, "total": 1, "batsman": 1}, "batsman": "RR Pant"}}, {"10.6": {"non_striker": "RR Pant", "bowler": "S Kaul", "runs": {"extras": 0, "total": 1, "batsman": 1}, "batsman": "HV Patel"}}, {"11.1": {"non_striker": "RR Pant", "bowler": "Rashid Khan", "runs": {"extras": 0, "total": 1, "batsman": 1}, "batsman": "HV Patel"}}, {"11.2": {"non_striker": "HV Patel", "bowler": "Rashid Khan", "runs": {"extras": 0, "total": 4, "batsman": 4}, "batsman": "RR Pant"}}, {"11.3": {"non_striker": "HV Patel", "bowler": "Rashid Khan", "runs": {"extras": 0, "total": 4, "batsman": 4}, "batsman": "RR Pant"}}, {"11.4": {"non_striker": "HV Patel", "bowler": "Rashid Khan", "runs": {"extras": 0, "total": 1, "batsman": 1}, "batsman": "RR Pant"}}, {"11.5": {"non_striker": "RR Pant", "bowler": "Rashid Khan", "runs": {"extras": 0, "total": 1, "batsman": 1}, "batsman": "HV Patel"}}, {"11.6": {"non_striker": "HV Patel", "bowler": "Rashid Khan", "runs": {"extras": 0, "total": 4, "batsman": 4}, "batsman": "RR Pant"}}, {"12.1": {"non_striker": "RR Pant", "bowler": "Sandeep Sharma", "runs": {"extras": 0, "total": 0, "batsman": 0}, "batsman": "HV Patel"}}, {"12.2": {"non_striker": "RR Pant", "bowler": "Sandeep Sharma", "runs": {"extras": 0, "total": 6, "batsman": 6}, "batsman": "HV Patel"}}, {"12.3": {"non_striker": "RR Pant", "bowler": "Sandeep Sharma", "runs": {"extras": 0, "total": 1, "batsman": 1}, "batsman": "HV Patel"}}, {"12.4": {"non_striker": "HV Patel", "bowler": "Sandeep Sharma", "runs": {"extras": 0, "total": 4, "batsman": 4}, "batsman": "RR Pant"}}, {"12.5": {"non_striker": "HV Patel", "bowler": "Sandeep Sharma", "runs": {"extras": 0, "total": 1, "batsman": 1}, "batsman": "RR Pant"}}, {"12.6": {"non_striker": "RR Pant", "bowler": "Sandeep Sharma", "runs": {"extras": 0, "total": 1, "batsman": 1}, "batsman": "HV Patel"}}, {"13.1": {"non_striker": "RR Pant", "bowler": "Rashid Khan", "runs": {"extras": 0, "total": 1, "batsman": 1}, "batsman": "HV Patel"}}, {"13.2": {"non_striker": "HV Patel", "bowler": "Rashid Khan", "runs": {"extras": 1, "total": 1, "batsman": 0}, "extras": {"legbyes": 1}, "batsman": "RR Pant"}}, {"13.3": {"non_striker": "RR Pant", "bowler": "Rashid Khan", "runs": {"extras": 0, "total": 0, "batsman": 0}, "batsman": "HV Patel"}}, {"13.4": {"non_striker": "RR Pant", "bowler": "Rashid Khan", "runs": {"extras": 0, "total": 1, "batsman": 1}, "batsman": "HV Patel"}}, {"13.5": {"non_striker": "HV Patel", "bowler": "Rashid Khan", "runs": {"extras": 0, "total": 0, "batsman": 0}, "batsman": "RR Pant"}}, {"13.6": {"non_striker": "HV Patel", "bowler": "Rashid Khan", "runs": {"extras": 0, "total": 1, "batsman": 1}, "batsman": "RR Pant", "wicket": {"player_out": "HV Patel", "kind": "run out"}}}, {"14.1": {"non_striker": "GJ Maxwell", "bowler": "Shakib Al Hasan", "runs": {"extras": 0, "total": 6, "batsman": 6}, "batsman": "RR Pant"}}, {"14.2": {"non_striker": "GJ Maxwell", "bowler": "Shakib Al Hasan", "runs": {"extras": 0, "total": 1, "batsman": 1}, "batsman": "RR Pant"}}, {"14.3": {"non_striker": "RR Pant", "bowler": "Shakib Al Hasan", "runs": {"extras": 0, "total": 1, "batsman": 1}, "batsman": "GJ Maxwell"}}, {"14.4": {"non_striker": "GJ Maxwell", "bowler": "Shakib Al Hasan", "runs": {"extras": 0, "total": 4, "batsman": 4}, "batsman": "RR Pant"}}, {"14.5": {"non_striker": "GJ Maxwell", "bowler": "Shakib Al Hasan", "runs": {"extras": 0, "total": 0, "batsman": 0}, "batsman": "RR Pant"}}, {"14.6": {"non_striker": "GJ Maxwell", "bowler": "Shakib Al Hasan", "runs": {"extras": 0, "total": 1, "batsman": 1}, "batsman": "RR Pant"}}, {"15.1": {"non_striker": "GJ Maxwell", "bowler": "S Kaul", "runs": {"extras": 0, "total": 6, "batsman": 6}, "batsman": "RR Pant"}}, {"15.2": {"non_striker": "GJ Maxwell", "bowler": "S Kaul", "runs": {"extras": 0, "total": 1, "batsman": 1}, "batsman": "RR Pant"}}, {"15.3": {"non_striker": "RR Pant", "bowler": "S Kaul", "runs": {"extras": 0, "total": 1, "batsman": 1}, "batsman": "GJ Maxwell"}}, {"15.4": {"non_striker": "GJ Maxwell", "bowler": "S Kaul", "runs": {"extras": 0, "total": 0, "batsman": 0}, "batsman": "RR Pant"}}, {"15.5": {"non_striker": "GJ Maxwell", "bowler": "S Kaul", "runs": {"extras": 0, "total": 0, "batsman": 0}, "batsman": "RR Pant"}}, {"15.6": {"non_striker": "GJ Maxwell", "bowler": "S Kaul", "runs": {"extras": 0, "total": 1, "batsman": 1}, "batsman": "RR Pant"}}, {"16.1": {"non_striker": "GJ Maxwell", "bowler": "Rashid Khan", "runs": {"extras": 0, "total": 4, "batsman": 4}, "batsman": "RR Pant"}}, {"16.2": {"non_striker": "GJ Maxwell", "bowler": "Rashid Khan", "runs": {"extras": 0, "total": 6, "batsman": 6}, "batsman": "RR Pant"}}, {"16.3": {"non_striker": "GJ Maxwell", "bowler": "Rashid Khan", "runs": {"extras": 0, "total": 1, "batsman": 1}, "batsman": "RR Pant"}}, {"16.4": {"non_striker": "RR Pant", "bowler": "Rashid Khan", "runs": {"extras": 0, "total": 2, "batsman": 2}, "batsman": "GJ Maxwell"}}, {"16.5": {"non_striker": "RR Pant", "bowler": "Rashid Khan", "runs": {"extras": 0, "total": 0, "batsman": 0}, "batsman": "GJ Maxwell"}}, {"16.6": {"non_striker": "RR Pant", "bowler": "Rashid Khan", "runs": {"extras": 0, "total": 0, "batsman": 0}, "batsman": "GJ Maxwell"}}, {"17.1": {"non_striker": "GJ Maxwell", "bowler": "B Kumar", "runs": {"extras": 0, "total": 6, "batsman": 6}, "batsman": "RR Pant"}}, {"17.2": {"non_striker": "GJ Maxwell", "bowler": "B Kumar", "runs": {"extras": 1, "total": 1, "batsman": 0}, "extras": {"wides": 1}, "batsman": "RR Pant"}}, {"17.3": {"non_striker": "GJ Maxwell", "bowler": "B Kumar", "runs": {"extras": 0, "total": 4, "batsman": 4}, "batsman": "RR Pant"}}, {"17.4": {"non_striker": "GJ Maxwell", "bowler": "B Kumar", "runs": {"extras": 0, "total": 2, "batsman": 2}, "batsman": "RR Pant"}}, {"17.5": {"non_striker": "GJ Maxwell", "bowler": "B Kumar", "runs": {"extras": 0, "total": 0, "batsman": 0}, "batsman": "RR Pant"}}, {"17.6": {"non_striker": "GJ Maxwell", "bowler": "B Kumar", "runs": {"extras": 0, "total": 4, "batsman": 4}, "batsman": "RR Pant"}}, {"17.7": {"non_striker": "GJ Maxwell", "bowler": "B Kumar", "runs": {"extras": 0, "total": 1, "batsman": 1}, "batsman": "RR Pant"}}, {"18.1": {"non_striker": "GJ Maxwell", "bowler": "S Kaul", "runs": {"extras": 0, "total": 0, "batsman": 0}, "batsman": "RR Pant"}}, {"18.2": {"non_striker": "GJ Maxwell", "bowler": "S Kaul", "runs": {"extras": 0, "total": 4, "batsman": 4}, "batsman": "RR Pant"}}, {"18.3": {"non_striker": "GJ Maxwell", "bowler": "S Kaul", "runs": {"extras": 0, "total": 0, "batsman": 0}, "batsman": "RR Pant"}}, {"18.4": {"non_striker": "GJ Maxwell", "bowler": "S Kaul", "runs": {"extras": 0, "total": 1, "batsman": 1}, "batsman": "RR Pant"}}, {"18.5": {"non_striker": "RR Pant", "bowler": "S Kaul", "runs": {"extras": 0, "total": 4, "batsman": 4}, "batsman": "GJ Maxwell"}}, {"18.6": {"non_striker": "RR Pant", "bowler": "S Kaul", "runs": {"extras": 0, "total": 1, "batsman": 1}, "batsman": "GJ Maxwell"}}, {"19.1": {"non_striker": "RR Pant", "bowler": "B Kumar", "runs": {"extras": 0, "total": 0, "batsman": 0}, "batsman": "GJ Maxwell", "wicket": {"player_out": "GJ Maxwell", "fielders": ["AD Hales"], "kind": "caught"}}}, {"19.2": {"non_striker": "V Shankar", "bowler": "B Kumar", "runs": {"extras": 0, "total": 4, "batsman": 4}, "batsman": "RR Pant"}}, {"19.3": {"non_striker": "V Shankar", "bowler": "B Kumar", "runs": {"extras": 0, "total": 4, "batsman": 4}, "batsman": "RR Pant"}}, {"19.4": {"non_striker": "V Shankar", "bowler": "B Kumar", "runs": {"extras": 0, "total": 6, "batsman": 6}, "batsman": "RR Pant"}}, {"19.5": {"non_striker": "V Shankar", "bowler": "B Kumar", "runs": {"extras": 0, "total": 6, "batsman": 6}, "batsman": "RR Pant"}}, {"19.6": {"non_striker": "V Shankar", "bowler": "B Kumar", "runs": {"extras": 0, "total": 6, "batsman": 6}, "batsman": "RR Pant"}}]