[{"0.1": {"non_striker": "MM Ali", "bowler": "S Lamichhane", "runs": {"extras": 0, "total": 1, "batsman": 1}, "batsman": "PA Patel"}}, {"0.2": {"non_striker": "PA Patel", "bowler": "S Lamichhane", "runs": {"extras": 0, "total": 0, "batsman": 0}, "batsman": "MM Ali"}}, {"0.3": {"non_striker": "PA Patel", "bowler": "S Lamichhane", "runs": {"extras": 0, "total": 1, "batsman": 1}, "batsman": "MM Ali"}}, {"0.4": {"non_striker": "MM Ali", "bowler": "S Lamichhane", "runs": {"extras": 0, "total": 0, "batsman": 0}, "batsman": "PA Patel"}}, {"0.5": {"non_striker": "MM Ali", "bowler": "S Lamichhane", "runs": {"extras": 4, "total": 4, "batsman": 0}, "extras": {"byes": 4}, "batsman": "PA Patel"}}, {"0.6": {"non_striker": "MM Ali", "bowler": "S Lamichhane", "runs": {"extras": 0, "total": 0, "batsman": 0}, "batsman": "PA Patel"}}, {"1.1": {"non_striker": "PA Patel", "bowler": "TA Boult", "runs": {"extras": 0, "total": 0, "batsman": 0}, "batsman": "MM Ali", "wicket": {"player_out": "MM Ali", "fielders": ["PP Shaw"], "kind": "caught"}}}, {"1.2": {"non_striker": "PA Patel", "bowler": "TA Boult", "runs": {"extras": 0, "total": 1, "batsman": 1}, "batsman": "V Kohli"}}, {"1.3": {"non_striker": "V Kohli", "bowler": "TA Boult", "runs": {"extras": 0, "total": 1, "batsman": 1}, "batsman": "PA Patel"}}, {"1.4": {"non_striker": "PA Patel", "bowler": "TA Boult", "runs": {"extras": 0, "total": 4, "batsman": 4}, "batsman": "V Kohli"}}, {"1.5": {"non_striker": "PA Patel", "bowler": "TA Boult", "runs": {"extras": 0, "total": 1, "batsman": 1}, "batsman": "V Kohli"}}, {"1.6": {"non_striker": "V Kohli", "bowler": "TA Boult", "runs": {"extras": 0, "total": 0, "batsman": 0}, "batsman": "PA Patel"}}, {"2.1": {"non_striker": "PA Patel", "bowler": "S Lamichhane", "runs": {"extras": 0, "total": 0, "batsman": 0}, "batsman": "V Kohli"}}, {"2.2": {"non_striker": "PA Patel", "bowler": "S Lamichhane", "runs": {"extras": 0, "total": 1, "batsman": 1}, "batsman": "V Kohli"}}, {"2.3": {"non_striker": "V Kohli", "bowler": "S Lamichhane", "runs": {"extras": 0, "total": 4, "batsman": 4}, "batsman": "PA Patel"}}, {"2.4": {"non_striker": "V Kohli", "bowler": "S Lamichhane", "runs": {"extras": 0, "total": 0, "batsman": 0}, "batsman": "PA Patel", "wicket": {"player_out": "PA Patel", "kind": "lbw"}}}, {"2.5": {"non_striker": "V Kohli", "bowler": "S Lamichhane", "runs": {"extras": 0, "total": 0, "batsman": 0}, "batsman": "AB de Villiers"}}, {"2.6": {"non_striker": "V Kohli", "bowler": "S Lamichhane", "runs": {"extras": 0, "total": 0, "batsman": 0}, "batsman": "AB de Villiers"}}, {"3.1": {"non_striker": "AB de Villiers", "bowler": "CJ Dala", "runs": {"extras": 0, "total": 0, "batsman": 0}, "batsman": "V Kohli"}}, {"3.2": {"non_striker": "AB de Villiers", "bowler": "CJ Dala", "runs": {"extras": 0, "total": 4, "batsman": 4}, "batsman": "V Kohli"}}, {"3.3": {"non_striker": "AB de Villiers", "bowler": "CJ Dala", "runs": {"extras": 1, "total": 1, "batsman": 0}, "extras": {"wides": 1}, "batsman": "V Kohli"}}, {"3.4": {"non_striker": "AB de Villiers", "bowler": "CJ Dala", "runs": {"extras": 0, "total": 6, "batsman": 6}, "batsman": "V Kohli"}}, {"3.5": {"non_striker": "AB de Villiers", "bowler": "CJ Dala", "runs": {"extras": 0, "total": 4, "batsman": 4}, "batsman": "V Kohli"}}, {"3.6": {"non_striker": "AB de Villiers", "bowler": "CJ Dala", "runs": {"extras": 0, "total": 0, "batsman": 0}, "batsman": "V Kohli"}}, {"3.7": {"non_striker": "AB de Villiers", "bowler": "CJ Dala", "runs": {"extras": 0, "total": 2, "batsman": 2}, "batsman": "V Kohli"}}, {"4.1": {"non_striker": "V Kohli", "bowler": "HV Patel", "runs": {"extras": 0, "total": 0, "batsman": 0}, "batsman": "AB de Villiers"}}, {"4.2": {"non_striker": "V Kohli", "bowler": "HV Patel", "runs": {"extras": 0, "total": 0, "batsman": 0}, "batsman": "AB de Villiers"}}, {"4.3": {"non_striker": "V Kohli", "bowler": "HV Patel", "runs": {"extras": 0, "total": 4, "batsman": 4}, "batsman": "AB de Villiers"}}, {"4.4": {"non_striker": "V Kohli", "bowler": "HV Patel", "runs": {"extras": 0, "total": 1, "batsman": 1}, "batsman": "AB de Villiers"}}, {"4.5": {"non_striker": "AB de Villiers", "bowler": "HV Patel", "runs": {"extras": 0, "total": 4, "batsman": 4}, "batsman": "V Kohli"}}, {"4.6": {"non_striker": "AB de Villiers", "bowler": "HV Patel", "runs": {"extras": 0, "total": 1, "batsman": 1}, "batsman": "V Kohli"}}, {"5.1": {"non_striker": "AB de Villiers", "bowler": "TA Boult", "runs": {"extras": 0, "total": 1, "batsman": 1}, "batsman": "V Kohli"}}, {"5.2": {"non_striker": "V Kohli", "bowler": "TA Boult", "runs": {"extras": 0, "total": 1, "batsman": 1}, "batsman": "AB de Villiers"}}, {"5.3": {"non_striker": "AB de Villiers", "bowler": "TA Boult", "runs": {"extras": 0, "total": 0, "batsman": 0}, "batsman": "V Kohli"}}, {"5.4": {"non_striker": "AB de Villiers", "bowler": "TA Boult", "runs": {"extras": 0, "total": 6, "batsman": 6}, "batsman": "V Kohli"}}, {"5.5": {"non_striker": "AB de Villiers", "bowler": "TA Boult", "runs": {"extras": 0, "total": 1, "batsman": 1}, "batsman": "V Kohli"}}, {"5.6": {"non_striker": "V Kohli", "bowler": "TA Boult", "runs": {"extras": 0, "total": 4, "batsman": 4}, "batsman": "AB de Villiers"}}, {"6.1": {"non_striker": "AB de Villiers", "bowler": "S Lamichhane", "runs": {"extras": 0, "total": 4, "batsman": 4}, "batsman": "V Kohli"}}, {"6.2": {"non_striker": "AB de Villiers", "bowler": "S Lamichhane", "runs": {"extras": 0, "total": 0, "batsman": 0}, "batsman": "V Kohli"}}, {"6.3": {"non_striker": "AB de Villiers", "bowler": "S Lamichhane", "runs": {"extras": 0, "total": 1, "batsman": 1}, "batsman": "V Kohli"}}, {"6.4": {"non_striker": "V Kohli", "bowler": "S Lamichhane", "runs": {"extras": 0, "total": 1, "batsman": 1}, "batsman": "AB de Villiers"}}, {"6.5": {"non_striker": "AB de Villiers", "bowler": "S Lamichhane", "runs": {"extras": 0, "total": 1, "batsman": 1}, "batsman": "V Kohli"}}, {"6.6": {"non_striker": "V Kohli", "bowler": "S Lamichhane", "runs": {"extras": 0, "total": 1, "batsman": 1}, "batsman": "AB de Villiers"}}, {"7.1": {"non_striker": "V Kohli", "bowler": "A Mishra", "runs": {"extras": 0, "total": 1, "batsman": 1}, "batsman": "AB de Villiers"}}, {"7.2": {"non_striker": "AB de Villiers", "bowler": "A Mishra", "runs": {"extras": 0, "total": 1, "batsman": 1}, "batsman": "V Kohli"}}, {"7.3": {"non_striker": "V Kohli", "bowler": "A Mishra", "runs": {"extras": 0, "total": 1, "batsman": 1}, "batsman": "AB de Villiers"}}, {"7.4": {"non_striker": "AB de Villiers", "bowler": "A Mishra", "runs": {"extras": 0, "total": 1, "batsman": 1}, "batsman": "V Kohli"}}, {"7.5": {"non_striker": "V Kohli", "bowler": "A Mishra", "runs": {"extras": 0, "total": 6, "batsman": 6}, "batsman": "AB de Villiers"}}, {"7.6": {"non_striker": "V Kohli", "bowler": "A Mishra", "runs": {"extras": 0, "total": 0, "batsman": 0}, "batsman": "AB de Villiers"}}, {"8.1": {"non_striker": "AB de Villiers", "bowler": "CJ Dala", "runs": {"extras": 0, "total": 0, "batsman": 0}, "batsman": "V Kohli"}}, {"8.2": {"non_striker": "AB de Villiers", "bowler": "CJ Dala", "runs": {"extras": 0, "total": 2, "batsman": 2}, "batsman": "V Kohli"}}, {"8.3": {"non_striker": "AB de Villiers", "bowler": "CJ Dala", "runs": {"extras": 0, "total": 4, "batsman": 4}, "batsman": "V Kohli"}}, {"8.4": {"non_striker": "AB de Villiers", "bowler": "CJ Dala", "runs": {"extras": 0, "total": 1, "batsman": 1}, "batsman": "V Kohli"}}, {"8.5": {"non_striker": "V Kohli", "bowler": "CJ Dala", "runs": {"extras": 0, "total": 1, "batsman": 1}, "batsman": "AB de Villiers"}}, {"8.6": {"non_striker": "AB de Villiers", "bowler": "CJ Dala", "runs": {"extras": 0, "total": 1, "batsman": 1}, "batsman": "V Kohli"}}, {"9.1": {"non_striker": "AB de Villiers", "bowler": "A Mishra", "runs": {"extras": 0, "total": 1, "batsman": 1}, "batsman": "V Kohli"}}, {"9.2": {"non_striker": "V Kohli", "bowler": "A Mishra", "runs": {"extras": 0, "total": 1, "batsman": 1}, "batsman": "AB de Villiers"}}, {"9.3": {"non_striker": "AB de Villiers", "bowler": "A Mishra", "runs": {"extras": 1, "total": 1, "batsman": 0}, "extras": {"wides": 1}, "batsman": "V Kohli"}}, {"9.4": {"non_striker": "AB de Villiers", "bowler": "A Mishra", "runs": {"extras": 0, "total": 1, "batsman": 1}, "batsman": "V Kohli"}}, {"9.5": {"non_striker": "V Kohli", "bowler": "A Mishra", "runs": {"extras": 0, "total": 0, "batsman": 0}, "batsman": "AB de Villiers"}}, {"9.6": {"non_striker": "V Kohli", "bowler": "A Mishra", "runs": {"extras": 0, "total": 6, "batsman": 6}, "batsman": "AB de Villiers"}}, {"9.7": {"non_striker": "V Kohli", "bowler": "A Mishra", "runs": {"extras": 0, "total": 0, "batsman": 0}, "batsman": "AB de Villiers"}}, {"10.1": {"non_striker": "AB de Villiers", "bowler": "HV Patel", "runs": {"extras": 0, "total": 0, "batsman": 0}, "batsman": "V Kohli"}}, {"10.2": {"non_striker": "AB de Villiers", "bowler": "HV Patel", "runs": {"extras": 0, "total": 0, "batsman": 0}, "batsman": "V Kohli"}}, {"10.3": {"non_striker": "AB de Villiers", "bowler": "HV Patel", "runs": {"extras": 0, "total": 1, "batsman": 1}, "batsman": "V Kohli"}}, {"10.4": {"non_striker": "V Kohli", "bowler": "HV Patel", "runs": {"extras": 0, "total": 4, "batsman": 4}, "batsman": "AB de Villiers"}}, {"10.5": {"non_striker": "V Kohli", "bowler": "HV Patel", "runs": {"extras": 0, "total": 1, "batsman": 1}, "batsman": "AB de Villiers"}}, {"10.6": {"non_striker": "AB de Villiers", "bowler": "HV Patel", "runs": {"extras": 0, "total": 2, "batsman": 2}, "batsman": "V Kohli"}}, {"11.1": {"non_striker": "V Kohli", "bowler": "S Lamichhane", "runs": {"extras": 0, "total": 1, "batsman": 1}, "batsman": "AB de Villiers"}}, {"11.2": {"non_striker": "AB de Villiers", "bowler": "S Lamichhane", "runs": {"extras": 0, "total": 1, "batsman": 1}, "batsman": "V Kohli"}}, {"11.3": {"non_striker": "V Kohli", "bowler": "S Lamichhane", "runs": {"extras": 0, "total": 1, "batsman": 1}, "batsman": "AB de Villiers"}}, {"11.4": {"non_striker": "AB de Villiers", "bowler": "S Lamichhane", "runs": {"extras": 0, "total": 1, "batsman": 1}, "batsman": "V Kohli"}}, {"11.5": {"non_striker": "V Kohli", "bowler": "S Lamichhane", "runs": {"extras": 0, "total": 6, "batsman": 6}, "batsman": "AB de Villiers"}}, {"11.6": {"non_striker": "V Kohli", "bowler": "S Lamichhane", "runs": {"extras": 0, "total": 0, "batsman": 0}, "batsman": "AB de Villiers"}}, {"12.1": {"non_striker": "AB de Villiers", "bowler": "HV Patel", "runs": {"extras": 0, "total": 6, "batsman": 6}, "batsman": "V Kohli"}}, {"12.2": {"non_striker": "AB de Villiers", "bowler": "HV Patel", "runs": {"extras": 0, "total": 1, "batsman": 1}, "batsman": "V Kohli"}}, {"12.3": {"non_striker": "V Kohli", "bowler": "HV Patel", "runs": {"extras": 0, "total": 0, "batsman": 0}, "batsman": "AB de Villiers"}}, {"12.4": {"non_striker": "V Kohli", "bowler": "HV Patel", "runs": {"extras": 0, "total": 4, "batsman": 4}, "batsman": "AB de Villiers"}}, {"12.5": {"non_striker": "V Kohli", "bowler": "HV Patel", "runs": {"extras": 0, "total": 6, "batsman": 6}, "batsman": "AB de Villiers"}}, {"12.6": {"non_striker": "V Kohli", "bowler": "HV Patel", "runs": {"extras": 0, "total": 2, "batsman": 2}, "batsman": "AB de Villiers"}}, {"13.1": {"non_striker": "AB de Villiers", "bowler": "A Mishra", "runs": {"extras": 0, "total": 4, "batsman": 4}, "batsman": "V Kohli"}}, {"13.2": {"non_striker": "AB de Villiers", "bowler": "A Mishra", "runs": {"extras": 0, "total": 0, "batsman": 0}, "batsman": "V Kohli", "wicket": {"player_out": "V Kohli", "fielders": ["RR Pant"], "kind": "caught"}}}, {"13.3": {"non_striker": "AB de Villiers", "bowler": "A Mishra", "runs": {"extras": 0, "total": 0, "batsman": 0}, "batsman": "Mandeep Singh"}}, {"13.4": {"non_striker": "AB de Villiers", "bowler": "A Mishra", "runs": {"extras": 0, "total": 1, "batsman": 1}, "batsman": "Mandeep Singh"}}, {"13.5": {"non_striker": "Mandeep Singh", "bowler": "A Mishra", "runs": {"extras": 0, "total": 1, "batsman": 1}, "batsman": "AB de Villiers"}}, {"13.6": {"non_striker": "AB de Villiers", "bowler": "A Mishra", "runs": {"extras": 0, "total": 1, "batsman": 1}, "batsman": "Mandeep Singh"}}, {"14.1": {"non_striker": "AB de Villiers", "bowler": "CJ Dala", "runs": {"extras": 0, "total": 0, "batsman": 0}, "batsman": "Mandeep Singh"}}, {"14.2": {"non_striker": "AB de Villiers", "bowler": "CJ Dala", "runs": {"extras": 0, "total": 6, "batsman": 6}, "batsman": "Mandeep Singh"}}, {"14.3": {"non_striker": "AB de Villiers", "bowler": "CJ Dala", "runs": {"extras": 0, "total": 0, "batsman": 0}, "batsman": "Mandeep Singh"}}, {"14.4": {"non_striker": "AB de Villiers", "bowler": "CJ Dala", "runs": {"extras": 0, "total": 0, "batsman": 0}, "batsman": "Mandeep Singh"}}, {"14.5": {"non_striker": "AB de Villiers", "bowler": "CJ Dala", "runs": {"extras": 0, "total": 2, "batsman": 2}, "batsman": "Mandeep Singh"}}, {"14.6": {"non_striker": "AB de Villiers", "bowler": "CJ Dala", "runs": {"extras": 0, "total": 0, "batsman": 0}, "batsman": "Mandeep Singh"}}, {"15.1": {"non_striker": "Mandeep Singh", "bowler": "A Mishra", "runs": {"extras": 0, "total": 1, "batsman": 1}, "batsman": "AB de Villiers"}}, {"15.2": {"non_striker": "AB de Villiers", "bowler": "A Mishra", "runs": {"extras": 0, "total": 2, "batsman": 2}, "batsman": "Mandeep Singh"}}, {"15.3": {"non_striker": "AB de Villiers", "bowler": "A Mishra", "runs": {"extras": 0, "total": 0, "batsman": 0}, "batsman": "Mandeep Singh"}}, {"15.4": {"non_striker": "AB de Villiers", "bowler": "A Mishra", "runs": {"extras": 0, "total": 0, "batsman": 0}, "batsman": "Mandeep Singh"}}, {"15.5": {"non_striker": "AB de Villiers", "bowler": "A Mishra", "runs": {"extras": 0, "total": 1, "batsman": 1}, "batsman": "Mandeep Singh"}}, {"15.6": {"non_striker": "Mandeep Singh", "bowler": "A Mishra", "runs": {"extras": 0, "total": 2, "batsman": 2}, "batsman": "AB de Villiers"}}, {"16.1": {"non_striker": "AB de Villiers", "bowler": "TA Boult", "runs": {"extras": 0, "total": 0, "batsman": 0}, "batsman": "Mandeep Singh", "wicket": {"player_out": "Mandeep Singh", "kind": "bowled"}}}, {"16.2": {"non_striker": "AB de Villiers", "bowler": "TA Boult", "runs": {"extras": 0, "total": 1, "batsman": 1}, "batsman": "SN Khan"}}, {"16.3": {"non_striker": "SN Khan", "bowler": "TA Boult", "runs": {"extras": 0, "total": 1, "batsman": 1}, "batsman": "AB de Villiers"}}, {"16.4": {"non_striker": "AB de Villiers", "bowler": "TA Boult", "runs": {"extras": 0, "total": 1, "batsman": 1}, "batsman": "SN Khan"}}, {"16.5": {"non_striker": "SN Khan", "bowler": "TA Boult", "runs": {"extras": 0, "total": 1, "batsman": 1}, "batsman": "AB de Villiers"}}, {"16.6": {"non_striker": "AB de Villiers", "bowler": "TA Boult", "runs": {"extras": 0, "total": 1, "batsman": 1}, "batsman": "SN Khan"}}, {"17.1": {"non_striker": "AB de Villiers", "bowler": "HV Patel", "runs": {"extras": 0, "total": 0, "batsman": 0}, "batsman": "SN Khan"}}, {"17.2": {"non_striker": "AB de Villiers", "bowler": "HV Patel", "runs": {"extras": 1, "total": 1, "batsman": 0}, "extras": {"wides": 1}, "batsman": "SN Khan"}}, {"17.3": {"non_striker": "AB de Villiers", "bowler": "HV Patel", "runs": {"extras": 0, "total": 4, "batsman": 4}, "batsman": "SN Khan"}}, {"17.4": {"non_striker": "AB de Villiers", "bowler": "HV Patel", "runs": {"extras": 1, "total": 1, "batsman": 0}, "extras": {"wides": 1}, "batsman": "SN Khan"}}, {"17.5": {"non_striker": "AB de Villiers", "bowler": "HV Patel", "runs": {"extras": 0, "total": 4, "batsman": 4}, "batsman": "SN Khan"}}, {"17.6": {"non_striker": "AB de Villiers", "bowler": "HV Patel", "runs": {"extras": 0, "total": 0, "batsman": 0}, "batsman": "SN Khan"}}, {"17.7": {"non_striker": "AB de Villiers", "bowler": "HV Patel", "runs": {"extras": 0, "total": 0, "batsman": 0}, "batsman": "SN Khan", "wicket": {"player_out": "SN Khan", "fielders": ["PP Shaw"], "kind": "caught"}}}, {"17.8": {"non_striker": "AB de Villiers", "bowler": "HV Patel", "runs": {"extras": 3, "total": 3, "batsman": 0}, "extras": {"wides": 3}, "batsman": "C de Grandhomme"}}, {"17.9": {"non_striker": "AB de Villiers", "bowler": "HV Patel", "runs": {"extras": 0, "total": 1, "batsman": 1}, "batsman": "C de Grandhomme"}}, {"18.1": {"non_striker": "AB de Villiers", "bowler": "TA Boult", "runs": {"extras": 0, "total": 1, "batsman": 1}, "batsman": "C de Grandhomme"}}, {"18.2": {"non_striker": "C de Grandhomme", "bowler": "TA Boult", "runs": {"extras": 0, "total": 6, "batsman": 6}, "batsman": "AB de Villiers"}}, {"18.3": {"non_striker": "C de Grandhomme", "bowler": "TA Boult", "runs": {"extras": 0, "total": 1, "batsman": 1}, "batsman": "AB de Villiers"}}, {"18.4": {"non_striker": "AB de Villiers", "bowler": "TA Boult", "runs": {"extras": 0, "total": 0, "batsman": 0}, "batsman": "C de Grandhomme"}}, {"18.5": {"non_striker": "AB de Villiers", "bowler": "TA Boult", "runs": {"extras": 0, "total": 1, "batsman": 1}, "batsman": "C de Grandhomme"}}, {"18.6": {"non_striker": "C de Grandhomme", "bowler": "TA Boult", "runs": {"extras": 0, "total": 6, "batsman": 6}, "batsman": "AB de Villiers"}}]