[{"0.1": {"non_striker": "E Lewis", "bowler": "AD Russell", "runs": {"extras": 0, "total": 0, "batsman": 0}, "batsman": "SA Yadav"}}, {"0.2": {"non_striker": "E Lewis", "bowler": "AD Russell", "runs": {"extras": 0, "total": 0, "batsman": 0}, "batsman": "SA Yadav"}}, {"0.3": {"non_striker": "E Lewis", "bowler": "AD Russell", "runs": {"extras": 0, "total": 0, "batsman": 0}, "batsman": "SA Yadav"}}, {"0.4": {"non_striker": "E Lewis", "bowler": "AD Russell", "runs": {"extras": 0, "total": 4, "batsman": 4}, "batsman": "SA Yadav"}}, {"0.5": {"non_striker": "E Lewis", "bowler": "AD Russell", "runs": {"extras": 0, "total": 0, "batsman": 0}, "batsman": "SA Yadav"}}, {"0.6": {"non_striker": "E Lewis", "bowler": "AD Russell", "runs": {"extras": 0, "total": 1, "batsman": 1}, "batsman": "SA Yadav"}}, {"1.1": {"non_striker": "E Lewis", "bowler": "M Prasidh Krishna", "runs": {"extras": 0, "total": 1, "batsman": 1}, "batsman": "SA Yadav"}}, {"1.2": {"non_striker": "SA Yadav", "bowler": "M Prasidh Krishna", "runs": {"extras": 0, "total": 0, "batsman": 0}, "batsman": "E Lewis"}}, {"1.3": {"non_striker": "SA Yadav", "bowler": "M Prasidh Krishna", "runs": {"extras": 0, "total": 1, "batsman": 1}, "batsman": "E Lewis"}}, {"1.4": {"non_striker": "E Lewis", "bowler": "M Prasidh Krishna", "runs": {"extras": 0, "total": 0, "batsman": 0}, "batsman": "SA Yadav"}}, {"1.5": {"non_striker": "E Lewis", "bowler": "M Prasidh Krishna", "runs": {"extras": 0, "total": 0, "batsman": 0}, "batsman": "SA Yadav"}}, {"1.6": {"non_striker": "E Lewis", "bowler": "M Prasidh Krishna", "runs": {"extras": 0, "total": 6, "batsman": 6}, "batsman": "SA Yadav"}}, {"2.1": {"non_striker": "SA Yadav", "bowler": "TK Curran", "runs": {"extras": 0, "total": 0, "batsman": 0}, "batsman": "E Lewis"}}, {"2.2": {"non_striker": "SA Yadav", "bowler": "TK Curran", "runs": {"extras": 0, "total": 4, "batsman": 4}, "batsman": "E Lewis"}}, {"2.3": {"non_striker": "SA Yadav", "bowler": "TK Curran", "runs": {"extras": 0, "total": 1, "batsman": 1}, "batsman": "E Lewis"}}, {"2.4": {"non_striker": "E Lewis", "bowler": "TK Curran", "runs": {"extras": 0, "total": 4, "batsman": 4}, "batsman": "SA Yadav"}}, {"2.5": {"non_striker": "E Lewis", "bowler": "TK Curran", "runs": {"extras": 0, "total": 1, "batsman": 1}, "batsman": "SA Yadav"}}, {"2.6": {"non_striker": "SA Yadav", "bowler": "TK Curran", "runs": {"extras": 0, "total": 1, "batsman": 1}, "batsman": "E Lewis"}}, {"3.1": {"non_striker": "SA Yadav", "bowler": "SP Narine", "runs": {"extras": 0, "total": 1, "batsman": 1}, "batsman": "E Lewis"}}, {"3.2": {"non_striker": "E Lewis", "bowler": "SP Narine", "runs": {"extras": 0, "total": 0, "batsman": 0}, "batsman": "SA Yadav"}}, {"3.3": {"non_striker": "E Lewis", "bowler": "SP Narine", "runs": {"extras": 0, "total": 0, "batsman": 0}, "batsman": "SA Yadav"}}, {"3.4": {"non_striker": "E Lewis", "bowler": "SP Narine", "runs": {"extras": 0, "total": 1, "batsman": 1}, "batsman": "SA Yadav"}}, {"3.5": {"non_striker": "SA Yadav", "bowler": "SP Narine", "runs": {"extras": 0, "total": 0, "batsman": 0}, "batsman": "E Lewis"}}, {"3.6": {"non_striker": "SA Yadav", "bowler": "SP Narine", "runs": {"extras": 0, "total": 4, "batsman": 4}, "batsman": "E Lewis"}}, {"4.1": {"non_striker": "E Lewis", "bowler": "M Prasidh Krishna", "runs": {"extras": 0, "total": 0, "batsman": 0}, "batsman": "SA Yadav"}}, {"4.2": {"non_striker": "E Lewis", "bowler": "M Prasidh Krishna", "runs": {"extras": 0, "total": 0, "batsman": 0}, "batsman": "SA Yadav"}}, {"4.3": {"non_striker": "E Lewis", "bowler": "M Prasidh Krishna", "runs": {"extras": 0, "total": 1, "batsman": 1}, "batsman": "SA Yadav"}}, {"4.4": {"non_striker": "SA Yadav", "bowler": "M Prasidh Krishna", "runs": {"extras": 0, "total": 4, "batsman": 4}, "batsman": "E Lewis"}}, {"4.5": {"non_striker": "SA Yadav", "bowler": "M Prasidh Krishna", "runs": {"extras": 0, "total": 0, "batsman": 0}, "batsman": "E Lewis"}}, {"4.6": {"non_striker": "SA Yadav", "bowler": "M Prasidh Krishna", "runs": {"extras": 0, "total": 2, "batsman": 2}, "batsman": "E Lewis"}}, {"5.1": {"non_striker": "E Lewis", "bowler": "PP Chawla", "runs": {"extras": 0, "total": 4, "batsman": 4}, "batsman": "SA Yadav"}}, {"5.2": {"non_striker": "E Lewis", "bowler": "PP Chawla", "runs": {"extras": 0, "total": 4, "batsman": 4}, "batsman": "SA Yadav"}}, {"5.3": {"non_striker": "E Lewis", "bowler": "PP Chawla", "runs": {"extras": 0, "total": 1, "batsman": 1}, "batsman": "SA Yadav"}}, {"5.4": {"non_striker": "SA Yadav", "bowler": "PP Chawla", "runs": {"extras": 0, "total": 0, "batsman": 0}, "batsman": "E Lewis", "wicket": {"player_out": "E Lewis", "fielders": ["CA Lynn"], "kind": "caught"}}}, {"5.5": {"non_striker": "SA Yadav", "bowler": "PP Chawla", "runs": {"extras": 0, "total": 1, "batsman": 1}, "batsman": "RG Sharma"}}, {"5.6": {"non_striker": "RG Sharma", "bowler": "PP Chawla", "runs": {"extras": 0, "total": 0, "batsman": 0}, "batsman": "SA Yadav"}}, {"6.1": {"non_striker": "SA Yadav", "bowler": "SP Narine", "runs": {"extras": 0, "total": 1, "batsman": 1}, "batsman": "RG Sharma"}}, {"6.2": {"non_striker": "RG Sharma", "bowler": "SP Narine", "runs": {"extras": 0, "total": 0, "batsman": 0}, "batsman": "SA Yadav"}}, {"6.3": {"non_striker": "RG Sharma", "bowler": "SP Narine", "runs": {"extras": 1, "total": 1, "batsman": 0}, "extras": {"byes": 1}, "batsman": "SA Yadav"}}, {"6.4": {"non_striker": "SA Yadav", "bowler": "SP Narine", "runs": {"extras": 0, "total": 0, "batsman": 0}, "batsman": "RG Sharma"}}, {"6.5": {"non_striker": "SA Yadav", "bowler": "SP Narine", "runs": {"extras": 0, "total": 1, "batsman": 1}, "batsman": "RG Sharma"}}, {"6.6": {"non_striker": "RG Sharma", "bowler": "SP Narine", "runs": {"extras": 0, "total": 1, "batsman": 1}, "batsman": "SA Yadav"}}, {"7.1": {"non_striker": "RG Sharma", "bowler": "Kuldeep Yadav", "runs": {"extras": 0, "total": 1, "batsman": 1}, "batsman": "SA Yadav"}}, {"7.2": {"non_striker": "SA Yadav", "bowler": "Kuldeep Yadav", "runs": {"extras": 0, "total": 1, "batsman": 1}, "batsman": "RG Sharma"}}, {"7.3": {"non_striker": "RG Sharma", "bowler": "Kuldeep Yadav", "runs": {"extras": 0, "total": 2, "batsman": 2}, "batsman": "SA Yadav"}}, {"7.4": {"non_striker": "RG Sharma", "bowler": "Kuldeep Yadav", "runs": {"extras": 0, "total": 4, "batsman": 4}, "batsman": "SA Yadav"}}, {"7.5": {"non_striker": "RG Sharma", "bowler": "Kuldeep Yadav", "runs": {"extras": 0, "total": 0, "batsman": 0}, "batsman": "SA Yadav"}}, {"7.6": {"non_striker": "RG Sharma", "bowler": "Kuldeep Yadav", "runs": {"extras": 0, "total": 0, "batsman": 0}, "batsman": "SA Yadav"}}, {"8.1": {"non_striker": "SA Yadav", "bowler": "PP Chawla", "runs": {"extras": 0, "total": 0, "batsman": 0}, "batsman": "RG Sharma"}}, {"8.2": {"non_striker": "SA Yadav", "bowler": "PP Chawla", "runs": {"extras": 0, "total": 0, "batsman": 0}, "batsman": "RG Sharma"}}, {"8.3": {"non_striker": "SA Yadav", "bowler": "PP Chawla", "runs": {"extras": 0, "total": 1, "batsman": 1}, "batsman": "RG Sharma"}}, {"8.4": {"non_striker": "RG Sharma", "bowler": "PP Chawla", "runs": {"extras": 1, "total": 1, "batsman": 0}, "extras": {"byes": 1}, "batsman": "SA Yadav"}}, {"8.5": {"non_striker": "SA Yadav", "bowler": "PP Chawla", "runs": {"extras": 0, "total": 1, "batsman": 1}, "batsman": "RG Sharma"}}, {"8.6": {"non_striker": "RG Sharma", "bowler": "PP Chawla", "runs": {"extras": 0, "total": 0, "batsman": 0}, "batsman": "SA Yadav", "wicket": {"player_out": "SA Yadav", "fielders": ["RK Singh"], "kind": "caught"}}}, {"9.1": {"non_striker": "Ishan Kishan", "bowler": "Kuldeep Yadav", "runs": {"extras": 0, "total": 0, "batsman": 0}, "batsman": "RG Sharma"}}, {"9.2": {"non_striker": "Ishan Kishan", "bowler": "Kuldeep Yadav", "runs": {"extras": 0, "total": 2, "batsman": 2}, "batsman": "RG Sharma"}}, {"9.3": {"non_striker": "Ishan Kishan", "bowler": "Kuldeep Yadav", "runs": {"extras": 0, "total": 1, "batsman": 1}, "batsman": "RG Sharma"}}, {"9.4": {"non_striker": "RG Sharma", "bowler": "Kuldeep Yadav", "runs": {"extras": 0, "total": 0, "batsman": 0}, "batsman": "Ishan Kishan"}}, {"9.5": {"non_striker": "RG Sharma", "bowler": "Kuldeep Yadav", "runs": {"extras": 0, "total": 6, "batsman": 6}, "batsman": "Ishan Kishan"}}, {"9.6": {"non_striker": "RG Sharma", "bowler": "Kuldeep Yadav", "runs": {"extras": 0, "total": 1, "batsman": 1}, "batsman": "Ishan Kishan"}}, {"10.1": {"non_striker": "RG Sharma", "bowler": "PP Chawla", "runs": {"extras": 0, "total": 4, "batsman": 4}, "batsman": "Ishan Kishan"}}, {"10.2": {"non_striker": "RG Sharma", "bowler": "PP Chawla", "runs": {"extras": 0, "total": 0, "batsman": 0}, "batsman": "Ishan Kishan"}}, {"10.3": {"non_striker": "RG Sharma", "bowler": "PP Chawla", "runs": {"extras": 0, "total": 0, "batsman": 0}, "batsman": "Ishan Kishan"}}, {"10.4": {"non_striker": "RG Sharma", "bowler": "PP Chawla", "runs": {"extras": 0, "total": 4, "batsman": 4}, "batsman": "Ishan Kishan"}}, {"10.5": {"non_striker": "RG Sharma", "bowler": "PP Chawla", "runs": {"extras": 0, "total": 2, "batsman": 2}, "batsman": "Ishan Kishan"}}, {"10.6": {"non_striker": "RG Sharma", "bowler": "PP Chawla", "runs": {"extras": 0, "total": 4, "batsman": 4}, "batsman": "Ishan Kishan"}}, {"11.1": {"non_striker": "Ishan Kishan", "bowler": "AD Russell", "runs": {"extras": 1, "total": 1, "batsman": 0}, "extras": {"wides": 1}, "batsman": "RG Sharma"}}, {"11.2": {"non_striker": "Ishan Kishan", "bowler": "AD Russell", "runs": {"extras": 0, "total": 1, "batsman": 1}, "batsman": "RG Sharma"}}, {"11.3": {"non_striker": "RG Sharma", "bowler": "AD Russell", "runs": {"extras": 1, "total": 1, "batsman": 0}, "extras": {"wides": 1}, "batsman": "Ishan Kishan"}}, {"11.4": {"non_striker": "RG Sharma", "bowler": "AD Russell", "runs": {"extras": 0, "total": 1, "batsman": 1}, "batsman": "Ishan Kishan"}}, {"11.5": {"non_striker": "Ishan Kishan", "bowler": "AD Russell", "runs": {"extras": 0, "total": 1, "batsman": 1}, "batsman": "RG Sharma"}}, {"11.6": {"non_striker": "RG Sharma", "bowler": "AD Russell", "runs": {"extras": 0, "total": 1, "batsman": 1}, "batsman": "Ishan Kishan"}}, {"11.7": {"non_striker": "Ishan Kishan", "bowler": "AD Russell", "runs": {"extras": 0, "total": 1, "batsman": 1}, "batsman": "RG Sharma"}}, {"11.8": {"non_striker": "RG Sharma", "bowler": "AD Russell", "runs": {"extras": 0, "total": 4, "batsman": 4}, "batsman": "Ishan Kishan"}}, {"12.1": {"non_striker": "Ishan Kishan", "bowler": "M Prasidh Krishna", "runs": {"extras": 0, "total": 1, "batsman": 1}, "batsman": "RG Sharma"}}, {"12.2": {"non_striker": "RG Sharma", "bowler": "M Prasidh Krishna", "runs": {"extras": 0, "total": 1, "batsman": 1}, "batsman": "Ishan Kishan"}}, {"12.3": {"non_striker": "Ishan Kishan", "bowler": "M Prasidh Krishna", "runs": {"extras": 0, "total": 4, "batsman": 4}, "batsman": "RG Sharma"}}, {"12.4": {"non_striker": "Ishan Kishan", "bowler": "M Prasidh Krishna", "runs": {"extras": 0, "total": 4, "batsman": 4}, "batsman": "RG Sharma"}}, {"12.5": {"non_striker": "Ishan Kishan", "bowler": "M Prasidh Krishna", "runs": {"extras": 0, "total": 1, "batsman": 1}, "batsman": "RG Sharma"}}, {"12.6": {"non_striker": "RG Sharma", "bowler": "M Prasidh Krishna", "runs": {"extras": 0, "total": 4, "batsman": 4}, "batsman": "Ishan Kishan"}}, {"13.1": {"non_striker": "Ishan Kishan", "bowler": "Kuldeep Yadav", "runs": {"extras": 0, "total": 0, "batsman": 0}, "batsman": "RG Sharma"}}, {"13.2": {"non_striker": "Ishan Kishan", "bowler": "Kuldeep Yadav", "runs": {"extras": 0, "total": 1, "batsman": 1}, "batsman": "RG Sharma"}}, {"13.3": {"non_striker": "RG Sharma", "bowler": "Kuldeep Yadav", "runs": {"extras": 0, "total": 6, "batsman": 6}, "batsman": "Ishan Kishan"}}, {"13.4": {"non_striker": "RG Sharma", "bowler": "Kuldeep Yadav", "runs": {"extras": 0, "total": 6, "batsman": 6}, "batsman": "Ishan Kishan"}}, {"13.5": {"non_striker": "RG Sharma", "bowler": "Kuldeep Yadav", "runs": {"extras": 0, "total": 6, "batsman": 6}, "batsman": "Ishan Kishan"}}, {"13.6": {"non_striker": "RG Sharma", "bowler": "Kuldeep Yadav", "runs": {"extras": 0, "total": 6, "batsman": 6}, "batsman": "Ishan Kishan"}}, {"14.1": {"non_striker": "Ishan Kishan", "bowler": "SP Narine", "runs": {"extras": 0, "total": 1, "batsman": 1}, "batsman": "RG Sharma"}}, {"14.2": {"non_striker": "RG Sharma", "bowler": "SP Narine", "runs": {"extras": 0, "total": 0, "batsman": 0}, "batsman": "Ishan Kishan"}}, {"14.3": {"non_striker": "RG Sharma", "bowler": "SP Narine", "runs": {"extras": 0, "total": 6, "batsman": 6}, "batsman": "Ishan Kishan"}}, {"14.4": {"non_striker": "RG Sharma", "bowler": "SP Narine", "runs": {"extras": 0, "total": 0, "batsman": 0}, "batsman": "Ishan Kishan", "wicket": {"player_out": "Ishan Kishan", "fielders": ["RV Uthappa"], "kind": "caught"}}}, {"14.5": {"non_striker": "RG Sharma", "bowler": "SP Narine", "runs": {"extras": 0, "total": 0, "batsman": 0}, "batsman": "HH Pandya"}}, {"14.6": {"non_striker": "RG Sharma", "bowler": "SP Narine", "runs": {"extras": 0, "total": 1, "batsman": 1}, "batsman": "HH Pandya"}}, {"15.1": {"non_striker": "RG Sharma", "bowler": "TK Curran", "runs": {"extras": 0, "total": 2, "batsman": 2}, "batsman": "HH Pandya"}}, {"15.2": {"non_striker": "RG Sharma", "bowler": "TK Curran", "runs": {"extras": 0, "total": 0, "batsman": 0}, "batsman": "HH Pandya"}}, {"15.3": {"non_striker": "RG Sharma", "bowler": "TK Curran", "runs": {"extras": 0, "total": 0, "batsman": 0}, "batsman": "HH Pandya"}}, {"15.4": {"non_striker": "RG Sharma", "bowler": "TK Curran", "runs": {"extras": 0, "total": 1, "batsman": 1}, "batsman": "HH Pandya"}}, {"15.5": {"non_striker": "HH Pandya", "bowler": "TK Curran", "runs": {"extras": 1, "total": 2, "batsman": 1}, "extras": {"noballs": 1}, "batsman": "RG Sharma"}}, {"15.6": {"non_striker": "RG Sharma", "bowler": "TK Curran", "runs": {"extras": 0, "total": 1, "batsman": 1}, "batsman": "HH Pandya"}}, {"15.7": {"non_striker": "HH Pandya", "bowler": "TK Curran", "runs": {"extras": 0, "total": 1, "batsman": 1}, "batsman": "RG Sharma"}}, {"16.1": {"non_striker": "HH Pandya", "bowler": "SP Narine", "runs": {"extras": 0, "total": 1, "batsman": 1}, "batsman": "RG Sharma"}}, {"16.2": {"non_striker": "RG Sharma", "bowler": "SP Narine", "runs": {"extras": 0, "total": 1, "batsman": 1}, "batsman": "HH Pandya"}}, {"16.3": {"non_striker": "HH Pandya", "bowler": "SP Narine", "runs": {"extras": 0, "total": 0, "batsman": 0}, "batsman": "RG Sharma"}}, {"16.4": {"non_striker": "HH Pandya", "bowler": "SP Narine", "runs": {"extras": 0, "total": 2, "batsman": 2}, "batsman": "RG Sharma"}}, {"16.5": {"non_striker": "HH Pandya", "bowler": "SP Narine", "runs": {"extras": 0, "total": 6, "batsman": 6}, "batsman": "RG Sharma"}}, {"16.6": {"non_striker": "HH Pandya", "bowler": "SP Narine", "runs": {"extras": 0, "total": 0, "batsman": 0}, "batsman": "RG Sharma"}}, {"17.1": {"non_striker": "RG Sharma", "bowler": "TK Curran", "runs": {"extras": 0, "total": 6, "batsman": 6}, "batsman": "HH Pandya"}}, {"17.2": {"non_striker": "RG Sharma", "bowler": "TK Curran", "runs": {"extras": 0, "total": 0, "batsman": 0}, "batsman": "HH Pandya"}}, {"17.3": {"non_striker": "RG Sharma", "bowler": "TK Curran", "runs": {"extras": 1, "total": 1, "batsman": 0}, "extras": {"wides": 1}, "batsman": "HH Pandya"}}, {"17.4": {"non_striker": "RG Sharma", "bowler": "TK Curran", "runs": {"extras": 0, "total": 1, "batsman": 1}, "batsman": "HH Pandya"}}, {"17.5": {"non_striker": "HH Pandya", "bowler": "TK Curran", "runs": {"extras": 0, "total": 1, "batsman": 1}, "batsman": "RG Sharma"}}, {"17.6": {"non_striker": "RG Sharma", "bowler": "TK Curran", "runs": {"extras": 0, "total": 6, "batsman": 6}, "batsman": "HH Pandya"}}, {"17.7": {"non_striker": "RG Sharma", "bowler": "TK Curran", "runs": {"extras": 0, "total": 0, "batsman": 0}, "batsman": "HH Pandya", "wicket": {"player_out": "HH Pandya", "fielders": ["RK Singh"], "kind": "caught"}}}, {"18.1": {"non_striker": "RG Sharma", "bowler": "M Prasidh Krishna", "runs": {"extras": 0, "total": 1, "batsman": 1}, "batsman": "BCJ Cutting"}}, {"18.2": {"non_striker": "BCJ Cutting", "bowler": "M Prasidh Krishna", "runs": {"extras": 0, "total": 0, "batsman": 0}, "batsman": "RG Sharma", "wicket": {"player_out": "RG Sharma", "fielders": ["RV Uthappa"], "kind": "caught"}}}, {"18.3": {"non_striker": "KH Pandya", "bowler": "M Prasidh Krishna", "runs": {"extras": 0, "total": 6, "batsman": 6}, "batsman": "BCJ Cutting"}}, {"18.4": {"non_striker": "KH Pandya", "bowler": "M Prasidh Krishna", "runs": {"extras": 1, "total": 1, "batsman": 0}, "extras": {"wides": 1}, "batsman": "BCJ Cutting"}}, {"18.5": {"non_striker": "KH Pandya", "bowler": "M Prasidh Krishna", "runs": {"extras": 0, "total": 0, "batsman": 0}, "batsman": "BCJ Cutting"}}, {"18.6": {"non_striker": "KH Pandya", "bowler": "M Prasidh Krishna", "runs": {"extras": 0, "total": 1, "batsman": 1}, "batsman": "BCJ Cutting"}}, {"18.7": {"non_striker": "BCJ Cutting", "bowler": "M Prasidh Krishna", "runs": {"extras": 0, "total": 2, "batsman": 2}, "batsman": "KH Pandya"}}, {"19.1": {"non_striker": "KH Pandya", "bowler": "PP Chawla", "runs": {"extras": 0, "total": 6, "batsman": 6}, "batsman": "BCJ Cutting"}}, {"19.2": {"non_striker": "KH Pandya", "bowler": "PP Chawla", "runs": {"extras": 0, "total": 6, "batsman": 6}, "batsman": "BCJ Cutting"}}, {"19.3": {"non_striker": "KH Pandya", "bowler": "PP Chawla", "runs": {"extras": 0, "total": 4, "batsman": 4}, "batsman": "BCJ Cutting"}}, {"19.4": {"non_striker": "KH Pandya", "bowler": "PP Chawla", "runs": {"extras": 0, "total": 0, "batsman": 0}, "batsman": "BCJ Cutting"}}, {"19.5": {"non_striker": "KH Pandya", "bowler": "PP Chawla", "runs": {"extras": 0, "total": 0, "batsman": 0}, "batsman": "BCJ Cutting", "wicket": {"player_out": "BCJ Cutting", "fielders": ["AD Russell"], "kind": "caught"}}}, {"19.6": {"non_striker": "JP Duminy", "bowler": "PP Chawla", "runs": {"extras": 0, "total": 6, "batsman": 6}, "batsman": "KH Pandya"}}]