[{"0.1": {"non_striker": "JJ Roy", "bowler": "PP Chawla", "runs": {"extras": 0, "total": 1, "batsman": 1}, "batsman": "G Gambhir"}}, {"0.2": {"non_striker": "G Gambhir", "bowler": "PP Chawla", "runs": {"extras": 0, "total": 0, "batsman": 0}, "batsman": "JJ Roy"}}, {"0.3": {"non_striker": "G Gambhir", "bowler": "PP Chawla", "runs": {"extras": 0, "total": 1, "batsman": 1}, "batsman": "JJ Roy"}}, {"0.4": {"non_striker": "JJ Roy", "bowler": "PP Chawla", "runs": {"extras": 0, "total": 1, "batsman": 1}, "batsman": "G Gambhir"}}, {"0.5": {"non_striker": "G Gambhir", "bowler": "PP Chawla", "runs": {"extras": 0, "total": 0, "batsman": 0}, "batsman": "JJ Roy"}}, {"0.6": {"non_striker": "G Gambhir", "bowler": "PP Chawla", "runs": {"extras": 1, "total": 1, "batsman": 0}, "extras": {"wides": 1}, "batsman": "JJ Roy", "wicket": {"player_out": "JJ Roy", "fielders": ["KD Karthik"], "kind": "stumped"}}}, {"0.7": {"non_striker": "G Gambhir", "bowler": "PP Chawla", "runs": {"extras": 0, "total": 0, "batsman": 0}, "batsman": "SS Iyer"}}, {"1.1": {"non_striker": "SS Iyer", "bowler": "AD Russell", "runs": {"extras": 0, "total": 0, "batsman": 0}, "batsman": "G Gambhir"}}, {"1.2": {"non_striker": "SS Iyer", "bowler": "AD Russell", "runs": {"extras": 0, "total": 4, "batsman": 4}, "batsman": "G Gambhir"}}, {"1.3": {"non_striker": "SS Iyer", "bowler": "AD Russell", "runs": {"extras": 0, "total": 1, "batsman": 1}, "batsman": "G Gambhir"}}, {"1.4": {"non_striker": "G Gambhir", "bowler": "AD Russell", "runs": {"extras": 0, "total": 4, "batsman": 4}, "batsman": "SS Iyer"}}, {"1.5": {"non_striker": "G Gambhir", "bowler": "AD Russell", "runs": {"extras": 0, "total": 0, "batsman": 0}, "batsman": "SS Iyer", "wicket": {"player_out": "SS Iyer", "fielders": ["N Rana"], "kind": "caught"}}}, {"1.6": {"non_striker": "G Gambhir", "bowler": "AD Russell", "runs": {"extras": 1, "total": 1, "batsman": 0}, "extras": {"wides": 1}, "batsman": "RR Pant"}}, {"1.7": {"non_striker": "G Gambhir", "bowler": "AD Russell", "runs": {"extras": 1, "total": 1, "batsman": 0}, "extras": {"wides": 1}, "batsman": "RR Pant"}}, {"1.8": {"non_striker": "G Gambhir", "bowler": "AD Russell", "runs": {"extras": 0, "total": 0, "batsman": 0}, "batsman": "RR Pant"}}, {"2.1": {"non_striker": "RR Pant", "bowler": "Shivam Mavi", "runs": {"extras": 0, "total": 1, "batsman": 1}, "batsman": "G Gambhir"}}, {"2.2": {"non_striker": "G Gambhir", "bowler": "Shivam Mavi", "runs": {"extras": 0, "total": 0, "batsman": 0}, "batsman": "RR Pant"}}, {"2.3": {"non_striker": "G Gambhir", "bowler": "Shivam Mavi", "runs": {"extras": 1, "total": 1, "batsman": 0}, "extras": {"wides": 1}, "batsman": "RR Pant"}}, {"2.4": {"non_striker": "G Gambhir", "bowler": "Shivam Mavi", "runs": {"extras": 0, "total": 2, "batsman": 2}, "batsman": "RR Pant"}}, {"2.5": {"non_striker": "G Gambhir", "bowler": "Shivam Mavi", "runs": {"extras": 0, "total": 4, "batsman": 4}, "batsman": "RR Pant"}}, {"2.6": {"non_striker": "G Gambhir", "bowler": "Shivam Mavi", "runs": {"extras": 0, "total": 1, "batsman": 1}, "batsman": "RR Pant"}}, {"2.7": {"non_striker": "RR Pant", "bowler": "Shivam Mavi", "runs": {"extras": 0, "total": 0, "batsman": 0}, "batsman": "G Gambhir", "wicket": {"player_out": "G Gambhir", "kind": "bowled"}}}, {"3.1": {"non_striker": "GJ Maxwell", "bowler": "AD Russell", "runs": {"extras": 0, "total": 0, "batsman": 0}, "batsman": "RR Pant"}}, {"3.2": {"non_striker": "GJ Maxwell", "bowler": "AD Russell", "runs": {"extras": 0, "total": 4, "batsman": 4}, "batsman": "RR Pant"}}, {"3.3": {"non_striker": "GJ Maxwell", "bowler": "AD Russell", "runs": {"extras": 1, "total": 1, "batsman": 0}, "extras": {"wides": 1}, "batsman": "RR Pant"}}, {"3.4": {"non_striker": "GJ Maxwell", "bowler": "AD Russell", "runs": {"extras": 0, "total": 4, "batsman": 4}, "batsman": "RR Pant"}}, {"3.5": {"non_striker": "GJ Maxwell", "bowler": "AD Russell", "runs": {"extras": 0, "total": 1, "batsman": 1}, "batsman": "RR Pant"}}, {"3.6": {"non_striker": "RR Pant", "bowler": "AD Russell", "runs": {"extras": 0, "total": 0, "batsman": 0}, "batsman": "GJ Maxwell"}}, {"3.7": {"non_striker": "RR Pant", "bowler": "AD Russell", "runs": {"extras": 0, "total": 4, "batsman": 4}, "batsman": "GJ Maxwell"}}, {"4.1": {"non_striker": "GJ Maxwell", "bowler": "Shivam Mavi", "runs": {"extras": 0, "total": 0, "batsman": 0}, "batsman": "RR Pant"}}, {"4.2": {"non_striker": "GJ Maxwell", "bowler": "Shivam Mavi", "runs": {"extras": 1, "total": 1, "batsman": 0}, "extras": {"legbyes": 1}, "batsman": "RR Pant"}}, {"4.3": {"non_striker": "RR Pant", "bowler": "Shivam Mavi", "runs": {"extras": 1, "total": 1, "batsman": 0}, "extras": {"legbyes": 1}, "batsman": "GJ Maxwell"}}, {"4.4": {"non_striker": "GJ Maxwell", "bowler": "Shivam Mavi", "runs": {"extras": 0, "total": 1, "batsman": 1}, "batsman": "RR Pant"}}, {"4.5": {"non_striker": "RR Pant", "bowler": "Shivam Mavi", "runs": {"extras": 0, "total": 4, "batsman": 4}, "batsman": "GJ Maxwell"}}, {"4.6": {"non_striker": "RR Pant", "bowler": "Shivam Mavi", "runs": {"extras": 0, "total": 0, "batsman": 0}, "batsman": "GJ Maxwell"}}, {"5.1": {"non_striker": "GJ Maxwell", "bowler": "SP Narine", "runs": {"extras": 0, "total": 1, "batsman": 1}, "batsman": "RR Pant"}}, {"5.2": {"non_striker": "RR Pant", "bowler": "SP Narine", "runs": {"extras": 0, "total": 1, "batsman": 1}, "batsman": "GJ Maxwell"}}, {"5.3": {"non_striker": "GJ Maxwell", "bowler": "SP Narine", "runs": {"extras": 0, "total": 4, "batsman": 4}, "batsman": "RR Pant"}}, {"5.4": {"non_striker": "GJ Maxwell", "bowler": "SP Narine", "runs": {"extras": 0, "total": 4, "batsman": 4}, "batsman": "RR Pant"}}, {"5.5": {"non_striker": "GJ Maxwell", "bowler": "SP Narine", "runs": {"extras": 0, "total": 0, "batsman": 0}, "batsman": "RR Pant"}}, {"5.6": {"non_striker": "GJ Maxwell", "bowler": "SP Narine", "runs": {"extras": 0, "total": 1, "batsman": 1}, "batsman": "RR Pant"}}, {"6.1": {"non_striker": "GJ Maxwell", "bowler": "PP Chawla", "runs": {"extras": 0, "total": 6, "batsman": 6}, "batsman": "RR Pant"}}, {"6.2": {"non_striker": "GJ Maxwell", "bowler": "PP Chawla", "runs": {"extras": 0, "total": 4, "batsman": 4}, "batsman": "RR Pant"}}, {"6.3": {"non_striker": "GJ Maxwell", "bowler": "PP Chawla", "runs": {"extras": 0, "total": 0, "batsman": 0}, "batsman": "RR Pant"}}, {"6.4": {"non_striker": "GJ Maxwell", "bowler": "PP Chawla", "runs": {"extras": 0, "total": 1, "batsman": 1}, "batsman": "RR Pant"}}, {"6.5": {"non_striker": "RR Pant", "bowler": "PP Chawla", "runs": {"extras": 0, "total": 1, "batsman": 1}, "batsman": "GJ Maxwell"}}, {"6.6": {"non_striker": "GJ Maxwell", "bowler": "PP Chawla", "runs": {"extras": 1, "total": 1, "batsman": 0}, "extras": {"legbyes": 1}, "batsman": "RR Pant"}}, {"7.1": {"non_striker": "GJ Maxwell", "bowler": "TK Curran", "runs": {"extras": 0, "total": 4, "batsman": 4}, "batsman": "RR Pant"}}, {"7.2": {"non_striker": "GJ Maxwell", "bowler": "TK Curran", "runs": {"extras": 0, "total": 1, "batsman": 1}, "batsman": "RR Pant"}}, {"7.3": {"non_striker": "RR Pant", "bowler": "TK Curran", "runs": {"extras": 0, "total": 6, "batsman": 6}, "batsman": "GJ Maxwell"}}, {"7.4": {"non_striker": "RR Pant", "bowler": "TK Curran", "runs": {"extras": 0, "total": 0, "batsman": 0}, "batsman": "GJ Maxwell"}}, {"7.5": {"non_striker": "RR Pant", "bowler": "TK Curran", "runs": {"extras": 0, "total": 1, "batsman": 1}, "batsman": "GJ Maxwell"}}, {"7.6": {"non_striker": "GJ Maxwell", "bowler": "TK Curran", "runs": {"extras": 0, "total": 0, "batsman": 0}, "batsman": "RR Pant"}}, {"8.1": {"non_striker": "RR Pant", "bowler": "Kuldeep Yadav", "runs": {"extras": 0, "total": 4, "batsman": 4}, "batsman": "GJ Maxwell"}}, {"8.2": {"non_striker": "RR Pant", "bowler": "Kuldeep Yadav", "runs": {"extras": 0, "total": 1, "batsman": 1}, "batsman": "GJ Maxwell"}}, {"8.3": {"non_striker": "GJ Maxwell", "bowler": "Kuldeep Yadav", "runs": {"extras": 0, "total": 0, "batsman": 0}, "batsman": "RR Pant", "wicket": {"player_out": "RR Pant", "fielders": ["PP Chawla"], "kind": "caught"}}}, {"8.4": {"non_striker": "GJ Maxwell", "bowler": "Kuldeep Yadav", "runs": {"extras": 0, "total": 1, "batsman": 1}, "batsman": "R Tewatia"}}, {"8.5": {"non_striker": "R Tewatia", "bowler": "Kuldeep Yadav", "runs": {"extras": 0, "total": 2, "batsman": 2}, "batsman": "GJ Maxwell"}}, {"8.6": {"non_striker": "R Tewatia", "bowler": "Kuldeep Yadav", "runs": {"extras": 0, "total": 1, "batsman": 1}, "batsman": "GJ Maxwell"}}, {"9.1": {"non_striker": "R Tewatia", "bowler": "TK Curran", "runs": {"extras": 0, "total": 6, "batsman": 6}, "batsman": "GJ Maxwell"}}, {"9.2": {"non_striker": "R Tewatia", "bowler": "TK Curran", "runs": {"extras": 0, "total": 1, "batsman": 1}, "batsman": "GJ Maxwell"}}, {"9.3": {"non_striker": "GJ Maxwell", "bowler": "TK Curran", "runs": {"extras": 0, "total": 0, "batsman": 0}, "batsman": "R Tewatia", "wicket": {"player_out": "R Tewatia", "fielders": ["AD Russell"], "kind": "caught"}}}, {"9.4": {"non_striker": "GJ Maxwell", "bowler": "TK Curran", "runs": {"extras": 0, "total": 1, "batsman": 1}, "batsman": "V Shankar"}}, {"9.5": {"non_striker": "V Shankar", "bowler": "TK Curran", "runs": {"extras": 0, "total": 1, "batsman": 1}, "batsman": "GJ Maxwell"}}, {"9.6": {"non_striker": "GJ Maxwell", "bowler": "TK Curran", "runs": {"extras": 0, "total": 0, "batsman": 0}, "batsman": "V Shankar"}}, {"10.1": {"non_striker": "V Shankar", "bowler": "Kuldeep Yadav", "runs": {"extras": 0, "total": 2, "batsman": 2}, "batsman": "GJ Maxwell"}}, {"10.2": {"non_striker": "V Shankar", "bowler": "Kuldeep Yadav", "runs": {"extras": 0, "total": 0, "batsman": 0}, "batsman": "GJ Maxwell"}}, {"10.3": {"non_striker": "V Shankar", "bowler": "Kuldeep Yadav", "runs": {"extras": 0, "total": 6, "batsman": 6}, "batsman": "GJ Maxwell"}}, {"10.4": {"non_striker": "V Shankar", "bowler": "Kuldeep Yadav", "runs": {"extras": 0, "total": 6, "batsman": 6}, "batsman": "GJ Maxwell"}}, {"10.5": {"non_striker": "V Shankar", "bowler": "Kuldeep Yadav", "runs": {"extras": 0, "total": 0, "batsman": 0}, "batsman": "GJ Maxwell", "wicket": {"player_out": "GJ Maxwell", "fielders": ["RV Uthappa"], "kind": "caught"}}}, {"10.6": {"non_striker": "V Shankar", "bowler": "Kuldeep Yadav", "runs": {"extras": 0, "total": 1, "batsman": 1}, "batsman": "CH Morris"}}, {"11.1": {"non_striker": "V Shankar", "bowler": "SP Narine", "runs": {"extras": 0, "total": 1, "batsman": 1}, "batsman": "CH Morris"}}, {"11.2": {"non_striker": "CH Morris", "bowler": "SP Narine", "runs": {"extras": 0, "total": 1, "batsman": 1}, "batsman": "V Shankar"}}, {"11.3": {"non_striker": "V Shankar", "bowler": "SP Narine", "runs": {"extras": 0, "total": 0, "batsman": 0}, "batsman": "CH Morris", "wicket": {"player_out": "CH Morris", "kind": "bowled"}}}, {"11.4": {"non_striker": "V Shankar", "bowler": "SP Narine", "runs": {"extras": 0, "total": 1, "batsman": 1}, "batsman": "Mohammed Shami"}}, {"11.5": {"non_striker": "Mohammed Shami", "bowler": "SP Narine", "runs": {"extras": 0, "total": 0, "batsman": 0}, "batsman": "V Shankar", "wicket": {"player_out": "V Shankar", "kind": "lbw"}}}, {"11.6": {"non_striker": "Mohammed Shami", "bowler": "SP Narine", "runs": {"extras": 0, "total": 1, "batsman": 1}, "batsman": "S Nadeem"}}, {"12.1": {"non_striker": "Mohammed Shami", "bowler": "Kuldeep Yadav", "runs": {"extras": 0, "total": 1, "batsman": 1}, "batsman": "S Nadeem"}}, {"12.2": {"non_striker": "S Nadeem", "bowler": "Kuldeep Yadav", "runs": {"extras": 0, "total": 1, "batsman": 1}, "batsman": "Mohammed Shami"}}, {"12.3": {"non_striker": "Mohammed Shami", "bowler": "Kuldeep Yadav", "runs": {"extras": 0, "total": 0, "batsman": 0}, "batsman": "S Nadeem"}}, {"12.4": {"non_striker": "Mohammed Shami", "bowler": "Kuldeep Yadav", "runs": {"extras": 0, "total": 1, "batsman": 1}, "batsman": "S Nadeem"}}, {"12.5": {"non_striker": "S Nadeem", "bowler": "Kuldeep Yadav", "runs": {"extras": 0, "total": 0, "batsman": 0}, "batsman": "Mohammed Shami"}}, {"12.6": {"non_striker": "S Nadeem", "bowler": "Kuldeep Yadav", "runs": {"extras": 0, "total": 4, "batsman": 4}, "batsman": "Mohammed Shami"}}, {"13.1": {"non_striker": "Mohammed Shami", "bowler": "SP Narine", "runs": {"extras": 0, "total": 0, "batsman": 0}, "batsman": "S Nadeem"}}, {"13.2": {"non_striker": "Mohammed Shami", "bowler": "SP Narine", "runs": {"extras": 0, "total": 1, "batsman": 1}, "batsman": "S Nadeem"}}, {"13.3": {"non_striker": "S Nadeem", "bowler": "SP Narine", "runs": {"extras": 0, "total": 1, "batsman": 1}, "batsman": "Mohammed Shami"}}, {"13.4": {"non_striker": "Mohammed Shami", "bowler": "SP Narine", "runs": {"extras": 0, "total": 1, "batsman": 1}, "batsman": "S Nadeem"}}, {"13.5": {"non_striker": "S Nadeem", "bowler": "SP Narine", "runs": {"extras": 0, "total": 0, "batsman": 0}, "batsman": "Mohammed Shami", "wicket": {"player_out": "Mohammed Shami", "fielders": ["AD Russell"], "kind": "caught"}}}, {"13.6": {"non_striker": "S Nadeem", "bowler": "SP Narine", "runs": {"extras": 0, "total": 0, "batsman": 0}, "batsman": "TA Boult"}}, {"14.1": {"non_striker": "TA Boult", "bowler": "Kuldeep Yadav", "runs": {"extras": 0, "total": 1, "batsman": 1}, "batsman": "S Nadeem"}}, {"14.2": {"non_striker": "S Nadeem", "bowler": "Kuldeep Yadav", "runs": {"extras": 0, "total": 0, "batsman": 0}, "batsman": "TA Boult", "wicket": {"player_out": "TA Boult", "kind": "caught and bowled"}}}]