[{"0.1": {"non_striker": "S Dhawan", "bowler": "BB Sran", "runs": {"extras": 1, "total": 1, "batsman": 0}, "extras": {"wides": 1}, "batsman": "WP Saha"}}, {"0.2": {"non_striker": "S Dhawan", "bowler": "BB Sran", "runs": {"extras": 0, "total": 0, "batsman": 0}, "batsman": "WP Saha"}}, {"0.3": {"non_striker": "S Dhawan", "bowler": "BB Sran", "runs": {"extras": 0, "total": 0, "batsman": 0}, "batsman": "WP Saha"}}, {"0.4": {"non_striker": "S Dhawan", "bowler": "BB Sran", "runs": {"extras": 0, "total": 0, "batsman": 0}, "batsman": "WP Saha"}}, {"0.5": {"non_striker": "S Dhawan", "bowler": "BB Sran", "runs": {"extras": 0, "total": 1, "batsman": 1}, "batsman": "WP Saha"}}, {"0.6": {"non_striker": "WP Saha", "bowler": "BB Sran", "runs": {"extras": 0, "total": 0, "batsman": 0}, "batsman": "S Dhawan", "wicket": {"player_out": "S Dhawan", "kind": "retired hurt"}}}, {"0.7": {"non_striker": "WP Saha", "bowler": "BB Sran", "runs": {"extras": 0, "total": 0, "batsman": 0}, "batsman": "KS Williamson"}}, {"1.1": {"non_striker": "KS Williamson", "bowler": "MM Sharma", "runs": {"extras": 0, "total": 1, "batsman": 1}, "batsman": "WP Saha"}}, {"1.2": {"non_striker": "WP Saha", "bowler": "MM Sharma", "runs": {"extras": 0, "total": 4, "batsman": 4}, "batsman": "KS Williamson"}}, {"1.3": {"non_striker": "WP Saha", "bowler": "MM Sharma", "runs": {"extras": 0, "total": 3, "batsman": 3}, "batsman": "KS Williamson"}}, {"1.4": {"non_striker": "KS Williamson", "bowler": "MM Sharma", "runs": {"extras": 0, "total": 4, "batsman": 4}, "batsman": "WP Saha"}}, {"1.5": {"non_striker": "KS Williamson", "bowler": "MM Sharma", "runs": {"extras": 0, "total": 0, "batsman": 0}, "batsman": "WP Saha", "wicket": {"player_out": "WP Saha", "kind": "bowled"}}}, {"1.6": {"non_striker": "KS Williamson", "bowler": "MM Sharma", "runs": {"extras": 0, "total": 4, "batsman": 4}, "batsman": "YK Pathan"}}, {"2.1": {"non_striker": "YK Pathan", "bowler": "BB Sran", "runs": {"extras": 0, "total": 1, "batsman": 1}, "batsman": "KS Williamson"}}, {"2.2": {"non_striker": "KS Williamson", "bowler": "BB Sran", "runs": {"extras": 0, "total": 0, "batsman": 0}, "batsman": "YK Pathan"}}, {"2.3": {"non_striker": "KS Williamson", "bowler": "BB Sran", "runs": {"extras": 0, "total": 1, "batsman": 1}, "batsman": "YK Pathan"}}, {"2.4": {"non_striker": "YK Pathan", "bowler": "BB Sran", "runs": {"extras": 0, "total": 1, "batsman": 1}, "batsman": "KS Williamson"}}, {"2.5": {"non_striker": "KS Williamson", "bowler": "BB Sran", "runs": {"extras": 0, "total": 1, "batsman": 1}, "batsman": "YK Pathan"}}, {"2.6": {"non_striker": "YK Pathan", "bowler": "BB Sran", "runs": {"extras": 0, "total": 0, "batsman": 0}, "batsman": "KS Williamson"}}, {"3.1": {"non_striker": "KS Williamson", "bowler": "AJ Tye", "runs": {"extras": 0, "total": 0, "batsman": 0}, "batsman": "YK Pathan"}}, {"3.2": {"non_striker": "KS Williamson", "bowler": "AJ Tye", "runs": {"extras": 0, "total": 1, "batsman": 1}, "batsman": "YK Pathan"}}, {"3.3": {"non_striker": "YK Pathan", "bowler": "AJ Tye", "runs": {"extras": 0, "total": 1, "batsman": 1}, "batsman": "KS Williamson"}}, {"3.4": {"non_striker": "KS Williamson", "bowler": "AJ Tye", "runs": {"extras": 0, "total": 4, "batsman": 4}, "batsman": "YK Pathan"}}, {"3.5": {"non_striker": "KS Williamson", "bowler": "AJ Tye", "runs": {"extras": 0, "total": 1, "batsman": 1}, "batsman": "YK Pathan"}}, {"3.6": {"non_striker": "YK Pathan", "bowler": "AJ Tye", "runs": {"extras": 0, "total": 0, "batsman": 0}, "batsman": "KS Williamson"}}, {"4.1": {"non_striker": "KS Williamson", "bowler": "MM Sharma", "runs": {"extras": 0, "total": 4, "batsman": 4}, "batsman": "YK Pathan"}}, {"4.2": {"non_striker": "KS Williamson", "bowler": "MM Sharma", "runs": {"extras": 0, "total": 1, "batsman": 1}, "batsman": "YK Pathan"}}, {"4.3": {"non_striker": "YK Pathan", "bowler": "MM Sharma", "runs": {"extras": 1, "total": 1, "batsman": 0}, "extras": {"legbyes": 1}, "batsman": "KS Williamson"}}, {"4.4": {"non_striker": "KS Williamson", "bowler": "MM Sharma", "runs": {"extras": 0, "total": 0, "batsman": 0}, "batsman": "YK Pathan"}}, {"4.5": {"non_striker": "KS Williamson", "bowler": "MM Sharma", "runs": {"extras": 0, "total": 2, "batsman": 2}, "batsman": "YK Pathan"}}, {"4.6": {"non_striker": "KS Williamson", "bowler": "MM Sharma", "runs": {"extras": 0, "total": 0, "batsman": 0}, "batsman": "YK Pathan", "wicket": {"player_out": "YK Pathan", "kind": "bowled"}}}, {"5.1": {"non_striker": "MK Pandey", "bowler": "BB Sran", "runs": {"extras": 0, "total": 0, "batsman": 0}, "batsman": "KS Williamson"}}, {"5.2": {"non_striker": "MK Pandey", "bowler": "BB Sran", "runs": {"extras": 0, "total": 1, "batsman": 1}, "batsman": "KS Williamson"}}, {"5.3": {"non_striker": "KS Williamson", "bowler": "BB Sran", "runs": {"extras": 0, "total": 1, "batsman": 1}, "batsman": "MK Pandey"}}, {"5.4": {"non_striker": "MK Pandey", "bowler": "BB Sran", "runs": {"extras": 0, "total": 1, "batsman": 1}, "batsman": "KS Williamson"}}, {"5.5": {"non_striker": "KS Williamson", "bowler": "BB Sran", "runs": {"extras": 0, "total": 0, "batsman": 0}, "batsman": "MK Pandey"}}, {"5.6": {"non_striker": "KS Williamson", "bowler": "BB Sran", "runs": {"extras": 0, "total": 0, "batsman": 0}, "batsman": "MK Pandey"}}, {"6.1": {"non_striker": "MK Pandey", "bowler": "R Ashwin", "runs": {"extras": 0, "total": 1, "batsman": 1}, "batsman": "KS Williamson"}}, {"6.2": {"non_striker": "KS Williamson", "bowler": "R Ashwin", "runs": {"extras": 0, "total": 1, "batsman": 1}, "batsman": "MK Pandey"}}, {"6.3": {"non_striker": "MK Pandey", "bowler": "R Ashwin", "runs": {"extras": 0, "total": 1, "batsman": 1}, "batsman": "KS Williamson"}}, {"6.4": {"non_striker": "KS Williamson", "bowler": "R Ashwin", "runs": {"extras": 2, "total": 2, "batsman": 0}, "extras": {"wides": 2}, "batsman": "MK Pandey"}}, {"6.5": {"non_striker": "MK Pandey", "bowler": "R Ashwin", "runs": {"extras": 0, "total": 2, "batsman": 2}, "batsman": "KS Williamson"}}, {"6.6": {"non_striker": "MK Pandey", "bowler": "R Ashwin", "runs": {"extras": 0, "total": 4, "batsman": 4}, "batsman": "KS Williamson"}}, {"6.7": {"non_striker": "MK Pandey", "bowler": "R Ashwin", "runs": {"extras": 0, "total": 1, "batsman": 1}, "batsman": "KS Williamson"}}, {"7.1": {"non_striker": "MK Pandey", "bowler": "Mujeeb Ur Rahman", "runs": {"extras": 0, "total": 1, "batsman": 1}, "batsman": "KS Williamson"}}, {"7.2": {"non_striker": "KS Williamson", "bowler": "Mujeeb Ur Rahman", "runs": {"extras": 0, "total": 1, "batsman": 1}, "batsman": "MK Pandey"}}, {"7.3": {"non_striker": "MK Pandey", "bowler": "Mujeeb Ur Rahman", "runs": {"extras": 0, "total": 1, "batsman": 1}, "batsman": "KS Williamson"}}, {"7.4": {"non_striker": "KS Williamson", "bowler": "Mujeeb Ur Rahman", "runs": {"extras": 0, "total": 1, "batsman": 1}, "batsman": "MK Pandey"}}, {"7.5": {"non_striker": "MK Pandey", "bowler": "Mujeeb Ur Rahman", "runs": {"extras": 0, "total": 1, "batsman": 1}, "batsman": "KS Williamson"}}, {"7.6": {"non_striker": "KS Williamson", "bowler": "Mujeeb Ur Rahman", "runs": {"extras": 0, "total": 0, "batsman": 0}, "batsman": "MK Pandey"}}, {"8.1": {"non_striker": "MK Pandey", "bowler": "R Ashwin", "runs": {"extras": 0, "total": 6, "batsman": 6}, "batsman": "KS Williamson"}}, {"8.2": {"non_striker": "MK Pandey", "bowler": "R Ashwin", "runs": {"extras": 0, "total": 1, "batsman": 1}, "batsman": "KS Williamson"}}, {"8.3": {"non_striker": "KS Williamson", "bowler": "R Ashwin", "runs": {"extras": 0, "total": 1, "batsman": 1}, "batsman": "MK Pandey"}}, {"8.4": {"non_striker": "MK Pandey", "bowler": "R Ashwin", "runs": {"extras": 0, "total": 1, "batsman": 1}, "batsman": "KS Williamson"}}, {"8.5": {"non_striker": "KS Williamson", "bowler": "R Ashwin", "runs": {"extras": 0, "total": 1, "batsman": 1}, "batsman": "MK Pandey"}}, {"8.6": {"non_striker": "MK Pandey", "bowler": "R Ashwin", "runs": {"extras": 0, "total": 1, "batsman": 1}, "batsman": "KS Williamson"}}, {"9.1": {"non_striker": "MK Pandey", "bowler": "Mujeeb Ur Rahman", "runs": {"extras": 0, "total": 0, "batsman": 0}, "batsman": "KS Williamson"}}, {"9.2": {"non_striker": "MK Pandey", "bowler": "Mujeeb Ur Rahman", "runs": {"extras": 0, "total": 2, "batsman": 2}, "batsman": "KS Williamson"}}, {"9.3": {"non_striker": "MK Pandey", "bowler": "Mujeeb Ur Rahman", "runs": {"extras": 0, "total": 1, "batsman": 1}, "batsman": "KS Williamson"}}, {"9.4": {"non_striker": "KS Williamson", "bowler": "Mujeeb Ur Rahman", "runs": {"extras": 0, "total": 0, "batsman": 0}, "batsman": "MK Pandey"}}, {"9.5": {"non_striker": "KS Williamson", "bowler": "Mujeeb Ur Rahman", "runs": {"extras": 0, "total": 1, "batsman": 1}, "batsman": "MK Pandey"}}, {"9.6": {"non_striker": "MK Pandey", "bowler": "Mujeeb Ur Rahman", "runs": {"extras": 0, "total": 0, "batsman": 0}, "batsman": "KS Williamson"}}, {"10.1": {"non_striker": "KS Williamson", "bowler": "AJ Tye", "runs": {"extras": 0, "total": 0, "batsman": 0}, "batsman": "MK Pandey"}}, {"10.2": {"non_striker": "KS Williamson", "bowler": "AJ Tye", "runs": {"extras": 0, "total": 1, "batsman": 1}, "batsman": "MK Pandey"}}, {"10.3": {"non_striker": "MK Pandey", "bowler": "AJ Tye", "runs": {"extras": 0, "total": 0, "batsman": 0}, "batsman": "KS Williamson"}}, {"10.4": {"non_striker": "MK Pandey", "bowler": "AJ Tye", "runs": {"extras": 1, "total": 1, "batsman": 0}, "extras": {"legbyes": 1}, "batsman": "KS Williamson"}}, {"10.5": {"non_striker": "KS Williamson", "bowler": "AJ Tye", "runs": {"extras": 0, "total": 1, "batsman": 1}, "batsman": "MK Pandey"}}, {"10.6": {"non_striker": "MK Pandey", "bowler": "AJ Tye", "runs": {"extras": 0, "total": 1, "batsman": 1}, "batsman": "KS Williamson"}}, {"11.1": {"non_striker": "MK Pandey", "bowler": "Mujeeb Ur Rahman", "runs": {"extras": 0, "total": 1, "batsman": 1}, "batsman": "KS Williamson"}}, {"11.2": {"non_striker": "KS Williamson", "bowler": "Mujeeb Ur Rahman", "runs": {"extras": 0, "total": 1, "batsman": 1}, "batsman": "MK Pandey"}}, {"11.3": {"non_striker": "MK Pandey", "bowler": "Mujeeb Ur Rahman", "runs": {"extras": 0, "total": 2, "batsman": 2}, "batsman": "KS Williamson"}}, {"11.4": {"non_striker": "MK Pandey", "bowler": "Mujeeb Ur Rahman", "runs": {"extras": 0, "total": 0, "batsman": 0}, "batsman": "KS Williamson"}}, {"11.5": {"non_striker": "MK Pandey", "bowler": "Mujeeb Ur Rahman", "runs": {"extras": 0, "total": 1, "batsman": 1}, "batsman": "KS Williamson"}}, {"11.6": {"non_striker": "KS Williamson", "bowler": "Mujeeb Ur Rahman", "runs": {"extras": 0, "total": 1, "batsman": 1}, "batsman": "MK Pandey"}}, {"12.1": {"non_striker": "KS Williamson", "bowler": "MM Sharma", "runs": {"extras": 0, "total": 2, "batsman": 2}, "batsman": "MK Pandey"}}, {"12.2": {"non_striker": "KS Williamson", "bowler": "MM Sharma", "runs": {"extras": 0, "total": 4, "batsman": 4}, "batsman": "MK Pandey"}}, {"12.3": {"non_striker": "KS Williamson", "bowler": "MM Sharma", "runs": {"extras": 0, "total": 2, "batsman": 2}, "batsman": "MK Pandey"}}, {"12.4": {"non_striker": "KS Williamson", "bowler": "MM Sharma", "runs": {"extras": 0, "total": 1, "batsman": 1}, "batsman": "MK Pandey"}}, {"12.5": {"non_striker": "MK Pandey", "bowler": "MM Sharma", "runs": {"extras": 0, "total": 1, "batsman": 1}, "batsman": "KS Williamson"}}, {"12.6": {"non_striker": "KS Williamson", "bowler": "MM Sharma", "runs": {"extras": 0, "total": 4, "batsman": 4}, "batsman": "MK Pandey"}}, {"13.1": {"non_striker": "MK Pandey", "bowler": "R Ashwin", "runs": {"extras": 0, "total": 1, "batsman": 1}, "batsman": "KS Williamson"}}, {"13.2": {"non_striker": "KS Williamson", "bowler": "R Ashwin", "runs": {"extras": 0, "total": 2, "batsman": 2}, "batsman": "MK Pandey"}}, {"13.3": {"non_striker": "KS Williamson", "bowler": "R Ashwin", "runs": {"extras": 1, "total": 1, "batsman": 0}, "extras": {"wides": 1}, "batsman": "MK Pandey"}}, {"13.4": {"non_striker": "KS Williamson", "bowler": "R Ashwin", "runs": {"extras": 0, "total": 1, "batsman": 1}, "batsman": "MK Pandey"}}, {"13.5": {"non_striker": "MK Pandey", "bowler": "R Ashwin", "runs": {"extras": 0, "total": 6, "batsman": 6}, "batsman": "KS Williamson"}}, {"13.6": {"non_striker": "MK Pandey", "bowler": "R Ashwin", "runs": {"extras": 0, "total": 1, "batsman": 1}, "batsman": "KS Williamson"}}, {"13.7": {"non_striker": "KS Williamson", "bowler": "R Ashwin", "runs": {"extras": 1, "total": 1, "batsman": 0}, "extras": {"wides": 1}, "batsman": "MK Pandey"}}, {"13.8": {"non_striker": "KS Williamson", "bowler": "R Ashwin", "runs": {"extras": 0, "total": 0, "batsman": 0}, "batsman": "MK Pandey"}}, {"14.1": {"non_striker": "MK Pandey", "bowler": "AJ Tye", "runs": {"extras": 0, "total": 4, "batsman": 4}, "batsman": "KS Williamson"}}, {"14.2": {"non_striker": "MK Pandey", "bowler": "AJ Tye", "runs": {"extras": 0, "total": 0, "batsman": 0}, "batsman": "KS Williamson", "wicket": {"player_out": "KS Williamson", "fielders": ["AJ Finch"], "kind": "caught"}}}, {"14.3": {"non_striker": "DJ Hooda", "bowler": "AJ Tye", "runs": {"extras": 0, "total": 1, "batsman": 1}, "batsman": "MK Pandey"}}, {"14.4": {"non_striker": "MK Pandey", "bowler": "AJ Tye", "runs": {"extras": 0, "total": 2, "batsman": 2}, "batsman": "DJ Hooda"}}, {"14.5": {"non_striker": "MK Pandey", "bowler": "AJ Tye", "runs": {"extras": 0, "total": 2, "batsman": 2}, "batsman": "DJ Hooda"}}, {"14.6": {"non_striker": "MK Pandey", "bowler": "AJ Tye", "runs": {"extras": 0, "total": 0, "batsman": 0}, "batsman": "DJ Hooda"}}, {"15.1": {"non_striker": "DJ Hooda", "bowler": "Mujeeb Ur Rahman", "runs": {"extras": 0, "total": 2, "batsman": 2}, "batsman": "MK Pandey"}}, {"15.2": {"non_striker": "DJ Hooda", "bowler": "Mujeeb Ur Rahman", "runs": {"extras": 0, "total": 1, "batsman": 1}, "batsman": "MK Pandey"}}, {"15.3": {"non_striker": "MK Pandey", "bowler": "Mujeeb Ur Rahman", "runs": {"extras": 0, "total": 1, "batsman": 1}, "batsman": "DJ Hooda"}}, {"15.4": {"non_striker": "DJ Hooda", "bowler": "Mujeeb Ur Rahman", "runs": {"extras": 0, "total": 4, "batsman": 4}, "batsman": "MK Pandey"}}, {"15.5": {"non_striker": "DJ Hooda", "bowler": "Mujeeb Ur Rahman", "runs": {"extras": 0, "total": 2, "batsman": 2}, "batsman": "MK Pandey"}}, {"15.6": {"non_striker": "DJ Hooda", "bowler": "Mujeeb Ur Rahman", "runs": {"extras": 1, "total": 1, "batsman": 0}, "extras": {"wides": 1}, "batsman": "MK Pandey"}}, {"15.7": {"non_striker": "DJ Hooda", "bowler": "Mujeeb Ur Rahman", "runs": {"extras": 0, "total": 1, "batsman": 1}, "batsman": "MK Pandey"}}, {"16.1": {"non_striker": "DJ Hooda", "bowler": "AJ Tye", "runs": {"extras": 0, "total": 0, "batsman": 0}, "batsman": "MK Pandey"}}, {"16.2": {"non_striker": "DJ Hooda", "bowler": "AJ Tye", "runs": {"extras": 0, "total": 2, "batsman": 2}, "batsman": "MK Pandey"}}, {"16.3": {"non_striker": "DJ Hooda", "bowler": "AJ Tye", "runs": {"extras": 0, "total": 1, "batsman": 1}, "batsman": "MK Pandey"}}, {"16.4": {"non_striker": "MK Pandey", "bowler": "AJ Tye", "runs": {"extras": 0, "total": 0, "batsman": 0}, "batsman": "DJ Hooda", "wicket": {"player_out": "DJ Hooda", "fielders": ["MK Tiwary (sub)"], "kind": "caught"}}}, {"16.5": {"non_striker": "Shakib Al Hasan", "bowler": "AJ Tye", "runs": {"extras": 0, "total": 1, "batsman": 1}, "batsman": "MK Pandey"}}, {"16.6": {"non_striker": "MK Pandey", "bowler": "AJ Tye", "runs": {"extras": 0, "total": 0, "batsman": 0}, "batsman": "Shakib Al Hasan"}}, {"17.1": {"non_striker": "Shakib Al Hasan", "bowler": "BB Sran", "runs": {"extras": 0, "total": 1, "batsman": 1}, "batsman": "MK Pandey"}}, {"17.2": {"non_striker": "MK Pandey", "bowler": "BB Sran", "runs": {"extras": 1, "total": 5, "batsman": 4}, "extras": {"noballs": 1}, "batsman": "Shakib Al Hasan"}}, {"17.3": {"non_striker": "MK Pandey", "bowler": "BB Sran", "runs": {"extras": 1, "total": 1, "batsman": 0}, "extras": {"wides": 1}, "batsman": "Shakib Al Hasan"}}, {"17.4": {"non_striker": "MK Pandey", "bowler": "BB Sran", "runs": {"extras": 0, "total": 0, "batsman": 0}, "batsman": "Shakib Al Hasan"}}, {"17.5": {"non_striker": "MK Pandey", "bowler": "BB Sran", "runs": {"extras": 0, "total": 2, "batsman": 2}, "batsman": "Shakib Al Hasan"}}, {"17.6": {"non_striker": "MK Pandey", "bowler": "BB Sran", "runs": {"extras": 0, "total": 1, "batsman": 1}, "batsman": "Shakib Al Hasan"}}, {"17.7": {"non_striker": "Shakib Al Hasan", "bowler": "BB Sran", "runs": {"extras": 1, "total": 1, "batsman": 0}, "extras": {"wides": 1}, "batsman": "MK Pandey"}}, {"17.8": {"non_striker": "Shakib Al Hasan", "bowler": "BB Sran", "runs": {"extras": 0, "total": 1, "batsman": 1}, "batsman": "MK Pandey"}}, {"17.9": {"non_striker": "MK Pandey", "bowler": "BB Sran", "runs": {"extras": 0, "total": 1, "batsman": 1}, "batsman": "Shakib Al Hasan"}}, {"18.1": {"non_striker": "MK Pandey", "bowler": "MM Sharma", "runs": {"extras": 0, "total": 1, "batsman": 1}, "batsman": "Shakib Al Hasan"}}, {"18.2": {"non_striker": "Shakib Al Hasan", "bowler": "MM Sharma", "runs": {"extras": 0, "total": 6, "batsman": 6}, "batsman": "MK Pandey"}}, {"18.3": {"non_striker": "Shakib Al Hasan", "bowler": "MM Sharma", "runs": {"extras": 0, "total": 1, "batsman": 1}, "batsman": "MK Pandey"}}, {"18.4": {"non_striker": "MK Pandey", "bowler": "MM Sharma", "runs": {"extras": 1, "total": 1, "batsman": 0}, "extras": {"wides": 1}, "batsman": "Shakib Al Hasan"}}, {"18.5": {"non_striker": "MK Pandey", "bowler": "MM Sharma", "runs": {"extras": 0, "total": 1, "batsman": 1}, "batsman": "Shakib Al Hasan"}}, {"18.6": {"non_striker": "Shakib Al Hasan", "bowler": "MM Sharma", "runs": {"extras": 0, "total": 2, "batsman": 2}, "batsman": "MK Pandey"}}, {"18.7": {"non_striker": "Shakib Al Hasan", "bowler": "MM Sharma", "runs": {"extras": 0, "total": 2, "batsman": 2}, "batsman": "MK Pandey"}}, {"19.1": {"non_striker": "MK Pandey", "bowler": "R Ashwin", "runs": {"extras": 0, "total": 1, "batsman": 1}, "batsman": "Shakib Al Hasan"}}, {"19.2": {"non_striker": "Shakib Al Hasan", "bowler": "R Ashwin", "runs": {"extras": 0, "total": 1, "batsman": 1}, "batsman": "MK Pandey"}}, {"19.3": {"non_striker": "MK Pandey", "bowler": "R Ashwin", "runs": {"extras": 1, "total": 1, "batsman": 0}, "extras": {"wides": 1}, "batsman": "Shakib Al Hasan"}}, {"19.4": {"non_striker": "MK Pandey", "bowler": "R Ashwin", "runs": {"extras": 0, "total": 6, "batsman": 6}, "batsman": "Shakib Al Hasan"}}, {"19.5": {"non_striker": "MK Pandey", "bowler": "R Ashwin", "runs": {"extras": 0, "total": 6, "batsman": 6}, "batsman": "Shakib Al Hasan"}}, {"19.6": {"non_striker": "MK Pandey", "bowler": "R Ashwin", "runs": {"extras": 0, "total": 1, "batsman": 1}, "batsman": "Shakib Al Hasan"}}, {"19.7": {"non_striker": "Shakib Al Hasan", "bowler": "R Ashwin", "runs": {"extras": 0, "total": 1, "batsman": 1}, "batsman": "MK Pandey"}}]