[{"0.1": {"non_striker": "CA Lynn", "bowler": "MJ McClenaghan", "runs": {"extras": 0, "total": 4, "batsman": 4}, "batsman": "SP Narine"}}, {"0.2": {"non_striker": "CA Lynn", "bowler": "MJ McClenaghan", "runs": {"extras": 0, "total": 0, "batsman": 0}, "batsman": "SP Narine", "wicket": {"player_out": "SP Narine", "fielders": ["KH Pandya"], "kind": "caught"}}}, {"0.3": {"non_striker": "RV Uthappa", "bowler": "MJ McClenaghan", "runs": {"extras": 0, "total": 0, "batsman": 0}, "batsman": "CA Lynn"}}, {"0.4": {"non_striker": "RV Uthappa", "bowler": "MJ McClenaghan", "runs": {"extras": 0, "total": 4, "batsman": 4}, "batsman": "CA Lynn"}}, {"0.5": {"non_striker": "RV Uthappa", "bowler": "MJ McClenaghan", "runs": {"extras": 0, "total": 4, "batsman": 4}, "batsman": "CA Lynn"}}, {"0.6": {"non_striker": "RV Uthappa", "bowler": "MJ McClenaghan", "runs": {"extras": 0, "total": 0, "batsman": 0}, "batsman": "CA Lynn"}}, {"1.1": {"non_striker": "CA Lynn", "bowler": "KH Pandya", "runs": {"extras": 0, "total": 0, "batsman": 0}, "batsman": "RV Uthappa"}}, {"1.2": {"non_striker": "CA Lynn", "bowler": "KH Pandya", "runs": {"extras": 0, "total": 0, "batsman": 0}, "batsman": "RV Uthappa"}}, {"1.3": {"non_striker": "CA Lynn", "bowler": "KH Pandya", "runs": {"extras": 0, "total": 1, "batsman": 1}, "batsman": "RV Uthappa"}}, {"1.4": {"non_striker": "RV Uthappa", "bowler": "KH Pandya", "runs": {"extras": 0, "total": 0, "batsman": 0}, "batsman": "CA Lynn"}}, {"1.5": {"non_striker": "RV Uthappa", "bowler": "KH Pandya", "runs": {"extras": 0, "total": 1, "batsman": 1}, "batsman": "CA Lynn"}}, {"1.6": {"non_striker": "CA Lynn", "bowler": "KH Pandya", "runs": {"extras": 0, "total": 0, "batsman": 0}, "batsman": "RV Uthappa"}}, {"2.1": {"non_striker": "RV Uthappa", "bowler": "MJ McClenaghan", "runs": {"extras": 0, "total": 0, "batsman": 0}, "batsman": "CA Lynn"}}, {"2.2": {"non_striker": "RV Uthappa", "bowler": "MJ McClenaghan", "runs": {"extras": 0, "total": 0, "batsman": 0}, "batsman": "CA Lynn"}}, {"2.3": {"non_striker": "RV Uthappa", "bowler": "MJ McClenaghan", "runs": {"extras": 0, "total": 6, "batsman": 6}, "batsman": "CA Lynn"}}, {"2.4": {"non_striker": "RV Uthappa", "bowler": "MJ McClenaghan", "runs": {"extras": 0, "total": 4, "batsman": 4}, "batsman": "CA Lynn"}}, {"2.5": {"non_striker": "RV Uthappa", "bowler": "MJ McClenaghan", "runs": {"extras": 0, "total": 0, "batsman": 0}, "batsman": "CA Lynn"}}, {"2.6": {"non_striker": "RV Uthappa", "bowler": "MJ McClenaghan", "runs": {"extras": 0, "total": 1, "batsman": 1}, "batsman": "CA Lynn"}}, {"3.1": {"non_striker": "RV Uthappa", "bowler": "KH Pandya", "runs": {"extras": 0, "total": 0, "batsman": 0}, "batsman": "CA Lynn"}}, {"3.2": {"non_striker": "RV Uthappa", "bowler": "KH Pandya", "runs": {"extras": 0, "total": 0, "batsman": 0}, "batsman": "CA Lynn"}}, {"3.3": {"non_striker": "RV Uthappa", "bowler": "KH Pandya", "runs": {"extras": 0, "total": 1, "batsman": 1}, "batsman": "CA Lynn"}}, {"3.4": {"non_striker": "CA Lynn", "bowler": "KH Pandya", "runs": {"extras": 0, "total": 0, "batsman": 0}, "batsman": "RV Uthappa"}}, {"3.5": {"non_striker": "CA Lynn", "bowler": "KH Pandya", "runs": {"extras": 0, "total": 6, "batsman": 6}, "batsman": "RV Uthappa"}}, {"3.6": {"non_striker": "CA Lynn", "bowler": "KH Pandya", "runs": {"extras": 0, "total": 0, "batsman": 0}, "batsman": "RV Uthappa", "wicket": {"player_out": "CA Lynn", "kind": "run out"}}}, {"4.1": {"non_striker": "RV Uthappa", "bowler": "JJ Bumrah", "runs": {"extras": 0, "total": 0, "batsman": 0}, "batsman": "N Rana"}}, {"4.2": {"non_striker": "RV Uthappa", "bowler": "JJ Bumrah", "runs": {"extras": 0, "total": 0, "batsman": 0}, "batsman": "N Rana"}}, {"4.3": {"non_striker": "RV Uthappa", "bowler": "JJ Bumrah", "runs": {"extras": 0, "total": 1, "batsman": 1}, "batsman": "N Rana"}}, {"4.4": {"non_striker": "N Rana", "bowler": "JJ Bumrah", "runs": {"extras": 0, "total": 6, "batsman": 6}, "batsman": "RV Uthappa"}}, {"4.5": {"non_striker": "N Rana", "bowler": "JJ Bumrah", "runs": {"extras": 0, "total": 0, "batsman": 0}, "batsman": "RV Uthappa"}}, {"4.6": {"non_striker": "N Rana", "bowler": "JJ Bumrah", "runs": {"extras": 0, "total": 0, "batsman": 0}, "batsman": "RV Uthappa"}}, {"5.1": {"non_striker": "RV Uthappa", "bowler": "HH Pandya", "runs": {"extras": 0, "total": 4, "batsman": 4}, "batsman": "N Rana"}}, {"5.2": {"non_striker": "RV Uthappa", "bowler": "HH Pandya", "runs": {"extras": 0, "total": 0, "batsman": 0}, "batsman": "N Rana"}}, {"5.3": {"non_striker": "RV Uthappa", "bowler": "HH Pandya", "runs": {"extras": 0, "total": 4, "batsman": 4}, "batsman": "N Rana"}}, {"5.4": {"non_striker": "RV Uthappa", "bowler": "HH Pandya", "runs": {"extras": 0, "total": 0, "batsman": 0}, "batsman": "N Rana"}}, {"5.5": {"non_striker": "RV Uthappa", "bowler": "HH Pandya", "runs": {"extras": 0, "total": 0, "batsman": 0}, "batsman": "N Rana"}}, {"5.6": {"non_striker": "RV Uthappa", "bowler": "HH Pandya", "runs": {"extras": 0, "total": 0, "batsman": 0}, "batsman": "N Rana"}}, {"6.1": {"non_striker": "N Rana", "bowler": "M Markande", "runs": {"extras": 0, "total": 0, "batsman": 0}, "batsman": "RV Uthappa"}}, {"6.2": {"non_striker": "N Rana", "bowler": "M Markande", "runs": {"extras": 0, "total": 1, "batsman": 1}, "batsman": "RV Uthappa"}}, {"6.3": {"non_striker": "RV Uthappa", "bowler": "M Markande", "runs": {"extras": 0, "total": 1, "batsman": 1}, "batsman": "N Rana"}}, {"6.4": {"non_striker": "N Rana", "bowler": "M Markande", "runs": {"extras": 0, "total": 0, "batsman": 0}, "batsman": "RV Uthappa", "wicket": {"player_out": "RV Uthappa", "fielders": ["SA Yadav"], "kind": "caught"}}}, {"6.5": {"non_striker": "N Rana", "bowler": "M Markande", "runs": {"extras": 0, "total": 1, "batsman": 1}, "batsman": "AD Russell"}}, {"6.6": {"non_striker": "AD Russell", "bowler": "M Markande", "runs": {"extras": 0, "total": 1, "batsman": 1}, "batsman": "N Rana"}}, {"7.1": {"non_striker": "AD Russell", "bowler": "HH Pandya", "runs": {"extras": 0, "total": 0, "batsman": 0}, "batsman": "N Rana"}}, {"7.2": {"non_striker": "AD Russell", "bowler": "HH Pandya", "runs": {"extras": 0, "total": 1, "batsman": 1}, "batsman": "N Rana"}}, {"7.3": {"non_striker": "N Rana", "bowler": "HH Pandya", "runs": {"extras": 0, "total": 1, "batsman": 1}, "batsman": "AD Russell"}}, {"7.4": {"non_striker": "AD Russell", "bowler": "HH Pandya", "runs": {"extras": 0, "total": 1, "batsman": 1}, "batsman": "N Rana"}}, {"7.5": {"non_striker": "N Rana", "bowler": "HH Pandya", "runs": {"extras": 0, "total": 0, "batsman": 0}, "batsman": "AD Russell"}}, {"7.6": {"non_striker": "N Rana", "bowler": "HH Pandya", "runs": {"extras": 0, "total": 0, "batsman": 0}, "batsman": "AD Russell", "wicket": {"player_out": "AD Russell", "fielders": ["M Markande"], "kind": "caught"}}}, {"8.1": {"non_striker": "KD Karthik", "bowler": "M Markande", "runs": {"extras": 0, "total": 1, "batsman": 1}, "batsman": "N Rana"}}, {"8.2": {"non_striker": "N Rana", "bowler": "M Markande", "runs": {"extras": 0, "total": 0, "batsman": 0}, "batsman": "KD Karthik"}}, {"8.3": {"non_striker": "N Rana", "bowler": "M Markande", "runs": {"extras": 0, "total": 1, "batsman": 1}, "batsman": "KD Karthik"}}, {"8.4": {"non_striker": "KD Karthik", "bowler": "M Markande", "runs": {"extras": 0, "total": 6, "batsman": 6}, "batsman": "N Rana"}}, {"8.5": {"non_striker": "KD Karthik", "bowler": "M Markande", "runs": {"extras": 0, "total": 1, "batsman": 1}, "batsman": "N Rana"}}, {"8.6": {"non_striker": "N Rana", "bowler": "M Markande", "runs": {"extras": 0, "total": 4, "batsman": 4}, "batsman": "KD Karthik"}}, {"9.1": {"non_striker": "KD Karthik", "bowler": "HH Pandya", "runs": {"extras": 0, "total": 0, "batsman": 0}, "batsman": "N Rana", "wicket": {"player_out": "KD Karthik", "kind": "run out"}}}, {"9.2": {"non_striker": "RK Singh", "bowler": "HH Pandya", "runs": {"extras": 0, "total": 0, "batsman": 0}, "batsman": "N Rana", "wicket": {"player_out": "N Rana", "fielders": ["BCJ Cutting"], "kind": "caught"}}}, {"9.3": {"non_striker": "TK Curran", "bowler": "HH Pandya", "runs": {"extras": 0, "total": 1, "batsman": 1}, "batsman": "RK Singh"}}, {"9.4": {"non_striker": "RK Singh", "bowler": "HH Pandya", "runs": {"extras": 0, "total": 0, "batsman": 0}, "batsman": "TK Curran"}}, {"9.5": {"non_striker": "RK Singh", "bowler": "HH Pandya", "runs": {"extras": 0, "total": 0, "batsman": 0}, "batsman": "TK Curran"}}, {"9.6": {"non_striker": "RK Singh", "bowler": "HH Pandya", "runs": {"extras": 0, "total": 4, "batsman": 4}, "batsman": "TK Curran"}}, {"10.1": {"non_striker": "TK Curran", "bowler": "JJ Bumrah", "runs": {"extras": 0, "total": 4, "batsman": 4}, "batsman": "RK Singh"}}, {"10.2": {"non_striker": "TK Curran", "bowler": "JJ Bumrah", "runs": {"extras": 0, "total": 0, "batsman": 0}, "batsman": "RK Singh", "wicket": {"player_out": "RK Singh", "fielders": ["Ishan Kishan"], "kind": "caught"}}}, {"10.3": {"non_striker": "TK Curran", "bowler": "JJ Bumrah", "runs": {"extras": 0, "total": 0, "batsman": 0}, "batsman": "PP Chawla"}}, {"10.4": {"non_striker": "TK Curran", "bowler": "JJ Bumrah", "runs": {"extras": 0, "total": 0, "batsman": 0}, "batsman": "PP Chawla"}}, {"10.5": {"non_striker": "TK Curran", "bowler": "JJ Bumrah", "runs": {"extras": 0, "total": 1, "batsman": 1}, "batsman": "PP Chawla"}}, {"10.6": {"non_striker": "PP Chawla", "bowler": "JJ Bumrah", "runs": {"extras": 0, "total": 0, "batsman": 0}, "batsman": "TK Curran"}}, {"11.1": {"non_striker": "TK Curran", "bowler": "BCJ Cutting", "runs": {"extras": 0, "total": 0, "batsman": 0}, "batsman": "PP Chawla"}}, {"11.2": {"non_striker": "TK Curran", "bowler": "BCJ Cutting", "runs": {"extras": 0, "total": 0, "batsman": 0}, "batsman": "PP Chawla"}}, {"11.3": {"non_striker": "TK Curran", "bowler": "BCJ Cutting", "runs": {"extras": 0, "total": 1, "batsman": 1}, "batsman": "PP Chawla"}}, {"11.4": {"non_striker": "PP Chawla", "bowler": "BCJ Cutting", "runs": {"extras": 0, "total": 0, "batsman": 0}, "batsman": "TK Curran"}}, {"11.5": {"non_striker": "PP Chawla", "bowler": "BCJ Cutting", "runs": {"extras": 0, "total": 4, "batsman": 4}, "batsman": "TK Curran"}}, {"11.6": {"non_striker": "PP Chawla", "bowler": "BCJ Cutting", "runs": {"extras": 0, "total": 0, "batsman": 0}, "batsman": "TK Curran"}}, {"12.1": {"non_striker": "TK Curran", "bowler": "JJ Bumrah", "runs": {"extras": 0, "total": 2, "batsman": 2}, "batsman": "PP Chawla"}}, {"12.2": {"non_striker": "TK Curran", "bowler": "JJ Bumrah", "runs": {"extras": 0, "total": 0, "batsman": 0}, "batsman": "PP Chawla"}}, {"12.3": {"non_striker": "TK Curran", "bowler": "JJ Bumrah", "runs": {"extras": 0, "total": 1, "batsman": 1}, "batsman": "PP Chawla"}}, {"12.4": {"non_striker": "PP Chawla", "bowler": "JJ Bumrah", "runs": {"extras": 0, "total": 0, "batsman": 0}, "batsman": "TK Curran"}}, {"12.5": {"non_striker": "PP Chawla", "bowler": "JJ Bumrah", "runs": {"extras": 0, "total": 1, "batsman": 1}, "batsman": "TK Curran"}}, {"12.6": {"non_striker": "TK Curran", "bowler": "JJ Bumrah", "runs": {"extras": 0, "total": 1, "batsman": 1}, "batsman": "PP Chawla"}}, {"13.1": {"non_striker": "TK Curran", "bowler": "BCJ Cutting", "runs": {"extras": 0, "total": 1, "batsman": 1}, "batsman": "PP Chawla"}}, {"13.2": {"non_striker": "PP Chawla", "bowler": "BCJ Cutting", "runs": {"extras": 0, "total": 0, "batsman": 0}, "batsman": "TK Curran"}}, {"13.3": {"non_striker": "PP Chawla", "bowler": "BCJ Cutting", "runs": {"extras": 0, "total": 1, "batsman": 1}, "batsman": "TK Curran"}}, {"13.4": {"non_striker": "TK Curran", "bowler": "BCJ Cutting", "runs": {"extras": 0, "total": 4, "batsman": 4}, "batsman": "PP Chawla"}}, {"13.5": {"non_striker": "TK Curran", "bowler": "BCJ Cutting", "runs": {"extras": 0, "total": 0, "batsman": 0}, "batsman": "PP Chawla", "wicket": {"player_out": "PP Chawla", "fielders": ["SA Yadav"], "kind": "caught"}}}, {"13.6": {"non_striker": "Kuldeep Yadav", "bowler": "BCJ Cutting", "runs": {"extras": 0, "total": 1, "batsman": 1}, "batsman": "TK Curran"}}, {"14.1": {"non_striker": "Kuldeep Yadav", "bowler": "MJ McClenaghan", "runs": {"extras": 0, "total": 1, "batsman": 1}, "batsman": "TK Curran"}}, {"14.2": {"non_striker": "TK Curran", "bowler": "MJ McClenaghan", "runs": {"extras": 0, "total": 0, "batsman": 0}, "batsman": "Kuldeep Yadav"}}, {"14.3": {"non_striker": "TK Curran", "bowler": "MJ McClenaghan", "runs": {"extras": 0, "total": 0, "batsman": 0}, "batsman": "Kuldeep Yadav"}}, {"14.4": {"non_striker": "TK Curran", "bowler": "MJ McClenaghan", "runs": {"extras": 0, "total": 0, "batsman": 0}, "batsman": "Kuldeep Yadav"}}, {"14.5": {"non_striker": "TK Curran", "bowler": "MJ McClenaghan", "runs": {"extras": 0, "total": 0, "batsman": 0}, "batsman": "Kuldeep Yadav"}}, {"14.6": {"non_striker": "TK Curran", "bowler": "MJ McClenaghan", "runs": {"extras": 0, "total": 0, "batsman": 0}, "batsman": "Kuldeep Yadav"}}, {"15.1": {"non_striker": "Kuldeep Yadav", "bowler": "M Markande", "runs": {"extras": 0, "total": 1, "batsman": 1}, "batsman": "TK Curran"}}, {"15.2": {"non_striker": "TK Curran", "bowler": "M Markande", "runs": {"extras": 0, "total": 0, "batsman": 0}, "batsman": "Kuldeep Yadav"}}, {"15.3": {"non_striker": "TK Curran", "bowler": "M Markande", "runs": {"extras": 0, "total": 2, "batsman": 2}, "batsman": "Kuldeep Yadav"}}, {"15.4": {"non_striker": "TK Curran", "bowler": "M Markande", "runs": {"extras": 0, "total": 0, "batsman": 0}, "batsman": "Kuldeep Yadav"}}, {"15.5": {"non_striker": "TK Curran", "bowler": "M Markande", "runs": {"extras": 1, "total": 1, "batsman": 0}, "extras": {"legbyes": 1}, "batsman": "Kuldeep Yadav"}}, {"15.6": {"non_striker": "Kuldeep Yadav", "bowler": "M Markande", "runs": {"extras": 0, "total": 4, "batsman": 4}, "batsman": "TK Curran"}}, {"16.1": {"non_striker": "TK Curran", "bowler": "KH Pandya", "runs": {"extras": 0, "total": 0, "batsman": 0}, "batsman": "Kuldeep Yadav"}}, {"16.2": {"non_striker": "TK Curran", "bowler": "KH Pandya", "runs": {"extras": 0, "total": 1, "batsman": 1}, "batsman": "Kuldeep Yadav"}}, {"16.3": {"non_striker": "Kuldeep Yadav", "bowler": "KH Pandya", "runs": {"extras": 0, "total": 1, "batsman": 1}, "batsman": "TK Curran"}}, {"16.4": {"non_striker": "TK Curran", "bowler": "KH Pandya", "runs": {"extras": 0, "total": 1, "batsman": 1}, "batsman": "Kuldeep Yadav"}}, {"16.5": {"non_striker": "Kuldeep Yadav", "bowler": "KH Pandya", "runs": {"extras": 0, "total": 0, "batsman": 0}, "batsman": "TK Curran", "wicket": {"player_out": "TK Curran", "fielders": ["JP Duminy"], "kind": "caught"}}}, {"16.6": {"non_striker": "M Prasidh Krishna", "bowler": "KH Pandya", "runs": {"extras": 0, "total": 0, "batsman": 0}, "batsman": "Kuldeep Yadav"}}, {"17.1": {"non_striker": "Kuldeep Yadav", "bowler": "M Markande", "runs": {"extras": 0, "total": 1, "batsman": 1}, "batsman": "M Prasidh Krishna"}}, {"17.2": {"non_striker": "M Prasidh Krishna", "bowler": "M Markande", "runs": {"extras": 0, "total": 1, "batsman": 1}, "batsman": "Kuldeep Yadav"}}, {"17.3": {"non_striker": "Kuldeep Yadav", "bowler": "M Markande", "runs": {"extras": 0, "total": 0, "batsman": 0}, "batsman": "M Prasidh Krishna"}}, {"17.4": {"non_striker": "Kuldeep Yadav", "bowler": "M Markande", "runs": {"extras": 0, "total": 0, "batsman": 0}, "batsman": "M Prasidh Krishna"}}, {"17.5": {"non_striker": "Kuldeep Yadav", "bowler": "M Markande", "runs": {"extras": 0, "total": 0, "batsman": 0}, "batsman": "M Prasidh Krishna"}}, {"17.6": {"non_striker": "Kuldeep Yadav", "bowler": "M Markande", "runs": {"extras": 0, "total": 0, "batsman": 0}, "batsman": "M Prasidh Krishna"}}, {"18.1": {"non_striker": "M Prasidh Krishna", "bowler": "KH Pandya", "runs": {"extras": 0, "total": 0, "batsman": 0}, "batsman": "Kuldeep Yadav", "wicket": {"player_out": "Kuldeep Yadav", "kind": "lbw"}}}]