[{"0.1": {"non_striker": "Q de Kock", "bowler": "K Gowtham", "runs": {"extras": 0, "total": 4, "batsman": 4}, "batsman": "BB McCullum"}}, {"0.2": {"non_striker": "Q de Kock", "bowler": "K Gowtham", "runs": {"extras": 0, "total": 0, "batsman": 0}, "batsman": "BB McCullum"}}, {"0.3": {"non_striker": "Q de Kock", "bowler": "K Gowtham", "runs": {"extras": 0, "total": 0, "batsman": 0}, "batsman": "BB McCullum"}}, {"0.4": {"non_striker": "Q de Kock", "bowler": "K Gowtham", "runs": {"extras": 0, "total": 0, "batsman": 0}, "batsman": "BB McCullum", "wicket": {"player_out": "BB McCullum", "fielders": ["BA Stokes"], "kind": "caught"}}}, {"0.5": {"non_striker": "Q de Kock", "bowler": "K Gowtham", "runs": {"extras": 0, "total": 0, "batsman": 0}, "batsman": "V Kohli"}}, {"0.6": {"non_striker": "Q de Kock", "bowler": "K Gowtham", "runs": {"extras": 0, "total": 1, "batsman": 1}, "batsman": "V Kohli"}}, {"1.1": {"non_striker": "Q de Kock", "bowler": "DS Kulkarni", "runs": {"extras": 0, "total": 4, "batsman": 4}, "batsman": "V Kohli"}}, {"1.2": {"non_striker": "Q de Kock", "bowler": "DS Kulkarni", "runs": {"extras": 0, "total": 0, "batsman": 0}, "batsman": "V Kohli"}}, {"1.3": {"non_striker": "Q de Kock", "bowler": "DS Kulkarni", "runs": {"extras": 0, "total": 4, "batsman": 4}, "batsman": "V Kohli"}}, {"1.4": {"non_striker": "Q de Kock", "bowler": "DS Kulkarni", "runs": {"extras": 0, "total": 4, "batsman": 4}, "batsman": "V Kohli"}}, {"1.5": {"non_striker": "Q de Kock", "bowler": "DS Kulkarni", "runs": {"extras": 0, "total": 1, "batsman": 1}, "batsman": "V Kohli"}}, {"1.6": {"non_striker": "V Kohli", "bowler": "DS Kulkarni", "runs": {"extras": 0, "total": 1, "batsman": 1}, "batsman": "Q de Kock"}}, {"2.1": {"non_striker": "V Kohli", "bowler": "K Gowtham", "runs": {"extras": 0, "total": 1, "batsman": 1}, "batsman": "Q de Kock"}}, {"2.2": {"non_striker": "Q de Kock", "bowler": "K Gowtham", "runs": {"extras": 0, "total": 4, "batsman": 4}, "batsman": "V Kohli"}}, {"2.3": {"non_striker": "Q de Kock", "bowler": "K Gowtham", "runs": {"extras": 0, "total": 0, "batsman": 0}, "batsman": "V Kohli"}}, {"2.4": {"non_striker": "Q de Kock", "bowler": "K Gowtham", "runs": {"extras": 0, "total": 1, "batsman": 1}, "batsman": "V Kohli"}}, {"2.5": {"non_striker": "V Kohli", "bowler": "K Gowtham", "runs": {"extras": 0, "total": 0, "batsman": 0}, "batsman": "Q de Kock"}}, {"2.6": {"non_striker": "V Kohli", "bowler": "K Gowtham", "runs": {"extras": 0, "total": 4, "batsman": 4}, "batsman": "Q de Kock"}}, {"3.1": {"non_striker": "Q de Kock", "bowler": "JD Unadkat", "runs": {"extras": 0, "total": 1, "batsman": 1}, "batsman": "V Kohli"}}, {"3.2": {"non_striker": "V Kohli", "bowler": "JD Unadkat", "runs": {"extras": 0, "total": 2, "batsman": 2}, "batsman": "Q de Kock"}}, {"3.3": {"non_striker": "V Kohli", "bowler": "JD Unadkat", "runs": {"extras": 0, "total": 4, "batsman": 4}, "batsman": "Q de Kock"}}, {"3.4": {"non_striker": "V Kohli", "bowler": "JD Unadkat", "runs": {"extras": 0, "total": 0, "batsman": 0}, "batsman": "Q de Kock"}}, {"3.5": {"non_striker": "V Kohli", "bowler": "JD Unadkat", "runs": {"extras": 0, "total": 1, "batsman": 1}, "batsman": "Q de Kock"}}, {"3.6": {"non_striker": "Q de Kock", "bowler": "JD Unadkat", "runs": {"extras": 0, "total": 1, "batsman": 1}, "batsman": "V Kohli"}}, {"4.1": {"non_striker": "Q de Kock", "bowler": "K Gowtham", "runs": {"extras": 0, "total": 1, "batsman": 1}, "batsman": "V Kohli"}}, {"4.2": {"non_striker": "V Kohli", "bowler": "K Gowtham", "runs": {"extras": 0, "total": 1, "batsman": 1}, "batsman": "Q de Kock"}}, {"4.3": {"non_striker": "Q de Kock", "bowler": "K Gowtham", "runs": {"extras": 0, "total": 1, "batsman": 1}, "batsman": "V Kohli"}}, {"4.4": {"non_striker": "V Kohli", "bowler": "K Gowtham", "runs": {"extras": 0, "total": 4, "batsman": 4}, "batsman": "Q de Kock"}}, {"4.5": {"non_striker": "V Kohli", "bowler": "K Gowtham", "runs": {"extras": 0, "total": 4, "batsman": 4}, "batsman": "Q de Kock"}}, {"4.6": {"non_striker": "V Kohli", "bowler": "K Gowtham", "runs": {"extras": 0, "total": 0, "batsman": 0}, "batsman": "Q de Kock"}}, {"5.1": {"non_striker": "Q de Kock", "bowler": "BA Stokes", "runs": {"extras": 0, "total": 4, "batsman": 4}, "batsman": "V Kohli"}}, {"5.2": {"non_striker": "Q de Kock", "bowler": "BA Stokes", "runs": {"extras": 0, "total": 1, "batsman": 1}, "batsman": "V Kohli"}}, {"5.3": {"non_striker": "V Kohli", "bowler": "BA Stokes", "runs": {"extras": 0, "total": 1, "batsman": 1}, "batsman": "Q de Kock"}}, {"5.4": {"non_striker": "Q de Kock", "bowler": "BA Stokes", "runs": {"extras": 0, "total": 2, "batsman": 2}, "batsman": "V Kohli"}}, {"5.5": {"non_striker": "Q de Kock", "bowler": "BA Stokes", "runs": {"extras": 0, "total": 4, "batsman": 4}, "batsman": "V Kohli"}}, {"5.6": {"non_striker": "Q de Kock", "bowler": "BA Stokes", "runs": {"extras": 1, "total": 1, "batsman": 0}, "extras": {"wides": 1}, "batsman": "V Kohli"}}, {"5.7": {"non_striker": "Q de Kock", "bowler": "BA Stokes", "runs": {"extras": 0, "total": 2, "batsman": 2}, "batsman": "V Kohli"}}, {"6.1": {"non_striker": "V Kohli", "bowler": "S Gopal", "runs": {"extras": 0, "total": 0, "batsman": 0}, "batsman": "Q de Kock"}}, {"6.2": {"non_striker": "V Kohli", "bowler": "S Gopal", "runs": {"extras": 1, "total": 1, "batsman": 0}, "extras": {"byes": 1}, "batsman": "Q de Kock"}}, {"6.3": {"non_striker": "Q de Kock", "bowler": "S Gopal", "runs": {"extras": 0, "total": 4, "batsman": 4}, "batsman": "V Kohli"}}, {"6.4": {"non_striker": "Q de Kock", "bowler": "S Gopal", "runs": {"extras": 0, "total": 0, "batsman": 0}, "batsman": "V Kohli"}}, {"6.5": {"non_striker": "Q de Kock", "bowler": "S Gopal", "runs": {"extras": 0, "total": 1, "batsman": 1}, "batsman": "V Kohli"}}, {"6.6": {"non_striker": "V Kohli", "bowler": "S Gopal", "runs": {"extras": 0, "total": 1, "batsman": 1}, "batsman": "Q de Kock"}}, {"7.1": {"non_striker": "V Kohli", "bowler": "DJM Short", "runs": {"extras": 0, "total": 1, "batsman": 1}, "batsman": "Q de Kock"}}, {"7.2": {"non_striker": "Q de Kock", "bowler": "DJM Short", "runs": {"extras": 0, "total": 6, "batsman": 6}, "batsman": "V Kohli"}}, {"7.3": {"non_striker": "Q de Kock", "bowler": "DJM Short", "runs": {"extras": 0, "total": 1, "batsman": 1}, "batsman": "V Kohli"}}, {"7.4": {"non_striker": "V Kohli", "bowler": "DJM Short", "runs": {"extras": 0, "total": 1, "batsman": 1}, "batsman": "Q de Kock"}}, {"7.5": {"non_striker": "Q de Kock", "bowler": "DJM Short", "runs": {"extras": 0, "total": 1, "batsman": 1}, "batsman": "V Kohli"}}, {"7.6": {"non_striker": "V Kohli", "bowler": "DJM Short", "runs": {"extras": 0, "total": 0, "batsman": 0}, "batsman": "Q de Kock", "wicket": {"player_out": "Q de Kock", "fielders": ["JD Unadkat"], "kind": "caught"}}}, {"8.1": {"non_striker": "AB de Villiers", "bowler": "S Gopal", "runs": {"extras": 0, "total": 1, "batsman": 1}, "batsman": "V Kohli"}}, {"8.2": {"non_striker": "V Kohli", "bowler": "S Gopal", "runs": {"extras": 0, "total": 0, "batsman": 0}, "batsman": "AB de Villiers"}}, {"8.3": {"non_striker": "V Kohli", "bowler": "S Gopal", "runs": {"extras": 0, "total": 2, "batsman": 2}, "batsman": "AB de Villiers"}}, {"8.4": {"non_striker": "V Kohli", "bowler": "S Gopal", "runs": {"extras": 0, "total": 0, "batsman": 0}, "batsman": "AB de Villiers"}}, {"8.5": {"non_striker": "V Kohli", "bowler": "S Gopal", "runs": {"extras": 1, "total": 1, "batsman": 0}, "extras": {"byes": 1}, "batsman": "AB de Villiers"}}, {"8.6": {"non_striker": "AB de Villiers", "bowler": "S Gopal", "runs": {"extras": 0, "total": 6, "batsman": 6}, "batsman": "V Kohli"}}, {"9.1": {"non_striker": "V Kohli", "bowler": "B Laughlin", "runs": {"extras": 0, "total": 1, "batsman": 1}, "batsman": "AB de Villiers"}}, {"9.2": {"non_striker": "AB de Villiers", "bowler": "B Laughlin", "runs": {"extras": 0, "total": 0, "batsman": 0}, "batsman": "V Kohli"}}, {"9.3": {"non_striker": "AB de Villiers", "bowler": "B Laughlin", "runs": {"extras": 0, "total": 1, "batsman": 1}, "batsman": "V Kohli"}}, {"9.4": {"non_striker": "V Kohli", "bowler": "B Laughlin", "runs": {"extras": 0, "total": 0, "batsman": 0}, "batsman": "AB de Villiers"}}, {"9.5": {"non_striker": "V Kohli", "bowler": "B Laughlin", "runs": {"extras": 0, "total": 6, "batsman": 6}, "batsman": "AB de Villiers"}}, {"9.6": {"non_striker": "V Kohli", "bowler": "B Laughlin", "runs": {"extras": 0, "total": 1, "batsman": 1}, "batsman": "AB de Villiers"}}, {"10.1": {"non_striker": "V Kohli", "bowler": "S Gopal", "runs": {"extras": 0, "total": 1, "batsman": 1}, "batsman": "AB de Villiers"}}, {"10.2": {"non_striker": "AB de Villiers", "bowler": "S Gopal", "runs": {"extras": 0, "total": 0, "batsman": 0}, "batsman": "V Kohli", "wicket": {"player_out": "V Kohli", "fielders": ["DJM Short"], "kind": "caught"}}}, {"10.3": {"non_striker": "AB de Villiers", "bowler": "S Gopal", "runs": {"extras": 0, "total": 1, "batsman": 1}, "batsman": "Mandeep Singh"}}, {"10.4": {"non_striker": "Mandeep Singh", "bowler": "S Gopal", "runs": {"extras": 0, "total": 1, "batsman": 1}, "batsman": "AB de Villiers"}}, {"10.5": {"non_striker": "AB de Villiers", "bowler": "S Gopal", "runs": {"extras": 0, "total": 1, "batsman": 1}, "batsman": "Mandeep Singh"}}, {"10.6": {"non_striker": "Mandeep Singh", "bowler": "S Gopal", "runs": {"extras": 0, "total": 1, "batsman": 1}, "batsman": "AB de Villiers"}}, {"11.1": {"non_striker": "Mandeep Singh", "bowler": "JD Unadkat", "runs": {"extras": 0, "total": 1, "batsman": 1}, "batsman": "AB de Villiers"}}, {"11.2": {"non_striker": "AB de Villiers", "bowler": "JD Unadkat", "runs": {"extras": 0, "total": 1, "batsman": 1}, "batsman": "Mandeep Singh"}}, {"11.3": {"non_striker": "Mandeep Singh", "bowler": "JD Unadkat", "runs": {"extras": 0, "total": 1, "batsman": 1}, "batsman": "AB de Villiers"}}, {"11.4": {"non_striker": "AB de Villiers", "bowler": "JD Unadkat", "runs": {"extras": 0, "total": 1, "batsman": 1}, "batsman": "Mandeep Singh"}}, {"11.5": {"non_striker": "Mandeep Singh", "bowler": "JD Unadkat", "runs": {"extras": 0, "total": 4, "batsman": 4}, "batsman": "AB de Villiers"}}, {"11.6": {"non_striker": "Mandeep Singh", "bowler": "JD Unadkat", "runs": {"extras": 0, "total": 1, "batsman": 1}, "batsman": "AB de Villiers"}}, {"12.1": {"non_striker": "Mandeep Singh", "bowler": "S Gopal", "runs": {"extras": 0, "total": 0, "batsman": 0}, "batsman": "AB de Villiers"}}, {"12.2": {"non_striker": "Mandeep Singh", "bowler": "S Gopal", "runs": {"extras": 0, "total": 0, "batsman": 0}, "batsman": "AB de Villiers"}}, {"12.3": {"non_striker": "Mandeep Singh", "bowler": "S Gopal", "runs": {"extras": 0, "total": 0, "batsman": 0}, "batsman": "AB de Villiers", "wicket": {"player_out": "AB de Villiers", "fielders": ["JD Unadkat"], "kind": "caught"}}}, {"12.4": {"non_striker": "Mandeep Singh", "bowler": "S Gopal", "runs": {"extras": 0, "total": 1, "batsman": 1}, "batsman": "P Negi"}}, {"12.5": {"non_striker": "P Negi", "bowler": "S Gopal", "runs": {"extras": 0, "total": 0, "batsman": 0}, "batsman": "Mandeep Singh"}}, {"12.6": {"non_striker": "P Negi", "bowler": "S Gopal", "runs": {"extras": 0, "total": 1, "batsman": 1}, "batsman": "Mandeep Singh"}}, {"13.1": {"non_striker": "P Negi", "bowler": "K Gowtham", "runs": {"extras": 0, "total": 6, "batsman": 6}, "batsman": "Mandeep Singh"}}, {"13.2": {"non_striker": "P Negi", "bowler": "K Gowtham", "runs": {"extras": 0, "total": 1, "batsman": 1}, "batsman": "Mandeep Singh"}}, {"13.3": {"non_striker": "Mandeep Singh", "bowler": "K Gowtham", "runs": {"extras": 0, "total": 1, "batsman": 1}, "batsman": "P Negi"}}, {"13.4": {"non_striker": "P Negi", "bowler": "K Gowtham", "runs": {"extras": 0, "total": 1, "batsman": 1}, "batsman": "Mandeep Singh"}}, {"13.5": {"non_striker": "Mandeep Singh", "bowler": "K Gowtham", "runs": {"extras": 0, "total": 1, "batsman": 1}, "batsman": "P Negi"}}, {"13.6": {"non_striker": "P Negi", "bowler": "K Gowtham", "runs": {"extras": 0, "total": 0, "batsman": 0}, "batsman": "Mandeep Singh"}}, {"14.1": {"non_striker": "Mandeep Singh", "bowler": "B Laughlin", "runs": {"extras": 0, "total": 0, "batsman": 0}, "batsman": "P Negi", "wicket": {"player_out": "P Negi", "fielders": ["JC Buttler"], "kind": "caught"}}}, {"14.2": {"non_striker": "Mandeep Singh", "bowler": "B Laughlin", "runs": {"extras": 0, "total": 1, "batsman": 1}, "batsman": "Washington Sundar"}}, {"14.3": {"non_striker": "Washington Sundar", "bowler": "B Laughlin", "runs": {"extras": 0, "total": 4, "batsman": 4}, "batsman": "Mandeep Singh"}}, {"14.4": {"non_striker": "Washington Sundar", "bowler": "B Laughlin", "runs": {"extras": 0, "total": 1, "batsman": 1}, "batsman": "Mandeep Singh"}}, {"14.5": {"non_striker": "Mandeep Singh", "bowler": "B Laughlin", "runs": {"extras": 1, "total": 1, "batsman": 0}, "extras": {"wides": 1}, "batsman": "Washington Sundar"}}, {"14.6": {"non_striker": "Mandeep Singh", "bowler": "B Laughlin", "runs": {"extras": 0, "total": 0, "batsman": 0}, "batsman": "Washington Sundar"}}, {"14.7": {"non_striker": "Mandeep Singh", "bowler": "B Laughlin", "runs": {"extras": 0, "total": 1, "batsman": 1}, "batsman": "Washington Sundar"}}, {"15.1": {"non_striker": "Mandeep Singh", "bowler": "BA Stokes", "runs": {"extras": 1, "total": 1, "batsman": 0}, "extras": {"wides": 1}, "batsman": "Washington Sundar"}}, {"15.2": {"non_striker": "Mandeep Singh", "bowler": "BA Stokes", "runs": {"extras": 0, "total": 1, "batsman": 1}, "batsman": "Washington Sundar"}}, {"15.3": {"non_striker": "Washington Sundar", "bowler": "BA Stokes", "runs": {"extras": 1, "total": 1, "batsman": 0}, "extras": {"legbyes": 1}, "batsman": "Mandeep Singh"}}, {"15.4": {"non_striker": "Mandeep Singh", "bowler": "BA Stokes", "runs": {"extras": 0, "total": 0, "batsman": 0}, "batsman": "Washington Sundar"}}, {"15.5": {"non_striker": "Mandeep Singh", "bowler": "BA Stokes", "runs": {"extras": 0, "total": 0, "batsman": 0}, "batsman": "Washington Sundar"}}, {"15.6": {"non_striker": "Mandeep Singh", "bowler": "BA Stokes", "runs": {"extras": 0, "total": 0, "batsman": 0}, "batsman": "Washington Sundar"}}, {"15.7": {"non_striker": "Mandeep Singh", "bowler": "BA Stokes", "runs": {"extras": 0, "total": 3, "batsman": 3}, "batsman": "Washington Sundar"}}, {"16.1": {"non_striker": "Mandeep Singh", "bowler": "JD Unadkat", "runs": {"extras": 0, "total": 6, "batsman": 6}, "batsman": "Washington Sundar"}}, {"16.2": {"non_striker": "Mandeep Singh", "bowler": "JD Unadkat", "runs": {"extras": 0, "total": 1, "batsman": 1}, "batsman": "Washington Sundar"}}, {"16.3": {"non_striker": "Washington Sundar", "bowler": "JD Unadkat", "runs": {"extras": 0, "total": 4, "batsman": 4}, "batsman": "Mandeep Singh"}}, {"16.4": {"non_striker": "Washington Sundar", "bowler": "JD Unadkat", "runs": {"extras": 0, "total": 4, "batsman": 4}, "batsman": "Mandeep Singh"}}, {"16.5": {"non_striker": "Washington Sundar", "bowler": "JD Unadkat", "runs": {"extras": 0, "total": 2, "batsman": 2}, "batsman": "Mandeep Singh"}}, {"16.6": {"non_striker": "Washington Sundar", "bowler": "JD Unadkat", "runs": {"extras": 0, "total": 0, "batsman": 0}, "batsman": "Mandeep Singh"}}, {"17.1": {"non_striker": "Mandeep Singh", "bowler": "B Laughlin", "runs": {"extras": 0, "total": 1, "batsman": 1}, "batsman": "Washington Sundar"}}, {"17.2": {"non_striker": "Washington Sundar", "bowler": "B Laughlin", "runs": {"extras": 0, "total": 2, "batsman": 2}, "batsman": "Mandeep Singh"}}, {"17.3": {"non_striker": "Washington Sundar", "bowler": "B Laughlin", "runs": {"extras": 0, "total": 1, "batsman": 1}, "batsman": "Mandeep Singh"}}, {"17.4": {"non_striker": "Mandeep Singh", "bowler": "B Laughlin", "runs": {"extras": 0, "total": 6, "batsman": 6}, "batsman": "Washington Sundar"}}, {"17.5": {"non_striker": "Mandeep Singh", "bowler": "B Laughlin", "runs": {"extras": 0, "total": 2, "batsman": 2}, "batsman": "Washington Sundar"}}, {"17.6": {"non_striker": "Mandeep Singh", "bowler": "B Laughlin", "runs": {"extras": 0, "total": 1, "batsman": 1}, "batsman": "Washington Sundar"}}, {"18.1": {"non_striker": "Mandeep Singh", "bowler": "BA Stokes", "runs": {"extras": 0, "total": 4, "batsman": 4}, "batsman": "Washington Sundar"}}, {"18.2": {"non_striker": "Mandeep Singh", "bowler": "BA Stokes", "runs": {"extras": 0, "total": 6, "batsman": 6}, "batsman": "Washington Sundar"}}, {"18.3": {"non_striker": "Mandeep Singh", "bowler": "BA Stokes", "runs": {"extras": 0, "total": 0, "batsman": 0}, "batsman": "Washington Sundar"}}, {"18.4": {"non_striker": "Mandeep Singh", "bowler": "BA Stokes", "runs": {"extras": 0, "total": 2, "batsman": 2}, "batsman": "Washington Sundar"}}, {"18.5": {"non_striker": "Mandeep Singh", "bowler": "BA Stokes", "runs": {"extras": 0, "total": 0, "batsman": 0}, "batsman": "Washington Sundar", "wicket": {"player_out": "Washington Sundar", "kind": "bowled"}}}, {"18.6": {"non_striker": "Mandeep Singh", "bowler": "BA Stokes", "runs": {"extras": 0, "total": 0, "batsman": 0}, "batsman": "CR Woakes"}}, {"19.1": {"non_striker": "CR Woakes", "bowler": "B Laughlin", "runs": {"extras": 0, "total": 2, "batsman": 2}, "batsman": "Mandeep Singh"}}, {"19.2": {"non_striker": "CR Woakes", "bowler": "B Laughlin", "runs": {"extras": 0, "total": 4, "batsman": 4}, "batsman": "Mandeep Singh"}}, {"19.3": {"non_striker": "CR Woakes", "bowler": "B Laughlin", "runs": {"extras": 0, "total": 4, "batsman": 4}, "batsman": "Mandeep Singh"}}, {"19.4": {"non_striker": "CR Woakes", "bowler": "B Laughlin", "runs": {"extras": 0, "total": 4, "batsman": 4}, "batsman": "Mandeep Singh"}}, {"19.5": {"non_striker": "CR Woakes", "bowler": "B Laughlin", "runs": {"extras": 0, "total": 2, "batsman": 2}, "batsman": "Mandeep Singh"}}, {"19.6": {"non_striker": "CR Woakes", "bowler": "B Laughlin", "runs": {"extras": 0, "total": 0, "batsman": 0}, "batsman": "Mandeep Singh"}}]