[{"0.1": {"non_striker": "C Munro", "bowler": "K Gowtham", "runs": {"extras": 0, "total": 0, "batsman": 0}, "batsman": "GJ Maxwell", "wicket": {"player_out": "C Munro", "kind": "run out"}}}, {"0.2": {"non_striker": "RR Pant", "bowler": "K Gowtham", "runs": {"extras": 0, "total": 1, "batsman": 1}, "batsman": "GJ Maxwell"}}, {"0.3": {"non_striker": "GJ Maxwell", "bowler": "K Gowtham", "runs": {"extras": 0, "total": 4, "batsman": 4}, "batsman": "RR Pant"}}, {"0.4": {"non_striker": "GJ Maxwell", "bowler": "K Gowtham", "runs": {"extras": 0, "total": 0, "batsman": 0}, "batsman": "RR Pant"}}, {"0.5": {"non_striker": "GJ Maxwell", "bowler": "K Gowtham", "runs": {"extras": 0, "total": 4, "batsman": 4}, "batsman": "RR Pant"}}, {"0.6": {"non_striker": "GJ Maxwell", "bowler": "K Gowtham", "runs": {"extras": 0, "total": 1, "batsman": 1}, "batsman": "RR Pant"}}, {"1.1": {"non_striker": "GJ Maxwell", "bowler": "DS Kulkarni", "runs": {"extras": 1, "total": 1, "batsman": 0}, "extras": {"legbyes": 1}, "batsman": "RR Pant"}}, {"1.2": {"non_striker": "RR Pant", "bowler": "DS Kulkarni", "runs": {"extras": 0, "total": 1, "batsman": 1}, "batsman": "GJ Maxwell"}}, {"1.3": {"non_striker": "GJ Maxwell", "bowler": "DS Kulkarni", "runs": {"extras": 1, "total": 1, "batsman": 0}, "extras": {"wides": 1}, "batsman": "RR Pant"}}, {"1.4": {"non_striker": "GJ Maxwell", "bowler": "DS Kulkarni", "runs": {"extras": 0, "total": 0, "batsman": 0}, "batsman": "RR Pant"}}, {"1.5": {"non_striker": "GJ Maxwell", "bowler": "DS Kulkarni", "runs": {"extras": 0, "total": 1, "batsman": 1}, "batsman": "RR Pant"}}, {"1.6": {"non_striker": "RR Pant", "bowler": "DS Kulkarni", "runs": {"extras": 0, "total": 0, "batsman": 0}, "batsman": "GJ Maxwell"}}, {"1.7": {"non_striker": "RR Pant", "bowler": "DS Kulkarni", "runs": {"extras": 0, "total": 1, "batsman": 1}, "batsman": "GJ Maxwell"}}, {"2.1": {"non_striker": "RR Pant", "bowler": "JD Unadkat", "runs": {"extras": 0, "total": 0, "batsman": 0}, "batsman": "GJ Maxwell"}}, {"2.2": {"non_striker": "RR Pant", "bowler": "JD Unadkat", "runs": {"extras": 0, "total": 0, "batsman": 0}, "batsman": "GJ Maxwell"}}, {"2.3": {"non_striker": "RR Pant", "bowler": "JD Unadkat", "runs": {"extras": 0, "total": 0, "batsman": 0}, "batsman": "GJ Maxwell"}}, {"2.4": {"non_striker": "RR Pant", "bowler": "JD Unadkat", "runs": {"extras": 0, "total": 4, "batsman": 4}, "batsman": "GJ Maxwell"}}, {"2.5": {"non_striker": "RR Pant", "bowler": "JD Unadkat", "runs": {"extras": 0, "total": 6, "batsman": 6}, "batsman": "GJ Maxwell"}}, {"2.6": {"non_striker": "RR Pant", "bowler": "JD Unadkat", "runs": {"extras": 0, "total": 4, "batsman": 4}, "batsman": "GJ Maxwell"}}, {"3.1": {"non_striker": "GJ Maxwell", "bowler": "B Laughlin", "runs": {"extras": 0, "total": 2, "batsman": 2}, "batsman": "RR Pant"}}, {"3.2": {"non_striker": "GJ Maxwell", "bowler": "B Laughlin", "runs": {"extras": 0, "total": 2, "batsman": 2}, "batsman": "RR Pant"}}, {"3.3": {"non_striker": "GJ Maxwell", "bowler": "B Laughlin", "runs": {"extras": 0, "total": 1, "batsman": 1}, "batsman": "RR Pant"}}, {"3.4": {"non_striker": "RR Pant", "bowler": "B Laughlin", "runs": {"extras": 0, "total": 0, "batsman": 0}, "batsman": "GJ Maxwell", "wicket": {"player_out": "GJ Maxwell", "fielders": ["JC Buttler"], "kind": "caught"}}}, {"3.5": {"non_striker": "RR Pant", "bowler": "B Laughlin", "runs": {"extras": 0, "total": 0, "batsman": 0}, "batsman": "CH Morris"}}, {"3.6": {"non_striker": "RR Pant", "bowler": "B Laughlin", "runs": {"extras": 0, "total": 2, "batsman": 2}, "batsman": "CH Morris"}}, {"4.1": {"non_striker": "CH Morris", "bowler": "JD Unadkat", "runs": {"extras": 0, "total": 1, "batsman": 1}, "batsman": "RR Pant"}}, {"4.2": {"non_striker": "RR Pant", "bowler": "JD Unadkat", "runs": {"extras": 0, "total": 4, "batsman": 4}, "batsman": "CH Morris"}}, {"4.3": {"non_striker": "RR Pant", "bowler": "JD Unadkat", "runs": {"extras": 0, "total": 1, "batsman": 1}, "batsman": "CH Morris"}}, {"4.4": {"non_striker": "CH Morris", "bowler": "JD Unadkat", "runs": {"extras": 0, "total": 4, "batsman": 4}, "batsman": "RR Pant"}}, {"4.5": {"non_striker": "CH Morris", "bowler": "JD Unadkat", "runs": {"extras": 0, "total": 0, "batsman": 0}, "batsman": "RR Pant"}}, {"4.6": {"non_striker": "CH Morris", "bowler": "JD Unadkat", "runs": {"extras": 0, "total": 0, "batsman": 0}, "batsman": "RR Pant", "wicket": {"player_out": "RR Pant", "fielders": ["K Gowtham"], "kind": "caught"}}}, {"5.1": {"non_striker": "CH Morris", "bowler": "B Laughlin", "runs": {"extras": 0, "total": 1, "batsman": 1}, "batsman": "V Shankar"}}, {"5.2": {"non_striker": "V Shankar", "bowler": "B Laughlin", "runs": {"extras": 1, "total": 1, "batsman": 0}, "extras": {"legbyes": 1}, "batsman": "CH Morris"}}, {"5.3": {"non_striker": "CH Morris", "bowler": "B Laughlin", "runs": {"extras": 0, "total": 2, "batsman": 2}, "batsman": "V Shankar"}}, {"5.4": {"non_striker": "CH Morris", "bowler": "B Laughlin", "runs": {"extras": 0, "total": 0, "batsman": 0}, "batsman": "V Shankar", "wicket": {"player_out": "V Shankar", "fielders": ["BA Stokes"], "kind": "caught"}}}, {"5.5": {"non_striker": "SS Iyer", "bowler": "B Laughlin", "runs": {"extras": 0, "total": 4, "batsman": 4}, "batsman": "CH Morris"}}, {"5.6": {"non_striker": "SS Iyer", "bowler": "B Laughlin", "runs": {"extras": 0, "total": 6, "batsman": 6}, "batsman": "CH Morris"}}]