[{"0.1": {"non_striker": "CH Gayle", "bowler": "Sandeep Sharma", "runs": {"extras": 0, "total": 0, "batsman": 0}, "batsman": "KL Rahul"}}, {"0.2": {"non_striker": "CH Gayle", "bowler": "Sandeep Sharma", "runs": {"extras": 0, "total": 0, "batsman": 0}, "batsman": "KL Rahul"}}, {"0.3": {"non_striker": "CH Gayle", "bowler": "Sandeep Sharma", "runs": {"extras": 0, "total": 1, "batsman": 1}, "batsman": "KL Rahul"}}, {"0.4": {"non_striker": "KL Rahul", "bowler": "Sandeep Sharma", "runs": {"extras": 0, "total": 0, "batsman": 0}, "batsman": "CH Gayle"}}, {"0.5": {"non_striker": "KL Rahul", "bowler": "Sandeep Sharma", "runs": {"extras": 0, "total": 0, "batsman": 0}, "batsman": "CH Gayle"}}, {"0.6": {"non_striker": "KL Rahul", "bowler": "Sandeep Sharma", "runs": {"extras": 0, "total": 1, "batsman": 1}, "batsman": "CH Gayle"}}, {"1.1": {"non_striker": "KL Rahul", "bowler": "Mohammad Nabi", "runs": {"extras": 0, "total": 0, "batsman": 0}, "batsman": "CH Gayle"}}, {"1.2": {"non_striker": "KL Rahul", "bowler": "Mohammad Nabi", "runs": {"extras": 0, "total": 6, "batsman": 6}, "batsman": "CH Gayle"}}, {"1.3": {"non_striker": "KL Rahul", "bowler": "Mohammad Nabi", "runs": {"extras": 0, "total": 0, "batsman": 0}, "batsman": "CH Gayle"}}, {"1.4": {"non_striker": "KL Rahul", "bowler": "Mohammad Nabi", "runs": {"extras": 0, "total": 1, "batsman": 1}, "batsman": "CH Gayle"}}, {"1.5": {"non_striker": "CH Gayle", "bowler": "Mohammad Nabi", "runs": {"extras": 0, "total": 1, "batsman": 1}, "batsman": "KL Rahul"}}, {"1.6": {"non_striker": "KL Rahul", "bowler": "Mohammad Nabi", "runs": {"extras": 0, "total": 0, "batsman": 0}, "batsman": "CH Gayle"}}, {"2.1": {"non_striker": "CH Gayle", "bowler": "Sandeep Sharma", "runs": {"extras": 0, "total": 0, "batsman": 0}, "batsman": "KL Rahul"}}, {"2.2": {"non_striker": "CH Gayle", "bowler": "Sandeep Sharma", "runs": {"extras": 0, "total": 0, "batsman": 0}, "batsman": "KL Rahul"}}, {"2.3": {"non_striker": "CH Gayle", "bowler": "Sandeep Sharma", "runs": {"extras": 0, "total": 1, "batsman": 1}, "batsman": "KL Rahul"}}, {"2.4": {"non_striker": "KL Rahul", "bowler": "Sandeep Sharma", "runs": {"extras": 0, "total": 1, "batsman": 1}, "batsman": "CH Gayle"}}, {"2.5": {"non_striker": "CH Gayle", "bowler": "Sandeep Sharma", "runs": {"extras": 0, "total": 1, "batsman": 1}, "batsman": "KL Rahul"}}, {"2.6": {"non_striker": "KL Rahul", "bowler": "Sandeep Sharma", "runs": {"extras": 0, "total": 1, "batsman": 1}, "batsman": "CH Gayle"}}, {"3.1": {"non_striker": "KL Rahul", "bowler": "Mohammad Nabi", "runs": {"extras": 0, "total": 0, "batsman": 0}, "batsman": "CH Gayle"}}, {"3.2": {"non_striker": "KL Rahul", "bowler": "Mohammad Nabi", "runs": {"extras": 0, "total": 1, "batsman": 1}, "batsman": "CH Gayle"}}, {"3.3": {"non_striker": "CH Gayle", "bowler": "Mohammad Nabi", "runs": {"extras": 0, "total": 6, "batsman": 6}, "batsman": "KL Rahul"}}, {"3.4": {"non_striker": "CH Gayle", "bowler": "Mohammad Nabi", "runs": {"extras": 0, "total": 4, "batsman": 4}, "batsman": "KL Rahul"}}, {"3.5": {"non_striker": "CH Gayle", "bowler": "Mohammad Nabi", "runs": {"extras": 0, "total": 4, "batsman": 4}, "batsman": "KL Rahul"}}, {"3.6": {"non_striker": "CH Gayle", "bowler": "Mohammad Nabi", "runs": {"extras": 0, "total": 1, "batsman": 1}, "batsman": "KL Rahul"}}, {"4.1": {"non_striker": "CH Gayle", "bowler": "Sandeep Sharma", "runs": {"extras": 0, "total": 0, "batsman": 0}, "batsman": "KL Rahul"}}, {"4.2": {"non_striker": "CH Gayle", "bowler": "Sandeep Sharma", "runs": {"extras": 0, "total": 0, "batsman": 0}, "batsman": "KL Rahul"}}, {"4.3": {"non_striker": "CH Gayle", "bowler": "Sandeep Sharma", "runs": {"extras": 0, "total": 4, "batsman": 4}, "batsman": "KL Rahul"}}, {"4.4": {"non_striker": "CH Gayle", "bowler": "Sandeep Sharma", "runs": {"extras": 0, "total": 0, "batsman": 0}, "batsman": "KL Rahul"}}, {"4.5": {"non_striker": "CH Gayle", "bowler": "Sandeep Sharma", "runs": {"extras": 0, "total": 1, "batsman": 1}, "batsman": "KL Rahul"}}, {"4.6": {"non_striker": "KL Rahul", "bowler": "Sandeep Sharma", "runs": {"extras": 0, "total": 0, "batsman": 0}, "batsman": "CH Gayle"}}, {"5.1": {"non_striker": "CH Gayle", "bowler": "S Kaul", "runs": {"extras": 0, "total": 0, "batsman": 0}, "batsman": "KL Rahul"}}, {"5.2": {"non_striker": "CH Gayle", "bowler": "S Kaul", "runs": {"extras": 0, "total": 4, "batsman": 4}, "batsman": "KL Rahul"}}, {"5.3": {"non_striker": "CH Gayle", "bowler": "S Kaul", "runs": {"extras": 0, "total": 0, "batsman": 0}, "batsman": "KL Rahul"}}, {"5.4": {"non_striker": "CH Gayle", "bowler": "S Kaul", "runs": {"extras": 0, "total": 1, "batsman": 1}, "batsman": "KL Rahul"}}, {"5.5": {"non_striker": "KL Rahul", "bowler": "S Kaul", "runs": {"extras": 0, "total": 4, "batsman": 4}, "batsman": "CH Gayle"}}, {"5.6": {"non_striker": "KL Rahul", "bowler": "S Kaul", "runs": {"extras": 0, "total": 0, "batsman": 0}, "batsman": "CH Gayle"}}, {"6.1": {"non_striker": "CH Gayle", "bowler": "Basil Thampi", "runs": {"extras": 0, "total": 1, "batsman": 1}, "batsman": "KL Rahul"}}, {"6.2": {"non_striker": "KL Rahul", "bowler": "Basil Thampi", "runs": {"extras": 0, "total": 0, "batsman": 0}, "batsman": "CH Gayle"}}, {"6.3": {"non_striker": "KL Rahul", "bowler": "Basil Thampi", "runs": {"extras": 0, "total": 6, "batsman": 6}, "batsman": "CH Gayle"}}, {"6.4": {"non_striker": "KL Rahul", "bowler": "Basil Thampi", "runs": {"extras": 0, "total": 1, "batsman": 1}, "batsman": "CH Gayle"}}, {"6.5": {"non_striker": "CH Gayle", "bowler": "Basil Thampi", "runs": {"extras": 0, "total": 1, "batsman": 1}, "batsman": "KL Rahul"}}, {"6.6": {"non_striker": "KL Rahul", "bowler": "Basil Thampi", "runs": {"extras": 0, "total": 0, "batsman": 0}, "batsman": "CH Gayle"}}, {"7.1": {"non_striker": "CH Gayle", "bowler": "Rashid Khan", "runs": {"extras": 0, "total": 0, "batsman": 0}, "batsman": "KL Rahul"}}, {"7.2": {"non_striker": "CH Gayle", "bowler": "Rashid Khan", "runs": {"extras": 0, "total": 1, "batsman": 1}, "batsman": "KL Rahul"}}, {"7.3": {"non_striker": "KL Rahul", "bowler": "Rashid Khan", "runs": {"extras": 0, "total": 0, "batsman": 0}, "batsman": "CH Gayle"}}, {"7.4": {"non_striker": "KL Rahul", "bowler": "Rashid Khan", "runs": {"extras": 0, "total": 1, "batsman": 1}, "batsman": "CH Gayle"}}, {"7.5": {"non_striker": "CH Gayle", "bowler": "Rashid Khan", "runs": {"extras": 0, "total": 0, "batsman": 0}, "batsman": "KL Rahul", "wicket": {"player_out": "KL Rahul", "kind": "bowled"}}}, {"7.6": {"non_striker": "CH Gayle", "bowler": "Rashid Khan", "runs": {"extras": 0, "total": 1, "batsman": 1}, "batsman": "MA Agarwal"}}, {"8.1": {"non_striker": "CH Gayle", "bowler": "Basil Thampi", "runs": {"extras": 0, "total": 1, "batsman": 1}, "batsman": "MA Agarwal"}}, {"8.2": {"non_striker": "MA Agarwal", "bowler": "Basil Thampi", "runs": {"extras": 0, "total": 0, "batsman": 0}, "batsman": "CH Gayle", "wicket": {"player_out": "CH Gayle", "kind": "caught and bowled"}}}, {"8.3": {"non_striker": "KK Nair", "bowler": "Basil Thampi", "runs": {"extras": 0, "total": 2, "batsman": 2}, "batsman": "MA Agarwal"}}, {"8.4": {"non_striker": "KK Nair", "bowler": "Basil Thampi", "runs": {"extras": 0, "total": 0, "batsman": 0}, "batsman": "MA Agarwal"}}, {"8.5": {"non_striker": "KK Nair", "bowler": "Basil Thampi", "runs": {"extras": 0, "total": 1, "batsman": 1}, "batsman": "MA Agarwal"}}, {"8.6": {"non_striker": "MA Agarwal", "bowler": "Basil Thampi", "runs": {"extras": 0, "total": 1, "batsman": 1}, "batsman": "KK Nair"}}, {"9.1": {"non_striker": "MA Agarwal", "bowler": "Shakib Al Hasan", "runs": {"extras": 0, "total": 2, "batsman": 2}, "batsman": "KK Nair"}}, {"9.2": {"non_striker": "MA Agarwal", "bowler": "Shakib Al Hasan", "runs": {"extras": 0, "total": 0, "batsman": 0}, "batsman": "KK Nair"}}, {"9.3": {"non_striker": "MA Agarwal", "bowler": "Shakib Al Hasan", "runs": {"extras": 0, "total": 1, "batsman": 1}, "batsman": "KK Nair"}}, {"9.4": {"non_striker": "KK Nair", "bowler": "Shakib Al Hasan", "runs": {"extras": 0, "total": 0, "batsman": 0}, "batsman": "MA Agarwal"}}, {"9.5": {"non_striker": "KK Nair", "bowler": "Shakib Al Hasan", "runs": {"extras": 0, "total": 1, "batsman": 1}, "batsman": "MA Agarwal"}}, {"9.6": {"non_striker": "MA Agarwal", "bowler": "Shakib Al Hasan", "runs": {"extras": 0, "total": 2, "batsman": 2}, "batsman": "KK Nair"}}, {"10.1": {"non_striker": "KK Nair", "bowler": "S Kaul", "runs": {"extras": 0, "total": 2, "batsman": 2}, "batsman": "MA Agarwal"}}, {"10.2": {"non_striker": "KK Nair", "bowler": "S Kaul", "runs": {"extras": 0, "total": 0, "batsman": 0}, "batsman": "MA Agarwal"}}, {"10.3": {"non_striker": "KK Nair", "bowler": "S Kaul", "runs": {"extras": 0, "total": 1, "batsman": 1}, "batsman": "MA Agarwal"}}, {"10.4": {"non_striker": "MA Agarwal", "bowler": "S Kaul", "runs": {"extras": 0, "total": 1, "batsman": 1}, "batsman": "KK Nair"}}, {"10.5": {"non_striker": "KK Nair", "bowler": "S Kaul", "runs": {"extras": 0, "total": 1, "batsman": 1}, "batsman": "MA Agarwal"}}, {"10.6": {"non_striker": "MA Agarwal", "bowler": "S Kaul", "runs": {"extras": 0, "total": 1, "batsman": 1}, "batsman": "KK Nair"}}, {"11.1": {"non_striker": "MA Agarwal", "bowler": "Rashid Khan", "runs": {"extras": 0, "total": 1, "batsman": 1}, "batsman": "KK Nair"}}, {"11.2": {"non_striker": "KK Nair", "bowler": "Rashid Khan", "runs": {"extras": 0, "total": 1, "batsman": 1}, "batsman": "MA Agarwal"}}, {"11.3": {"non_striker": "MA Agarwal", "bowler": "Rashid Khan", "runs": {"extras": 0, "total": 1, "batsman": 1}, "batsman": "KK Nair"}}, {"11.4": {"non_striker": "KK Nair", "bowler": "Rashid Khan", "runs": {"extras": 0, "total": 0, "batsman": 0}, "batsman": "MA Agarwal"}}, {"11.5": {"non_striker": "KK Nair", "bowler": "Rashid Khan", "runs": {"extras": 0, "total": 1, "batsman": 1}, "batsman": "MA Agarwal"}}, {"11.6": {"non_striker": "MA Agarwal", "bowler": "Rashid Khan", "runs": {"extras": 0, "total": 0, "batsman": 0}, "batsman": "KK Nair"}}, {"12.1": {"non_striker": "KK Nair", "bowler": "Shakib Al Hasan", "runs": {"extras": 0, "total": 0, "batsman": 0}, "batsman": "MA Agarwal", "wicket": {"player_out": "MA Agarwal", "fielders": ["MK Pandey"], "kind": "caught"}}}, {"12.2": {"non_striker": "AJ Finch", "bowler": "Shakib Al Hasan", "runs": {"extras": 0, "total": 0, "batsman": 0}, "batsman": "KK Nair"}}, {"12.3": {"non_striker": "AJ Finch", "bowler": "Shakib Al Hasan", "runs": {"extras": 0, "total": 1, "batsman": 1}, "batsman": "KK Nair"}}, {"12.4": {"non_striker": "KK Nair", "bowler": "Shakib Al Hasan", "runs": {"extras": 0, "total": 1, "batsman": 1}, "batsman": "AJ Finch"}}, {"12.5": {"non_striker": "AJ Finch", "bowler": "Shakib Al Hasan", "runs": {"extras": 0, "total": 0, "batsman": 0}, "batsman": "KK Nair"}}, {"12.6": {"non_striker": "AJ Finch", "bowler": "Shakib Al Hasan", "runs": {"extras": 0, "total": 1, "batsman": 1}, "batsman": "KK Nair"}}, {"13.1": {"non_striker": "AJ Finch", "bowler": "Rashid Khan", "runs": {"extras": 0, "total": 0, "batsman": 0}, "batsman": "KK Nair"}}, {"13.2": {"non_striker": "AJ Finch", "bowler": "Rashid Khan", "runs": {"extras": 0, "total": 1, "batsman": 1}, "batsman": "KK Nair"}}, {"13.3": {"non_striker": "KK Nair", "bowler": "Rashid Khan", "runs": {"extras": 0, "total": 1, "batsman": 1}, "batsman": "AJ Finch"}}, {"13.4": {"non_striker": "AJ Finch", "bowler": "Rashid Khan", "runs": {"extras": 0, "total": 0, "batsman": 0}, "batsman": "KK Nair", "wicket": {"player_out": "KK Nair", "kind": "lbw"}}}, {"13.5": {"non_striker": "AJ Finch", "bowler": "Rashid Khan", "runs": {"extras": 0, "total": 0, "batsman": 0}, "batsman": "MK Tiwary"}}, {"13.6": {"non_striker": "AJ Finch", "bowler": "Rashid Khan", "runs": {"extras": 0, "total": 0, "batsman": 0}, "batsman": "MK Tiwary"}}, {"14.1": {"non_striker": "MK Tiwary", "bowler": "Shakib Al Hasan", "runs": {"extras": 0, "total": 6, "batsman": 6}, "batsman": "AJ Finch"}}, {"14.2": {"non_striker": "MK Tiwary", "bowler": "Shakib Al Hasan", "runs": {"extras": 0, "total": 0, "batsman": 0}, "batsman": "AJ Finch", "wicket": {"player_out": "AJ Finch", "fielders": ["MK Pandey"], "kind": "caught"}}}, {"14.3": {"non_striker": "MK Tiwary", "bowler": "Shakib Al Hasan", "runs": {"extras": 0, "total": 1, "batsman": 1}, "batsman": "R Ashwin"}}, {"14.4": {"non_striker": "R Ashwin", "bowler": "Shakib Al Hasan", "runs": {"extras": 0, "total": 1, "batsman": 1}, "batsman": "MK Tiwary"}}, {"14.5": {"non_striker": "MK Tiwary", "bowler": "Shakib Al Hasan", "runs": {"extras": 0, "total": 0, "batsman": 0}, "batsman": "R Ashwin"}}, {"14.6": {"non_striker": "MK Tiwary", "bowler": "Shakib Al Hasan", "runs": {"extras": 0, "total": 1, "batsman": 1}, "batsman": "R Ashwin"}}, {"15.1": {"non_striker": "MK Tiwary", "bowler": "Sandeep Sharma", "runs": {"extras": 0, "total": 1, "batsman": 1}, "batsman": "R Ashwin"}}, {"15.2": {"non_striker": "R Ashwin", "bowler": "Sandeep Sharma", "runs": {"extras": 0, "total": 0, "batsman": 0}, "batsman": "MK Tiwary"}}, {"15.3": {"non_striker": "R Ashwin", "bowler": "Sandeep Sharma", "runs": {"extras": 0, "total": 0, "batsman": 0}, "batsman": "MK Tiwary", "wicket": {"player_out": "MK Tiwary", "fielders": ["KS Williamson"], "kind": "caught"}}}, {"15.4": {"non_striker": "R Ashwin", "bowler": "Sandeep Sharma", "runs": {"extras": 0, "total": 4, "batsman": 4}, "batsman": "AJ Tye"}}, {"15.5": {"non_striker": "R Ashwin", "bowler": "Sandeep Sharma", "runs": {"extras": 0, "total": 0, "batsman": 0}, "batsman": "AJ Tye", "wicket": {"player_out": "AJ Tye", "kind": "lbw"}}}, {"15.6": {"non_striker": "R Ashwin", "bowler": "Sandeep Sharma", "runs": {"extras": 0, "total": 1, "batsman": 1}, "batsman": "BB Sran"}}, {"16.1": {"non_striker": "R Ashwin", "bowler": "S Kaul", "runs": {"extras": 0, "total": 0, "batsman": 0}, "batsman": "BB Sran"}}, {"16.2": {"non_striker": "R Ashwin", "bowler": "S Kaul", "runs": {"extras": 0, "total": 1, "batsman": 1}, "batsman": "BB Sran"}}, {"16.3": {"non_striker": "BB Sran", "bowler": "S Kaul", "runs": {"extras": 0, "total": 1, "batsman": 1}, "batsman": "R Ashwin"}}, {"16.4": {"non_striker": "R Ashwin", "bowler": "S Kaul", "runs": {"extras": 0, "total": 0, "batsman": 0}, "batsman": "BB Sran"}}, {"16.5": {"non_striker": "R Ashwin", "bowler": "S Kaul", "runs": {"extras": 0, "total": 0, "batsman": 0}, "batsman": "BB Sran", "wicket": {"player_out": "BB Sran", "kind": "run out"}}}, {"16.6": {"non_striker": "R Ashwin", "bowler": "S Kaul", "runs": {"extras": 0, "total": 1, "batsman": 1}, "batsman": "AS Rajpoot"}}, {"17.1": {"non_striker": "R Ashwin", "bowler": "Rashid Khan", "runs": {"extras": 0, "total": 1, "batsman": 1}, "batsman": "AS Rajpoot"}}, {"17.2": {"non_striker": "AS Rajpoot", "bowler": "Rashid Khan", "runs": {"extras": 0, "total": 0, "batsman": 0}, "batsman": "R Ashwin", "wicket": {"player_out": "R Ashwin", "fielders": ["KS Williamson"], "kind": "caught"}}}, {"17.3": {"non_striker": "Mujeeb Ur Rahman", "bowler": "Rashid Khan", "runs": {"extras": 0, "total": 0, "batsman": 0}, "batsman": "AS Rajpoot"}}, {"17.4": {"non_striker": "Mujeeb Ur Rahman", "bowler": "Rashid Khan", "runs": {"extras": 0, "total": 1, "batsman": 1}, "batsman": "AS Rajpoot"}}, {"17.5": {"non_striker": "AS Rajpoot", "bowler": "Rashid Khan", "runs": {"extras": 0, "total": 4, "batsman": 4}, "batsman": "Mujeeb Ur Rahman"}}, {"17.6": {"non_striker": "AS Rajpoot", "bowler": "Rashid Khan", "runs": {"extras": 0, "total": 4, "batsman": 4}, "batsman": "Mujeeb Ur Rahman"}}, {"18.1": {"non_striker": "Mujeeb Ur Rahman", "bowler": "S Kaul", "runs": {"extras": 1, "total": 1, "batsman": 0}, "extras": {"byes": 1}, "batsman": "AS Rajpoot"}}, {"18.2": {"non_striker": "AS Rajpoot", "bowler": "S Kaul", "runs": {"extras": 0, "total": 1, "batsman": 1}, "batsman": "Mujeeb Ur Rahman"}}, {"18.3": {"non_striker": "Mujeeb Ur Rahman", "bowler": "S Kaul", "runs": {"extras": 0, "total": 1, "batsman": 1}, "batsman": "AS Rajpoot"}}, {"18.4": {"non_striker": "AS Rajpoot", "bowler": "S Kaul", "runs": {"extras": 0, "total": 1, "batsman": 1}, "batsman": "Mujeeb Ur Rahman"}}, {"18.5": {"non_striker": "Mujeeb Ur Rahman", "bowler": "S Kaul", "runs": {"extras": 0, "total": 4, "batsman": 4}, "batsman": "AS Rajpoot"}}, {"18.6": {"non_striker": "Mujeeb Ur Rahman", "bowler": "S Kaul", "runs": {"extras": 0, "total": 0, "batsman": 0}, "batsman": "AS Rajpoot"}}, {"19.1": {"non_striker": "AS Rajpoot", "bowler": "Basil Thampi", "runs": {"extras": 1, "total": 1, "batsman": 0}, "extras": {"legbyes": 1}, "batsman": "Mujeeb Ur Rahman"}}, {"19.2": {"non_striker": "Mujeeb Ur Rahman", "bowler": "Basil Thampi", "runs": {"extras": 0, "total": 0, "batsman": 0}, "batsman": "AS Rajpoot", "wicket": {"player_out": "AS Rajpoot", "kind": "bowled"}}}]