[{"0.1": {"non_striker": "F du Plessis", "bowler": "TA Boult", "runs": {"extras": 0, "total": 0, "batsman": 0}, "batsman": "SR Watson"}}, {"0.2": {"non_striker": "F du Plessis", "bowler": "TA Boult", "runs": {"extras": 0, "total": 4, "batsman": 4}, "batsman": "SR Watson"}}, {"0.3": {"non_striker": "F du Plessis", "bowler": "TA Boult", "runs": {"extras": 0, "total": 0, "batsman": 0}, "batsman": "SR Watson"}}, {"0.4": {"non_striker": "F du Plessis", "bowler": "TA Boult", "runs": {"extras": 0, "total": 1, "batsman": 1}, "batsman": "SR Watson"}}, {"0.5": {"non_striker": "SR Watson", "bowler": "TA Boult", "runs": {"extras": 0, "total": 0, "batsman": 0}, "batsman": "F du Plessis"}}, {"0.6": {"non_striker": "SR Watson", "bowler": "TA Boult", "runs": {"extras": 0, "total": 1, "batsman": 1}, "batsman": "F du Plessis"}}, {"1.1": {"non_striker": "SR Watson", "bowler": "Avesh Khan", "runs": {"extras": 0, "total": 0, "batsman": 0}, "batsman": "F du Plessis"}}, {"1.2": {"non_striker": "SR Watson", "bowler": "Avesh Khan", "runs": {"extras": 0, "total": 0, "batsman": 0}, "batsman": "F du Plessis"}}, {"1.3": {"non_striker": "SR Watson", "bowler": "Avesh Khan", "runs": {"extras": 0, "total": 0, "batsman": 0}, "batsman": "F du Plessis"}}, {"1.4": {"non_striker": "SR Watson", "bowler": "Avesh Khan", "runs": {"extras": 0, "total": 0, "batsman": 0}, "batsman": "F du Plessis"}}, {"1.5": {"non_striker": "SR Watson", "bowler": "Avesh Khan", "runs": {"extras": 0, "total": 0, "batsman": 0}, "batsman": "F du Plessis"}}, {"1.6": {"non_striker": "SR Watson", "bowler": "Avesh Khan", "runs": {"extras": 0, "total": 1, "batsman": 1}, "batsman": "F du Plessis"}}, {"2.1": {"non_striker": "SR Watson", "bowler": "TA Boult", "runs": {"extras": 0, "total": 4, "batsman": 4}, "batsman": "F du Plessis"}}, {"2.2": {"non_striker": "SR Watson", "bowler": "TA Boult", "runs": {"extras": 0, "total": 0, "batsman": 0}, "batsman": "F du Plessis"}}, {"2.3": {"non_striker": "SR Watson", "bowler": "TA Boult", "runs": {"extras": 1, "total": 1, "batsman": 0}, "extras": {"legbyes": 1}, "batsman": "F du Plessis"}}, {"2.4": {"non_striker": "F du Plessis", "bowler": "TA Boult", "runs": {"extras": 0, "total": 4, "batsman": 4}, "batsman": "SR Watson"}}, {"2.5": {"non_striker": "F du Plessis", "bowler": "TA Boult", "runs": {"extras": 0, "total": 0, "batsman": 0}, "batsman": "SR Watson"}}, {"2.6": {"non_striker": "F du Plessis", "bowler": "TA Boult", "runs": {"extras": 0, "total": 0, "batsman": 0}, "batsman": "SR Watson"}}, {"3.1": {"non_striker": "SR Watson", "bowler": "R Tewatia", "runs": {"extras": 0, "total": 1, "batsman": 1}, "batsman": "F du Plessis"}}, {"3.2": {"non_striker": "F du Plessis", "bowler": "R Tewatia", "runs": {"extras": 0, "total": 1, "batsman": 1}, "batsman": "SR Watson"}}, {"3.3": {"non_striker": "SR Watson", "bowler": "R Tewatia", "runs": {"extras": 0, "total": 1, "batsman": 1}, "batsman": "F du Plessis"}}, {"3.4": {"non_striker": "F du Plessis", "bowler": "R Tewatia", "runs": {"extras": 0, "total": 1, "batsman": 1}, "batsman": "SR Watson"}}, {"3.5": {"non_striker": "SR Watson", "bowler": "R Tewatia", "runs": {"extras": 0, "total": 4, "batsman": 4}, "batsman": "F du Plessis"}}, {"3.6": {"non_striker": "SR Watson", "bowler": "R Tewatia", "runs": {"extras": 0, "total": 1, "batsman": 1}, "batsman": "F du Plessis"}}, {"4.1": {"non_striker": "SR Watson", "bowler": "LE Plunkett", "runs": {"extras": 0, "total": 1, "batsman": 1}, "batsman": "F du Plessis"}}, {"4.2": {"non_striker": "F du Plessis", "bowler": "LE Plunkett", "runs": {"extras": 0, "total": 0, "batsman": 0}, "batsman": "SR Watson"}}, {"4.3": {"non_striker": "F du Plessis", "bowler": "LE Plunkett", "runs": {"extras": 0, "total": 6, "batsman": 6}, "batsman": "SR Watson"}}, {"4.4": {"non_striker": "F du Plessis", "bowler": "LE Plunkett", "runs": {"extras": 0, "total": 6, "batsman": 6}, "batsman": "SR Watson"}}, {"4.5": {"non_striker": "F du Plessis", "bowler": "LE Plunkett", "runs": {"extras": 0, "total": 1, "batsman": 1}, "batsman": "SR Watson"}}, {"4.6": {"non_striker": "SR Watson", "bowler": "LE Plunkett", "runs": {"extras": 0, "total": 6, "batsman": 6}, "batsman": "F du Plessis"}}, {"5.1": {"non_striker": "F du Plessis", "bowler": "Avesh Khan", "runs": {"extras": 0, "total": 0, "batsman": 0}, "batsman": "SR Watson"}}, {"5.2": {"non_striker": "F du Plessis", "bowler": "Avesh Khan", "runs": {"extras": 0, "total": 6, "batsman": 6}, "batsman": "SR Watson"}}, {"5.3": {"non_striker": "F du Plessis", "bowler": "Avesh Khan", "runs": {"extras": 0, "total": 0, "batsman": 0}, "batsman": "SR Watson"}}, {"5.4": {"non_striker": "F du Plessis", "bowler": "Avesh Khan", "runs": {"extras": 0, "total": 1, "batsman": 1}, "batsman": "SR Watson"}}, {"5.5": {"non_striker": "SR Watson", "bowler": "Avesh Khan", "runs": {"extras": 0, "total": 0, "batsman": 0}, "batsman": "F du Plessis"}}, {"5.6": {"non_striker": "SR Watson", "bowler": "Avesh Khan", "runs": {"extras": 0, "total": 4, "batsman": 4}, "batsman": "F du Plessis"}}, {"6.1": {"non_striker": "F du Plessis", "bowler": "LE Plunkett", "runs": {"extras": 0, "total": 1, "batsman": 1}, "batsman": "SR Watson"}}, {"6.2": {"non_striker": "SR Watson", "bowler": "LE Plunkett", "runs": {"extras": 0, "total": 1, "batsman": 1}, "batsman": "F du Plessis"}}, {"6.3": {"non_striker": "F du Plessis", "bowler": "LE Plunkett", "runs": {"extras": 0, "total": 6, "batsman": 6}, "batsman": "SR Watson"}}, {"6.4": {"non_striker": "F du Plessis", "bowler": "LE Plunkett", "runs": {"extras": 0, "total": 6, "batsman": 6}, "batsman": "SR Watson"}}, {"6.5": {"non_striker": "F du Plessis", "bowler": "LE Plunkett", "runs": {"extras": 0, "total": 1, "batsman": 1}, "batsman": "SR Watson"}}, {"6.6": {"non_striker": "SR Watson", "bowler": "LE Plunkett", "runs": {"extras": 0, "total": 0, "batsman": 0}, "batsman": "F du Plessis"}}, {"7.1": {"non_striker": "F du Plessis", "bowler": "A Mishra", "runs": {"extras": 0, "total": 1, "batsman": 1}, "batsman": "SR Watson"}}, {"7.2": {"non_striker": "SR Watson", "bowler": "A Mishra", "runs": {"extras": 0, "total": 1, "batsman": 1}, "batsman": "F du Plessis"}}, {"7.3": {"non_striker": "F du Plessis", "bowler": "A Mishra", "runs": {"extras": 0, "total": 0, "batsman": 0}, "batsman": "SR Watson"}}, {"7.4": {"non_striker": "F du Plessis", "bowler": "A Mishra", "runs": {"extras": 0, "total": 1, "batsman": 1}, "batsman": "SR Watson"}}, {"7.5": {"non_striker": "SR Watson", "bowler": "A Mishra", "runs": {"extras": 0, "total": 0, "batsman": 0}, "batsman": "F du Plessis"}}, {"7.6": {"non_striker": "SR Watson", "bowler": "A Mishra", "runs": {"extras": 0, "total": 2, "batsman": 2}, "batsman": "F du Plessis"}}, {"8.1": {"non_striker": "F du Plessis", "bowler": "R Tewatia", "runs": {"extras": 0, "total": 6, "batsman": 6}, "batsman": "SR Watson"}}, {"8.2": {"non_striker": "F du Plessis", "bowler": "R Tewatia", "runs": {"extras": 0, "total": 1, "batsman": 1}, "batsman": "SR Watson"}}, {"8.3": {"non_striker": "SR Watson", "bowler": "R Tewatia", "runs": {"extras": 1, "total": 1, "batsman": 0}, "extras": {"byes": 1}, "batsman": "F du Plessis"}}, {"8.4": {"non_striker": "F du Plessis", "bowler": "R Tewatia", "runs": {"extras": 0, "total": 6, "batsman": 6}, "batsman": "SR Watson"}}, {"8.5": {"non_striker": "F du Plessis", "bowler": "R Tewatia", "runs": {"extras": 0, "total": 1, "batsman": 1}, "batsman": "SR Watson"}}, {"8.6": {"non_striker": "SR Watson", "bowler": "R Tewatia", "runs": {"extras": 0, "total": 0, "batsman": 0}, "batsman": "F du Plessis"}}, {"9.1": {"non_striker": "F du Plessis", "bowler": "A Mishra", "runs": {"extras": 0, "total": 1, "batsman": 1}, "batsman": "SR Watson"}}, {"9.2": {"non_striker": "SR Watson", "bowler": "A Mishra", "runs": {"extras": 0, "total": 0, "batsman": 0}, "batsman": "F du Plessis"}}, {"9.3": {"non_striker": "SR Watson", "bowler": "A Mishra", "runs": {"extras": 0, "total": 1, "batsman": 1}, "batsman": "F du Plessis"}}, {"9.4": {"non_striker": "F du Plessis", "bowler": "A Mishra", "runs": {"extras": 0, "total": 1, "batsman": 1}, "batsman": "SR Watson"}}, {"9.5": {"non_striker": "SR Watson", "bowler": "A Mishra", "runs": {"extras": 0, "total": 1, "batsman": 1}, "batsman": "F du Plessis"}}, {"9.6": {"non_striker": "F du Plessis", "bowler": "A Mishra", "runs": {"extras": 0, "total": 1, "batsman": 1}, "batsman": "SR Watson"}}, {"10.1": {"non_striker": "F du Plessis", "bowler": "V Shankar", "runs": {"extras": 0, "total": 1, "batsman": 1}, "batsman": "SR Watson"}}, {"10.2": {"non_striker": "SR Watson", "bowler": "V Shankar", "runs": {"extras": 1, "total": 2, "batsman": 1}, "extras": {"noballs": 1}, "batsman": "F du Plessis"}}, {"10.3": {"non_striker": "F du Plessis", "bowler": "V Shankar", "runs": {"extras": 0, "total": 1, "batsman": 1}, "batsman": "SR Watson"}}, {"10.4": {"non_striker": "SR Watson", "bowler": "V Shankar", "runs": {"extras": 0, "total": 0, "batsman": 0}, "batsman": "F du Plessis"}}, {"10.5": {"non_striker": "SR Watson", "bowler": "V Shankar", "runs": {"extras": 0, "total": 2, "batsman": 2}, "batsman": "F du Plessis"}}, {"10.6": {"non_striker": "SR Watson", "bowler": "V Shankar", "runs": {"extras": 0, "total": 0, "batsman": 0}, "batsman": "F du Plessis", "wicket": {"player_out": "F du Plessis", "fielders": ["TA Boult"], "kind": "caught"}}}, {"10.7": {"non_striker": "SR Watson", "bowler": "V Shankar", "runs": {"extras": 0, "total": 1, "batsman": 1}, "batsman": "SK Raina"}}, {"11.1": {"non_striker": "SR Watson", "bowler": "GJ Maxwell", "runs": {"extras": 0, "total": 0, "batsman": 0}, "batsman": "SK Raina", "wicket": {"player_out": "SK Raina", "kind": "bowled"}}}, {"11.2": {"non_striker": "SR Watson", "bowler": "GJ Maxwell", "runs": {"extras": 0, "total": 1, "batsman": 1}, "batsman": "AT Rayudu"}}, {"11.3": {"non_striker": "AT Rayudu", "bowler": "GJ Maxwell", "runs": {"extras": 0, "total": 0, "batsman": 0}, "batsman": "SR Watson"}}, {"11.4": {"non_striker": "AT Rayudu", "bowler": "GJ Maxwell", "runs": {"extras": 0, "total": 2, "batsman": 2}, "batsman": "SR Watson"}}, {"11.5": {"non_striker": "AT Rayudu", "bowler": "GJ Maxwell", "runs": {"extras": 0, "total": 1, "batsman": 1}, "batsman": "SR Watson"}}, {"11.6": {"non_striker": "SR Watson", "bowler": "GJ Maxwell", "runs": {"extras": 0, "total": 1, "batsman": 1}, "batsman": "AT Rayudu"}}, {"12.1": {"non_striker": "SR Watson", "bowler": "V Shankar", "runs": {"extras": 0, "total": 0, "batsman": 0}, "batsman": "AT Rayudu"}}, {"12.2": {"non_striker": "SR Watson", "bowler": "V Shankar", "runs": {"extras": 0, "total": 0, "batsman": 0}, "batsman": "AT Rayudu"}}, {"12.3": {"non_striker": "SR Watson", "bowler": "V Shankar", "runs": {"extras": 0, "total": 4, "batsman": 4}, "batsman": "AT Rayudu"}}, {"12.4": {"non_striker": "SR Watson", "bowler": "V Shankar", "runs": {"extras": 1, "total": 1, "batsman": 0}, "extras": {"wides": 1}, "batsman": "AT Rayudu"}}, {"12.5": {"non_striker": "SR Watson", "bowler": "V Shankar", "runs": {"extras": 0, "total": 1, "batsman": 1}, "batsman": "AT Rayudu"}}, {"12.6": {"non_striker": "AT Rayudu", "bowler": "V Shankar", "runs": {"extras": 0, "total": 4, "batsman": 4}, "batsman": "SR Watson"}}, {"12.7": {"non_striker": "AT Rayudu", "bowler": "V Shankar", "runs": {"extras": 1, "total": 1, "batsman": 0}, "extras": {"wides": 1}, "batsman": "SR Watson"}}, {"12.8": {"non_striker": "AT Rayudu", "bowler": "V Shankar", "runs": {"extras": 0, "total": 4, "batsman": 4}, "batsman": "SR Watson"}}, {"13.1": {"non_striker": "SR Watson", "bowler": "A Mishra", "runs": {"extras": 0, "total": 4, "batsman": 4}, "batsman": "AT Rayudu"}}, {"13.2": {"non_striker": "SR Watson", "bowler": "A Mishra", "runs": {"extras": 0, "total": 1, "batsman": 1}, "batsman": "AT Rayudu"}}, {"13.3": {"non_striker": "AT Rayudu", "bowler": "A Mishra", "runs": {"extras": 0, "total": 1, "batsman": 1}, "batsman": "SR Watson"}}, {"13.4": {"non_striker": "SR Watson", "bowler": "A Mishra", "runs": {"extras": 0, "total": 1, "batsman": 1}, "batsman": "AT Rayudu"}}, {"13.5": {"non_striker": "AT Rayudu", "bowler": "A Mishra", "runs": {"extras": 0, "total": 0, "batsman": 0}, "batsman": "SR Watson", "wicket": {"player_out": "SR Watson", "fielders": ["LE Plunkett"], "kind": "caught"}}}, {"13.6": {"non_striker": "AT Rayudu", "bowler": "A Mishra", "runs": {"extras": 0, "total": 1, "batsman": 1}, "batsman": "MS Dhoni"}}, {"14.1": {"non_striker": "AT Rayudu", "bowler": "Avesh Khan", "runs": {"extras": 0, "total": 1, "batsman": 1}, "batsman": "MS Dhoni"}}, {"14.2": {"non_striker": "MS Dhoni", "bowler": "Avesh Khan", "runs": {"extras": 0, "total": 1, "batsman": 1}, "batsman": "AT Rayudu"}}, {"14.3": {"non_striker": "AT Rayudu", "bowler": "Avesh Khan", "runs": {"extras": 1, "total": 1, "batsman": 0}, "extras": {"legbyes": 1}, "batsman": "MS Dhoni"}}, {"14.4": {"non_striker": "MS Dhoni", "bowler": "Avesh Khan", "runs": {"extras": 0, "total": 2, "batsman": 2}, "batsman": "AT Rayudu"}}, {"14.5": {"non_striker": "MS Dhoni", "bowler": "Avesh Khan", "runs": {"extras": 0, "total": 1, "batsman": 1}, "batsman": "AT Rayudu"}}, {"14.6": {"non_striker": "AT Rayudu", "bowler": "Avesh Khan", "runs": {"extras": 0, "total": 0, "batsman": 0}, "batsman": "MS Dhoni"}}, {"15.1": {"non_striker": "MS Dhoni", "bowler": "A Mishra", "runs": {"extras": 0, "total": 1, "batsman": 1}, "batsman": "AT Rayudu"}}, {"15.2": {"non_striker": "AT Rayudu", "bowler": "A Mishra", "runs": {"extras": 0, "total": 2, "batsman": 2}, "batsman": "MS Dhoni"}}, {"15.3": {"non_striker": "AT Rayudu", "bowler": "A Mishra", "runs": {"extras": 0, "total": 1, "batsman": 1}, "batsman": "MS Dhoni"}}, {"15.4": {"non_striker": "MS Dhoni", "bowler": "A Mishra", "runs": {"extras": 0, "total": 1, "batsman": 1}, "batsman": "AT Rayudu"}}, {"15.5": {"non_striker": "AT Rayudu", "bowler": "A Mishra", "runs": {"extras": 0, "total": 6, "batsman": 6}, "batsman": "MS Dhoni"}}, {"15.6": {"non_striker": "AT Rayudu", "bowler": "A Mishra", "runs": {"extras": 0, "total": 1, "batsman": 1}, "batsman": "MS Dhoni"}}, {"16.1": {"non_striker": "AT Rayudu", "bowler": "TA Boult", "runs": {"extras": 0, "total": 6, "batsman": 6}, "batsman": "MS Dhoni"}}, {"16.2": {"non_striker": "AT Rayudu", "bowler": "TA Boult", "runs": {"extras": 0, "total": 6, "batsman": 6}, "batsman": "MS Dhoni"}}, {"16.3": {"non_striker": "AT Rayudu", "bowler": "TA Boult", "runs": {"extras": 0, "total": 4, "batsman": 4}, "batsman": "MS Dhoni"}}, {"16.4": {"non_striker": "AT Rayudu", "bowler": "TA Boult", "runs": {"extras": 0, "total": 1, "batsman": 1}, "batsman": "MS Dhoni"}}, {"16.5": {"non_striker": "MS Dhoni", "bowler": "TA Boult", "runs": {"extras": 0, "total": 4, "batsman": 4}, "batsman": "AT Rayudu"}}, {"16.6": {"non_striker": "MS Dhoni", "bowler": "TA Boult", "runs": {"extras": 0, "total": 0, "batsman": 0}, "batsman": "AT Rayudu"}}, {"17.1": {"non_striker": "AT Rayudu", "bowler": "LE Plunkett", "runs": {"extras": 0, "total": 1, "batsman": 1}, "batsman": "MS Dhoni"}}, {"17.2": {"non_striker": "MS Dhoni", "bowler": "LE Plunkett", "runs": {"extras": 0, "total": 4, "batsman": 4}, "batsman": "AT Rayudu"}}, {"17.3": {"non_striker": "MS Dhoni", "bowler": "LE Plunkett", "runs": {"extras": 0, "total": 1, "batsman": 1}, "batsman": "AT Rayudu"}}, {"17.4": {"non_striker": "AT Rayudu", "bowler": "LE Plunkett", "runs": {"extras": 0, "total": 1, "batsman": 1}, "batsman": "MS Dhoni"}}, {"17.5": {"non_striker": "MS Dhoni", "bowler": "LE Plunkett", "runs": {"extras": 0, "total": 6, "batsman": 6}, "batsman": "AT Rayudu"}}, {"17.6": {"non_striker": "MS Dhoni", "bowler": "LE Plunkett", "runs": {"extras": 0, "total": 4, "batsman": 4}, "batsman": "AT Rayudu"}}, {"18.1": {"non_striker": "AT Rayudu", "bowler": "Avesh Khan", "runs": {"extras": 0, "total": 1, "batsman": 1}, "batsman": "MS Dhoni"}}, {"18.2": {"non_striker": "MS Dhoni", "bowler": "Avesh Khan", "runs": {"extras": 1, "total": 1, "batsman": 0}, "extras": {"wides": 1}, "batsman": "AT Rayudu"}}, {"18.3": {"non_striker": "MS Dhoni", "bowler": "Avesh Khan", "runs": {"extras": 0, "total": 1, "batsman": 1}, "batsman": "AT Rayudu"}}, {"18.4": {"non_striker": "AT Rayudu", "bowler": "Avesh Khan", "runs": {"extras": 0, "total": 1, "batsman": 1}, "batsman": "MS Dhoni"}}, {"18.5": {"non_striker": "MS Dhoni", "bowler": "Avesh Khan", "runs": {"extras": 0, "total": 1, "batsman": 1}, "batsman": "AT Rayudu"}}, {"18.6": {"non_striker": "AT Rayudu", "bowler": "Avesh Khan", "runs": {"extras": 0, "total": 0, "batsman": 0}, "batsman": "MS Dhoni"}}, {"18.7": {"non_striker": "AT Rayudu", "bowler": "Avesh Khan", "runs": {"extras": 0, "total": 6, "batsman": 6}, "batsman": "MS Dhoni"}}, {"19.1": {"non_striker": "MS Dhoni", "bowler": "TA Boult", "runs": {"extras": 0, "total": 0, "batsman": 0}, "batsman": "AT Rayudu"}}, {"19.2": {"non_striker": "MS Dhoni", "bowler": "TA Boult", "runs": {"extras": 0, "total": 1, "batsman": 1}, "batsman": "AT Rayudu"}}, {"19.3": {"non_striker": "AT Rayudu", "bowler": "TA Boult", "runs": {"extras": 0, "total": 6, "batsman": 6}, "batsman": "MS Dhoni"}}, {"19.4": {"non_striker": "AT Rayudu", "bowler": "TA Boult", "runs": {"extras": 0, "total": 4, "batsman": 4}, "batsman": "MS Dhoni"}}, {"19.5": {"non_striker": "AT Rayudu", "bowler": "TA Boult", "runs": {"extras": 0, "total": 0, "batsman": 0}, "batsman": "MS Dhoni", "wicket": {"player_out": "AT Rayudu", "kind": "run out"}}}, {"19.6": {"non_striker": "RA Jadeja", "bowler": "TA Boult", "runs": {"extras": 0, "total": 2, "batsman": 2}, "batsman": "MS Dhoni"}}]