[{"0.1": {"non_striker": "AT Rayudu", "bowler": "STR Binny", "runs": {"extras": 1, "total": 1, "batsman": 0}, "extras": {"noballs": 1}, "batsman": "SR Watson"}}, {"0.2": {"non_striker": "AT Rayudu", "bowler": "STR Binny", "runs": {"extras": 0, "total": 4, "batsman": 4}, "batsman": "SR Watson"}}, {"0.3": {"non_striker": "AT Rayudu", "bowler": "STR Binny", "runs": {"extras": 0, "total": 4, "batsman": 4}, "batsman": "SR Watson"}}, {"0.4": {"non_striker": "AT Rayudu", "bowler": "STR Binny", "runs": {"extras": 0, "total": 0, "batsman": 0}, "batsman": "SR Watson"}}, {"0.5": {"non_striker": "AT Rayudu", "bowler": "STR Binny", "runs": {"extras": 0, "total": 0, "batsman": 0}, "batsman": "SR Watson"}}, {"0.6": {"non_striker": "AT Rayudu", "bowler": "STR Binny", "runs": {"extras": 0, "total": 1, "batsman": 1}, "batsman": "SR Watson"}}, {"0.7": {"non_striker": "SR Watson", "bowler": "STR Binny", "runs": {"extras": 0, "total": 4, "batsman": 4}, "batsman": "AT Rayudu"}}, {"1.1": {"non_striker": "AT Rayudu", "bowler": "K Gowtham", "runs": {"extras": 0, "total": 1, "batsman": 1}, "batsman": "SR Watson"}}, {"1.2": {"non_striker": "SR Watson", "bowler": "K Gowtham", "runs": {"extras": 0, "total": 1, "batsman": 1}, "batsman": "AT Rayudu"}}, {"1.3": {"non_striker": "AT Rayudu", "bowler": "K Gowtham", "runs": {"extras": 0, "total": 0, "batsman": 0}, "batsman": "SR Watson"}}, {"1.4": {"non_striker": "AT Rayudu", "bowler": "K Gowtham", "runs": {"extras": 0, "total": 2, "batsman": 2}, "batsman": "SR Watson"}}, {"1.5": {"non_striker": "AT Rayudu", "bowler": "K Gowtham", "runs": {"extras": 0, "total": 6, "batsman": 6}, "batsman": "SR Watson"}}, {"1.6": {"non_striker": "AT Rayudu", "bowler": "K Gowtham", "runs": {"extras": 0, "total": 1, "batsman": 1}, "batsman": "SR Watson"}}, {"2.1": {"non_striker": "AT Rayudu", "bowler": "JD Unadkat", "runs": {"extras": 0, "total": 0, "batsman": 0}, "batsman": "SR Watson"}}, {"2.2": {"non_striker": "AT Rayudu", "bowler": "JD Unadkat", "runs": {"extras": 0, "total": 0, "batsman": 0}, "batsman": "SR Watson"}}, {"2.3": {"non_striker": "AT Rayudu", "bowler": "JD Unadkat", "runs": {"extras": 0, "total": 6, "batsman": 6}, "batsman": "SR Watson"}}, {"2.4": {"non_striker": "AT Rayudu", "bowler": "JD Unadkat", "runs": {"extras": 0, "total": 0, "batsman": 0}, "batsman": "SR Watson"}}, {"2.5": {"non_striker": "AT Rayudu", "bowler": "JD Unadkat", "runs": {"extras": 0, "total": 0, "batsman": 0}, "batsman": "SR Watson"}}, {"2.6": {"non_striker": "AT Rayudu", "bowler": "JD Unadkat", "runs": {"extras": 0, "total": 6, "batsman": 6}, "batsman": "SR Watson"}}, {"3.1": {"non_striker": "SR Watson", "bowler": "BA Stokes", "runs": {"extras": 0, "total": 4, "batsman": 4}, "batsman": "AT Rayudu"}}, {"3.2": {"non_striker": "SR Watson", "bowler": "BA Stokes", "runs": {"extras": 0, "total": 1, "batsman": 1}, "batsman": "AT Rayudu"}}, {"3.3": {"non_striker": "AT Rayudu", "bowler": "BA Stokes", "runs": {"extras": 0, "total": 1, "batsman": 1}, "batsman": "SR Watson"}}, {"3.4": {"non_striker": "SR Watson", "bowler": "BA Stokes", "runs": {"extras": 0, "total": 0, "batsman": 0}, "batsman": "AT Rayudu"}}, {"3.5": {"non_striker": "SR Watson", "bowler": "BA Stokes", "runs": {"extras": 0, "total": 1, "batsman": 1}, "batsman": "AT Rayudu"}}, {"3.6": {"non_striker": "AT Rayudu", "bowler": "BA Stokes", "runs": {"extras": 0, "total": 4, "batsman": 4}, "batsman": "SR Watson"}}, {"4.1": {"non_striker": "SR Watson", "bowler": "B Laughlin", "runs": {"extras": 0, "total": 1, "batsman": 1}, "batsman": "AT Rayudu"}}, {"4.2": {"non_striker": "AT Rayudu", "bowler": "B Laughlin", "runs": {"extras": 0, "total": 1, "batsman": 1}, "batsman": "SR Watson"}}, {"4.3": {"non_striker": "SR Watson", "bowler": "B Laughlin", "runs": {"extras": 0, "total": 0, "batsman": 0}, "batsman": "AT Rayudu", "wicket": {"player_out": "AT Rayudu", "fielders": ["JC Buttler"], "kind": "caught"}}}, {"4.4": {"non_striker": "SR Watson", "bowler": "B Laughlin", "runs": {"extras": 0, "total": 1, "batsman": 1}, "batsman": "SK Raina"}}, {"4.5": {"non_striker": "SK Raina", "bowler": "B Laughlin", "runs": {"extras": 0, "total": 1, "batsman": 1}, "batsman": "SR Watson"}}, {"4.6": {"non_striker": "SR Watson", "bowler": "B Laughlin", "runs": {"extras": 0, "total": 1, "batsman": 1}, "batsman": "SK Raina"}}, {"5.1": {"non_striker": "SR Watson", "bowler": "BA Stokes", "runs": {"extras": 0, "total": 0, "batsman": 0}, "batsman": "SK Raina"}}, {"5.2": {"non_striker": "SR Watson", "bowler": "BA Stokes", "runs": {"extras": 0, "total": 0, "batsman": 0}, "batsman": "SK Raina"}}, {"5.3": {"non_striker": "SR Watson", "bowler": "BA Stokes", "runs": {"extras": 0, "total": 4, "batsman": 4}, "batsman": "SK Raina"}}, {"5.4": {"non_striker": "SR Watson", "bowler": "BA Stokes", "runs": {"extras": 0, "total": 4, "batsman": 4}, "batsman": "SK Raina"}}, {"5.5": {"non_striker": "SR Watson", "bowler": "BA Stokes", "runs": {"extras": 0, "total": 4, "batsman": 4}, "batsman": "SK Raina"}}, {"5.6": {"non_striker": "SR Watson", "bowler": "BA Stokes", "runs": {"extras": 0, "total": 4, "batsman": 4}, "batsman": "SK Raina"}}, {"6.1": {"non_striker": "SK Raina", "bowler": "K Gowtham", "runs": {"extras": 0, "total": 2, "batsman": 2}, "batsman": "SR Watson"}}, {"6.2": {"non_striker": "SK Raina", "bowler": "K Gowtham", "runs": {"extras": 0, "total": 0, "batsman": 0}, "batsman": "SR Watson"}}, {"6.3": {"non_striker": "SK Raina", "bowler": "K Gowtham", "runs": {"extras": 0, "total": 1, "batsman": 1}, "batsman": "SR Watson"}}, {"6.4": {"non_striker": "SR Watson", "bowler": "K Gowtham", "runs": {"extras": 0, "total": 0, "batsman": 0}, "batsman": "SK Raina"}}, {"6.5": {"non_striker": "SR Watson", "bowler": "K Gowtham", "runs": {"extras": 0, "total": 1, "batsman": 1}, "batsman": "SK Raina"}}, {"6.6": {"non_striker": "SK Raina", "bowler": "K Gowtham", "runs": {"extras": 0, "total": 1, "batsman": 1}, "batsman": "SR Watson"}}, {"7.1": {"non_striker": "SK Raina", "bowler": "S Gopal", "runs": {"extras": 0, "total": 1, "batsman": 1}, "batsman": "SR Watson"}}, {"7.2": {"non_striker": "SR Watson", "bowler": "S Gopal", "runs": {"extras": 0, "total": 0, "batsman": 0}, "batsman": "SK Raina"}}, {"7.3": {"non_striker": "SR Watson", "bowler": "S Gopal", "runs": {"extras": 0, "total": 1, "batsman": 1}, "batsman": "SK Raina"}}, {"7.4": {"non_striker": "SK Raina", "bowler": "S Gopal", "runs": {"extras": 0, "total": 1, "batsman": 1}, "batsman": "SR Watson"}}, {"7.5": {"non_striker": "SR Watson", "bowler": "S Gopal", "runs": {"extras": 0, "total": 0, "batsman": 0}, "batsman": "SK Raina"}}, {"7.6": {"non_striker": "SR Watson", "bowler": "S Gopal", "runs": {"extras": 0, "total": 1, "batsman": 1}, "batsman": "SK Raina"}}, {"8.1": {"non_striker": "SR Watson", "bowler": "K Gowtham", "runs": {"extras": 0, "total": 1, "batsman": 1}, "batsman": "SK Raina"}}, {"8.2": {"non_striker": "SK Raina", "bowler": "K Gowtham", "runs": {"extras": 0, "total": 6, "batsman": 6}, "batsman": "SR Watson"}}, {"8.3": {"non_striker": "SK Raina", "bowler": "K Gowtham", "runs": {"extras": 0, "total": 4, "batsman": 4}, "batsman": "SR Watson"}}, {"8.4": {"non_striker": "SK Raina", "bowler": "K Gowtham", "runs": {"extras": 0, "total": 6, "batsman": 6}, "batsman": "SR Watson"}}, {"8.5": {"non_striker": "SK Raina", "bowler": "K Gowtham", "runs": {"extras": 0, "total": 1, "batsman": 1}, "batsman": "SR Watson"}}, {"8.6": {"non_striker": "SR Watson", "bowler": "K Gowtham", "runs": {"extras": 0, "total": 1, "batsman": 1}, "batsman": "SK Raina"}}, {"9.1": {"non_striker": "SR Watson", "bowler": "JD Unadkat", "runs": {"extras": 0, "total": 0, "batsman": 0}, "batsman": "SK Raina"}}, {"9.2": {"non_striker": "SR Watson", "bowler": "JD Unadkat", "runs": {"extras": 0, "total": 0, "batsman": 0}, "batsman": "SK Raina"}}, {"9.3": {"non_striker": "SR Watson", "bowler": "JD Unadkat", "runs": {"extras": 0, "total": 1, "batsman": 1}, "batsman": "SK Raina"}}, {"9.4": {"non_striker": "SK Raina", "bowler": "JD Unadkat", "runs": {"extras": 0, "total": 1, "batsman": 1}, "batsman": "SR Watson"}}, {"9.5": {"non_striker": "SR Watson", "bowler": "JD Unadkat", "runs": {"extras": 0, "total": 4, "batsman": 4}, "batsman": "SK Raina"}}, {"9.6": {"non_striker": "SR Watson", "bowler": "JD Unadkat", "runs": {"extras": 0, "total": 4, "batsman": 4}, "batsman": "SK Raina"}}, {"10.1": {"non_striker": "SK Raina", "bowler": "B Laughlin", "runs": {"extras": 0, "total": 1, "batsman": 1}, "batsman": "SR Watson"}}, {"10.2": {"non_striker": "SR Watson", "bowler": "B Laughlin", "runs": {"extras": 0, "total": 4, "batsman": 4}, "batsman": "SK Raina"}}, {"10.3": {"non_striker": "SR Watson", "bowler": "B Laughlin", "runs": {"extras": 1, "total": 1, "batsman": 0}, "extras": {"wides": 1}, "batsman": "SK Raina"}}, {"10.4": {"non_striker": "SR Watson", "bowler": "B Laughlin", "runs": {"extras": 0, "total": 1, "batsman": 1}, "batsman": "SK Raina"}}, {"10.5": {"non_striker": "SK Raina", "bowler": "B Laughlin", "runs": {"extras": 0, "total": 6, "batsman": 6}, "batsman": "SR Watson"}}, {"10.6": {"non_striker": "SK Raina", "bowler": "B Laughlin", "runs": {"extras": 0, "total": 1, "batsman": 1}, "batsman": "SR Watson"}}, {"10.7": {"non_striker": "SR Watson", "bowler": "B Laughlin", "runs": {"extras": 0, "total": 1, "batsman": 1}, "batsman": "SK Raina"}}, {"11.1": {"non_striker": "SR Watson", "bowler": "S Gopal", "runs": {"extras": 0, "total": 4, "batsman": 4}, "batsman": "SK Raina"}}, {"11.2": {"non_striker": "SR Watson", "bowler": "S Gopal", "runs": {"extras": 0, "total": 0, "batsman": 0}, "batsman": "SK Raina"}}, {"11.3": {"non_striker": "SR Watson", "bowler": "S Gopal", "runs": {"extras": 0, "total": 4, "batsman": 4}, "batsman": "SK Raina"}}, {"11.4": {"non_striker": "SR Watson", "bowler": "S Gopal", "runs": {"extras": 0, "total": 0, "batsman": 0}, "batsman": "SK Raina"}}, {"11.5": {"non_striker": "SR Watson", "bowler": "S Gopal", "runs": {"extras": 1, "total": 1, "batsman": 0}, "extras": {"wides": 1}, "batsman": "SK Raina"}}, {"11.6": {"non_striker": "SR Watson", "bowler": "S Gopal", "runs": {"extras": 0, "total": 0, "batsman": 0}, "batsman": "SK Raina", "wicket": {"player_out": "SK Raina", "fielders": ["K Gowtham"], "kind": "caught"}}}, {"11.7": {"non_striker": "MS Dhoni", "bowler": "S Gopal", "runs": {"extras": 0, "total": 0, "batsman": 0}, "batsman": "SR Watson"}}, {"12.1": {"non_striker": "SR Watson", "bowler": "STR Binny", "runs": {"extras": 0, "total": 1, "batsman": 1}, "batsman": "MS Dhoni"}}, {"12.2": {"non_striker": "MS Dhoni", "bowler": "STR Binny", "runs": {"extras": 0, "total": 4, "batsman": 4}, "batsman": "SR Watson"}}, {"12.3": {"non_striker": "MS Dhoni", "bowler": "STR Binny", "runs": {"extras": 0, "total": 4, "batsman": 4}, "batsman": "SR Watson"}}, {"12.4": {"non_striker": "MS Dhoni", "bowler": "STR Binny", "runs": {"extras": 1, "total": 1, "batsman": 0}, "extras": {"wides": 1}, "batsman": "SR Watson"}}, {"12.5": {"non_striker": "MS Dhoni", "bowler": "STR Binny", "runs": {"extras": 0, "total": 4, "batsman": 4}, "batsman": "SR Watson"}}, {"12.6": {"non_striker": "MS Dhoni", "bowler": "STR Binny", "runs": {"extras": 0, "total": 1, "batsman": 1}, "batsman": "SR Watson"}}, {"12.7": {"non_striker": "SR Watson", "bowler": "STR Binny", "runs": {"extras": 0, "total": 4, "batsman": 4}, "batsman": "MS Dhoni"}}, {"13.1": {"non_striker": "MS Dhoni", "bowler": "S Gopal", "runs": {"extras": 0, "total": 1, "batsman": 1}, "batsman": "SR Watson"}}, {"13.2": {"non_striker": "SR Watson", "bowler": "S Gopal", "runs": {"extras": 0, "total": 0, "batsman": 0}, "batsman": "MS Dhoni", "wicket": {"player_out": "MS Dhoni", "fielders": ["K Gowtham"], "kind": "caught"}}}, {"13.3": {"non_striker": "SR Watson", "bowler": "S Gopal", "runs": {"extras": 0, "total": 0, "batsman": 0}, "batsman": "SW Billings"}}, {"13.4": {"non_striker": "SR Watson", "bowler": "S Gopal", "runs": {"extras": 0, "total": 0, "batsman": 0}, "batsman": "SW Billings"}}, {"13.5": {"non_striker": "SR Watson", "bowler": "S Gopal", "runs": {"extras": 0, "total": 1, "batsman": 1}, "batsman": "SW Billings"}}, {"13.6": {"non_striker": "SW Billings", "bowler": "S Gopal", "runs": {"extras": 0, "total": 1, "batsman": 1}, "batsman": "SR Watson"}}, {"14.1": {"non_striker": "SW Billings", "bowler": "JD Unadkat", "runs": {"extras": 0, "total": 4, "batsman": 4}, "batsman": "SR Watson"}}, {"14.2": {"non_striker": "SW Billings", "bowler": "JD Unadkat", "runs": {"extras": 0, "total": 1, "batsman": 1}, "batsman": "SR Watson"}}, {"14.3": {"non_striker": "SR Watson", "bowler": "JD Unadkat", "runs": {"extras": 0, "total": 0, "batsman": 0}, "batsman": "SW Billings"}}, {"14.4": {"non_striker": "SR Watson", "bowler": "JD Unadkat", "runs": {"extras": 0, "total": 1, "batsman": 1}, "batsman": "SW Billings"}}, {"14.5": {"non_striker": "SW Billings", "bowler": "JD Unadkat", "runs": {"extras": 0, "total": 1, "batsman": 1}, "batsman": "SR Watson"}}, {"14.6": {"non_striker": "SR Watson", "bowler": "JD Unadkat", "runs": {"extras": 0, "total": 1, "batsman": 1}, "batsman": "SW Billings"}}, {"15.1": {"non_striker": "SR Watson", "bowler": "S Gopal", "runs": {"extras": 0, "total": 0, "batsman": 0}, "batsman": "SW Billings", "wicket": {"player_out": "SW Billings", "fielders": ["BA Stokes"], "kind": "caught"}}}, {"15.2": {"non_striker": "SR Watson", "bowler": "S Gopal", "runs": {"extras": 0, "total": 0, "batsman": 0}, "batsman": "DJ Bravo"}}, {"15.3": {"non_striker": "SR Watson", "bowler": "S Gopal", "runs": {"extras": 0, "total": 1, "batsman": 1}, "batsman": "DJ Bravo"}}, {"15.4": {"non_striker": "DJ Bravo", "bowler": "S Gopal", "runs": {"extras": 0, "total": 2, "batsman": 2}, "batsman": "SR Watson"}}, {"15.5": {"non_striker": "DJ Bravo", "bowler": "S Gopal", "runs": {"extras": 0, "total": 0, "batsman": 0}, "batsman": "SR Watson"}}, {"15.6": {"non_striker": "DJ Bravo", "bowler": "S Gopal", "runs": {"extras": 0, "total": 1, "batsman": 1}, "batsman": "SR Watson"}}, {"16.1": {"non_striker": "DJ Bravo", "bowler": "B Laughlin", "runs": {"extras": 0, "total": 4, "batsman": 4}, "batsman": "SR Watson"}}, {"16.2": {"non_striker": "DJ Bravo", "bowler": "B Laughlin", "runs": {"extras": 0, "total": 1, "batsman": 1}, "batsman": "SR Watson"}}, {"16.3": {"non_striker": "SR Watson", "bowler": "B Laughlin", "runs": {"extras": 0, "total": 4, "batsman": 4}, "batsman": "DJ Bravo"}}, {"16.4": {"non_striker": "SR Watson", "bowler": "B Laughlin", "runs": {"extras": 0, "total": 0, "batsman": 0}, "batsman": "DJ Bravo"}}, {"16.5": {"non_striker": "SR Watson", "bowler": "B Laughlin", "runs": {"extras": 0, "total": 0, "batsman": 0}, "batsman": "DJ Bravo"}}, {"16.6": {"non_striker": "SR Watson", "bowler": "B Laughlin", "runs": {"extras": 0, "total": 1, "batsman": 1}, "batsman": "DJ Bravo"}}, {"17.1": {"non_striker": "SR Watson", "bowler": "JD Unadkat", "runs": {"extras": 0, "total": 1, "batsman": 1}, "batsman": "DJ Bravo"}}, {"17.2": {"non_striker": "DJ Bravo", "bowler": "JD Unadkat", "runs": {"extras": 0, "total": 1, "batsman": 1}, "batsman": "SR Watson"}}, {"17.3": {"non_striker": "SR Watson", "bowler": "JD Unadkat", "runs": {"extras": 0, "total": 0, "batsman": 0}, "batsman": "DJ Bravo"}}, {"17.4": {"non_striker": "SR Watson", "bowler": "JD Unadkat", "runs": {"extras": 0, "total": 4, "batsman": 4}, "batsman": "DJ Bravo"}}, {"17.5": {"non_striker": "SR Watson", "bowler": "JD Unadkat", "runs": {"extras": 0, "total": 1, "batsman": 1}, "batsman": "DJ Bravo"}}, {"17.6": {"non_striker": "DJ Bravo", "bowler": "JD Unadkat", "runs": {"extras": 0, "total": 2, "batsman": 2}, "batsman": "SR Watson"}}, {"18.1": {"non_striker": "SR Watson", "bowler": "BA Stokes", "runs": {"extras": 0, "total": 4, "batsman": 4}, "batsman": "DJ Bravo"}}, {"18.2": {"non_striker": "SR Watson", "bowler": "BA Stokes", "runs": {"extras": 0, "total": 1, "batsman": 1}, "batsman": "DJ Bravo"}}, {"18.3": {"non_striker": "DJ Bravo", "bowler": "BA Stokes", "runs": {"extras": 0, "total": 0, "batsman": 0}, "batsman": "SR Watson"}}, {"18.4": {"non_striker": "DJ Bravo", "bowler": "BA Stokes", "runs": {"extras": 0, "total": 2, "batsman": 2}, "batsman": "SR Watson"}}, {"18.5": {"non_striker": "DJ Bravo", "bowler": "BA Stokes", "runs": {"extras": 0, "total": 1, "batsman": 1}, "batsman": "SR Watson"}}, {"18.6": {"non_striker": "SR Watson", "bowler": "BA Stokes", "runs": {"extras": 0, "total": 4, "batsman": 4}, "batsman": "DJ Bravo"}}, {"19.1": {"non_striker": "DJ Bravo", "bowler": "B Laughlin", "runs": {"extras": 0, "total": 1, "batsman": 1}, "batsman": "SR Watson"}}, {"19.2": {"non_striker": "SR Watson", "bowler": "B Laughlin", "runs": {"extras": 0, "total": 0, "batsman": 0}, "batsman": "DJ Bravo"}}, {"19.3": {"non_striker": "SR Watson", "bowler": "B Laughlin", "runs": {"extras": 1, "total": 1, "batsman": 0}, "extras": {"wides": 1}, "batsman": "DJ Bravo"}}, {"19.4": {"non_striker": "SR Watson", "bowler": "B Laughlin", "runs": {"extras": 0, "total": 2, "batsman": 2}, "batsman": "DJ Bravo"}}, {"19.5": {"non_striker": "SR Watson", "bowler": "B Laughlin", "runs": {"extras": 1, "total": 1, "batsman": 0}, "extras": {"wides": 1}, "batsman": "DJ Bravo"}}, {"19.6": {"non_striker": "SR Watson", "bowler": "B Laughlin", "runs": {"extras": 0, "total": 1, "batsman": 1}, "batsman": "DJ Bravo"}}, {"19.7": {"non_striker": "DJ Bravo", "bowler": "B Laughlin", "runs": {"extras": 0, "total": 0, "batsman": 0}, "batsman": "SR Watson", "wicket": {"player_out": "SR Watson", "fielders": ["JC Buttler"], "kind": "caught"}}}, {"19.8": {"non_striker": "DJ Bravo", "bowler": "B Laughlin", "runs": {"extras": 0, "total": 2, "batsman": 2}, "batsman": "RA Jadeja"}}]