[{"0.1": {"non_striker": "M Vohra", "bowler": "TA Boult", "runs": {"extras": 0, "total": 0, "batsman": 0}, "batsman": "Q de Kock"}}, {"0.2": {"non_striker": "M Vohra", "bowler": "TA Boult", "runs": {"extras": 0, "total": 0, "batsman": 0}, "batsman": "Q de Kock"}}, {"0.3": {"non_striker": "M Vohra", "bowler": "TA Boult", "runs": {"extras": 0, "total": 4, "batsman": 4}, "batsman": "Q de Kock"}}, {"0.4": {"non_striker": "M Vohra", "bowler": "TA Boult", "runs": {"extras": 0, "total": 0, "batsman": 0}, "batsman": "Q de Kock"}}, {"0.5": {"non_striker": "M Vohra", "bowler": "TA Boult", "runs": {"extras": 0, "total": 1, "batsman": 1}, "batsman": "Q de Kock"}}, {"0.6": {"non_striker": "Q de Kock", "bowler": "TA Boult", "runs": {"extras": 0, "total": 0, "batsman": 0}, "batsman": "M Vohra"}}, {"1.1": {"non_striker": "M Vohra", "bowler": "GJ Maxwell", "runs": {"extras": 0, "total": 0, "batsman": 0}, "batsman": "Q de Kock"}}, {"1.2": {"non_striker": "M Vohra", "bowler": "GJ Maxwell", "runs": {"extras": 0, "total": 1, "batsman": 1}, "batsman": "Q de Kock"}}, {"1.3": {"non_striker": "Q de Kock", "bowler": "GJ Maxwell", "runs": {"extras": 0, "total": 2, "batsman": 2}, "batsman": "M Vohra"}}, {"1.4": {"non_striker": "Q de Kock", "bowler": "GJ Maxwell", "runs": {"extras": 0, "total": 0, "batsman": 0}, "batsman": "M Vohra"}}, {"1.5": {"non_striker": "Q de Kock", "bowler": "GJ Maxwell", "runs": {"extras": 1, "total": 1, "batsman": 0}, "extras": {"wides": 1}, "batsman": "M Vohra"}}, {"1.6": {"non_striker": "Q de Kock", "bowler": "GJ Maxwell", "runs": {"extras": 0, "total": 0, "batsman": 0}, "batsman": "M Vohra"}}, {"1.7": {"non_striker": "Q de Kock", "bowler": "GJ Maxwell", "runs": {"extras": 0, "total": 0, "batsman": 0}, "batsman": "M Vohra", "wicket": {"player_out": "M Vohra", "fielders": ["JJ Roy"], "kind": "caught"}}}, {"2.1": {"non_striker": "Q de Kock", "bowler": "TA Boult", "runs": {"extras": 0, "total": 1, "batsman": 1}, "batsman": "V Kohli"}}, {"2.2": {"non_striker": "V Kohli", "bowler": "TA Boult", "runs": {"extras": 0, "total": 1, "batsman": 1}, "batsman": "Q de Kock"}}, {"2.3": {"non_striker": "Q de Kock", "bowler": "TA Boult", "runs": {"extras": 0, "total": 1, "batsman": 1}, "batsman": "V Kohli"}}, {"2.4": {"non_striker": "V Kohli", "bowler": "TA Boult", "runs": {"extras": 0, "total": 1, "batsman": 1}, "batsman": "Q de Kock"}}, {"2.5": {"non_striker": "Q de Kock", "bowler": "TA Boult", "runs": {"extras": 0, "total": 1, "batsman": 1}, "batsman": "V Kohli"}}, {"2.6": {"non_striker": "V Kohli", "bowler": "TA Boult", "runs": {"extras": 0, "total": 1, "batsman": 1}, "batsman": "Q de Kock"}}, {"3.1": {"non_striker": "V Kohli", "bowler": "GJ Maxwell", "runs": {"extras": 0, "total": 0, "batsman": 0}, "batsman": "Q de Kock"}}, {"3.2": {"non_striker": "V Kohli", "bowler": "GJ Maxwell", "runs": {"extras": 0, "total": 1, "batsman": 1}, "batsman": "Q de Kock"}}, {"3.3": {"non_striker": "Q de Kock", "bowler": "GJ Maxwell", "runs": {"extras": 0, "total": 1, "batsman": 1}, "batsman": "V Kohli"}}, {"3.4": {"non_striker": "V Kohli", "bowler": "GJ Maxwell", "runs": {"extras": 0, "total": 6, "batsman": 6}, "batsman": "Q de Kock"}}, {"3.5": {"non_striker": "V Kohli", "bowler": "GJ Maxwell", "runs": {"extras": 0, "total": 0, "batsman": 0}, "batsman": "Q de Kock"}}, {"3.6": {"non_striker": "V Kohli", "bowler": "GJ Maxwell", "runs": {"extras": 0, "total": 1, "batsman": 1}, "batsman": "Q de Kock"}}, {"4.1": {"non_striker": "V Kohli", "bowler": "S Nadeem", "runs": {"extras": 0, "total": 1, "batsman": 1}, "batsman": "Q de Kock"}}, {"4.2": {"non_striker": "Q de Kock", "bowler": "S Nadeem", "runs": {"extras": 0, "total": 4, "batsman": 4}, "batsman": "V Kohli"}}, {"4.3": {"non_striker": "Q de Kock", "bowler": "S Nadeem", "runs": {"extras": 0, "total": 0, "batsman": 0}, "batsman": "V Kohli", "wicket": {"player_out": "Q de Kock", "kind": "run out"}}}, {"4.4": {"non_striker": "V Kohli", "bowler": "S Nadeem", "runs": {"extras": 0, "total": 0, "batsman": 0}, "batsman": "AB de Villiers"}}, {"4.5": {"non_striker": "V Kohli", "bowler": "S Nadeem", "runs": {"extras": 0, "total": 4, "batsman": 4}, "batsman": "AB de Villiers"}}, {"4.6": {"non_striker": "V Kohli", "bowler": "S Nadeem", "runs": {"extras": 0, "total": 4, "batsman": 4}, "batsman": "AB de Villiers"}}, {"5.1": {"non_striker": "AB de Villiers", "bowler": "CH Morris", "runs": {"extras": 0, "total": 0, "batsman": 0}, "batsman": "V Kohli"}}, {"5.2": {"non_striker": "AB de Villiers", "bowler": "CH Morris", "runs": {"extras": 0, "total": 0, "batsman": 0}, "batsman": "V Kohli"}}, {"5.3": {"non_striker": "AB de Villiers", "bowler": "CH Morris", "runs": {"extras": 0, "total": 0, "batsman": 0}, "batsman": "V Kohli"}}, {"5.4": {"non_striker": "AB de Villiers", "bowler": "CH Morris", "runs": {"extras": 0, "total": 6, "batsman": 6}, "batsman": "V Kohli"}}, {"5.5": {"non_striker": "AB de Villiers", "bowler": "CH Morris", "runs": {"extras": 0, "total": 0, "batsman": 0}, "batsman": "V Kohli"}}, {"5.6": {"non_striker": "AB de Villiers", "bowler": "CH Morris", "runs": {"extras": 0, "total": 0, "batsman": 0}, "batsman": "V Kohli"}}, {"6.1": {"non_striker": "V Kohli", "bowler": "S Nadeem", "runs": {"extras": 0, "total": 1, "batsman": 1}, "batsman": "AB de Villiers"}}, {"6.2": {"non_striker": "AB de Villiers", "bowler": "S Nadeem", "runs": {"extras": 0, "total": 0, "batsman": 0}, "batsman": "V Kohli"}}, {"6.3": {"non_striker": "AB de Villiers", "bowler": "S Nadeem", "runs": {"extras": 0, "total": 1, "batsman": 1}, "batsman": "V Kohli"}}, {"6.4": {"non_striker": "V Kohli", "bowler": "S Nadeem", "runs": {"extras": 0, "total": 4, "batsman": 4}, "batsman": "AB de Villiers"}}, {"6.5": {"non_striker": "V Kohli", "bowler": "S Nadeem", "runs": {"extras": 0, "total": 4, "batsman": 4}, "batsman": "AB de Villiers"}}, {"6.6": {"non_striker": "V Kohli", "bowler": "S Nadeem", "runs": {"extras": 0, "total": 4, "batsman": 4}, "batsman": "AB de Villiers"}}, {"7.1": {"non_striker": "AB de Villiers", "bowler": "CH Morris", "runs": {"extras": 0, "total": 4, "batsman": 4}, "batsman": "V Kohli"}}, {"7.2": {"non_striker": "AB de Villiers", "bowler": "CH Morris", "runs": {"extras": 0, "total": 1, "batsman": 1}, "batsman": "V Kohli"}}, {"7.3": {"non_striker": "V Kohli", "bowler": "CH Morris", "runs": {"extras": 0, "total": 1, "batsman": 1}, "batsman": "AB de Villiers"}}, {"7.4": {"non_striker": "AB de Villiers", "bowler": "CH Morris", "runs": {"extras": 0, "total": 1, "batsman": 1}, "batsman": "V Kohli"}}, {"7.5": {"non_striker": "V Kohli", "bowler": "CH Morris", "runs": {"extras": 0, "total": 1, "batsman": 1}, "batsman": "AB de Villiers"}}, {"7.6": {"non_striker": "AB de Villiers", "bowler": "CH Morris", "runs": {"extras": 0, "total": 1, "batsman": 1}, "batsman": "V Kohli"}}, {"8.1": {"non_striker": "AB de Villiers", "bowler": "HV Patel", "runs": {"extras": 0, "total": 1, "batsman": 1}, "batsman": "V Kohli"}}, {"8.2": {"non_striker": "V Kohli", "bowler": "HV Patel", "runs": {"extras": 0, "total": 1, "batsman": 1}, "batsman": "AB de Villiers"}}, {"8.3": {"non_striker": "AB de Villiers", "bowler": "HV Patel", "runs": {"extras": 0, "total": 1, "batsman": 1}, "batsman": "V Kohli"}}, {"8.4": {"non_striker": "V Kohli", "bowler": "HV Patel", "runs": {"extras": 1, "total": 1, "batsman": 0}, "extras": {"legbyes": 1}, "batsman": "AB de Villiers"}}, {"8.5": {"non_striker": "AB de Villiers", "bowler": "HV Patel", "runs": {"extras": 0, "total": 1, "batsman": 1}, "batsman": "V Kohli"}}, {"8.6": {"non_striker": "V Kohli", "bowler": "HV Patel", "runs": {"extras": 0, "total": 1, "batsman": 1}, "batsman": "AB de Villiers"}}, {"9.1": {"non_striker": "V Kohli", "bowler": "R Tewatia", "runs": {"extras": 0, "total": 1, "batsman": 1}, "batsman": "AB de Villiers"}}, {"9.2": {"non_striker": "AB de Villiers", "bowler": "R Tewatia", "runs": {"extras": 0, "total": 1, "batsman": 1}, "batsman": "V Kohli"}}, {"9.3": {"non_striker": "V Kohli", "bowler": "R Tewatia", "runs": {"extras": 0, "total": 6, "batsman": 6}, "batsman": "AB de Villiers"}}, {"9.4": {"non_striker": "V Kohli", "bowler": "R Tewatia", "runs": {"extras": 0, "total": 0, "batsman": 0}, "batsman": "AB de Villiers"}}, {"9.5": {"non_striker": "V Kohli", "bowler": "R Tewatia", "runs": {"extras": 0, "total": 1, "batsman": 1}, "batsman": "AB de Villiers"}}, {"9.6": {"non_striker": "AB de Villiers", "bowler": "R Tewatia", "runs": {"extras": 0, "total": 1, "batsman": 1}, "batsman": "V Kohli"}}, {"10.1": {"non_striker": "AB de Villiers", "bowler": "HV Patel", "runs": {"extras": 0, "total": 1, "batsman": 1}, "batsman": "V Kohli"}}, {"10.2": {"non_striker": "V Kohli", "bowler": "HV Patel", "runs": {"extras": 0, "total": 4, "batsman": 4}, "batsman": "AB de Villiers"}}, {"10.3": {"non_striker": "V Kohli", "bowler": "HV Patel", "runs": {"extras": 0, "total": 2, "batsman": 2}, "batsman": "AB de Villiers"}}, {"10.4": {"non_striker": "V Kohli", "bowler": "HV Patel", "runs": {"extras": 0, "total": 1, "batsman": 1}, "batsman": "AB de Villiers"}}, {"10.5": {"non_striker": "AB de Villiers", "bowler": "HV Patel", "runs": {"extras": 0, "total": 2, "batsman": 2}, "batsman": "V Kohli"}}, {"10.6": {"non_striker": "AB de Villiers", "bowler": "HV Patel", "runs": {"extras": 0, "total": 0, "batsman": 0}, "batsman": "V Kohli", "wicket": {"player_out": "V Kohli", "fielders": ["TA Boult"], "kind": "caught"}}}, {"11.1": {"non_striker": "CJ Anderson", "bowler": "R Tewatia", "runs": {"extras": 0, "total": 1, "batsman": 1}, "batsman": "AB de Villiers"}}, {"11.2": {"non_striker": "AB de Villiers", "bowler": "R Tewatia", "runs": {"extras": 0, "total": 1, "batsman": 1}, "batsman": "CJ Anderson"}}, {"11.3": {"non_striker": "CJ Anderson", "bowler": "R Tewatia", "runs": {"extras": 0, "total": 1, "batsman": 1}, "batsman": "AB de Villiers"}}, {"11.4": {"non_striker": "AB de Villiers", "bowler": "R Tewatia", "runs": {"extras": 0, "total": 0, "batsman": 0}, "batsman": "CJ Anderson"}}, {"11.5": {"non_striker": "AB de Villiers", "bowler": "R Tewatia", "runs": {"extras": 0, "total": 1, "batsman": 1}, "batsman": "CJ Anderson"}}, {"11.6": {"non_striker": "CJ Anderson", "bowler": "R Tewatia", "runs": {"extras": 0, "total": 1, "batsman": 1}, "batsman": "AB de Villiers"}}, {"12.1": {"non_striker": "CJ Anderson", "bowler": "HV Patel", "runs": {"extras": 0, "total": 6, "batsman": 6}, "batsman": "AB de Villiers"}}, {"12.2": {"non_striker": "CJ Anderson", "bowler": "HV Patel", "runs": {"extras": 0, "total": 4, "batsman": 4}, "batsman": "AB de Villiers"}}, {"12.3": {"non_striker": "CJ Anderson", "bowler": "HV Patel", "runs": {"extras": 0, "total": 1, "batsman": 1}, "batsman": "AB de Villiers"}}, {"12.4": {"non_striker": "AB de Villiers", "bowler": "HV Patel", "runs": {"extras": 0, "total": 1, "batsman": 1}, "batsman": "CJ Anderson"}}, {"12.5": {"non_striker": "CJ Anderson", "bowler": "HV Patel", "runs": {"extras": 0, "total": 0, "batsman": 0}, "batsman": "AB de Villiers"}}, {"12.6": {"non_striker": "CJ Anderson", "bowler": "HV Patel", "runs": {"extras": 0, "total": 6, "batsman": 6}, "batsman": "AB de Villiers"}}, {"13.1": {"non_striker": "AB de Villiers", "bowler": "R Tewatia", "runs": {"extras": 0, "total": 1, "batsman": 1}, "batsman": "CJ Anderson"}}, {"13.2": {"non_striker": "CJ Anderson", "bowler": "R Tewatia", "runs": {"extras": 0, "total": 1, "batsman": 1}, "batsman": "AB de Villiers"}}, {"13.3": {"non_striker": "AB de Villiers", "bowler": "R Tewatia", "runs": {"extras": 0, "total": 1, "batsman": 1}, "batsman": "CJ Anderson"}}, {"13.4": {"non_striker": "CJ Anderson", "bowler": "R Tewatia", "runs": {"extras": 0, "total": 6, "batsman": 6}, "batsman": "AB de Villiers"}}, {"13.5": {"non_striker": "CJ Anderson", "bowler": "R Tewatia", "runs": {"extras": 0, "total": 1, "batsman": 1}, "batsman": "AB de Villiers"}}, {"13.6": {"non_striker": "AB de Villiers", "bowler": "R Tewatia", "runs": {"extras": 0, "total": 1, "batsman": 1}, "batsman": "CJ Anderson"}}, {"14.1": {"non_striker": "AB de Villiers", "bowler": "CH Morris", "runs": {"extras": 0, "total": 1, "batsman": 1}, "batsman": "CJ Anderson"}}, {"14.2": {"non_striker": "CJ Anderson", "bowler": "CH Morris", "runs": {"extras": 0, "total": 0, "batsman": 0}, "batsman": "AB de Villiers"}}, {"14.3": {"non_striker": "CJ Anderson", "bowler": "CH Morris", "runs": {"extras": 0, "total": 6, "batsman": 6}, "batsman": "AB de Villiers"}}, {"14.4": {"non_striker": "CJ Anderson", "bowler": "CH Morris", "runs": {"extras": 0, "total": 4, "batsman": 4}, "batsman": "AB de Villiers"}}, {"14.5": {"non_striker": "CJ Anderson", "bowler": "CH Morris", "runs": {"extras": 1, "total": 1, "batsman": 0}, "extras": {"wides": 1}, "batsman": "AB de Villiers"}}, {"14.6": {"non_striker": "CJ Anderson", "bowler": "CH Morris", "runs": {"extras": 0, "total": 1, "batsman": 1}, "batsman": "AB de Villiers"}}, {"14.7": {"non_striker": "AB de Villiers", "bowler": "CH Morris", "runs": {"extras": 0, "total": 1, "batsman": 1}, "batsman": "CJ Anderson"}}, {"15.1": {"non_striker": "AB de Villiers", "bowler": "TA Boult", "runs": {"extras": 0, "total": 6, "batsman": 6}, "batsman": "CJ Anderson"}}, {"15.2": {"non_striker": "AB de Villiers", "bowler": "TA Boult", "runs": {"extras": 0, "total": 0, "batsman": 0}, "batsman": "CJ Anderson"}}, {"15.3": {"non_striker": "AB de Villiers", "bowler": "TA Boult", "runs": {"extras": 0, "total": 1, "batsman": 1}, "batsman": "CJ Anderson"}}, {"15.4": {"non_striker": "CJ Anderson", "bowler": "TA Boult", "runs": {"extras": 0, "total": 1, "batsman": 1}, "batsman": "AB de Villiers"}}, {"15.5": {"non_striker": "AB de Villiers", "bowler": "TA Boult", "runs": {"extras": 0, "total": 0, "batsman": 0}, "batsman": "CJ Anderson", "wicket": {"player_out": "CJ Anderson", "kind": "bowled"}}}, {"15.6": {"non_striker": "AB de Villiers", "bowler": "TA Boult", "runs": {"extras": 0, "total": 1, "batsman": 1}, "batsman": "Mandeep Singh"}}, {"16.1": {"non_striker": "AB de Villiers", "bowler": "CH Morris", "runs": {"extras": 0, "total": 6, "batsman": 6}, "batsman": "Mandeep Singh"}}, {"16.2": {"non_striker": "AB de Villiers", "bowler": "CH Morris", "runs": {"extras": 1, "total": 1, "batsman": 0}, "extras": {"wides": 1}, "batsman": "Mandeep Singh"}}, {"16.3": {"non_striker": "AB de Villiers", "bowler": "CH Morris", "runs": {"extras": 0, "total": 1, "batsman": 1}, "batsman": "Mandeep Singh"}}, {"16.4": {"non_striker": "Mandeep Singh", "bowler": "CH Morris", "runs": {"extras": 0, "total": 1, "batsman": 1}, "batsman": "AB de Villiers"}}, {"16.5": {"non_striker": "AB de Villiers", "bowler": "CH Morris", "runs": {"extras": 0, "total": 0, "batsman": 0}, "batsman": "Mandeep Singh"}}, {"16.6": {"non_striker": "AB de Villiers", "bowler": "CH Morris", "runs": {"extras": 0, "total": 4, "batsman": 4}, "batsman": "Mandeep Singh"}}, {"16.7": {"non_striker": "AB de Villiers", "bowler": "CH Morris", "runs": {"extras": 0, "total": 1, "batsman": 1}, "batsman": "Mandeep Singh"}}, {"17.1": {"non_striker": "AB de Villiers", "bowler": "TA Boult", "runs": {"extras": 0, "total": 2, "batsman": 2}, "batsman": "Mandeep Singh"}}, {"17.2": {"non_striker": "AB de Villiers", "bowler": "TA Boult", "runs": {"extras": 0, "total": 1, "batsman": 1}, "batsman": "Mandeep Singh"}}, {"17.3": {"non_striker": "Mandeep Singh", "bowler": "TA Boult", "runs": {"extras": 0, "total": 1, "batsman": 1}, "batsman": "AB de Villiers"}}, {"17.4": {"non_striker": "AB de Villiers", "bowler": "TA Boult", "runs": {"extras": 0, "total": 1, "batsman": 1}, "batsman": "Mandeep Singh"}}, {"17.5": {"non_striker": "Mandeep Singh", "bowler": "TA Boult", "runs": {"extras": 0, "total": 4, "batsman": 4}, "batsman": "AB de Villiers"}}, {"17.6": {"non_striker": "Mandeep Singh", "bowler": "TA Boult", "runs": {"extras": 0, "total": 4, "batsman": 4}, "batsman": "AB de Villiers"}}]