[{"0.1": {"non_striker": "G Gambhir", "bowler": "R Ashwin", "runs": {"extras": 0, "total": 1, "batsman": 1}, "batsman": "C Munro"}}, {"0.2": {"non_striker": "C Munro", "bowler": "R Ashwin", "runs": {"extras": 0, "total": 2, "batsman": 2}, "batsman": "G Gambhir"}}, {"0.3": {"non_striker": "C Munro", "bowler": "R Ashwin", "runs": {"extras": 0, "total": 1, "batsman": 1}, "batsman": "G Gambhir"}}, {"0.4": {"non_striker": "G Gambhir", "bowler": "R Ashwin", "runs": {"extras": 0, "total": 0, "batsman": 0}, "batsman": "C Munro"}}, {"0.5": {"non_striker": "G Gambhir", "bowler": "R Ashwin", "runs": {"extras": 0, "total": 1, "batsman": 1}, "batsman": "C Munro"}}, {"0.6": {"non_striker": "C Munro", "bowler": "R Ashwin", "runs": {"extras": 0, "total": 1, "batsman": 1}, "batsman": "G Gambhir"}}, {"1.1": {"non_striker": "C Munro", "bowler": "MM Sharma", "runs": {"extras": 0, "total": 0, "batsman": 0}, "batsman": "G Gambhir"}}, {"1.2": {"non_striker": "C Munro", "bowler": "MM Sharma", "runs": {"extras": 1, "total": 1, "batsman": 0}, "extras": {"byes": 1}, "batsman": "G Gambhir"}}, {"1.3": {"non_striker": "G Gambhir", "bowler": "MM Sharma", "runs": {"extras": 0, "total": 1, "batsman": 1}, "batsman": "C Munro"}}, {"1.4": {"non_striker": "C Munro", "bowler": "MM Sharma", "runs": {"extras": 0, "total": 1, "batsman": 1}, "batsman": "G Gambhir"}}, {"1.5": {"non_striker": "G Gambhir", "bowler": "MM Sharma", "runs": {"extras": 0, "total": 1, "batsman": 1}, "batsman": "C Munro"}}, {"1.6": {"non_striker": "C Munro", "bowler": "MM Sharma", "runs": {"extras": 0, "total": 1, "batsman": 1}, "batsman": "G Gambhir"}}, {"2.1": {"non_striker": "C Munro", "bowler": "Mujeeb Ur Rahman", "runs": {"extras": 0, "total": 0, "batsman": 0}, "batsman": "G Gambhir"}}, {"2.2": {"non_striker": "C Munro", "bowler": "Mujeeb Ur Rahman", "runs": {"extras": 0, "total": 1, "batsman": 1}, "batsman": "G Gambhir"}}, {"2.3": {"non_striker": "G Gambhir", "bowler": "Mujeeb Ur Rahman", "runs": {"extras": 0, "total": 0, "batsman": 0}, "batsman": "C Munro", "wicket": {"player_out": "C Munro", "kind": "lbw"}}}, {"2.4": {"non_striker": "G Gambhir", "bowler": "Mujeeb Ur Rahman", "runs": {"extras": 0, "total": 0, "batsman": 0}, "batsman": "SS Iyer"}}, {"2.5": {"non_striker": "G Gambhir", "bowler": "Mujeeb Ur Rahman", "runs": {"extras": 0, "total": 1, "batsman": 1}, "batsman": "SS Iyer"}}, {"2.6": {"non_striker": "SS Iyer", "bowler": "Mujeeb Ur Rahman", "runs": {"extras": 0, "total": 0, "batsman": 0}, "batsman": "G Gambhir"}}, {"3.1": {"non_striker": "G Gambhir", "bowler": "AR Patel", "runs": {"extras": 0, "total": 1, "batsman": 1}, "batsman": "SS Iyer"}}, {"3.2": {"non_striker": "SS Iyer", "bowler": "AR Patel", "runs": {"extras": 0, "total": 4, "batsman": 4}, "batsman": "G Gambhir"}}, {"3.3": {"non_striker": "SS Iyer", "bowler": "AR Patel", "runs": {"extras": 0, "total": 4, "batsman": 4}, "batsman": "G Gambhir"}}, {"3.4": {"non_striker": "SS Iyer", "bowler": "AR Patel", "runs": {"extras": 0, "total": 6, "batsman": 6}, "batsman": "G Gambhir"}}, {"3.5": {"non_striker": "SS Iyer", "bowler": "AR Patel", "runs": {"extras": 0, "total": 1, "batsman": 1}, "batsman": "G Gambhir"}}, {"3.6": {"non_striker": "G Gambhir", "bowler": "AR Patel", "runs": {"extras": 0, "total": 1, "batsman": 1}, "batsman": "SS Iyer"}}, {"4.1": {"non_striker": "G Gambhir", "bowler": "Mujeeb Ur Rahman", "runs": {"extras": 0, "total": 0, "batsman": 0}, "batsman": "SS Iyer"}}, {"4.2": {"non_striker": "G Gambhir", "bowler": "Mujeeb Ur Rahman", "runs": {"extras": 0, "total": 1, "batsman": 1}, "batsman": "SS Iyer"}}, {"4.3": {"non_striker": "SS Iyer", "bowler": "Mujeeb Ur Rahman", "runs": {"extras": 0, "total": 4, "batsman": 4}, "batsman": "G Gambhir"}}, {"4.4": {"non_striker": "SS Iyer", "bowler": "Mujeeb Ur Rahman", "runs": {"extras": 0, "total": 2, "batsman": 2}, "batsman": "G Gambhir"}}, {"4.5": {"non_striker": "SS Iyer", "bowler": "Mujeeb Ur Rahman", "runs": {"extras": 0, "total": 1, "batsman": 1}, "batsman": "G Gambhir"}}, {"4.6": {"non_striker": "G Gambhir", "bowler": "Mujeeb Ur Rahman", "runs": {"extras": 1, "total": 1, "batsman": 0}, "extras": {"wides": 1}, "batsman": "SS Iyer"}}, {"4.7": {"non_striker": "G Gambhir", "bowler": "Mujeeb Ur Rahman", "runs": {"extras": 0, "total": 0, "batsman": 0}, "batsman": "SS Iyer"}}, {"5.1": {"non_striker": "SS Iyer", "bowler": "AJ Tye", "runs": {"extras": 0, "total": 0, "batsman": 0}, "batsman": "G Gambhir"}}, {"5.2": {"non_striker": "SS Iyer", "bowler": "AJ Tye", "runs": {"extras": 0, "total": 0, "batsman": 0}, "batsman": "G Gambhir"}}, {"5.3": {"non_striker": "SS Iyer", "bowler": "AJ Tye", "runs": {"extras": 0, "total": 0, "batsman": 0}, "batsman": "G Gambhir"}}, {"5.4": {"non_striker": "SS Iyer", "bowler": "AJ Tye", "runs": {"extras": 0, "total": 4, "batsman": 4}, "batsman": "G Gambhir"}}, {"5.5": {"non_striker": "SS Iyer", "bowler": "AJ Tye", "runs": {"extras": 0, "total": 1, "batsman": 1}, "batsman": "G Gambhir"}}, {"5.6": {"non_striker": "G Gambhir", "bowler": "AJ Tye", "runs": {"extras": 1, "total": 1, "batsman": 0}, "extras": {"wides": 1}, "batsman": "SS Iyer"}}, {"5.7": {"non_striker": "G Gambhir", "bowler": "AJ Tye", "runs": {"extras": 0, "total": 0, "batsman": 0}, "batsman": "SS Iyer"}}, {"6.1": {"non_striker": "SS Iyer", "bowler": "AR Patel", "runs": {"extras": 0, "total": 1, "batsman": 1}, "batsman": "G Gambhir"}}, {"6.2": {"non_striker": "G Gambhir", "bowler": "AR Patel", "runs": {"extras": 0, "total": 6, "batsman": 6}, "batsman": "SS Iyer"}}, {"6.3": {"non_striker": "G Gambhir", "bowler": "AR Patel", "runs": {"extras": 0, "total": 1, "batsman": 1}, "batsman": "SS Iyer"}}, {"6.4": {"non_striker": "SS Iyer", "bowler": "AR Patel", "runs": {"extras": 0, "total": 1, "batsman": 1}, "batsman": "G Gambhir"}}, {"6.5": {"non_striker": "G Gambhir", "bowler": "AR Patel", "runs": {"extras": 0, "total": 0, "batsman": 0}, "batsman": "SS Iyer", "wicket": {"player_out": "SS Iyer", "fielders": ["KL Rahul"], "kind": "caught"}}}, {"6.6": {"non_striker": "G Gambhir", "bowler": "AR Patel", "runs": {"extras": 0, "total": 0, "batsman": 0}, "batsman": "V Shankar"}}, {"7.1": {"non_striker": "V Shankar", "bowler": "R Ashwin", "runs": {"extras": 0, "total": 1, "batsman": 1}, "batsman": "G Gambhir"}}, {"7.2": {"non_striker": "G Gambhir", "bowler": "R Ashwin", "runs": {"extras": 0, "total": 2, "batsman": 2}, "batsman": "V Shankar"}}, {"7.3": {"non_striker": "G Gambhir", "bowler": "R Ashwin", "runs": {"extras": 0, "total": 1, "batsman": 1}, "batsman": "V Shankar"}}, {"7.4": {"non_striker": "V Shankar", "bowler": "R Ashwin", "runs": {"extras": 0, "total": 1, "batsman": 1}, "batsman": "G Gambhir"}}, {"7.5": {"non_striker": "G Gambhir", "bowler": "R Ashwin", "runs": {"extras": 1, "total": 1, "batsman": 0}, "extras": {"wides": 1}, "batsman": "V Shankar"}}, {"7.6": {"non_striker": "G Gambhir", "bowler": "R Ashwin", "runs": {"extras": 0, "total": 0, "batsman": 0}, "batsman": "V Shankar"}}, {"7.7": {"non_striker": "G Gambhir", "bowler": "R Ashwin", "runs": {"extras": 0, "total": 1, "batsman": 1}, "batsman": "V Shankar"}}, {"8.1": {"non_striker": "G Gambhir", "bowler": "AR Patel", "runs": {"extras": 0, "total": 2, "batsman": 2}, "batsman": "V Shankar"}}, {"8.2": {"non_striker": "G Gambhir", "bowler": "AR Patel", "runs": {"extras": 0, "total": 1, "batsman": 1}, "batsman": "V Shankar"}}, {"8.3": {"non_striker": "V Shankar", "bowler": "AR Patel", "runs": {"extras": 0, "total": 1, "batsman": 1}, "batsman": "G Gambhir"}}, {"8.4": {"non_striker": "G Gambhir", "bowler": "AR Patel", "runs": {"extras": 0, "total": 1, "batsman": 1}, "batsman": "V Shankar"}}, {"8.5": {"non_striker": "V Shankar", "bowler": "AR Patel", "runs": {"extras": 0, "total": 4, "batsman": 4}, "batsman": "G Gambhir"}}, {"8.6": {"non_striker": "V Shankar", "bowler": "AR Patel", "runs": {"extras": 0, "total": 0, "batsman": 0}, "batsman": "G Gambhir"}}, {"9.1": {"non_striker": "G Gambhir", "bowler": "MP Stoinis", "runs": {"extras": 0, "total": 1, "batsman": 1}, "batsman": "V Shankar"}}, {"9.2": {"non_striker": "V Shankar", "bowler": "MP Stoinis", "runs": {"extras": 0, "total": 1, "batsman": 1}, "batsman": "G Gambhir"}}, {"9.3": {"non_striker": "G Gambhir", "bowler": "MP Stoinis", "runs": {"extras": 0, "total": 1, "batsman": 1}, "batsman": "V Shankar"}}, {"9.4": {"non_striker": "V Shankar", "bowler": "MP Stoinis", "runs": {"extras": 0, "total": 1, "batsman": 1}, "batsman": "G Gambhir"}}, {"9.5": {"non_striker": "G Gambhir", "bowler": "MP Stoinis", "runs": {"extras": 0, "total": 2, "batsman": 2}, "batsman": "V Shankar"}}, {"9.6": {"non_striker": "G Gambhir", "bowler": "MP Stoinis", "runs": {"extras": 0, "total": 1, "batsman": 1}, "batsman": "V Shankar"}}, {"10.1": {"non_striker": "G Gambhir", "bowler": "MM Sharma", "runs": {"extras": 0, "total": 0, "batsman": 0}, "batsman": "V Shankar", "wicket": {"player_out": "V Shankar", "fielders": ["AR Patel"], "kind": "caught"}}}, {"10.2": {"non_striker": "RR Pant", "bowler": "MM Sharma", "runs": {"extras": 0, "total": 1, "batsman": 1}, "batsman": "G Gambhir"}}, {"10.3": {"non_striker": "G Gambhir", "bowler": "MM Sharma", "runs": {"extras": 0, "total": 0, "batsman": 0}, "batsman": "RR Pant"}}, {"10.4": {"non_striker": "G Gambhir", "bowler": "MM Sharma", "runs": {"extras": 0, "total": 4, "batsman": 4}, "batsman": "RR Pant"}}, {"10.5": {"non_striker": "G Gambhir", "bowler": "MM Sharma", "runs": {"extras": 0, "total": 1, "batsman": 1}, "batsman": "RR Pant"}}, {"10.6": {"non_striker": "RR Pant", "bowler": "MM Sharma", "runs": {"extras": 0, "total": 1, "batsman": 1}, "batsman": "G Gambhir"}}, {"11.1": {"non_striker": "RR Pant", "bowler": "R Ashwin", "runs": {"extras": 0, "total": 1, "batsman": 1}, "batsman": "G Gambhir"}}, {"11.2": {"non_striker": "G Gambhir", "bowler": "R Ashwin", "runs": {"extras": 0, "total": 1, "batsman": 1}, "batsman": "RR Pant"}}, {"11.3": {"non_striker": "RR Pant", "bowler": "R Ashwin", "runs": {"extras": 0, "total": 1, "batsman": 1}, "batsman": "G Gambhir"}}, {"11.4": {"non_striker": "G Gambhir", "bowler": "R Ashwin", "runs": {"extras": 0, "total": 1, "batsman": 1}, "batsman": "RR Pant"}}, {"11.5": {"non_striker": "RR Pant", "bowler": "R Ashwin", "runs": {"extras": 0, "total": 1, "batsman": 1}, "batsman": "G Gambhir"}}, {"11.6": {"non_striker": "G Gambhir", "bowler": "R Ashwin", "runs": {"extras": 0, "total": 1, "batsman": 1}, "batsman": "RR Pant"}}, {"12.1": {"non_striker": "G Gambhir", "bowler": "AJ Tye", "runs": {"extras": 0, "total": 4, "batsman": 4}, "batsman": "RR Pant"}}, {"12.2": {"non_striker": "G Gambhir", "bowler": "AJ Tye", "runs": {"extras": 0, "total": 6, "batsman": 6}, "batsman": "RR Pant"}}, {"12.3": {"non_striker": "G Gambhir", "bowler": "AJ Tye", "runs": {"extras": 0, "total": 1, "batsman": 1}, "batsman": "RR Pant"}}, {"12.4": {"non_striker": "RR Pant", "bowler": "AJ Tye", "runs": {"extras": 0, "total": 1, "batsman": 1}, "batsman": "G Gambhir"}}, {"12.5": {"non_striker": "G Gambhir", "bowler": "AJ Tye", "runs": {"extras": 0, "total": 4, "batsman": 4}, "batsman": "RR Pant"}}, {"12.6": {"non_striker": "G Gambhir", "bowler": "AJ Tye", "runs": {"extras": 0, "total": 1, "batsman": 1}, "batsman": "RR Pant"}}, {"13.1": {"non_striker": "G Gambhir", "bowler": "Mujeeb Ur Rahman", "runs": {"extras": 0, "total": 4, "batsman": 4}, "batsman": "RR Pant"}}, {"13.2": {"non_striker": "G Gambhir", "bowler": "Mujeeb Ur Rahman", "runs": {"extras": 0, "total": 0, "batsman": 0}, "batsman": "RR Pant", "wicket": {"player_out": "RR Pant", "fielders": ["AJ Tye"], "kind": "caught"}}}, {"13.3": {"non_striker": "R Tewatia", "bowler": "Mujeeb Ur Rahman", "runs": {"extras": 0, "total": 0, "batsman": 0}, "batsman": "G Gambhir"}}, {"13.4": {"non_striker": "R Tewatia", "bowler": "Mujeeb Ur Rahman", "runs": {"extras": 0, "total": 1, "batsman": 1}, "batsman": "G Gambhir"}}, {"13.5": {"non_striker": "G Gambhir", "bowler": "Mujeeb Ur Rahman", "runs": {"extras": 0, "total": 4, "batsman": 4}, "batsman": "R Tewatia"}}, {"13.6": {"non_striker": "G Gambhir", "bowler": "Mujeeb Ur Rahman", "runs": {"extras": 0, "total": 2, "batsman": 2}, "batsman": "R Tewatia"}}, {"14.1": {"non_striker": "R Tewatia", "bowler": "AJ Tye", "runs": {"extras": 0, "total": 1, "batsman": 1}, "batsman": "G Gambhir"}}, {"14.2": {"non_striker": "G Gambhir", "bowler": "AJ Tye", "runs": {"extras": 0, "total": 1, "batsman": 1}, "batsman": "R Tewatia"}}, {"14.3": {"non_striker": "R Tewatia", "bowler": "AJ Tye", "runs": {"extras": 0, "total": 1, "batsman": 1}, "batsman": "G Gambhir"}}, {"14.4": {"non_striker": "G Gambhir", "bowler": "AJ Tye", "runs": {"extras": 0, "total": 1, "batsman": 1}, "batsman": "R Tewatia"}}, {"14.5": {"non_striker": "R Tewatia", "bowler": "AJ Tye", "runs": {"extras": 0, "total": 1, "batsman": 1}, "batsman": "G Gambhir"}}, {"14.6": {"non_striker": "G Gambhir", "bowler": "AJ Tye", "runs": {"extras": 0, "total": 0, "batsman": 0}, "batsman": "R Tewatia", "wicket": {"player_out": "G Gambhir", "kind": "run out"}}}, {"15.1": {"non_striker": "CH Morris", "bowler": "R Ashwin", "runs": {"extras": 0, "total": 1, "batsman": 1}, "batsman": "R Tewatia"}}, {"15.2": {"non_striker": "R Tewatia", "bowler": "R Ashwin", "runs": {"extras": 0, "total": 1, "batsman": 1}, "batsman": "CH Morris"}}, {"15.3": {"non_striker": "CH Morris", "bowler": "R Ashwin", "runs": {"extras": 0, "total": 0, "batsman": 0}, "batsman": "R Tewatia", "wicket": {"player_out": "R Tewatia", "kind": "lbw"}}}, {"15.4": {"non_striker": "CH Morris", "bowler": "R Ashwin", "runs": {"extras": 0, "total": 1, "batsman": 1}, "batsman": "DT Christian"}}, {"15.5": {"non_striker": "DT Christian", "bowler": "R Ashwin", "runs": {"extras": 0, "total": 1, "batsman": 1}, "batsman": "CH Morris"}}, {"15.6": {"non_striker": "CH Morris", "bowler": "R Ashwin", "runs": {"extras": 0, "total": 0, "batsman": 0}, "batsman": "DT Christian"}}, {"16.1": {"non_striker": "DT Christian", "bowler": "MM Sharma", "runs": {"extras": 0, "total": 1, "batsman": 1}, "batsman": "CH Morris"}}, {"16.2": {"non_striker": "CH Morris", "bowler": "MM Sharma", "runs": {"extras": 0, "total": 1, "batsman": 1}, "batsman": "DT Christian"}}, {"16.3": {"non_striker": "DT Christian", "bowler": "MM Sharma", "runs": {"extras": 0, "total": 1, "batsman": 1}, "batsman": "CH Morris"}}, {"16.4": {"non_striker": "CH Morris", "bowler": "MM Sharma", "runs": {"extras": 0, "total": 1, "batsman": 1}, "batsman": "DT Christian"}}, {"16.5": {"non_striker": "DT Christian", "bowler": "MM Sharma", "runs": {"extras": 0, "total": 6, "batsman": 6}, "batsman": "CH Morris"}}, {"16.6": {"non_striker": "DT Christian", "bowler": "MM Sharma", "runs": {"extras": 0, "total": 1, "batsman": 1}, "batsman": "CH Morris"}}, {"17.1": {"non_striker": "DT Christian", "bowler": "Mujeeb Ur Rahman", "runs": {"extras": 0, "total": 0, "batsman": 0}, "batsman": "CH Morris"}}, {"17.2": {"non_striker": "DT Christian", "bowler": "Mujeeb Ur Rahman", "runs": {"extras": 0, "total": 1, "batsman": 1}, "batsman": "CH Morris"}}, {"17.3": {"non_striker": "CH Morris", "bowler": "Mujeeb Ur Rahman", "runs": {"extras": 0, "total": 1, "batsman": 1}, "batsman": "DT Christian"}}, {"17.4": {"non_striker": "DT Christian", "bowler": "Mujeeb Ur Rahman", "runs": {"extras": 0, "total": 2, "batsman": 2}, "batsman": "CH Morris"}}, {"17.5": {"non_striker": "DT Christian", "bowler": "Mujeeb Ur Rahman", "runs": {"extras": 0, "total": 1, "batsman": 1}, "batsman": "CH Morris"}}, {"17.6": {"non_striker": "CH Morris", "bowler": "Mujeeb Ur Rahman", "runs": {"extras": 0, "total": 1, "batsman": 1}, "batsman": "DT Christian"}}, {"18.1": {"non_striker": "CH Morris", "bowler": "AJ Tye", "runs": {"extras": 1, "total": 1, "batsman": 0}, "extras": {"legbyes": 1}, "batsman": "DT Christian"}}, {"18.2": {"non_striker": "DT Christian", "bowler": "AJ Tye", "runs": {"extras": 0, "total": 1, "batsman": 1}, "batsman": "CH Morris"}}, {"18.3": {"non_striker": "CH Morris", "bowler": "AJ Tye", "runs": {"extras": 0, "total": 1, "batsman": 1}, "batsman": "DT Christian"}}, {"18.4": {"non_striker": "DT Christian", "bowler": "AJ Tye", "runs": {"extras": 0, "total": 1, "batsman": 1}, "batsman": "CH Morris"}}, {"18.5": {"non_striker": "CH Morris", "bowler": "AJ Tye", "runs": {"extras": 0, "total": 0, "batsman": 0}, "batsman": "DT Christian"}}, {"18.6": {"non_striker": "CH Morris", "bowler": "AJ Tye", "runs": {"extras": 1, "total": 1, "batsman": 0}, "extras": {"noballs": 1}, "batsman": "DT Christian"}}, {"18.7": {"non_striker": "CH Morris", "bowler": "AJ Tye", "runs": {"extras": 0, "total": 6, "batsman": 6}, "batsman": "DT Christian"}}, {"19.1": {"non_striker": "DT Christian", "bowler": "MM Sharma", "runs": {"extras": 0, "total": 1, "batsman": 1}, "batsman": "CH Morris"}}, {"19.2": {"non_striker": "CH Morris", "bowler": "MM Sharma", "runs": {"extras": 0, "total": 1, "batsman": 1}, "batsman": "DT Christian"}}, {"19.3": {"non_striker": "DT Christian", "bowler": "MM Sharma", "runs": {"extras": 0, "total": 2, "batsman": 2}, "batsman": "CH Morris"}}, {"19.4": {"non_striker": "DT Christian", "bowler": "MM Sharma", "runs": {"extras": 0, "total": 4, "batsman": 4}, "batsman": "CH Morris"}}, {"19.5": {"non_striker": "DT Christian", "bowler": "MM Sharma", "runs": {"extras": 0, "total": 3, "batsman": 3}, "batsman": "CH Morris"}}, {"19.6": {"non_striker": "CH Morris", "bowler": "MM Sharma", "runs": {"extras": 0, "total": 0, "batsman": 0}, "batsman": "DT Christian", "wicket": {"player_out": "DT Christian", "kind": "bowled"}}}]