[{"0.1": {"non_striker": "F du Plessis", "bowler": "B Kumar", "runs": {"extras": 0, "total": 0, "batsman": 0}, "batsman": "SR Watson"}}, {"0.2": {"non_striker": "F du Plessis", "bowler": "B Kumar", "runs": {"extras": 0, "total": 0, "batsman": 0}, "batsman": "SR Watson"}}, {"0.3": {"non_striker": "F du Plessis", "bowler": "B Kumar", "runs": {"extras": 0, "total": 0, "batsman": 0}, "batsman": "SR Watson"}}, {"0.4": {"non_striker": "F du Plessis", "bowler": "B Kumar", "runs": {"extras": 0, "total": 0, "batsman": 0}, "batsman": "SR Watson"}}, {"0.5": {"non_striker": "F du Plessis", "bowler": "B Kumar", "runs": {"extras": 0, "total": 0, "batsman": 0}, "batsman": "SR Watson"}}, {"0.6": {"non_striker": "F du Plessis", "bowler": "B Kumar", "runs": {"extras": 0, "total": 0, "batsman": 0}, "batsman": "SR Watson"}}, {"1.1": {"non_striker": "SR Watson", "bowler": "Sandeep Sharma", "runs": {"extras": 0, "total": 0, "batsman": 0}, "batsman": "F du Plessis"}}, {"1.2": {"non_striker": "SR Watson", "bowler": "Sandeep Sharma", "runs": {"extras": 0, "total": 4, "batsman": 4}, "batsman": "F du Plessis"}}, {"1.3": {"non_striker": "SR Watson", "bowler": "Sandeep Sharma", "runs": {"extras": 0, "total": 0, "batsman": 0}, "batsman": "F du Plessis"}}, {"1.4": {"non_striker": "SR Watson", "bowler": "Sandeep Sharma", "runs": {"extras": 0, "total": 1, "batsman": 1}, "batsman": "F du Plessis"}}, {"1.5": {"non_striker": "F du Plessis", "bowler": "Sandeep Sharma", "runs": {"extras": 0, "total": 0, "batsman": 0}, "batsman": "SR Watson"}}, {"1.6": {"non_striker": "F du Plessis", "bowler": "Sandeep Sharma", "runs": {"extras": 0, "total": 0, "batsman": 0}, "batsman": "SR Watson"}}, {"2.1": {"non_striker": "SR Watson", "bowler": "B Kumar", "runs": {"extras": 0, "total": 0, "batsman": 0}, "batsman": "F du Plessis"}}, {"2.2": {"non_striker": "SR Watson", "bowler": "B Kumar", "runs": {"extras": 0, "total": 0, "batsman": 0}, "batsman": "F du Plessis"}}, {"2.3": {"non_striker": "SR Watson", "bowler": "B Kumar", "runs": {"extras": 0, "total": 0, "batsman": 0}, "batsman": "F du Plessis"}}, {"2.4": {"non_striker": "SR Watson", "bowler": "B Kumar", "runs": {"extras": 0, "total": 0, "batsman": 0}, "batsman": "F du Plessis"}}, {"2.5": {"non_striker": "SR Watson", "bowler": "B Kumar", "runs": {"extras": 0, "total": 5, "batsman": 5}, "batsman": "F du Plessis"}}, {"2.6": {"non_striker": "F du Plessis", "bowler": "B Kumar", "runs": {"extras": 0, "total": 0, "batsman": 0}, "batsman": "SR Watson"}}, {"3.1": {"non_striker": "SR Watson", "bowler": "Sandeep Sharma", "runs": {"extras": 1, "total": 1, "batsman": 0}, "extras": {"legbyes": 1}, "batsman": "F du Plessis"}}, {"3.2": {"non_striker": "F du Plessis", "bowler": "Sandeep Sharma", "runs": {"extras": 0, "total": 0, "batsman": 0}, "batsman": "SR Watson"}}, {"3.3": {"non_striker": "F du Plessis", "bowler": "Sandeep Sharma", "runs": {"extras": 0, "total": 4, "batsman": 4}, "batsman": "SR Watson"}}, {"3.4": {"non_striker": "F du Plessis", "bowler": "Sandeep Sharma", "runs": {"extras": 0, "total": 0, "batsman": 0}, "batsman": "SR Watson"}}, {"3.5": {"non_striker": "F du Plessis", "bowler": "Sandeep Sharma", "runs": {"extras": 0, "total": 1, "batsman": 1}, "batsman": "SR Watson"}}, {"3.6": {"non_striker": "SR Watson", "bowler": "Sandeep Sharma", "runs": {"extras": 0, "total": 0, "batsman": 0}, "batsman": "F du Plessis", "wicket": {"player_out": "F du Plessis", "kind": "caught and bowled"}}}, {"4.1": {"non_striker": "SR Watson", "bowler": "B Kumar", "runs": {"extras": 0, "total": 1, "batsman": 1}, "batsman": "SK Raina"}}, {"4.2": {"non_striker": "SK Raina", "bowler": "B Kumar", "runs": {"extras": 0, "total": 1, "batsman": 1}, "batsman": "SR Watson"}}, {"4.3": {"non_striker": "SR Watson", "bowler": "B Kumar", "runs": {"extras": 0, "total": 0, "batsman": 0}, "batsman": "SK Raina"}}, {"4.4": {"non_striker": "SR Watson", "bowler": "B Kumar", "runs": {"extras": 0, "total": 0, "batsman": 0}, "batsman": "SK Raina"}}, {"4.5": {"non_striker": "SR Watson", "bowler": "B Kumar", "runs": {"extras": 0, "total": 1, "batsman": 1}, "batsman": "SK Raina"}}, {"4.6": {"non_striker": "SK Raina", "bowler": "B Kumar", "runs": {"extras": 0, "total": 1, "batsman": 1}, "batsman": "SR Watson"}}, {"5.1": {"non_striker": "SK Raina", "bowler": "Sandeep Sharma", "runs": {"extras": 1, "total": 1, "batsman": 0}, "extras": {"wides": 1}, "batsman": "SR Watson"}}, {"5.2": {"non_striker": "SK Raina", "bowler": "Sandeep Sharma", "runs": {"extras": 0, "total": 1, "batsman": 1}, "batsman": "SR Watson"}}, {"5.3": {"non_striker": "SR Watson", "bowler": "Sandeep Sharma", "runs": {"extras": 0, "total": 1, "batsman": 1}, "batsman": "SK Raina"}}, {"5.4": {"non_striker": "SK Raina", "bowler": "Sandeep Sharma", "runs": {"extras": 0, "total": 6, "batsman": 6}, "batsman": "SR Watson"}}, {"5.5": {"non_striker": "SK Raina", "bowler": "Sandeep Sharma", "runs": {"extras": 0, "total": 4, "batsman": 4}, "batsman": "SR Watson"}}, {"5.6": {"non_striker": "SK Raina", "bowler": "Sandeep Sharma", "runs": {"extras": 0, "total": 1, "batsman": 1}, "batsman": "SR Watson"}}, {"5.7": {"non_striker": "SR Watson", "bowler": "Sandeep Sharma", "runs": {"extras": 0, "total": 1, "batsman": 1}, "batsman": "SK Raina"}}, {"6.1": {"non_striker": "SR Watson", "bowler": "S Kaul", "runs": {"extras": 0, "total": 1, "batsman": 1}, "batsman": "SK Raina"}}, {"6.2": {"non_striker": "SK Raina", "bowler": "S Kaul", "runs": {"extras": 0, "total": 6, "batsman": 6}, "batsman": "SR Watson"}}, {"6.3": {"non_striker": "SK Raina", "bowler": "S Kaul", "runs": {"extras": 0, "total": 1, "batsman": 1}, "batsman": "SR Watson"}}, {"6.4": {"non_striker": "SR Watson", "bowler": "S Kaul", "runs": {"extras": 0, "total": 4, "batsman": 4}, "batsman": "SK Raina"}}, {"6.5": {"non_striker": "SR Watson", "bowler": "S Kaul", "runs": {"extras": 0, "total": 0, "batsman": 0}, "batsman": "SK Raina"}}, {"6.6": {"non_striker": "SR Watson", "bowler": "S Kaul", "runs": {"extras": 0, "total": 4, "batsman": 4}, "batsman": "SK Raina"}}, {"7.1": {"non_striker": "SK Raina", "bowler": "Rashid Khan", "runs": {"extras": 0, "total": 0, "batsman": 0}, "batsman": "SR Watson"}}, {"7.2": {"non_striker": "SK Raina", "bowler": "Rashid Khan", "runs": {"extras": 0, "total": 1, "batsman": 1}, "batsman": "SR Watson"}}, {"7.3": {"non_striker": "SR Watson", "bowler": "Rashid Khan", "runs": {"extras": 0, "total": 1, "batsman": 1}, "batsman": "SK Raina"}}, {"7.4": {"non_striker": "SK Raina", "bowler": "Rashid Khan", "runs": {"extras": 1, "total": 1, "batsman": 0}, "extras": {"legbyes": 1}, "batsman": "SR Watson"}}, {"7.5": {"non_striker": "SR Watson", "bowler": "Rashid Khan", "runs": {"extras": 0, "total": 1, "batsman": 1}, "batsman": "SK Raina"}}, {"7.6": {"non_striker": "SK Raina", "bowler": "Rashid Khan", "runs": {"extras": 0, "total": 1, "batsman": 1}, "batsman": "SR Watson"}}, {"8.1": {"non_striker": "SK Raina", "bowler": "S Kaul", "runs": {"extras": 0, "total": 1, "batsman": 1}, "batsman": "SR Watson"}}, {"8.2": {"non_striker": "SR Watson", "bowler": "S Kaul", "runs": {"extras": 0, "total": 1, "batsman": 1}, "batsman": "SK Raina"}}, {"8.3": {"non_striker": "SK Raina", "bowler": "S Kaul", "runs": {"extras": 0, "total": 6, "batsman": 6}, "batsman": "SR Watson"}}, {"8.4": {"non_striker": "SK Raina", "bowler": "S Kaul", "runs": {"extras": 0, "total": 2, "batsman": 2}, "batsman": "SR Watson"}}, {"8.5": {"non_striker": "SK Raina", "bowler": "S Kaul", "runs": {"extras": 0, "total": 4, "batsman": 4}, "batsman": "SR Watson"}}, {"8.6": {"non_striker": "SK Raina", "bowler": "S Kaul", "runs": {"extras": 0, "total": 2, "batsman": 2}, "batsman": "SR Watson"}}, {"9.1": {"non_striker": "SR Watson", "bowler": "Rashid Khan", "runs": {"extras": 0, "total": 1, "batsman": 1}, "batsman": "SK Raina"}}, {"9.2": {"non_striker": "SK Raina", "bowler": "Rashid Khan", "runs": {"extras": 0, "total": 1, "batsman": 1}, "batsman": "SR Watson"}}, {"9.3": {"non_striker": "SR Watson", "bowler": "Rashid Khan", "runs": {"extras": 0, "total": 0, "batsman": 0}, "batsman": "SK Raina"}}, {"9.4": {"non_striker": "SR Watson", "bowler": "Rashid Khan", "runs": {"extras": 0, "total": 1, "batsman": 1}, "batsman": "SK Raina"}}, {"9.5": {"non_striker": "SK Raina", "bowler": "Rashid Khan", "runs": {"extras": 0, "total": 1, "batsman": 1}, "batsman": "SR Watson"}}, {"9.6": {"non_striker": "SR Watson", "bowler": "Rashid Khan", "runs": {"extras": 0, "total": 4, "batsman": 4}, "batsman": "SK Raina"}}, {"10.1": {"non_striker": "SK Raina", "bowler": "Shakib Al Hasan", "runs": {"extras": 0, "total": 6, "batsman": 6}, "batsman": "SR Watson"}}, {"10.2": {"non_striker": "SK Raina", "bowler": "Shakib Al Hasan", "runs": {"extras": 0, "total": 1, "batsman": 1}, "batsman": "SR Watson"}}, {"10.3": {"non_striker": "SR Watson", "bowler": "Shakib Al Hasan", "runs": {"extras": 0, "total": 0, "batsman": 0}, "batsman": "SK Raina"}}, {"10.4": {"non_striker": "SR Watson", "bowler": "Shakib Al Hasan", "runs": {"extras": 0, "total": 1, "batsman": 1}, "batsman": "SK Raina"}}, {"10.5": {"non_striker": "SK Raina", "bowler": "Shakib Al Hasan", "runs": {"extras": 0, "total": 1, "batsman": 1}, "batsman": "SR Watson"}}, {"10.6": {"non_striker": "SR Watson", "bowler": "Shakib Al Hasan", "runs": {"extras": 0, "total": 6, "batsman": 6}, "batsman": "SK Raina"}}, {"11.1": {"non_striker": "SK Raina", "bowler": "CR Brathwaite", "runs": {"extras": 0, "total": 1, "batsman": 1}, "batsman": "SR Watson"}}, {"11.2": {"non_striker": "SR Watson", "bowler": "CR Brathwaite", "runs": {"extras": 0, "total": 1, "batsman": 1}, "batsman": "SK Raina"}}, {"11.3": {"non_striker": "SK Raina", "bowler": "CR Brathwaite", "runs": {"extras": 0, "total": 1, "batsman": 1}, "batsman": "SR Watson"}}, {"11.4": {"non_striker": "SR Watson", "bowler": "CR Brathwaite", "runs": {"extras": 0, "total": 1, "batsman": 1}, "batsman": "SK Raina"}}, {"11.5": {"non_striker": "SK Raina", "bowler": "CR Brathwaite", "runs": {"extras": 0, "total": 4, "batsman": 4}, "batsman": "SR Watson"}}, {"11.6": {"non_striker": "SK Raina", "bowler": "CR Brathwaite", "runs": {"extras": 0, "total": 1, "batsman": 1}, "batsman": "SR Watson"}}, {"12.1": {"non_striker": "SK Raina", "bowler": "Sandeep Sharma", "runs": {"extras": 0, "total": 0, "batsman": 0}, "batsman": "SR Watson"}}, {"12.2": {"non_striker": "SK Raina", "bowler": "Sandeep Sharma", "runs": {"extras": 0, "total": 4, "batsman": 4}, "batsman": "SR Watson"}}, {"12.3": {"non_striker": "SK Raina", "bowler": "Sandeep Sharma", "runs": {"extras": 0, "total": 6, "batsman": 6}, "batsman": "SR Watson"}}, {"12.4": {"non_striker": "SK Raina", "bowler": "Sandeep Sharma", "runs": {"extras": 0, "total": 6, "batsman": 6}, "batsman": "SR Watson"}}, {"12.5": {"non_striker": "SK Raina", "bowler": "Sandeep Sharma", "runs": {"extras": 0, "total": 6, "batsman": 6}, "batsman": "SR Watson"}}, {"12.6": {"non_striker": "SK Raina", "bowler": "Sandeep Sharma", "runs": {"extras": 1, "total": 1, "batsman": 0}, "extras": {"wides": 1}, "batsman": "SR Watson"}}, {"12.7": {"non_striker": "SK Raina", "bowler": "Sandeep Sharma", "runs": {"extras": 0, "total": 4, "batsman": 4}, "batsman": "SR Watson"}}, {"13.1": {"non_striker": "SR Watson", "bowler": "CR Brathwaite", "runs": {"extras": 0, "total": 1, "batsman": 1}, "batsman": "SK Raina"}}, {"13.2": {"non_striker": "SK Raina", "bowler": "CR Brathwaite", "runs": {"extras": 0, "total": 1, "batsman": 1}, "batsman": "SR Watson"}}, {"13.3": {"non_striker": "SR Watson", "bowler": "CR Brathwaite", "runs": {"extras": 0, "total": 0, "batsman": 0}, "batsman": "SK Raina", "wicket": {"player_out": "SK Raina", "fielders": ["SP Goswami"], "kind": "caught"}}}, {"13.4": {"non_striker": "SR Watson", "bowler": "CR Brathwaite", "runs": {"extras": 0, "total": 1, "batsman": 1}, "batsman": "AT Rayudu"}}, {"13.5": {"non_striker": "AT Rayudu", "bowler": "CR Brathwaite", "runs": {"extras": 0, "total": 4, "batsman": 4}, "batsman": "SR Watson"}}, {"13.6": {"non_striker": "AT Rayudu", "bowler": "CR Brathwaite", "runs": {"extras": 1, "total": 1, "batsman": 0}, "extras": {"wides": 1}, "batsman": "SR Watson"}}, {"13.7": {"non_striker": "AT Rayudu", "bowler": "CR Brathwaite", "runs": {"extras": 0, "total": 6, "batsman": 6}, "batsman": "SR Watson"}}, {"14.1": {"non_striker": "SR Watson", "bowler": "Rashid Khan", "runs": {"extras": 0, "total": 0, "batsman": 0}, "batsman": "AT Rayudu"}}, {"14.2": {"non_striker": "SR Watson", "bowler": "Rashid Khan", "runs": {"extras": 0, "total": 0, "batsman": 0}, "batsman": "AT Rayudu"}}, {"14.3": {"non_striker": "SR Watson", "bowler": "Rashid Khan", "runs": {"extras": 0, "total": 0, "batsman": 0}, "batsman": "AT Rayudu"}}, {"14.4": {"non_striker": "SR Watson", "bowler": "Rashid Khan", "runs": {"extras": 0, "total": 0, "batsman": 0}, "batsman": "AT Rayudu"}}, {"14.5": {"non_striker": "SR Watson", "bowler": "Rashid Khan", "runs": {"extras": 0, "total": 0, "batsman": 0}, "batsman": "AT Rayudu"}}, {"14.6": {"non_striker": "SR Watson", "bowler": "Rashid Khan", "runs": {"extras": 1, "total": 1, "batsman": 0}, "extras": {"legbyes": 1}, "batsman": "AT Rayudu"}}, {"15.1": {"non_striker": "SR Watson", "bowler": "B Kumar", "runs": {"extras": 0, "total": 0, "batsman": 0}, "batsman": "AT Rayudu"}}, {"15.2": {"non_striker": "SR Watson", "bowler": "B Kumar", "runs": {"extras": 0, "total": 0, "batsman": 0}, "batsman": "AT Rayudu"}}, {"15.3": {"non_striker": "SR Watson", "bowler": "B Kumar", "runs": {"extras": 0, "total": 6, "batsman": 6}, "batsman": "AT Rayudu"}}, {"15.4": {"non_striker": "SR Watson", "bowler": "B Kumar", "runs": {"extras": 0, "total": 0, "batsman": 0}, "batsman": "AT Rayudu"}}, {"15.5": {"non_striker": "SR Watson", "bowler": "B Kumar", "runs": {"extras": 0, "total": 1, "batsman": 1}, "batsman": "AT Rayudu"}}, {"15.6": {"non_striker": "AT Rayudu", "bowler": "B Kumar", "runs": {"extras": 0, "total": 1, "batsman": 1}, "batsman": "SR Watson"}}, {"16.1": {"non_striker": "AT Rayudu", "bowler": "Rashid Khan", "runs": {"extras": 0, "total": 1, "batsman": 1}, "batsman": "SR Watson"}}, {"16.2": {"non_striker": "SR Watson", "bowler": "Rashid Khan", "runs": {"extras": 0, "total": 1, "batsman": 1}, "batsman": "AT Rayudu"}}, {"16.3": {"non_striker": "AT Rayudu", "bowler": "Rashid Khan", "runs": {"extras": 0, "total": 1, "batsman": 1}, "batsman": "SR Watson"}}, {"16.4": {"non_striker": "SR Watson", "bowler": "Rashid Khan", "runs": {"extras": 0, "total": 1, "batsman": 1}, "batsman": "AT Rayudu"}}, {"16.5": {"non_striker": "AT Rayudu", "bowler": "Rashid Khan", "runs": {"extras": 0, "total": 4, "batsman": 4}, "batsman": "SR Watson"}}, {"16.6": {"non_striker": "AT Rayudu", "bowler": "Rashid Khan", "runs": {"extras": 0, "total": 4, "batsman": 4}, "batsman": "SR Watson"}}, {"17.1": {"non_striker": "SR Watson", "bowler": "S Kaul", "runs": {"extras": 0, "total": 1, "batsman": 1}, "batsman": "AT Rayudu"}}, {"17.2": {"non_striker": "AT Rayudu", "bowler": "S Kaul", "runs": {"extras": 0, "total": 1, "batsman": 1}, "batsman": "SR Watson"}}, {"17.3": {"non_striker": "SR Watson", "bowler": "S Kaul", "runs": {"extras": 0, "total": 1, "batsman": 1}, "batsman": "AT Rayudu"}}, {"17.4": {"non_striker": "AT Rayudu", "bowler": "S Kaul", "runs": {"extras": 0, "total": 4, "batsman": 4}, "batsman": "SR Watson"}}, {"17.5": {"non_striker": "AT Rayudu", "bowler": "S Kaul", "runs": {"extras": 0, "total": 4, "batsman": 4}, "batsman": "SR Watson"}}, {"17.6": {"non_striker": "AT Rayudu", "bowler": "S Kaul", "runs": {"extras": 0, "total": 0, "batsman": 0}, "batsman": "SR Watson"}}, {"18.1": {"non_striker": "SR Watson", "bowler": "CR Brathwaite", "runs": {"extras": 0, "total": 0, "batsman": 0}, "batsman": "AT Rayudu"}}, {"18.2": {"non_striker": "SR Watson", "bowler": "CR Brathwaite", "runs": {"extras": 0, "total": 0, "batsman": 0}, "batsman": "AT Rayudu"}}, {"18.3": {"non_striker": "SR Watson", "bowler": "CR Brathwaite", "runs": {"extras": 0, "total": 4, "batsman": 4}, "batsman": "AT Rayudu"}}]