[{"0.1": {"non_striker": "Q de Kock", "bowler": "JP Duminy", "runs": {"extras": 0, "total": 0, "batsman": 0}, "batsman": "M Vohra"}}, {"0.2": {"non_striker": "Q de Kock", "bowler": "JP Duminy", "runs": {"extras": 0, "total": 6, "batsman": 6}, "batsman": "M Vohra"}}, {"0.3": {"non_striker": "Q de Kock", "bowler": "JP Duminy", "runs": {"extras": 0, "total": 0, "batsman": 0}, "batsman": "M Vohra"}}, {"0.4": {"non_striker": "Q de Kock", "bowler": "JP Duminy", "runs": {"extras": 0, "total": 0, "batsman": 0}, "batsman": "M Vohra"}}, {"0.5": {"non_striker": "Q de Kock", "bowler": "JP Duminy", "runs": {"extras": 0, "total": 0, "batsman": 0}, "batsman": "M Vohra"}}, {"0.6": {"non_striker": "Q de Kock", "bowler": "JP Duminy", "runs": {"extras": 0, "total": 0, "batsman": 0}, "batsman": "M Vohra"}}, {"1.1": {"non_striker": "M Vohra", "bowler": "MJ McClenaghan", "runs": {"extras": 0, "total": 1, "batsman": 1}, "batsman": "Q de Kock"}}, {"1.2": {"non_striker": "Q de Kock", "bowler": "MJ McClenaghan", "runs": {"extras": 0, "total": 0, "batsman": 0}, "batsman": "M Vohra"}}, {"1.3": {"non_striker": "Q de Kock", "bowler": "MJ McClenaghan", "runs": {"extras": 0, "total": 0, "batsman": 0}, "batsman": "M Vohra"}}, {"1.4": {"non_striker": "Q de Kock", "bowler": "MJ McClenaghan", "runs": {"extras": 0, "total": 1, "batsman": 1}, "batsman": "M Vohra"}}, {"1.5": {"non_striker": "M Vohra", "bowler": "MJ McClenaghan", "runs": {"extras": 0, "total": 0, "batsman": 0}, "batsman": "Q de Kock"}}, {"1.6": {"non_striker": "M Vohra", "bowler": "MJ McClenaghan", "runs": {"extras": 0, "total": 0, "batsman": 0}, "batsman": "Q de Kock"}}, {"2.1": {"non_striker": "Q de Kock", "bowler": "JJ Bumrah", "runs": {"extras": 0, "total": 0, "batsman": 0}, "batsman": "M Vohra"}}, {"2.2": {"non_striker": "Q de Kock", "bowler": "JJ Bumrah", "runs": {"extras": 0, "total": 1, "batsman": 1}, "batsman": "M Vohra"}}, {"2.3": {"non_striker": "M Vohra", "bowler": "JJ Bumrah", "runs": {"extras": 0, "total": 1, "batsman": 1}, "batsman": "Q de Kock"}}, {"2.4": {"non_striker": "Q de Kock", "bowler": "JJ Bumrah", "runs": {"extras": 0, "total": 1, "batsman": 1}, "batsman": "M Vohra"}}, {"2.5": {"non_striker": "M Vohra", "bowler": "JJ Bumrah", "runs": {"extras": 0, "total": 0, "batsman": 0}, "batsman": "Q de Kock"}}, {"2.6": {"non_striker": "M Vohra", "bowler": "JJ Bumrah", "runs": {"extras": 0, "total": 0, "batsman": 0}, "batsman": "Q de Kock"}}, {"3.1": {"non_striker": "Q de Kock", "bowler": "JP Duminy", "runs": {"extras": 0, "total": 4, "batsman": 4}, "batsman": "M Vohra"}}, {"3.2": {"non_striker": "Q de Kock", "bowler": "JP Duminy", "runs": {"extras": 0, "total": 6, "batsman": 6}, "batsman": "M Vohra"}}, {"3.3": {"non_striker": "Q de Kock", "bowler": "JP Duminy", "runs": {"extras": 0, "total": 4, "batsman": 4}, "batsman": "M Vohra"}}, {"3.4": {"non_striker": "Q de Kock", "bowler": "JP Duminy", "runs": {"extras": 0, "total": 6, "batsman": 6}, "batsman": "M Vohra"}}, {"3.5": {"non_striker": "Q de Kock", "bowler": "JP Duminy", "runs": {"extras": 0, "total": 1, "batsman": 1}, "batsman": "M Vohra"}}, {"3.6": {"non_striker": "M Vohra", "bowler": "JP Duminy", "runs": {"extras": 0, "total": 1, "batsman": 1}, "batsman": "Q de Kock"}}, {"4.1": {"non_striker": "M Vohra", "bowler": "MJ McClenaghan", "runs": {"extras": 0, "total": 0, "batsman": 0}, "batsman": "Q de Kock"}}, {"4.2": {"non_striker": "M Vohra", "bowler": "MJ McClenaghan", "runs": {"extras": 0, "total": 0, "batsman": 0}, "batsman": "Q de Kock"}}, {"4.3": {"non_striker": "M Vohra", "bowler": "MJ McClenaghan", "runs": {"extras": 0, "total": 0, "batsman": 0}, "batsman": "Q de Kock"}}, {"4.4": {"non_striker": "M Vohra", "bowler": "MJ McClenaghan", "runs": {"extras": 0, "total": 4, "batsman": 4}, "batsman": "Q de Kock"}}, {"4.5": {"non_striker": "M Vohra", "bowler": "MJ McClenaghan", "runs": {"extras": 0, "total": 0, "batsman": 0}, "batsman": "Q de Kock"}}, {"4.6": {"non_striker": "M Vohra", "bowler": "MJ McClenaghan", "runs": {"extras": 1, "total": 1, "batsman": 0}, "extras": {"wides": 1}, "batsman": "Q de Kock"}}, {"4.7": {"non_striker": "M Vohra", "bowler": "MJ McClenaghan", "runs": {"extras": 0, "total": 0, "batsman": 0}, "batsman": "Q de Kock", "wicket": {"player_out": "Q de Kock", "fielders": ["RG Sharma"], "kind": "caught"}}}, {"5.1": {"non_striker": "BB McCullum", "bowler": "KH Pandya", "runs": {"extras": 0, "total": 2, "batsman": 2}, "batsman": "M Vohra"}}, {"5.2": {"non_striker": "BB McCullum", "bowler": "KH Pandya", "runs": {"extras": 0, "total": 0, "batsman": 0}, "batsman": "M Vohra"}}, {"5.3": {"non_striker": "BB McCullum", "bowler": "KH Pandya", "runs": {"extras": 0, "total": 0, "batsman": 0}, "batsman": "M Vohra"}}, {"5.4": {"non_striker": "BB McCullum", "bowler": "KH Pandya", "runs": {"extras": 0, "total": 0, "batsman": 0}, "batsman": "M Vohra"}}, {"5.5": {"non_striker": "BB McCullum", "bowler": "KH Pandya", "runs": {"extras": 0, "total": 2, "batsman": 2}, "batsman": "M Vohra"}}, {"5.6": {"non_striker": "BB McCullum", "bowler": "KH Pandya", "runs": {"extras": 0, "total": 1, "batsman": 1}, "batsman": "M Vohra"}}, {"6.1": {"non_striker": "BB McCullum", "bowler": "M Markande", "runs": {"extras": 0, "total": 1, "batsman": 1}, "batsman": "M Vohra"}}, {"6.2": {"non_striker": "M Vohra", "bowler": "M Markande", "runs": {"extras": 0, "total": 4, "batsman": 4}, "batsman": "BB McCullum"}}, {"6.3": {"non_striker": "M Vohra", "bowler": "M Markande", "runs": {"extras": 0, "total": 0, "batsman": 0}, "batsman": "BB McCullum"}}, {"6.4": {"non_striker": "M Vohra", "bowler": "M Markande", "runs": {"extras": 1, "total": 1, "batsman": 0}, "extras": {"legbyes": 1}, "batsman": "BB McCullum"}}, {"6.5": {"non_striker": "BB McCullum", "bowler": "M Markande", "runs": {"extras": 0, "total": 0, "batsman": 0}, "batsman": "M Vohra"}}, {"6.6": {"non_striker": "BB McCullum", "bowler": "M Markande", "runs": {"extras": 0, "total": 1, "batsman": 1}, "batsman": "M Vohra"}}, {"7.1": {"non_striker": "BB McCullum", "bowler": "KH Pandya", "runs": {"extras": 1, "total": 1, "batsman": 0}, "extras": {"legbyes": 1}, "batsman": "M Vohra"}}, {"7.2": {"non_striker": "M Vohra", "bowler": "KH Pandya", "runs": {"extras": 0, "total": 0, "batsman": 0}, "batsman": "BB McCullum"}}, {"7.3": {"non_striker": "M Vohra", "bowler": "KH Pandya", "runs": {"extras": 0, "total": 1, "batsman": 1}, "batsman": "BB McCullum"}}, {"7.4": {"non_striker": "BB McCullum", "bowler": "KH Pandya", "runs": {"extras": 0, "total": 1, "batsman": 1}, "batsman": "M Vohra"}}, {"7.5": {"non_striker": "M Vohra", "bowler": "KH Pandya", "runs": {"extras": 0, "total": 0, "batsman": 0}, "batsman": "BB McCullum"}}, {"7.6": {"non_striker": "M Vohra", "bowler": "KH Pandya", "runs": {"extras": 0, "total": 0, "batsman": 0}, "batsman": "BB McCullum"}}, {"8.1": {"non_striker": "BB McCullum", "bowler": "M Markande", "runs": {"extras": 0, "total": 1, "batsman": 1}, "batsman": "M Vohra"}}, {"8.2": {"non_striker": "M Vohra", "bowler": "M Markande", "runs": {"extras": 0, "total": 1, "batsman": 1}, "batsman": "BB McCullum"}}, {"8.3": {"non_striker": "BB McCullum", "bowler": "M Markande", "runs": {"extras": 0, "total": 6, "batsman": 6}, "batsman": "M Vohra"}}, {"8.4": {"non_striker": "BB McCullum", "bowler": "M Markande", "runs": {"extras": 0, "total": 0, "batsman": 0}, "batsman": "M Vohra", "wicket": {"player_out": "M Vohra", "kind": "lbw"}}}, {"8.5": {"non_striker": "BB McCullum", "bowler": "M Markande", "runs": {"extras": 0, "total": 1, "batsman": 1}, "batsman": "V Kohli"}}, {"8.6": {"non_striker": "V Kohli", "bowler": "M Markande", "runs": {"extras": 0, "total": 0, "batsman": 0}, "batsman": "BB McCullum"}}, {"9.1": {"non_striker": "BB McCullum", "bowler": "HH Pandya", "runs": {"extras": 0, "total": 1, "batsman": 1}, "batsman": "V Kohli"}}, {"9.2": {"non_striker": "V Kohli", "bowler": "HH Pandya", "runs": {"extras": 1, "total": 7, "batsman": 6}, "extras": {"noballs": 1}, "batsman": "BB McCullum"}}, {"9.3": {"non_striker": "V Kohli", "bowler": "HH Pandya", "runs": {"extras": 0, "total": 6, "batsman": 6}, "batsman": "BB McCullum"}}, {"9.4": {"non_striker": "V Kohli", "bowler": "HH Pandya", "runs": {"extras": 0, "total": 0, "batsman": 0}, "batsman": "BB McCullum"}}, {"9.5": {"non_striker": "V Kohli", "bowler": "HH Pandya", "runs": {"extras": 0, "total": 4, "batsman": 4}, "batsman": "BB McCullum"}}, {"9.6": {"non_striker": "V Kohli", "bowler": "HH Pandya", "runs": {"extras": 0, "total": 1, "batsman": 1}, "batsman": "BB McCullum"}}, {"9.7": {"non_striker": "BB McCullum", "bowler": "HH Pandya", "runs": {"extras": 0, "total": 1, "batsman": 1}, "batsman": "V Kohli"}}, {"10.1": {"non_striker": "BB McCullum", "bowler": "KH Pandya", "runs": {"extras": 0, "total": 4, "batsman": 4}, "batsman": "V Kohli"}}, {"10.2": {"non_striker": "BB McCullum", "bowler": "KH Pandya", "runs": {"extras": 0, "total": 2, "batsman": 2}, "batsman": "V Kohli"}}, {"10.3": {"non_striker": "BB McCullum", "bowler": "KH Pandya", "runs": {"extras": 0, "total": 0, "batsman": 0}, "batsman": "V Kohli"}}, {"10.4": {"non_striker": "BB McCullum", "bowler": "KH Pandya", "runs": {"extras": 0, "total": 1, "batsman": 1}, "batsman": "V Kohli"}}, {"10.5": {"non_striker": "V Kohli", "bowler": "KH Pandya", "runs": {"extras": 0, "total": 1, "batsman": 1}, "batsman": "BB McCullum"}}, {"10.6": {"non_striker": "BB McCullum", "bowler": "KH Pandya", "runs": {"extras": 0, "total": 1, "batsman": 1}, "batsman": "V Kohli"}}, {"11.1": {"non_striker": "BB McCullum", "bowler": "M Markande", "runs": {"extras": 0, "total": 4, "batsman": 4}, "batsman": "V Kohli"}}, {"11.2": {"non_striker": "BB McCullum", "bowler": "M Markande", "runs": {"extras": 0, "total": 0, "batsman": 0}, "batsman": "V Kohli"}}, {"11.3": {"non_striker": "BB McCullum", "bowler": "M Markande", "runs": {"extras": 0, "total": 0, "batsman": 0}, "batsman": "V Kohli"}}, {"11.4": {"non_striker": "BB McCullum", "bowler": "M Markande", "runs": {"extras": 0, "total": 1, "batsman": 1}, "batsman": "V Kohli"}}, {"11.5": {"non_striker": "V Kohli", "bowler": "M Markande", "runs": {"extras": 0, "total": 4, "batsman": 4}, "batsman": "BB McCullum"}}, {"11.6": {"non_striker": "V Kohli", "bowler": "M Markande", "runs": {"extras": 0, "total": 4, "batsman": 4}, "batsman": "BB McCullum"}}, {"12.1": {"non_striker": "BB McCullum", "bowler": "KH Pandya", "runs": {"extras": 0, "total": 0, "batsman": 0}, "batsman": "V Kohli"}}, {"12.2": {"non_striker": "BB McCullum", "bowler": "KH Pandya", "runs": {"extras": 0, "total": 6, "batsman": 6}, "batsman": "V Kohli"}}, {"12.3": {"non_striker": "BB McCullum", "bowler": "KH Pandya", "runs": {"extras": 0, "total": 1, "batsman": 1}, "batsman": "V Kohli"}}, {"12.4": {"non_striker": "V Kohli", "bowler": "KH Pandya", "runs": {"extras": 0, "total": 0, "batsman": 0}, "batsman": "BB McCullum"}}, {"12.5": {"non_striker": "V Kohli", "bowler": "KH Pandya", "runs": {"extras": 0, "total": 0, "batsman": 0}, "batsman": "BB McCullum"}}, {"12.6": {"non_striker": "V Kohli", "bowler": "KH Pandya", "runs": {"extras": 0, "total": 1, "batsman": 1}, "batsman": "BB McCullum"}}, {"13.1": {"non_striker": "V Kohli", "bowler": "JJ Bumrah", "runs": {"extras": 0, "total": 1, "batsman": 1}, "batsman": "BB McCullum"}}, {"13.2": {"non_striker": "BB McCullum", "bowler": "JJ Bumrah", "runs": {"extras": 0, "total": 1, "batsman": 1}, "batsman": "V Kohli"}}, {"13.3": {"non_striker": "V Kohli", "bowler": "JJ Bumrah", "runs": {"extras": 0, "total": 1, "batsman": 1}, "batsman": "BB McCullum"}}, {"13.4": {"non_striker": "BB McCullum", "bowler": "JJ Bumrah", "runs": {"extras": 0, "total": 0, "batsman": 0}, "batsman": "V Kohli"}}, {"13.5": {"non_striker": "BB McCullum", "bowler": "JJ Bumrah", "runs": {"extras": 0, "total": 2, "batsman": 2}, "batsman": "V Kohli"}}, {"13.6": {"non_striker": "BB McCullum", "bowler": "JJ Bumrah", "runs": {"extras": 0, "total": 2, "batsman": 2}, "batsman": "V Kohli"}}, {"14.1": {"non_striker": "V Kohli", "bowler": "MJ McClenaghan", "runs": {"extras": 0, "total": 2, "batsman": 2}, "batsman": "BB McCullum"}}, {"14.2": {"non_striker": "V Kohli", "bowler": "MJ McClenaghan", "runs": {"extras": 0, "total": 0, "batsman": 0}, "batsman": "BB McCullum"}}, {"14.3": {"non_striker": "V Kohli", "bowler": "MJ McClenaghan", "runs": {"extras": 0, "total": 0, "batsman": 0}, "batsman": "BB McCullum", "wicket": {"player_out": "BB McCullum", "kind": "run out"}}}, {"14.4": {"non_striker": "Mandeep Singh", "bowler": "MJ McClenaghan", "runs": {"extras": 0, "total": 1, "batsman": 1}, "batsman": "V Kohli"}}, {"14.5": {"non_striker": "V Kohli", "bowler": "MJ McClenaghan", "runs": {"extras": 0, "total": 1, "batsman": 1}, "batsman": "Mandeep Singh"}}, {"14.6": {"non_striker": "Mandeep Singh", "bowler": "MJ McClenaghan", "runs": {"extras": 0, "total": 0, "batsman": 0}, "batsman": "V Kohli"}}, {"15.1": {"non_striker": "V Kohli", "bowler": "HH Pandya", "runs": {"extras": 0, "total": 1, "batsman": 1}, "batsman": "Mandeep Singh"}}, {"15.2": {"non_striker": "Mandeep Singh", "bowler": "HH Pandya", "runs": {"extras": 0, "total": 0, "batsman": 0}, "batsman": "V Kohli"}}, {"15.3": {"non_striker": "Mandeep Singh", "bowler": "HH Pandya", "runs": {"extras": 0, "total": 1, "batsman": 1}, "batsman": "V Kohli"}}, {"15.4": {"non_striker": "V Kohli", "bowler": "HH Pandya", "runs": {"extras": 0, "total": 0, "batsman": 0}, "batsman": "Mandeep Singh"}}, {"15.5": {"non_striker": "V Kohli", "bowler": "HH Pandya", "runs": {"extras": 0, "total": 4, "batsman": 4}, "batsman": "Mandeep Singh"}}, {"15.6": {"non_striker": "V Kohli", "bowler": "HH Pandya", "runs": {"extras": 0, "total": 0, "batsman": 0}, "batsman": "Mandeep Singh"}}, {"16.1": {"non_striker": "Mandeep Singh", "bowler": "JJ Bumrah", "runs": {"extras": 0, "total": 1, "batsman": 1}, "batsman": "V Kohli"}}, {"16.2": {"non_striker": "V Kohli", "bowler": "JJ Bumrah", "runs": {"extras": 0, "total": 1, "batsman": 1}, "batsman": "Mandeep Singh"}}, {"16.3": {"non_striker": "Mandeep Singh", "bowler": "JJ Bumrah", "runs": {"extras": 0, "total": 1, "batsman": 1}, "batsman": "V Kohli"}}, {"16.4": {"non_striker": "V Kohli", "bowler": "JJ Bumrah", "runs": {"extras": 0, "total": 6, "batsman": 6}, "batsman": "Mandeep Singh"}}, {"16.5": {"non_striker": "V Kohli", "bowler": "JJ Bumrah", "runs": {"extras": 0, "total": 0, "batsman": 0}, "batsman": "Mandeep Singh"}}, {"16.6": {"non_striker": "V Kohli", "bowler": "JJ Bumrah", "runs": {"extras": 0, "total": 1, "batsman": 1}, "batsman": "Mandeep Singh"}}, {"17.1": {"non_striker": "V Kohli", "bowler": "HH Pandya", "runs": {"extras": 0, "total": 0, "batsman": 0}, "batsman": "Mandeep Singh", "wicket": {"player_out": "Mandeep Singh", "fielders": ["SA Yadav"], "kind": "caught"}}}, {"17.2": {"non_striker": "C de Grandhomme", "bowler": "HH Pandya", "runs": {"extras": 0, "total": 0, "batsman": 0}, "batsman": "V Kohli", "wicket": {"player_out": "V Kohli", "fielders": ["KA Pollard"], "kind": "caught"}}}, {"17.3": {"non_striker": "C de Grandhomme", "bowler": "HH Pandya", "runs": {"extras": 0, "total": 1, "batsman": 1}, "batsman": "Washington Sundar"}}, {"17.4": {"non_striker": "Washington Sundar", "bowler": "HH Pandya", "runs": {"extras": 0, "total": 1, "batsman": 1}, "batsman": "C de Grandhomme"}}, {"17.5": {"non_striker": "C de Grandhomme", "bowler": "HH Pandya", "runs": {"extras": 0, "total": 0, "batsman": 0}, "batsman": "Washington Sundar"}}, {"17.6": {"non_striker": "C de Grandhomme", "bowler": "HH Pandya", "runs": {"extras": 0, "total": 0, "batsman": 0}, "batsman": "Washington Sundar", "wicket": {"player_out": "Washington Sundar", "fielders": ["RG Sharma"], "kind": "caught"}}}, {"18.1": {"non_striker": "C de Grandhomme", "bowler": "JJ Bumrah", "runs": {"extras": 0, "total": 1, "batsman": 1}, "batsman": "TG Southee"}}, {"18.2": {"non_striker": "TG Southee", "bowler": "JJ Bumrah", "runs": {"extras": 0, "total": 0, "batsman": 0}, "batsman": "C de Grandhomme"}}, {"18.3": {"non_striker": "TG Southee", "bowler": "JJ Bumrah", "runs": {"extras": 0, "total": 0, "batsman": 0}, "batsman": "C de Grandhomme"}}, {"18.4": {"non_striker": "TG Southee", "bowler": "JJ Bumrah", "runs": {"extras": 0, "total": 1, "batsman": 1}, "batsman": "C de Grandhomme"}}, {"18.5": {"non_striker": "C de Grandhomme", "bowler": "JJ Bumrah", "runs": {"extras": 0, "total": 0, "batsman": 0}, "batsman": "TG Southee", "wicket": {"player_out": "TG Southee", "fielders": ["BCJ Cutting"], "kind": "caught"}}}, {"18.6": {"non_striker": "UT Yadav", "bowler": "JJ Bumrah", "runs": {"extras": 0, "total": 0, "batsman": 0}, "batsman": "C de Grandhomme"}}, {"19.1": {"non_striker": "C de Grandhomme", "bowler": "MJ McClenaghan", "runs": {"extras": 0, "total": 1, "batsman": 1}, "batsman": "UT Yadav"}}, {"19.2": {"non_striker": "UT Yadav", "bowler": "MJ McClenaghan", "runs": {"extras": 0, "total": 1, "batsman": 1}, "batsman": "C de Grandhomme"}}, {"19.3": {"non_striker": "C de Grandhomme", "bowler": "MJ McClenaghan", "runs": {"extras": 1, "total": 1, "batsman": 0}, "extras": {"byes": 1}, "batsman": "UT Yadav"}}, {"19.4": {"non_striker": "UT Yadav", "bowler": "MJ McClenaghan", "runs": {"extras": 0, "total": 6, "batsman": 6}, "batsman": "C de Grandhomme"}}, {"19.5": {"non_striker": "UT Yadav", "bowler": "MJ McClenaghan", "runs": {"extras": 0, "total": 2, "batsman": 2}, "batsman": "C de Grandhomme"}}, {"19.6": {"non_striker": "UT Yadav", "bowler": "MJ McClenaghan", "runs": {"extras": 1, "total": 7, "batsman": 6}, "extras": {"noballs": 1}, "batsman": "C de Grandhomme"}}, {"19.7": {"non_striker": "UT Yadav", "bowler": "MJ McClenaghan", "runs": {"extras": 0, "total": 6, "batsman": 6}, "batsman": "C de Grandhomme"}}]