[{"0.1": {"non_striker": "E Lewis", "bowler": "S Lamichhane", "runs": {"extras": 0, "total": 4, "batsman": 4}, "batsman": "SA Yadav"}}, {"0.2": {"non_striker": "E Lewis", "bowler": "S Lamichhane", "runs": {"extras": 0, "total": 6, "batsman": 6}, "batsman": "SA Yadav"}}, {"0.3": {"non_striker": "E Lewis", "bowler": "S Lamichhane", "runs": {"extras": 0, "total": 2, "batsman": 2}, "batsman": "SA Yadav"}}, {"0.4": {"non_striker": "E Lewis", "bowler": "S Lamichhane", "runs": {"extras": 0, "total": 0, "batsman": 0}, "batsman": "SA Yadav", "wicket": {"player_out": "SA Yadav", "fielders": ["V Shankar"], "kind": "caught"}}}, {"0.5": {"non_striker": "Ishan Kishan", "bowler": "S Lamichhane", "runs": {"extras": 0, "total": 1, "batsman": 1}, "batsman": "E Lewis"}}, {"0.6": {"non_striker": "E Lewis", "bowler": "S Lamichhane", "runs": {"extras": 0, "total": 0, "batsman": 0}, "batsman": "Ishan Kishan"}}, {"1.1": {"non_striker": "Ishan Kishan", "bowler": "TA Boult", "runs": {"extras": 0, "total": 1, "batsman": 1}, "batsman": "E Lewis"}}, {"1.2": {"non_striker": "E Lewis", "bowler": "TA Boult", "runs": {"extras": 0, "total": 0, "batsman": 0}, "batsman": "Ishan Kishan"}}, {"1.3": {"non_striker": "E Lewis", "bowler": "TA Boult", "runs": {"extras": 0, "total": 0, "batsman": 0}, "batsman": "Ishan Kishan"}}, {"1.4": {"non_striker": "E Lewis", "bowler": "TA Boult", "runs": {"extras": 0, "total": 0, "batsman": 0}, "batsman": "Ishan Kishan"}}, {"1.5": {"non_striker": "E Lewis", "bowler": "TA Boult", "runs": {"extras": 0, "total": 0, "batsman": 0}, "batsman": "Ishan Kishan"}}, {"1.6": {"non_striker": "E Lewis", "bowler": "TA Boult", "runs": {"extras": 0, "total": 0, "batsman": 0}, "batsman": "Ishan Kishan"}}, {"2.1": {"non_striker": "Ishan Kishan", "bowler": "GJ Maxwell", "runs": {"extras": 0, "total": 0, "batsman": 0}, "batsman": "E Lewis"}}, {"2.2": {"non_striker": "Ishan Kishan", "bowler": "GJ Maxwell", "runs": {"extras": 0, "total": 0, "batsman": 0}, "batsman": "E Lewis"}}, {"2.3": {"non_striker": "Ishan Kishan", "bowler": "GJ Maxwell", "runs": {"extras": 0, "total": 0, "batsman": 0}, "batsman": "E Lewis"}}, {"2.4": {"non_striker": "Ishan Kishan", "bowler": "GJ Maxwell", "runs": {"extras": 0, "total": 1, "batsman": 1}, "batsman": "E Lewis"}}, {"2.5": {"non_striker": "E Lewis", "bowler": "GJ Maxwell", "runs": {"extras": 0, "total": 1, "batsman": 1}, "batsman": "Ishan Kishan"}}, {"2.6": {"non_striker": "Ishan Kishan", "bowler": "GJ Maxwell", "runs": {"extras": 0, "total": 1, "batsman": 1}, "batsman": "E Lewis"}}, {"3.1": {"non_striker": "Ishan Kishan", "bowler": "HV Patel", "runs": {"extras": 0, "total": 4, "batsman": 4}, "batsman": "E Lewis"}}, {"3.2": {"non_striker": "Ishan Kishan", "bowler": "HV Patel", "runs": {"extras": 0, "total": 1, "batsman": 1}, "batsman": "E Lewis"}}, {"3.3": {"non_striker": "E Lewis", "bowler": "HV Patel", "runs": {"extras": 0, "total": 1, "batsman": 1}, "batsman": "Ishan Kishan"}}, {"3.4": {"non_striker": "Ishan Kishan", "bowler": "HV Patel", "runs": {"extras": 0, "total": 4, "batsman": 4}, "batsman": "E Lewis"}}, {"3.5": {"non_striker": "Ishan Kishan", "bowler": "HV Patel", "runs": {"extras": 0, "total": 6, "batsman": 6}, "batsman": "E Lewis"}}, {"3.6": {"non_striker": "Ishan Kishan", "bowler": "HV Patel", "runs": {"extras": 0, "total": 1, "batsman": 1}, "batsman": "E Lewis"}}, {"4.1": {"non_striker": "Ishan Kishan", "bowler": "GJ Maxwell", "runs": {"extras": 0, "total": 0, "batsman": 0}, "batsman": "E Lewis"}}, {"4.2": {"non_striker": "Ishan Kishan", "bowler": "GJ Maxwell", "runs": {"extras": 0, "total": 6, "batsman": 6}, "batsman": "E Lewis"}}, {"4.3": {"non_striker": "Ishan Kishan", "bowler": "GJ Maxwell", "runs": {"extras": 0, "total": 0, "batsman": 0}, "batsman": "E Lewis"}}, {"4.4": {"non_striker": "Ishan Kishan", "bowler": "GJ Maxwell", "runs": {"extras": 0, "total": 0, "batsman": 0}, "batsman": "E Lewis"}}, {"4.5": {"non_striker": "Ishan Kishan", "bowler": "GJ Maxwell", "runs": {"extras": 0, "total": 4, "batsman": 4}, "batsman": "E Lewis"}}, {"4.6": {"non_striker": "Ishan Kishan", "bowler": "GJ Maxwell", "runs": {"extras": 0, "total": 6, "batsman": 6}, "batsman": "E Lewis"}}, {"5.1": {"non_striker": "E Lewis", "bowler": "LE Plunkett", "runs": {"extras": 1, "total": 1, "batsman": 0}, "extras": {"wides": 1}, "batsman": "Ishan Kishan"}}, {"5.2": {"non_striker": "E Lewis", "bowler": "LE Plunkett", "runs": {"extras": 0, "total": 1, "batsman": 1}, "batsman": "Ishan Kishan"}}, {"5.3": {"non_striker": "Ishan Kishan", "bowler": "LE Plunkett", "runs": {"extras": 1, "total": 1, "batsman": 0}, "extras": {"wides": 1}, "batsman": "E Lewis"}}, {"5.4": {"non_striker": "Ishan Kishan", "bowler": "LE Plunkett", "runs": {"extras": 0, "total": 1, "batsman": 1}, "batsman": "E Lewis"}}, {"5.5": {"non_striker": "E Lewis", "bowler": "LE Plunkett", "runs": {"extras": 0, "total": 0, "batsman": 0}, "batsman": "Ishan Kishan"}}, {"5.6": {"non_striker": "E Lewis", "bowler": "LE Plunkett", "runs": {"extras": 0, "total": 1, "batsman": 1}, "batsman": "Ishan Kishan"}}, {"5.7": {"non_striker": "Ishan Kishan", "bowler": "LE Plunkett", "runs": {"extras": 0, "total": 1, "batsman": 1}, "batsman": "E Lewis"}}, {"5.8": {"non_striker": "E Lewis", "bowler": "LE Plunkett", "runs": {"extras": 0, "total": 1, "batsman": 1}, "batsman": "Ishan Kishan"}}, {"6.1": {"non_striker": "E Lewis", "bowler": "A Mishra", "runs": {"extras": 0, "total": 0, "batsman": 0}, "batsman": "Ishan Kishan", "wicket": {"player_out": "Ishan Kishan", "fielders": ["V Shankar"], "kind": "caught"}}}, {"6.2": {"non_striker": "E Lewis", "bowler": "A Mishra", "runs": {"extras": 0, "total": 0, "batsman": 0}, "batsman": "KA Pollard"}}, {"6.3": {"non_striker": "E Lewis", "bowler": "A Mishra", "runs": {"extras": 0, "total": 0, "batsman": 0}, "batsman": "KA Pollard"}}, {"6.4": {"non_striker": "E Lewis", "bowler": "A Mishra", "runs": {"extras": 0, "total": 3, "batsman": 3}, "batsman": "KA Pollard"}}, {"6.5": {"non_striker": "KA Pollard", "bowler": "A Mishra", "runs": {"extras": 0, "total": 0, "batsman": 0}, "batsman": "E Lewis"}}, {"6.6": {"non_striker": "KA Pollard", "bowler": "A Mishra", "runs": {"extras": 0, "total": 1, "batsman": 1}, "batsman": "E Lewis"}}, {"7.1": {"non_striker": "KA Pollard", "bowler": "LE Plunkett", "runs": {"extras": 0, "total": 0, "batsman": 0}, "batsman": "E Lewis"}}, {"7.2": {"non_striker": "KA Pollard", "bowler": "LE Plunkett", "runs": {"extras": 0, "total": 1, "batsman": 1}, "batsman": "E Lewis"}}, {"7.3": {"non_striker": "E Lewis", "bowler": "LE Plunkett", "runs": {"extras": 0, "total": 1, "batsman": 1}, "batsman": "KA Pollard"}}, {"7.4": {"non_striker": "KA Pollard", "bowler": "LE Plunkett", "runs": {"extras": 0, "total": 0, "batsman": 0}, "batsman": "E Lewis"}}, {"7.5": {"non_striker": "KA Pollard", "bowler": "LE Plunkett", "runs": {"extras": 0, "total": 1, "batsman": 1}, "batsman": "E Lewis"}}, {"7.6": {"non_striker": "E Lewis", "bowler": "LE Plunkett", "runs": {"extras": 0, "total": 2, "batsman": 2}, "batsman": "KA Pollard"}}, {"8.1": {"non_striker": "KA Pollard", "bowler": "A Mishra", "runs": {"extras": 0, "total": 0, "batsman": 0}, "batsman": "E Lewis"}}, {"8.2": {"non_striker": "KA Pollard", "bowler": "A Mishra", "runs": {"extras": 0, "total": 0, "batsman": 0}, "batsman": "E Lewis"}}, {"8.3": {"non_striker": "KA Pollard", "bowler": "A Mishra", "runs": {"extras": 0, "total": 1, "batsman": 1}, "batsman": "E Lewis"}}, {"8.4": {"non_striker": "E Lewis", "bowler": "A Mishra", "runs": {"extras": 0, "total": 1, "batsman": 1}, "batsman": "KA Pollard"}}, {"8.5": {"non_striker": "KA Pollard", "bowler": "A Mishra", "runs": {"extras": 0, "total": 6, "batsman": 6}, "batsman": "E Lewis"}}, {"8.6": {"non_striker": "KA Pollard", "bowler": "A Mishra", "runs": {"extras": 0, "total": 0, "batsman": 0}, "batsman": "E Lewis", "wicket": {"player_out": "E Lewis", "fielders": ["RR Pant"], "kind": "stumped"}}}, {"9.1": {"non_striker": "RG Sharma", "bowler": "S Lamichhane", "runs": {"extras": 0, "total": 0, "batsman": 0}, "batsman": "KA Pollard", "wicket": {"player_out": "KA Pollard", "fielders": ["TA Boult"], "kind": "caught"}}}, {"9.2": {"non_striker": "RG Sharma", "bowler": "S Lamichhane", "runs": {"extras": 0, "total": 4, "batsman": 4}, "batsman": "KH Pandya"}}, {"9.3": {"non_striker": "RG Sharma", "bowler": "S Lamichhane", "runs": {"extras": 0, "total": 0, "batsman": 0}, "batsman": "KH Pandya"}}, {"9.4": {"non_striker": "RG Sharma", "bowler": "S Lamichhane", "runs": {"extras": 0, "total": 0, "batsman": 0}, "batsman": "KH Pandya", "wicket": {"player_out": "KH Pandya", "fielders": ["R Tewatia (sub)"], "kind": "caught"}}}, {"9.5": {"non_striker": "RG Sharma", "bowler": "S Lamichhane", "runs": {"extras": 0, "total": 1, "batsman": 1}, "batsman": "HH Pandya"}}, {"9.6": {"non_striker": "HH Pandya", "bowler": "S Lamichhane", "runs": {"extras": 0, "total": 1, "batsman": 1}, "batsman": "RG Sharma"}}, {"10.1": {"non_striker": "HH Pandya", "bowler": "A Mishra", "runs": {"extras": 0, "total": 1, "batsman": 1}, "batsman": "RG Sharma"}}, {"10.2": {"non_striker": "RG Sharma", "bowler": "A Mishra", "runs": {"extras": 0, "total": 0, "batsman": 0}, "batsman": "HH Pandya"}}, {"10.3": {"non_striker": "RG Sharma", "bowler": "A Mishra", "runs": {"extras": 0, "total": 2, "batsman": 2}, "batsman": "HH Pandya"}}, {"10.4": {"non_striker": "RG Sharma", "bowler": "A Mishra", "runs": {"extras": 0, "total": 1, "batsman": 1}, "batsman": "HH Pandya"}}, {"10.5": {"non_striker": "HH Pandya", "bowler": "A Mishra", "runs": {"extras": 0, "total": 1, "batsman": 1}, "batsman": "RG Sharma"}}, {"10.6": {"non_striker": "RG Sharma", "bowler": "A Mishra", "runs": {"extras": 0, "total": 1, "batsman": 1}, "batsman": "HH Pandya"}}, {"11.1": {"non_striker": "RG Sharma", "bowler": "S Lamichhane", "runs": {"extras": 0, "total": 6, "batsman": 6}, "batsman": "HH Pandya"}}, {"11.2": {"non_striker": "RG Sharma", "bowler": "S Lamichhane", "runs": {"extras": 0, "total": 4, "batsman": 4}, "batsman": "HH Pandya"}}, {"11.3": {"non_striker": "RG Sharma", "bowler": "S Lamichhane", "runs": {"extras": 0, "total": 1, "batsman": 1}, "batsman": "HH Pandya"}}, {"11.4": {"non_striker": "HH Pandya", "bowler": "S Lamichhane", "runs": {"extras": 0, "total": 1, "batsman": 1}, "batsman": "RG Sharma"}}, {"11.5": {"non_striker": "RG Sharma", "bowler": "S Lamichhane", "runs": {"extras": 0, "total": 0, "batsman": 0}, "batsman": "HH Pandya"}}, {"11.6": {"non_striker": "RG Sharma", "bowler": "S Lamichhane", "runs": {"extras": 0, "total": 1, "batsman": 1}, "batsman": "HH Pandya"}}, {"12.1": {"non_striker": "RG Sharma", "bowler": "TA Boult", "runs": {"extras": 0, "total": 1, "batsman": 1}, "batsman": "HH Pandya"}}, {"12.2": {"non_striker": "HH Pandya", "bowler": "TA Boult", "runs": {"extras": 1, "total": 1, "batsman": 0}, "extras": {"wides": 1}, "batsman": "RG Sharma"}}, {"12.3": {"non_striker": "HH Pandya", "bowler": "TA Boult", "runs": {"extras": 0, "total": 4, "batsman": 4}, "batsman": "RG Sharma"}}, {"12.4": {"non_striker": "HH Pandya", "bowler": "TA Boult", "runs": {"extras": 0, "total": 1, "batsman": 1}, "batsman": "RG Sharma"}}, {"12.5": {"non_striker": "RG Sharma", "bowler": "TA Boult", "runs": {"extras": 0, "total": 5, "batsman": 5}, "batsman": "HH Pandya"}}, {"12.6": {"non_striker": "HH Pandya", "bowler": "TA Boult", "runs": {"extras": 0, "total": 1, "batsman": 1}, "batsman": "RG Sharma"}}, {"12.7": {"non_striker": "RG Sharma", "bowler": "TA Boult", "runs": {"extras": 0, "total": 4, "batsman": 4}, "batsman": "HH Pandya"}}, {"13.1": {"non_striker": "HH Pandya", "bowler": "HV Patel", "runs": {"extras": 0, "total": 2, "batsman": 2}, "batsman": "RG Sharma"}}, {"13.2": {"non_striker": "HH Pandya", "bowler": "HV Patel", "runs": {"extras": 0, "total": 1, "batsman": 1}, "batsman": "RG Sharma"}}, {"13.3": {"non_striker": "RG Sharma", "bowler": "HV Patel", "runs": {"extras": 0, "total": 0, "batsman": 0}, "batsman": "HH Pandya"}}, {"13.4": {"non_striker": "RG Sharma", "bowler": "HV Patel", "runs": {"extras": 2, "total": 2, "batsman": 0}, "extras": {"wides": 2}, "batsman": "HH Pandya"}}, {"13.5": {"non_striker": "HH Pandya", "bowler": "HV Patel", "runs": {"extras": 0, "total": 0, "batsman": 0}, "batsman": "RG Sharma"}}, {"13.6": {"non_striker": "HH Pandya", "bowler": "HV Patel", "runs": {"extras": 0, "total": 0, "batsman": 0}, "batsman": "RG Sharma", "wicket": {"player_out": "RG Sharma", "fielders": ["TA Boult"], "kind": "caught"}}}, {"13.7": {"non_striker": "BCJ Cutting", "bowler": "HV Patel", "runs": {"extras": 0, "total": 0, "batsman": 0}, "batsman": "HH Pandya"}}, {"14.1": {"non_striker": "HH Pandya", "bowler": "A Mishra", "runs": {"extras": 0, "total": 0, "batsman": 0}, "batsman": "BCJ Cutting"}}, {"14.2": {"non_striker": "HH Pandya", "bowler": "A Mishra", "runs": {"extras": 0, "total": 0, "batsman": 0}, "batsman": "BCJ Cutting"}}, {"14.3": {"non_striker": "HH Pandya", "bowler": "A Mishra", "runs": {"extras": 0, "total": 1, "batsman": 1}, "batsman": "BCJ Cutting"}}, {"14.4": {"non_striker": "BCJ Cutting", "bowler": "A Mishra", "runs": {"extras": 0, "total": 0, "batsman": 0}, "batsman": "HH Pandya"}}, {"14.5": {"non_striker": "BCJ Cutting", "bowler": "A Mishra", "runs": {"extras": 0, "total": 0, "batsman": 0}, "batsman": "HH Pandya", "wicket": {"player_out": "HH Pandya", "fielders": ["R Tewatia (sub)"], "kind": "caught"}}}, {"14.6": {"non_striker": "BCJ Cutting", "bowler": "A Mishra", "runs": {"extras": 0, "total": 0, "batsman": 0}, "batsman": "M Markande"}}, {"15.1": {"non_striker": "M Markande", "bowler": "S Lamichhane", "runs": {"extras": 0, "total": 0, "batsman": 0}, "batsman": "BCJ Cutting"}}, {"15.2": {"non_striker": "M Markande", "bowler": "S Lamichhane", "runs": {"extras": 0, "total": 1, "batsman": 1}, "batsman": "BCJ Cutting"}}, {"15.3": {"non_striker": "BCJ Cutting", "bowler": "S Lamichhane", "runs": {"extras": 1, "total": 1, "batsman": 0}, "extras": {"wides": 1}, "batsman": "M Markande"}}, {"15.4": {"non_striker": "BCJ Cutting", "bowler": "S Lamichhane", "runs": {"extras": 0, "total": 0, "batsman": 0}, "batsman": "M Markande"}}, {"15.5": {"non_striker": "BCJ Cutting", "bowler": "S Lamichhane", "runs": {"extras": 0, "total": 0, "batsman": 0}, "batsman": "M Markande"}}, {"15.6": {"non_striker": "BCJ Cutting", "bowler": "S Lamichhane", "runs": {"extras": 0, "total": 0, "batsman": 0}, "batsman": "M Markande"}}, {"15.7": {"non_striker": "BCJ Cutting", "bowler": "S Lamichhane", "runs": {"extras": 0, "total": 2, "batsman": 2}, "batsman": "M Markande"}}, {"16.1": {"non_striker": "M Markande", "bowler": "TA Boult", "runs": {"extras": 0, "total": 1, "batsman": 1}, "batsman": "BCJ Cutting"}}, {"16.2": {"non_striker": "BCJ Cutting", "bowler": "TA Boult", "runs": {"extras": 1, "total": 1, "batsman": 0}, "extras": {"legbyes": 1}, "batsman": "M Markande"}}, {"16.3": {"non_striker": "M Markande", "bowler": "TA Boult", "runs": {"extras": 0, "total": 0, "batsman": 0}, "batsman": "BCJ Cutting"}}, {"16.4": {"non_striker": "M Markande", "bowler": "TA Boult", "runs": {"extras": 0, "total": 2, "batsman": 2}, "batsman": "BCJ Cutting"}}, {"16.5": {"non_striker": "M Markande", "bowler": "TA Boult", "runs": {"extras": 0, "total": 6, "batsman": 6}, "batsman": "BCJ Cutting"}}, {"16.6": {"non_striker": "M Markande", "bowler": "TA Boult", "runs": {"extras": 0, "total": 1, "batsman": 1}, "batsman": "BCJ Cutting"}}, {"17.1": {"non_striker": "M Markande", "bowler": "LE Plunkett", "runs": {"extras": 0, "total": 4, "batsman": 4}, "batsman": "BCJ Cutting"}}, {"17.2": {"non_striker": "M Markande", "bowler": "LE Plunkett", "runs": {"extras": 0, "total": 6, "batsman": 6}, "batsman": "BCJ Cutting"}}, {"17.3": {"non_striker": "M Markande", "bowler": "LE Plunkett", "runs": {"extras": 0, "total": 4, "batsman": 4}, "batsman": "BCJ Cutting"}}, {"17.4": {"non_striker": "M Markande", "bowler": "LE Plunkett", "runs": {"extras": 0, "total": 0, "batsman": 0}, "batsman": "BCJ Cutting"}}, {"17.5": {"non_striker": "M Markande", "bowler": "LE Plunkett", "runs": {"extras": 0, "total": 1, "batsman": 1}, "batsman": "BCJ Cutting"}}, {"17.6": {"non_striker": "BCJ Cutting", "bowler": "LE Plunkett", "runs": {"extras": 0, "total": 0, "batsman": 0}, "batsman": "M Markande"}}, {"18.1": {"non_striker": "M Markande", "bowler": "TA Boult", "runs": {"extras": 0, "total": 1, "batsman": 1}, "batsman": "BCJ Cutting"}}, {"18.2": {"non_striker": "BCJ Cutting", "bowler": "TA Boult", "runs": {"extras": 0, "total": 0, "batsman": 0}, "batsman": "M Markande"}}, {"18.3": {"non_striker": "BCJ Cutting", "bowler": "TA Boult", "runs": {"extras": 0, "total": 1, "batsman": 1}, "batsman": "M Markande"}}, {"18.4": {"non_striker": "M Markande", "bowler": "TA Boult", "runs": {"extras": 0, "total": 2, "batsman": 2}, "batsman": "BCJ Cutting"}}, {"18.5": {"non_striker": "M Markande", "bowler": "TA Boult", "runs": {"extras": 0, "total": 1, "batsman": 1}, "batsman": "BCJ Cutting"}}, {"18.6": {"non_striker": "BCJ Cutting", "bowler": "TA Boult", "runs": {"extras": 0, "total": 0, "batsman": 0}, "batsman": "M Markande", "wicket": {"player_out": "M Markande", "kind": "bowled"}}}, {"19.1": {"non_striker": "JJ Bumrah", "bowler": "HV Patel", "runs": {"extras": 0, "total": 6, "batsman": 6}, "batsman": "BCJ Cutting"}}, {"19.2": {"non_striker": "JJ Bumrah", "bowler": "HV Patel", "runs": {"extras": 0, "total": 0, "batsman": 0}, "batsman": "BCJ Cutting", "wicket": {"player_out": "BCJ Cutting", "fielders": ["GJ Maxwell"], "kind": "caught"}}}, {"19.3": {"non_striker": "Mustafizur Rahman", "bowler": "HV Patel", "runs": {"extras": 0, "total": 0, "batsman": 0}, "batsman": "JJ Bumrah", "wicket": {"player_out": "JJ Bumrah", "fielders": ["TA Boult"], "kind": "caught"}}}]