[{"0.1": {"non_striker": "S Dhawan", "bowler": "MM Ali", "runs": {"extras": 0, "total": 1, "batsman": 1}, "batsman": "AD Hales"}}, {"0.2": {"non_striker": "AD Hales", "bowler": "MM Ali", "runs": {"extras": 0, "total": 1, "batsman": 1}, "batsman": "S Dhawan"}}, {"0.3": {"non_striker": "S Dhawan", "bowler": "MM Ali", "runs": {"extras": 0, "total": 0, "batsman": 0}, "batsman": "AD Hales"}}, {"0.4": {"non_striker": "S Dhawan", "bowler": "MM Ali", "runs": {"extras": 1, "total": 1, "batsman": 0}, "extras": {"legbyes": 1}, "batsman": "AD Hales"}}, {"0.5": {"non_striker": "AD Hales", "bowler": "MM Ali", "runs": {"extras": 0, "total": 0, "batsman": 0}, "batsman": "S Dhawan"}}, {"0.6": {"non_striker": "AD Hales", "bowler": "MM Ali", "runs": {"extras": 0, "total": 1, "batsman": 1}, "batsman": "S Dhawan"}}, {"1.1": {"non_striker": "AD Hales", "bowler": "UT Yadav", "runs": {"extras": 0, "total": 0, "batsman": 0}, "batsman": "S Dhawan"}}, {"1.2": {"non_striker": "AD Hales", "bowler": "UT Yadav", "runs": {"extras": 0, "total": 0, "batsman": 0}, "batsman": "S Dhawan"}}, {"1.3": {"non_striker": "AD Hales", "bowler": "UT Yadav", "runs": {"extras": 0, "total": 0, "batsman": 0}, "batsman": "S Dhawan"}}, {"1.4": {"non_striker": "AD Hales", "bowler": "UT Yadav", "runs": {"extras": 1, "total": 1, "batsman": 0}, "extras": {"wides": 1}, "batsman": "S Dhawan"}}, {"1.5": {"non_striker": "AD Hales", "bowler": "UT Yadav", "runs": {"extras": 0, "total": 4, "batsman": 4}, "batsman": "S Dhawan"}}, {"1.6": {"non_striker": "AD Hales", "bowler": "UT Yadav", "runs": {"extras": 0, "total": 1, "batsman": 1}, "batsman": "S Dhawan"}}, {"1.7": {"non_striker": "S Dhawan", "bowler": "UT Yadav", "runs": {"extras": 0, "total": 4, "batsman": 4}, "batsman": "AD Hales"}}, {"2.1": {"non_striker": "AD Hales", "bowler": "TG Southee", "runs": {"extras": 0, "total": 0, "batsman": 0}, "batsman": "S Dhawan"}}, {"2.2": {"non_striker": "AD Hales", "bowler": "TG Southee", "runs": {"extras": 0, "total": 1, "batsman": 1}, "batsman": "S Dhawan"}}, {"2.3": {"non_striker": "S Dhawan", "bowler": "TG Southee", "runs": {"extras": 0, "total": 0, "batsman": 0}, "batsman": "AD Hales", "wicket": {"player_out": "AD Hales", "kind": "bowled"}}}, {"2.4": {"non_striker": "S Dhawan", "bowler": "TG Southee", "runs": {"extras": 0, "total": 4, "batsman": 4}, "batsman": "KS Williamson"}}, {"2.5": {"non_striker": "S Dhawan", "bowler": "TG Southee", "runs": {"extras": 0, "total": 1, "batsman": 1}, "batsman": "KS Williamson"}}, {"2.6": {"non_striker": "KS Williamson", "bowler": "TG Southee", "runs": {"extras": 0, "total": 0, "batsman": 0}, "batsman": "S Dhawan"}}, {"3.1": {"non_striker": "S Dhawan", "bowler": "UT Yadav", "runs": {"extras": 0, "total": 1, "batsman": 1}, "batsman": "KS Williamson"}}, {"3.2": {"non_striker": "KS Williamson", "bowler": "UT Yadav", "runs": {"extras": 0, "total": 1, "batsman": 1}, "batsman": "S Dhawan"}}, {"3.3": {"non_striker": "S Dhawan", "bowler": "UT Yadav", "runs": {"extras": 0, "total": 0, "batsman": 0}, "batsman": "KS Williamson"}}, {"3.4": {"non_striker": "S Dhawan", "bowler": "UT Yadav", "runs": {"extras": 0, "total": 1, "batsman": 1}, "batsman": "KS Williamson"}}, {"3.5": {"non_striker": "KS Williamson", "bowler": "UT Yadav", "runs": {"extras": 0, "total": 1, "batsman": 1}, "batsman": "S Dhawan"}}, {"3.6": {"non_striker": "S Dhawan", "bowler": "UT Yadav", "runs": {"extras": 0, "total": 1, "batsman": 1}, "batsman": "KS Williamson"}}, {"4.1": {"non_striker": "S Dhawan", "bowler": "TG Southee", "runs": {"extras": 1, "total": 1, "batsman": 0}, "extras": {"wides": 1}, "batsman": "KS Williamson"}}, {"4.2": {"non_striker": "S Dhawan", "bowler": "TG Southee", "runs": {"extras": 0, "total": 1, "batsman": 1}, "batsman": "KS Williamson"}}, {"4.3": {"non_striker": "KS Williamson", "bowler": "TG Southee", "runs": {"extras": 0, "total": 1, "batsman": 1}, "batsman": "S Dhawan"}}, {"4.4": {"non_striker": "S Dhawan", "bowler": "TG Southee", "runs": {"extras": 0, "total": 4, "batsman": 4}, "batsman": "KS Williamson"}}, {"4.5": {"non_striker": "S Dhawan", "bowler": "TG Southee", "runs": {"extras": 0, "total": 2, "batsman": 2}, "batsman": "KS Williamson"}}, {"4.6": {"non_striker": "S Dhawan", "bowler": "TG Southee", "runs": {"extras": 0, "total": 1, "batsman": 1}, "batsman": "KS Williamson"}}, {"4.7": {"non_striker": "KS Williamson", "bowler": "TG Southee", "runs": {"extras": 0, "total": 1, "batsman": 1}, "batsman": "S Dhawan"}}, {"5.1": {"non_striker": "KS Williamson", "bowler": "Mohammed Siraj", "runs": {"extras": 0, "total": 1, "batsman": 1}, "batsman": "S Dhawan"}}, {"5.2": {"non_striker": "S Dhawan", "bowler": "Mohammed Siraj", "runs": {"extras": 0, "total": 1, "batsman": 1}, "batsman": "KS Williamson"}}, {"5.3": {"non_striker": "KS Williamson", "bowler": "Mohammed Siraj", "runs": {"extras": 0, "total": 0, "batsman": 0}, "batsman": "S Dhawan"}}, {"5.4": {"non_striker": "KS Williamson", "bowler": "Mohammed Siraj", "runs": {"extras": 0, "total": 0, "batsman": 0}, "batsman": "S Dhawan"}}, {"5.5": {"non_striker": "KS Williamson", "bowler": "Mohammed Siraj", "runs": {"extras": 0, "total": 0, "batsman": 0}, "batsman": "S Dhawan", "wicket": {"player_out": "S Dhawan", "fielders": ["TG Southee"], "kind": "caught"}}}, {"5.6": {"non_striker": "MK Pandey", "bowler": "Mohammed Siraj", "runs": {"extras": 0, "total": 0, "batsman": 0}, "batsman": "KS Williamson"}}, {"6.1": {"non_striker": "KS Williamson", "bowler": "YS Chahal", "runs": {"extras": 0, "total": 1, "batsman": 1}, "batsman": "MK Pandey"}}, {"6.2": {"non_striker": "MK Pandey", "bowler": "YS Chahal", "runs": {"extras": 0, "total": 0, "batsman": 0}, "batsman": "KS Williamson"}}, {"6.3": {"non_striker": "MK Pandey", "bowler": "YS Chahal", "runs": {"extras": 0, "total": 1, "batsman": 1}, "batsman": "KS Williamson"}}, {"6.4": {"non_striker": "KS Williamson", "bowler": "YS Chahal", "runs": {"extras": 0, "total": 0, "batsman": 0}, "batsman": "MK Pandey"}}, {"6.5": {"non_striker": "KS Williamson", "bowler": "YS Chahal", "runs": {"extras": 0, "total": 1, "batsman": 1}, "batsman": "MK Pandey"}}, {"6.6": {"non_striker": "MK Pandey", "bowler": "YS Chahal", "runs": {"extras": 0, "total": 1, "batsman": 1}, "batsman": "KS Williamson"}}, {"7.1": {"non_striker": "MK Pandey", "bowler": "MM Ali", "runs": {"extras": 0, "total": 1, "batsman": 1}, "batsman": "KS Williamson"}}, {"7.2": {"non_striker": "KS Williamson", "bowler": "MM Ali", "runs": {"extras": 0, "total": 0, "batsman": 0}, "batsman": "MK Pandey"}}, {"7.3": {"non_striker": "KS Williamson", "bowler": "MM Ali", "runs": {"extras": 0, "total": 1, "batsman": 1}, "batsman": "MK Pandey"}}, {"7.4": {"non_striker": "MK Pandey", "bowler": "MM Ali", "runs": {"extras": 0, "total": 0, "batsman": 0}, "batsman": "KS Williamson"}}, {"7.5": {"non_striker": "MK Pandey", "bowler": "MM Ali", "runs": {"extras": 0, "total": 1, "batsman": 1}, "batsman": "KS Williamson"}}, {"7.6": {"non_striker": "KS Williamson", "bowler": "MM Ali", "runs": {"extras": 0, "total": 2, "batsman": 2}, "batsman": "MK Pandey"}}, {"8.1": {"non_striker": "MK Pandey", "bowler": "YS Chahal", "runs": {"extras": 0, "total": 1, "batsman": 1}, "batsman": "KS Williamson"}}, {"8.2": {"non_striker": "KS Williamson", "bowler": "YS Chahal", "runs": {"extras": 0, "total": 0, "batsman": 0}, "batsman": "MK Pandey", "wicket": {"player_out": "MK Pandey", "fielders": ["V Kohli"], "kind": "caught"}}}, {"8.3": {"non_striker": "KS Williamson", "bowler": "YS Chahal", "runs": {"extras": 0, "total": 2, "batsman": 2}, "batsman": "Shakib Al Hasan"}}, {"8.4": {"non_striker": "KS Williamson", "bowler": "YS Chahal", "runs": {"extras": 0, "total": 0, "batsman": 0}, "batsman": "Shakib Al Hasan"}}, {"8.5": {"non_striker": "KS Williamson", "bowler": "YS Chahal", "runs": {"extras": 0, "total": 0, "batsman": 0}, "batsman": "Shakib Al Hasan"}}, {"8.6": {"non_striker": "KS Williamson", "bowler": "YS Chahal", "runs": {"extras": 0, "total": 0, "batsman": 0}, "batsman": "Shakib Al Hasan"}}, {"9.1": {"non_striker": "Shakib Al Hasan", "bowler": "MM Ali", "runs": {"extras": 0, "total": 1, "batsman": 1}, "batsman": "KS Williamson"}}, {"9.2": {"non_striker": "KS Williamson", "bowler": "MM Ali", "runs": {"extras": 0, "total": 4, "batsman": 4}, "batsman": "Shakib Al Hasan"}}, {"9.3": {"non_striker": "KS Williamson", "bowler": "MM Ali", "runs": {"extras": 0, "total": 4, "batsman": 4}, "batsman": "Shakib Al Hasan"}}, {"9.4": {"non_striker": "KS Williamson", "bowler": "MM Ali", "runs": {"extras": 0, "total": 0, "batsman": 0}, "batsman": "Shakib Al Hasan"}}, {"9.5": {"non_striker": "KS Williamson", "bowler": "MM Ali", "runs": {"extras": 0, "total": 1, "batsman": 1}, "batsman": "Shakib Al Hasan"}}, {"9.6": {"non_striker": "Shakib Al Hasan", "bowler": "MM Ali", "runs": {"extras": 0, "total": 1, "batsman": 1}, "batsman": "KS Williamson"}}, {"10.1": {"non_striker": "Shakib Al Hasan", "bowler": "YS Chahal", "runs": {"extras": 0, "total": 0, "batsman": 0}, "batsman": "KS Williamson"}}, {"10.2": {"non_striker": "Shakib Al Hasan", "bowler": "YS Chahal", "runs": {"extras": 0, "total": 4, "batsman": 4}, "batsman": "KS Williamson"}}, {"10.3": {"non_striker": "Shakib Al Hasan", "bowler": "YS Chahal", "runs": {"extras": 0, "total": 0, "batsman": 0}, "batsman": "KS Williamson"}}, {"10.4": {"non_striker": "Shakib Al Hasan", "bowler": "YS Chahal", "runs": {"extras": 0, "total": 1, "batsman": 1}, "batsman": "KS Williamson"}}, {"10.5": {"non_striker": "KS Williamson", "bowler": "YS Chahal", "runs": {"extras": 0, "total": 1, "batsman": 1}, "batsman": "Shakib Al Hasan"}}, {"10.6": {"non_striker": "Shakib Al Hasan", "bowler": "YS Chahal", "runs": {"extras": 1, "total": 1, "batsman": 0}, "extras": {"noballs": 1}, "batsman": "KS Williamson"}}, {"10.7": {"non_striker": "Shakib Al Hasan", "bowler": "YS Chahal", "runs": {"extras": 0, "total": 0, "batsman": 0}, "batsman": "KS Williamson"}}, {"11.1": {"non_striker": "KS Williamson", "bowler": "C de Grandhomme", "runs": {"extras": 0, "total": 4, "batsman": 4}, "batsman": "Shakib Al Hasan"}}, {"11.2": {"non_striker": "KS Williamson", "bowler": "C de Grandhomme", "runs": {"extras": 0, "total": 0, "batsman": 0}, "batsman": "Shakib Al Hasan"}}, {"11.3": {"non_striker": "KS Williamson", "bowler": "C de Grandhomme", "runs": {"extras": 0, "total": 1, "batsman": 1}, "batsman": "Shakib Al Hasan"}}, {"11.4": {"non_striker": "Shakib Al Hasan", "bowler": "C de Grandhomme", "runs": {"extras": 0, "total": 1, "batsman": 1}, "batsman": "KS Williamson"}}, {"11.5": {"non_striker": "KS Williamson", "bowler": "C de Grandhomme", "runs": {"extras": 0, "total": 0, "batsman": 0}, "batsman": "Shakib Al Hasan"}}, {"11.6": {"non_striker": "KS Williamson", "bowler": "C de Grandhomme", "runs": {"extras": 1, "total": 1, "batsman": 0}, "extras": {"wides": 1}, "batsman": "Shakib Al Hasan"}}, {"11.7": {"non_striker": "KS Williamson", "bowler": "C de Grandhomme", "runs": {"extras": 0, "total": 1, "batsman": 1}, "batsman": "Shakib Al Hasan"}}, {"12.1": {"non_striker": "KS Williamson", "bowler": "Mohammed Siraj", "runs": {"extras": 0, "total": 1, "batsman": 1}, "batsman": "Shakib Al Hasan"}}, {"12.2": {"non_striker": "Shakib Al Hasan", "bowler": "Mohammed Siraj", "runs": {"extras": 0, "total": 1, "batsman": 1}, "batsman": "KS Williamson"}}, {"12.3": {"non_striker": "KS Williamson", "bowler": "Mohammed Siraj", "runs": {"extras": 0, "total": 0, "batsman": 0}, "batsman": "Shakib Al Hasan"}}, {"12.4": {"non_striker": "KS Williamson", "bowler": "Mohammed Siraj", "runs": {"extras": 1, "total": 1, "batsman": 0}, "extras": {"wides": 1}, "batsman": "Shakib Al Hasan"}}, {"12.5": {"non_striker": "KS Williamson", "bowler": "Mohammed Siraj", "runs": {"extras": 0, "total": 0, "batsman": 0}, "batsman": "Shakib Al Hasan"}}, {"12.6": {"non_striker": "KS Williamson", "bowler": "Mohammed Siraj", "runs": {"extras": 0, "total": 0, "batsman": 0}, "batsman": "Shakib Al Hasan"}}, {"12.7": {"non_striker": "KS Williamson", "bowler": "Mohammed Siraj", "runs": {"extras": 0, "total": 1, "batsman": 1}, "batsman": "Shakib Al Hasan"}}, {"13.1": {"non_striker": "KS Williamson", "bowler": "UT Yadav", "runs": {"extras": 0, "total": 0, "batsman": 0}, "batsman": "Shakib Al Hasan"}}, {"13.2": {"non_striker": "KS Williamson", "bowler": "UT Yadav", "runs": {"extras": 0, "total": 1, "batsman": 1}, "batsman": "Shakib Al Hasan"}}, {"13.3": {"non_striker": "Shakib Al Hasan", "bowler": "UT Yadav", "runs": {"extras": 0, "total": 0, "batsman": 0}, "batsman": "KS Williamson"}}, {"13.4": {"non_striker": "Shakib Al Hasan", "bowler": "UT Yadav", "runs": {"extras": 0, "total": 4, "batsman": 4}, "batsman": "KS Williamson"}}, {"13.5": {"non_striker": "Shakib Al Hasan", "bowler": "UT Yadav", "runs": {"extras": 0, "total": 2, "batsman": 2}, "batsman": "KS Williamson"}}, {"13.6": {"non_striker": "Shakib Al Hasan", "bowler": "UT Yadav", "runs": {"extras": 1, "total": 1, "batsman": 0}, "extras": {"wides": 1}, "batsman": "KS Williamson"}}, {"13.7": {"non_striker": "Shakib Al Hasan", "bowler": "UT Yadav", "runs": {"extras": 0, "total": 6, "batsman": 6}, "batsman": "KS Williamson"}}, {"14.1": {"non_striker": "KS Williamson", "bowler": "YS Chahal", "runs": {"extras": 0, "total": 1, "batsman": 1}, "batsman": "Shakib Al Hasan"}}, {"14.2": {"non_striker": "Shakib Al Hasan", "bowler": "YS Chahal", "runs": {"extras": 0, "total": 6, "batsman": 6}, "batsman": "KS Williamson"}}, {"14.3": {"non_striker": "Shakib Al Hasan", "bowler": "YS Chahal", "runs": {"extras": 0, "total": 1, "batsman": 1}, "batsman": "KS Williamson"}}, {"14.4": {"non_striker": "KS Williamson", "bowler": "YS Chahal", "runs": {"extras": 0, "total": 1, "batsman": 1}, "batsman": "Shakib Al Hasan"}}, {"14.5": {"non_striker": "Shakib Al Hasan", "bowler": "YS Chahal", "runs": {"extras": 0, "total": 1, "batsman": 1}, "batsman": "KS Williamson"}}, {"14.6": {"non_striker": "KS Williamson", "bowler": "YS Chahal", "runs": {"extras": 0, "total": 1, "batsman": 1}, "batsman": "Shakib Al Hasan"}}, {"15.1": {"non_striker": "KS Williamson", "bowler": "UT Yadav", "runs": {"extras": 0, "total": 0, "batsman": 0}, "batsman": "Shakib Al Hasan"}}, {"15.2": {"non_striker": "KS Williamson", "bowler": "UT Yadav", "runs": {"extras": 0, "total": 1, "batsman": 1}, "batsman": "Shakib Al Hasan"}}, {"15.3": {"non_striker": "Shakib Al Hasan", "bowler": "UT Yadav", "runs": {"extras": 0, "total": 4, "batsman": 4}, "batsman": "KS Williamson"}}, {"15.4": {"non_striker": "Shakib Al Hasan", "bowler": "UT Yadav", "runs": {"extras": 0, "total": 1, "batsman": 1}, "batsman": "KS Williamson"}}, {"15.5": {"non_striker": "KS Williamson", "bowler": "UT Yadav", "runs": {"extras": 0, "total": 1, "batsman": 1}, "batsman": "Shakib Al Hasan"}}, {"15.6": {"non_striker": "Shakib Al Hasan", "bowler": "UT Yadav", "runs": {"extras": 0, "total": 0, "batsman": 0}, "batsman": "KS Williamson", "wicket": {"player_out": "KS Williamson", "fielders": ["Mandeep Singh"], "kind": "caught"}}}, {"16.1": {"non_striker": "Shakib Al Hasan", "bowler": "Mohammed Siraj", "runs": {"extras": 0, "total": 1, "batsman": 1}, "batsman": "YK Pathan"}}, {"16.2": {"non_striker": "YK Pathan", "bowler": "Mohammed Siraj", "runs": {"extras": 0, "total": 4, "batsman": 4}, "batsman": "Shakib Al Hasan"}}, {"16.3": {"non_striker": "YK Pathan", "bowler": "Mohammed Siraj", "runs": {"extras": 0, "total": 0, "batsman": 0}, "batsman": "Shakib Al Hasan"}}, {"16.4": {"non_striker": "YK Pathan", "bowler": "Mohammed Siraj", "runs": {"extras": 0, "total": 4, "batsman": 4}, "batsman": "Shakib Al Hasan"}}, {"16.5": {"non_striker": "YK Pathan", "bowler": "Mohammed Siraj", "runs": {"extras": 0, "total": 1, "batsman": 1}, "batsman": "Shakib Al Hasan"}}, {"16.6": {"non_striker": "Shakib Al Hasan", "bowler": "Mohammed Siraj", "runs": {"extras": 0, "total": 1, "batsman": 1}, "batsman": "YK Pathan"}}, {"17.1": {"non_striker": "Shakib Al Hasan", "bowler": "TG Southee", "runs": {"extras": 0, "total": 1, "batsman": 1}, "batsman": "YK Pathan"}}, {"17.2": {"non_striker": "YK Pathan", "bowler": "TG Southee", "runs": {"extras": 0, "total": 0, "batsman": 0}, "batsman": "Shakib Al Hasan", "wicket": {"player_out": "Shakib Al Hasan", "fielders": ["UT Yadav"], "kind": "caught"}}}, {"17.3": {"non_striker": "YK Pathan", "bowler": "TG Southee", "runs": {"extras": 1, "total": 1, "batsman": 0}, "extras": {"legbyes": 1}, "batsman": "WP Saha"}}, {"17.4": {"non_striker": "WP Saha", "bowler": "TG Southee", "runs": {"extras": 0, "total": 4, "batsman": 4}, "batsman": "YK Pathan"}}, {"17.5": {"non_striker": "WP Saha", "bowler": "TG Southee", "runs": {"extras": 0, "total": 4, "batsman": 4}, "batsman": "YK Pathan"}}, {"17.6": {"non_striker": "WP Saha", "bowler": "TG Southee", "runs": {"extras": 0, "total": 1, "batsman": 1}, "batsman": "YK Pathan"}}, {"18.1": {"non_striker": "WP Saha", "bowler": "Mohammed Siraj", "runs": {"extras": 0, "total": 0, "batsman": 0}, "batsman": "YK Pathan", "wicket": {"player_out": "YK Pathan", "kind": "bowled"}}}, {"18.2": {"non_striker": "WP Saha", "bowler": "Mohammed Siraj", "runs": {"extras": 1, "total": 1, "batsman": 0}, "extras": {"legbyes": 1}, "batsman": "Rashid Khan"}}, {"18.3": {"non_striker": "Rashid Khan", "bowler": "Mohammed Siraj", "runs": {"extras": 0, "total": 6, "batsman": 6}, "batsman": "WP Saha"}}, {"18.4": {"non_striker": "Rashid Khan", "bowler": "Mohammed Siraj", "runs": {"extras": 0, "total": 0, "batsman": 0}, "batsman": "WP Saha"}}, {"18.5": {"non_striker": "Rashid Khan", "bowler": "Mohammed Siraj", "runs": {"extras": 0, "total": 2, "batsman": 2}, "batsman": "WP Saha"}}, {"18.6": {"non_striker": "Rashid Khan", "bowler": "Mohammed Siraj", "runs": {"extras": 0, "total": 0, "batsman": 0}, "batsman": "WP Saha", "wicket": {"player_out": "WP Saha", "kind": "bowled"}}}, {"19.1": {"non_striker": "B Kumar", "bowler": "TG Southee", "runs": {"extras": 0, "total": 0, "batsman": 0}, "batsman": "Rashid Khan"}}, {"19.2": {"non_striker": "B Kumar", "bowler": "TG Southee", "runs": {"extras": 0, "total": 1, "batsman": 1}, "batsman": "Rashid Khan", "wicket": {"player_out": "Rashid Khan", "kind": "run out"}}}, {"19.3": {"non_striker": "B Kumar", "bowler": "TG Southee", "runs": {"extras": 0, "total": 1, "batsman": 1}, "batsman": "S Kaul"}}, {"19.4": {"non_striker": "S Kaul", "bowler": "TG Southee", "runs": {"extras": 0, "total": 0, "batsman": 0}, "batsman": "B Kumar"}}, {"19.5": {"non_striker": "S Kaul", "bowler": "TG Southee", "runs": {"extras": 0, "total": 1, "batsman": 1}, "batsman": "B Kumar", "wicket": {"player_out": "S Kaul", "kind": "run out"}}}, {"19.6": {"non_striker": "B Kumar", "bowler": "TG Southee", "runs": {"extras": 0, "total": 0, "batsman": 0}, "batsman": "Sandeep Sharma", "wicket": {"player_out": "Sandeep Sharma", "kind": "lbw"}}}]