[{"0.1": {"non_striker": "AT Rayudu", "bowler": "MJ McClenaghan", "runs": {"extras": 0, "total": 1, "batsman": 1}, "batsman": "SR Watson"}}, {"0.2": {"non_striker": "SR Watson", "bowler": "MJ McClenaghan", "runs": {"extras": 0, "total": 0, "batsman": 0}, "batsman": "AT Rayudu"}}, {"0.3": {"non_striker": "SR Watson", "bowler": "MJ McClenaghan", "runs": {"extras": 0, "total": 6, "batsman": 6}, "batsman": "AT Rayudu"}}, {"0.4": {"non_striker": "SR Watson", "bowler": "MJ McClenaghan", "runs": {"extras": 0, "total": 0, "batsman": 0}, "batsman": "AT Rayudu"}}, {"0.5": {"non_striker": "SR Watson", "bowler": "MJ McClenaghan", "runs": {"extras": 0, "total": 1, "batsman": 1}, "batsman": "AT Rayudu"}}, {"0.6": {"non_striker": "AT Rayudu", "bowler": "MJ McClenaghan", "runs": {"extras": 0, "total": 0, "batsman": 0}, "batsman": "SR Watson"}}, {"1.1": {"non_striker": "SR Watson", "bowler": "JJ Bumrah", "runs": {"extras": 0, "total": 0, "batsman": 0}, "batsman": "AT Rayudu"}}, {"1.2": {"non_striker": "SR Watson", "bowler": "JJ Bumrah", "runs": {"extras": 0, "total": 0, "batsman": 0}, "batsman": "AT Rayudu"}}, {"1.3": {"non_striker": "SR Watson", "bowler": "JJ Bumrah", "runs": {"extras": 0, "total": 0, "batsman": 0}, "batsman": "AT Rayudu"}}, {"1.4": {"non_striker": "SR Watson", "bowler": "JJ Bumrah", "runs": {"extras": 0, "total": 0, "batsman": 0}, "batsman": "AT Rayudu"}}, {"1.5": {"non_striker": "SR Watson", "bowler": "JJ Bumrah", "runs": {"extras": 0, "total": 1, "batsman": 1}, "batsman": "AT Rayudu"}}, {"1.6": {"non_striker": "AT Rayudu", "bowler": "JJ Bumrah", "runs": {"extras": 0, "total": 1, "batsman": 1}, "batsman": "SR Watson"}}, {"2.1": {"non_striker": "AT Rayudu", "bowler": "MJ McClenaghan", "runs": {"extras": 0, "total": 0, "batsman": 0}, "batsman": "SR Watson"}}, {"2.2": {"non_striker": "AT Rayudu", "bowler": "MJ McClenaghan", "runs": {"extras": 0, "total": 4, "batsman": 4}, "batsman": "SR Watson"}}, {"2.3": {"non_striker": "AT Rayudu", "bowler": "MJ McClenaghan", "runs": {"extras": 0, "total": 0, "batsman": 0}, "batsman": "SR Watson"}}, {"2.4": {"non_striker": "AT Rayudu", "bowler": "MJ McClenaghan", "runs": {"extras": 0, "total": 1, "batsman": 1}, "batsman": "SR Watson"}}, {"2.5": {"non_striker": "SR Watson", "bowler": "MJ McClenaghan", "runs": {"extras": 0, "total": 1, "batsman": 1}, "batsman": "AT Rayudu"}}, {"2.6": {"non_striker": "AT Rayudu", "bowler": "MJ McClenaghan", "runs": {"extras": 0, "total": 2, "batsman": 2}, "batsman": "SR Watson"}}, {"3.1": {"non_striker": "SR Watson", "bowler": "HH Pandya", "runs": {"extras": 0, "total": 1, "batsman": 1}, "batsman": "AT Rayudu"}}, {"3.2": {"non_striker": "AT Rayudu", "bowler": "HH Pandya", "runs": {"extras": 0, "total": 1, "batsman": 1}, "batsman": "SR Watson"}}, {"3.3": {"non_striker": "SR Watson", "bowler": "HH Pandya", "runs": {"extras": 0, "total": 0, "batsman": 0}, "batsman": "AT Rayudu"}}, {"3.4": {"non_striker": "SR Watson", "bowler": "HH Pandya", "runs": {"extras": 0, "total": 4, "batsman": 4}, "batsman": "AT Rayudu"}}, {"3.5": {"non_striker": "SR Watson", "bowler": "HH Pandya", "runs": {"extras": 0, "total": 0, "batsman": 0}, "batsman": "AT Rayudu"}}, {"3.6": {"non_striker": "SR Watson", "bowler": "HH Pandya", "runs": {"extras": 0, "total": 0, "batsman": 0}, "batsman": "AT Rayudu"}}, {"4.1": {"non_striker": "AT Rayudu", "bowler": "KH Pandya", "runs": {"extras": 0, "total": 2, "batsman": 2}, "batsman": "SR Watson"}}, {"4.2": {"non_striker": "AT Rayudu", "bowler": "KH Pandya", "runs": {"extras": 0, "total": 0, "batsman": 0}, "batsman": "SR Watson", "wicket": {"player_out": "SR Watson", "fielders": ["M Markande"], "kind": "caught"}}}, {"4.3": {"non_striker": "SK Raina", "bowler": "KH Pandya", "runs": {"extras": 0, "total": 6, "batsman": 6}, "batsman": "AT Rayudu"}}, {"4.4": {"non_striker": "SK Raina", "bowler": "KH Pandya", "runs": {"extras": 0, "total": 1, "batsman": 1}, "batsman": "AT Rayudu"}}, {"4.5": {"non_striker": "AT Rayudu", "bowler": "KH Pandya", "runs": {"extras": 0, "total": 0, "batsman": 0}, "batsman": "SK Raina"}}, {"4.6": {"non_striker": "AT Rayudu", "bowler": "KH Pandya", "runs": {"extras": 0, "total": 6, "batsman": 6}, "batsman": "SK Raina"}}, {"5.1": {"non_striker": "SK Raina", "bowler": "HH Pandya", "runs": {"extras": 0, "total": 1, "batsman": 1}, "batsman": "AT Rayudu"}}, {"5.2": {"non_striker": "AT Rayudu", "bowler": "HH Pandya", "runs": {"extras": 1, "total": 1, "batsman": 0}, "extras": {"legbyes": 1}, "batsman": "SK Raina"}}, {"5.3": {"non_striker": "SK Raina", "bowler": "HH Pandya", "runs": {"extras": 0, "total": 0, "batsman": 0}, "batsman": "AT Rayudu"}}, {"5.4": {"non_striker": "SK Raina", "bowler": "HH Pandya", "runs": {"extras": 0, "total": 0, "batsman": 0}, "batsman": "AT Rayudu"}}, {"5.5": {"non_striker": "SK Raina", "bowler": "HH Pandya", "runs": {"extras": 0, "total": 4, "batsman": 4}, "batsman": "AT Rayudu"}}, {"5.6": {"non_striker": "SK Raina", "bowler": "HH Pandya", "runs": {"extras": 0, "total": 6, "batsman": 6}, "batsman": "AT Rayudu"}}, {"6.1": {"non_striker": "AT Rayudu", "bowler": "KH Pandya", "runs": {"extras": 0, "total": 4, "batsman": 4}, "batsman": "SK Raina"}}, {"6.2": {"non_striker": "AT Rayudu", "bowler": "KH Pandya", "runs": {"extras": 0, "total": 0, "batsman": 0}, "batsman": "SK Raina"}}, {"6.3": {"non_striker": "AT Rayudu", "bowler": "KH Pandya", "runs": {"extras": 0, "total": 0, "batsman": 0}, "batsman": "SK Raina"}}, {"6.4": {"non_striker": "AT Rayudu", "bowler": "KH Pandya", "runs": {"extras": 1, "total": 1, "batsman": 0}, "extras": {"wides": 1}, "batsman": "SK Raina"}}, {"6.5": {"non_striker": "AT Rayudu", "bowler": "KH Pandya", "runs": {"extras": 0, "total": 1, "batsman": 1}, "batsman": "SK Raina"}}, {"6.6": {"non_striker": "SK Raina", "bowler": "KH Pandya", "runs": {"extras": 0, "total": 1, "batsman": 1}, "batsman": "AT Rayudu"}}, {"6.7": {"non_striker": "AT Rayudu", "bowler": "KH Pandya", "runs": {"extras": 0, "total": 2, "batsman": 2}, "batsman": "SK Raina"}}, {"7.1": {"non_striker": "SK Raina", "bowler": "M Markande", "runs": {"extras": 0, "total": 1, "batsman": 1}, "batsman": "AT Rayudu"}}, {"7.2": {"non_striker": "AT Rayudu", "bowler": "M Markande", "runs": {"extras": 0, "total": 1, "batsman": 1}, "batsman": "SK Raina"}}, {"7.3": {"non_striker": "SK Raina", "bowler": "M Markande", "runs": {"extras": 0, "total": 0, "batsman": 0}, "batsman": "AT Rayudu"}}, {"7.4": {"non_striker": "SK Raina", "bowler": "M Markande", "runs": {"extras": 0, "total": 1, "batsman": 1}, "batsman": "AT Rayudu"}}, {"7.5": {"non_striker": "AT Rayudu", "bowler": "M Markande", "runs": {"extras": 0, "total": 0, "batsman": 0}, "batsman": "SK Raina"}}, {"7.6": {"non_striker": "AT Rayudu", "bowler": "M Markande", "runs": {"extras": 0, "total": 0, "batsman": 0}, "batsman": "SK Raina"}}, {"8.1": {"non_striker": "SK Raina", "bowler": "BCJ Cutting", "runs": {"extras": 1, "total": 1, "batsman": 0}, "extras": {"wides": 1}, "batsman": "AT Rayudu"}}, {"8.2": {"non_striker": "SK Raina", "bowler": "BCJ Cutting", "runs": {"extras": 0, "total": 6, "batsman": 6}, "batsman": "AT Rayudu"}}, {"8.3": {"non_striker": "SK Raina", "bowler": "BCJ Cutting", "runs": {"extras": 0, "total": 1, "batsman": 1}, "batsman": "AT Rayudu"}}, {"8.4": {"non_striker": "AT Rayudu", "bowler": "BCJ Cutting", "runs": {"extras": 0, "total": 4, "batsman": 4}, "batsman": "SK Raina"}}, {"8.5": {"non_striker": "AT Rayudu", "bowler": "BCJ Cutting", "runs": {"extras": 0, "total": 1, "batsman": 1}, "batsman": "SK Raina"}}, {"8.6": {"non_striker": "SK Raina", "bowler": "BCJ Cutting", "runs": {"extras": 0, "total": 0, "batsman": 0}, "batsman": "AT Rayudu"}}, {"8.7": {"non_striker": "SK Raina", "bowler": "BCJ Cutting", "runs": {"extras": 0, "total": 1, "batsman": 1}, "batsman": "AT Rayudu"}}, {"9.1": {"non_striker": "SK Raina", "bowler": "M Markande", "runs": {"extras": 0, "total": 1, "batsman": 1}, "batsman": "AT Rayudu"}}, {"9.2": {"non_striker": "AT Rayudu", "bowler": "M Markande", "runs": {"extras": 0, "total": 1, "batsman": 1}, "batsman": "SK Raina"}}, {"9.3": {"non_striker": "SK Raina", "bowler": "M Markande", "runs": {"extras": 0, "total": 1, "batsman": 1}, "batsman": "AT Rayudu"}}, {"9.4": {"non_striker": "AT Rayudu", "bowler": "M Markande", "runs": {"extras": 0, "total": 4, "batsman": 4}, "batsman": "SK Raina"}}, {"9.5": {"non_striker": "AT Rayudu", "bowler": "M Markande", "runs": {"extras": 0, "total": 6, "batsman": 6}, "batsman": "SK Raina"}}, {"9.6": {"non_striker": "AT Rayudu", "bowler": "M Markande", "runs": {"extras": 0, "total": 1, "batsman": 1}, "batsman": "SK Raina"}}, {"10.1": {"non_striker": "AT Rayudu", "bowler": "MJ McClenaghan", "runs": {"extras": 0, "total": 4, "batsman": 4}, "batsman": "SK Raina"}}, {"10.2": {"non_striker": "AT Rayudu", "bowler": "MJ McClenaghan", "runs": {"extras": 0, "total": 0, "batsman": 0}, "batsman": "SK Raina"}}, {"10.3": {"non_striker": "AT Rayudu", "bowler": "MJ McClenaghan", "runs": {"extras": 0, "total": 1, "batsman": 1}, "batsman": "SK Raina"}}, {"10.4": {"non_striker": "SK Raina", "bowler": "MJ McClenaghan", "runs": {"extras": 0, "total": 1, "batsman": 1}, "batsman": "AT Rayudu"}}, {"10.5": {"non_striker": "AT Rayudu", "bowler": "MJ McClenaghan", "runs": {"extras": 0, "total": 0, "batsman": 0}, "batsman": "SK Raina"}}, {"10.6": {"non_striker": "AT Rayudu", "bowler": "MJ McClenaghan", "runs": {"extras": 0, "total": 0, "batsman": 0}, "batsman": "SK Raina"}}, {"11.1": {"non_striker": "SK Raina", "bowler": "KH Pandya", "runs": {"extras": 0, "total": 0, "batsman": 0}, "batsman": "AT Rayudu"}}, {"11.2": {"non_striker": "SK Raina", "bowler": "KH Pandya", "runs": {"extras": 0, "total": 0, "batsman": 0}, "batsman": "AT Rayudu", "wicket": {"player_out": "AT Rayudu", "fielders": ["BCJ Cutting"], "kind": "caught"}}}, {"11.3": {"non_striker": "SK Raina", "bowler": "KH Pandya", "runs": {"extras": 0, "total": 0, "batsman": 0}, "batsman": "MS Dhoni"}}, {"11.4": {"non_striker": "SK Raina", "bowler": "KH Pandya", "runs": {"extras": 0, "total": 0, "batsman": 0}, "batsman": "MS Dhoni"}}, {"11.5": {"non_striker": "SK Raina", "bowler": "KH Pandya", "runs": {"extras": 0, "total": 1, "batsman": 1}, "batsman": "MS Dhoni"}}, {"11.6": {"non_striker": "MS Dhoni", "bowler": "KH Pandya", "runs": {"extras": 0, "total": 1, "batsman": 1}, "batsman": "SK Raina"}}, {"12.1": {"non_striker": "MS Dhoni", "bowler": "JJ Bumrah", "runs": {"extras": 0, "total": 0, "batsman": 0}, "batsman": "SK Raina"}}, {"12.2": {"non_striker": "MS Dhoni", "bowler": "JJ Bumrah", "runs": {"extras": 0, "total": 1, "batsman": 1}, "batsman": "SK Raina"}}, {"12.3": {"non_striker": "SK Raina", "bowler": "JJ Bumrah", "runs": {"extras": 0, "total": 0, "batsman": 0}, "batsman": "MS Dhoni"}}, {"12.4": {"non_striker": "SK Raina", "bowler": "JJ Bumrah", "runs": {"extras": 0, "total": 0, "batsman": 0}, "batsman": "MS Dhoni"}}, {"12.5": {"non_striker": "SK Raina", "bowler": "JJ Bumrah", "runs": {"extras": 0, "total": 0, "batsman": 0}, "batsman": "MS Dhoni"}}, {"12.6": {"non_striker": "SK Raina", "bowler": "JJ Bumrah", "runs": {"extras": 0, "total": 0, "batsman": 0}, "batsman": "MS Dhoni"}}, {"13.1": {"non_striker": "MS Dhoni", "bowler": "KH Pandya", "runs": {"extras": 0, "total": 0, "batsman": 0}, "batsman": "SK Raina"}}, {"13.2": {"non_striker": "MS Dhoni", "bowler": "KH Pandya", "runs": {"extras": 0, "total": 2, "batsman": 2}, "batsman": "SK Raina"}}, {"13.3": {"non_striker": "MS Dhoni", "bowler": "KH Pandya", "runs": {"extras": 0, "total": 1, "batsman": 1}, "batsman": "SK Raina"}}, {"13.4": {"non_striker": "SK Raina", "bowler": "KH Pandya", "runs": {"extras": 0, "total": 1, "batsman": 1}, "batsman": "MS Dhoni"}}, {"13.5": {"non_striker": "MS Dhoni", "bowler": "KH Pandya", "runs": {"extras": 0, "total": 1, "batsman": 1}, "batsman": "SK Raina"}}, {"13.6": {"non_striker": "SK Raina", "bowler": "KH Pandya", "runs": {"extras": 0, "total": 1, "batsman": 1}, "batsman": "MS Dhoni"}}, {"14.1": {"non_striker": "SK Raina", "bowler": "HH Pandya", "runs": {"extras": 0, "total": 1, "batsman": 1}, "batsman": "MS Dhoni"}}, {"14.2": {"non_striker": "MS Dhoni", "bowler": "HH Pandya", "runs": {"extras": 0, "total": 0, "batsman": 0}, "batsman": "SK Raina"}}, {"14.3": {"non_striker": "MS Dhoni", "bowler": "HH Pandya", "runs": {"extras": 0, "total": 1, "batsman": 1}, "batsman": "SK Raina"}}, {"14.4": {"non_striker": "SK Raina", "bowler": "HH Pandya", "runs": {"extras": 0, "total": 4, "batsman": 4}, "batsman": "MS Dhoni"}}, {"14.5": {"non_striker": "SK Raina", "bowler": "HH Pandya", "runs": {"extras": 0, "total": 4, "batsman": 4}, "batsman": "MS Dhoni"}}, {"14.6": {"non_striker": "SK Raina", "bowler": "HH Pandya", "runs": {"extras": 0, "total": 1, "batsman": 1}, "batsman": "MS Dhoni"}}, {"15.1": {"non_striker": "SK Raina", "bowler": "M Markande", "runs": {"extras": 0, "total": 0, "batsman": 0}, "batsman": "MS Dhoni"}}, {"15.2": {"non_striker": "SK Raina", "bowler": "M Markande", "runs": {"extras": 0, "total": 4, "batsman": 4}, "batsman": "MS Dhoni"}}, {"15.3": {"non_striker": "SK Raina", "bowler": "M Markande", "runs": {"extras": 1, "total": 1, "batsman": 0}, "extras": {"wides": 1}, "batsman": "MS Dhoni"}}, {"15.4": {"non_striker": "SK Raina", "bowler": "M Markande", "runs": {"extras": 0, "total": 6, "batsman": 6}, "batsman": "MS Dhoni"}}, {"15.5": {"non_striker": "SK Raina", "bowler": "M Markande", "runs": {"extras": 0, "total": 1, "batsman": 1}, "batsman": "MS Dhoni"}}, {"15.6": {"non_striker": "MS Dhoni", "bowler": "M Markande", "runs": {"extras": 1, "total": 1, "batsman": 0}, "extras": {"legbyes": 1}, "batsman": "SK Raina"}}, {"15.7": {"non_striker": "SK Raina", "bowler": "M Markande", "runs": {"extras": 0, "total": 1, "batsman": 1}, "batsman": "MS Dhoni"}}, {"16.1": {"non_striker": "SK Raina", "bowler": "JJ Bumrah", "runs": {"extras": 1, "total": 1, "batsman": 0}, "extras": {"wides": 1}, "batsman": "MS Dhoni"}}, {"16.2": {"non_striker": "SK Raina", "bowler": "JJ Bumrah", "runs": {"extras": 0, "total": 1, "batsman": 1}, "batsman": "MS Dhoni"}}, {"16.3": {"non_striker": "MS Dhoni", "bowler": "JJ Bumrah", "runs": {"extras": 0, "total": 4, "batsman": 4}, "batsman": "SK Raina"}}, {"16.4": {"non_striker": "MS Dhoni", "bowler": "JJ Bumrah", "runs": {"extras": 0, "total": 0, "batsman": 0}, "batsman": "SK Raina"}}, {"16.5": {"non_striker": "MS Dhoni", "bowler": "JJ Bumrah", "runs": {"extras": 0, "total": 4, "batsman": 4}, "batsman": "SK Raina"}}, {"16.6": {"non_striker": "MS Dhoni", "bowler": "JJ Bumrah", "runs": {"extras": 0, "total": 1, "batsman": 1}, "batsman": "SK Raina"}}, {"16.7": {"non_striker": "SK Raina", "bowler": "JJ Bumrah", "runs": {"extras": 1, "total": 1, "batsman": 0}, "extras": {"legbyes": 1}, "batsman": "MS Dhoni"}}, {"17.1": {"non_striker": "SK Raina", "bowler": "MJ McClenaghan", "runs": {"extras": 0, "total": 0, "batsman": 0}, "batsman": "MS Dhoni", "wicket": {"player_out": "MS Dhoni", "fielders": ["E Lewis"], "kind": "caught"}}}, {"17.2": {"non_striker": "DJ Bravo", "bowler": "MJ McClenaghan", "runs": {"extras": 0, "total": 1, "batsman": 1}, "batsman": "SK Raina"}}, {"17.3": {"non_striker": "SK Raina", "bowler": "MJ McClenaghan", "runs": {"extras": 0, "total": 0, "batsman": 0}, "batsman": "DJ Bravo", "wicket": {"player_out": "DJ Bravo", "fielders": ["M Markande"], "kind": "caught"}}}, {"17.4": {"non_striker": "SW Billings", "bowler": "MJ McClenaghan", "runs": {"extras": 0, "total": 1, "batsman": 1}, "batsman": "SK Raina"}}, {"17.5": {"non_striker": "SK Raina", "bowler": "MJ McClenaghan", "runs": {"extras": 0, "total": 1, "batsman": 1}, "batsman": "SW Billings"}}, {"17.6": {"non_striker": "SW Billings", "bowler": "MJ McClenaghan", "runs": {"extras": 0, "total": 1, "batsman": 1}, "batsman": "SK Raina"}}, {"18.1": {"non_striker": "SW Billings", "bowler": "JJ Bumrah", "runs": {"extras": 0, "total": 2, "batsman": 2}, "batsman": "SK Raina"}}, {"18.2": {"non_striker": "SW Billings", "bowler": "JJ Bumrah", "runs": {"extras": 0, "total": 6, "batsman": 6}, "batsman": "SK Raina"}}, {"18.3": {"non_striker": "SW Billings", "bowler": "JJ Bumrah", "runs": {"extras": 0, "total": 1, "batsman": 1}, "batsman": "SK Raina"}}, {"18.4": {"non_striker": "SK Raina", "bowler": "JJ Bumrah", "runs": {"extras": 0, "total": 1, "batsman": 1}, "batsman": "SW Billings"}}, {"18.5": {"non_striker": "SW Billings", "bowler": "JJ Bumrah", "runs": {"extras": 0, "total": 1, "batsman": 1}, "batsman": "SK Raina"}}, {"18.6": {"non_striker": "SK Raina", "bowler": "JJ Bumrah", "runs": {"extras": 0, "total": 0, "batsman": 0}, "batsman": "SW Billings"}}, {"19.1": {"non_striker": "SW Billings", "bowler": "HH Pandya", "runs": {"extras": 0, "total": 1, "batsman": 1}, "batsman": "SK Raina"}}, {"19.2": {"non_striker": "SK Raina", "bowler": "HH Pandya", "runs": {"extras": 0, "total": 1, "batsman": 1}, "batsman": "SW Billings"}}, {"19.3": {"non_striker": "SW Billings", "bowler": "HH Pandya", "runs": {"extras": 0, "total": 1, "batsman": 1}, "batsman": "SK Raina"}}, {"19.4": {"non_striker": "SK Raina", "bowler": "HH Pandya", "runs": {"extras": 0, "total": 0, "batsman": 0}, "batsman": "SW Billings", "wicket": {"player_out": "SW Billings", "fielders": ["BCJ Cutting"], "kind": "caught"}}}, {"19.5": {"non_striker": "RA Jadeja", "bowler": "HH Pandya", "runs": {"extras": 0, "total": 2, "batsman": 2}, "batsman": "SK Raina"}}, {"19.6": {"non_striker": "RA Jadeja", "bowler": "HH Pandya", "runs": {"extras": 0, "total": 6, "batsman": 6}, "batsman": "SK Raina"}}]