[{"0.1": {"non_striker": "AD Hales", "bowler": "DL Chahar", "runs": {"extras": 0, "total": 1, "batsman": 1}, "batsman": "S Dhawan"}}, {"0.2": {"non_striker": "S Dhawan", "bowler": "DL Chahar", "runs": {"extras": 0, "total": 0, "batsman": 0}, "batsman": "AD Hales"}}, {"0.3": {"non_striker": "S Dhawan", "bowler": "DL Chahar", "runs": {"extras": 0, "total": 0, "batsman": 0}, "batsman": "AD Hales"}}, {"0.4": {"non_striker": "S Dhawan", "bowler": "DL Chahar", "runs": {"extras": 0, "total": 0, "batsman": 0}, "batsman": "AD Hales"}}, {"0.5": {"non_striker": "S Dhawan", "bowler": "DL Chahar", "runs": {"extras": 0, "total": 0, "batsman": 0}, "batsman": "AD Hales"}}, {"0.6": {"non_striker": "S Dhawan", "bowler": "DL Chahar", "runs": {"extras": 0, "total": 0, "batsman": 0}, "batsman": "AD Hales"}}, {"1.1": {"non_striker": "AD Hales", "bowler": "SN Thakur", "runs": {"extras": 0, "total": 4, "batsman": 4}, "batsman": "S Dhawan"}}, {"1.2": {"non_striker": "AD Hales", "bowler": "SN Thakur", "runs": {"extras": 0, "total": 0, "batsman": 0}, "batsman": "S Dhawan"}}, {"1.3": {"non_striker": "AD Hales", "bowler": "SN Thakur", "runs": {"extras": 0, "total": 0, "batsman": 0}, "batsman": "S Dhawan"}}, {"1.4": {"non_striker": "AD Hales", "bowler": "SN Thakur", "runs": {"extras": 0, "total": 0, "batsman": 0}, "batsman": "S Dhawan"}}, {"1.5": {"non_striker": "AD Hales", "bowler": "SN Thakur", "runs": {"extras": 0, "total": 1, "batsman": 1}, "batsman": "S Dhawan"}}, {"1.6": {"non_striker": "S Dhawan", "bowler": "SN Thakur", "runs": {"extras": 0, "total": 0, "batsman": 0}, "batsman": "AD Hales"}}, {"2.1": {"non_striker": "AD Hales", "bowler": "DJ Willey", "runs": {"extras": 0, "total": 0, "batsman": 0}, "batsman": "S Dhawan"}}, {"2.2": {"non_striker": "AD Hales", "bowler": "DJ Willey", "runs": {"extras": 0, "total": 1, "batsman": 1}, "batsman": "S Dhawan"}}, {"2.3": {"non_striker": "S Dhawan", "bowler": "DJ Willey", "runs": {"extras": 0, "total": 1, "batsman": 1}, "batsman": "AD Hales"}}, {"2.4": {"non_striker": "AD Hales", "bowler": "DJ Willey", "runs": {"extras": 0, "total": 4, "batsman": 4}, "batsman": "S Dhawan"}}, {"2.5": {"non_striker": "AD Hales", "bowler": "DJ Willey", "runs": {"extras": 0, "total": 4, "batsman": 4}, "batsman": "S Dhawan"}}, {"2.6": {"non_striker": "AD Hales", "bowler": "DJ Willey", "runs": {"extras": 0, "total": 0, "batsman": 0}, "batsman": "S Dhawan"}}, {"3.1": {"non_striker": "S Dhawan", "bowler": "DL Chahar", "runs": {"extras": 0, "total": 1, "batsman": 1}, "batsman": "AD Hales"}}, {"3.2": {"non_striker": "AD Hales", "bowler": "DL Chahar", "runs": {"extras": 0, "total": 1, "batsman": 1}, "batsman": "S Dhawan"}}, {"3.3": {"non_striker": "S Dhawan", "bowler": "DL Chahar", "runs": {"extras": 0, "total": 0, "batsman": 0}, "batsman": "AD Hales", "wicket": {"player_out": "AD Hales", "fielders": ["SK Raina"], "kind": "caught"}}}, {"3.4": {"non_striker": "S Dhawan", "bowler": "DL Chahar", "runs": {"extras": 0, "total": 0, "batsman": 0}, "batsman": "KS Williamson"}}, {"3.5": {"non_striker": "S Dhawan", "bowler": "DL Chahar", "runs": {"extras": 0, "total": 0, "batsman": 0}, "batsman": "KS Williamson"}}, {"3.6": {"non_striker": "S Dhawan", "bowler": "DL Chahar", "runs": {"extras": 0, "total": 0, "batsman": 0}, "batsman": "KS Williamson"}}, {"4.1": {"non_striker": "KS Williamson", "bowler": "SN Thakur", "runs": {"extras": 0, "total": 1, "batsman": 1}, "batsman": "S Dhawan"}}, {"4.2": {"non_striker": "S Dhawan", "bowler": "SN Thakur", "runs": {"extras": 0, "total": 4, "batsman": 4}, "batsman": "KS Williamson"}}, {"4.3": {"non_striker": "S Dhawan", "bowler": "SN Thakur", "runs": {"extras": 0, "total": 0, "batsman": 0}, "batsman": "KS Williamson"}}, {"4.4": {"non_striker": "S Dhawan", "bowler": "SN Thakur", "runs": {"extras": 0, "total": 0, "batsman": 0}, "batsman": "KS Williamson"}}, {"4.5": {"non_striker": "S Dhawan", "bowler": "SN Thakur", "runs": {"extras": 0, "total": 0, "batsman": 0}, "batsman": "KS Williamson"}}, {"4.6": {"non_striker": "S Dhawan", "bowler": "SN Thakur", "runs": {"extras": 0, "total": 1, "batsman": 1}, "batsman": "KS Williamson"}}, {"5.1": {"non_striker": "S Dhawan", "bowler": "DL Chahar", "runs": {"extras": 0, "total": 0, "batsman": 0}, "batsman": "KS Williamson"}}, {"5.2": {"non_striker": "S Dhawan", "bowler": "DL Chahar", "runs": {"extras": 1, "total": 1, "batsman": 0}, "extras": {"legbyes": 1}, "batsman": "KS Williamson"}}, {"5.3": {"non_striker": "KS Williamson", "bowler": "DL Chahar", "runs": {"extras": 0, "total": 0, "batsman": 0}, "batsman": "S Dhawan"}}, {"5.4": {"non_striker": "KS Williamson", "bowler": "DL Chahar", "runs": {"extras": 1, "total": 1, "batsman": 0}, "extras": {"wides": 1}, "batsman": "S Dhawan"}}, {"5.5": {"non_striker": "KS Williamson", "bowler": "DL Chahar", "runs": {"extras": 1, "total": 1, "batsman": 0}, "extras": {"legbyes": 1}, "batsman": "S Dhawan"}}, {"5.6": {"non_striker": "S Dhawan", "bowler": "DL Chahar", "runs": {"extras": 0, "total": 1, "batsman": 1}, "batsman": "KS Williamson"}}, {"5.7": {"non_striker": "KS Williamson", "bowler": "DL Chahar", "runs": {"extras": 0, "total": 1, "batsman": 1}, "batsman": "S Dhawan"}}, {"6.1": {"non_striker": "KS Williamson", "bowler": "Harbhajan Singh", "runs": {"extras": 0, "total": 1, "batsman": 1}, "batsman": "S Dhawan"}}, {"6.2": {"non_striker": "S Dhawan", "bowler": "Harbhajan Singh", "runs": {"extras": 0, "total": 1, "batsman": 1}, "batsman": "KS Williamson"}}, {"6.3": {"non_striker": "KS Williamson", "bowler": "Harbhajan Singh", "runs": {"extras": 0, "total": 4, "batsman": 4}, "batsman": "S Dhawan"}}, {"6.4": {"non_striker": "KS Williamson", "bowler": "Harbhajan Singh", "runs": {"extras": 1, "total": 1, "batsman": 0}, "extras": {"wides": 1}, "batsman": "S Dhawan"}}, {"6.5": {"non_striker": "KS Williamson", "bowler": "Harbhajan Singh", "runs": {"extras": 0, "total": 1, "batsman": 1}, "batsman": "S Dhawan"}}, {"6.6": {"non_striker": "S Dhawan", "bowler": "Harbhajan Singh", "runs": {"extras": 0, "total": 1, "batsman": 1}, "batsman": "KS Williamson"}}, {"6.7": {"non_striker": "KS Williamson", "bowler": "Harbhajan Singh", "runs": {"extras": 0, "total": 1, "batsman": 1}, "batsman": "S Dhawan"}}, {"7.1": {"non_striker": "KS Williamson", "bowler": "DL Chahar", "runs": {"extras": 0, "total": 0, "batsman": 0}, "batsman": "S Dhawan"}}, {"7.2": {"non_striker": "KS Williamson", "bowler": "DL Chahar", "runs": {"extras": 0, "total": 1, "batsman": 1}, "batsman": "S Dhawan"}}, {"7.3": {"non_striker": "S Dhawan", "bowler": "DL Chahar", "runs": {"extras": 0, "total": 1, "batsman": 1}, "batsman": "KS Williamson"}}, {"7.4": {"non_striker": "KS Williamson", "bowler": "DL Chahar", "runs": {"extras": 0, "total": 4, "batsman": 4}, "batsman": "S Dhawan"}}, {"7.5": {"non_striker": "KS Williamson", "bowler": "DL Chahar", "runs": {"extras": 1, "total": 1, "batsman": 0}, "extras": {"wides": 1}, "batsman": "S Dhawan"}}, {"7.6": {"non_striker": "KS Williamson", "bowler": "DL Chahar", "runs": {"extras": 1, "total": 1, "batsman": 0}, "extras": {"wides": 1}, "batsman": "S Dhawan"}}, {"7.7": {"non_striker": "KS Williamson", "bowler": "DL Chahar", "runs": {"extras": 0, "total": 1, "batsman": 1}, "batsman": "S Dhawan"}}, {"7.8": {"non_striker": "S Dhawan", "bowler": "DL Chahar", "runs": {"extras": 0, "total": 1, "batsman": 1}, "batsman": "KS Williamson"}}, {"8.1": {"non_striker": "S Dhawan", "bowler": "SR Watson", "runs": {"extras": 0, "total": 0, "batsman": 0}, "batsman": "KS Williamson"}}, {"8.2": {"non_striker": "S Dhawan", "bowler": "SR Watson", "runs": {"extras": 0, "total": 0, "batsman": 0}, "batsman": "KS Williamson"}}, {"8.3": {"non_striker": "S Dhawan", "bowler": "SR Watson", "runs": {"extras": 0, "total": 1, "batsman": 1}, "batsman": "KS Williamson"}}, {"8.4": {"non_striker": "KS Williamson", "bowler": "SR Watson", "runs": {"extras": 0, "total": 1, "batsman": 1}, "batsman": "S Dhawan"}}, {"8.5": {"non_striker": "S Dhawan", "bowler": "SR Watson", "runs": {"extras": 0, "total": 0, "batsman": 0}, "batsman": "KS Williamson"}}, {"8.6": {"non_striker": "S Dhawan", "bowler": "SR Watson", "runs": {"extras": 0, "total": 0, "batsman": 0}, "batsman": "KS Williamson"}}, {"9.1": {"non_striker": "KS Williamson", "bowler": "DJ Bravo", "runs": {"extras": 1, "total": 1, "batsman": 0}, "extras": {"wides": 1}, "batsman": "S Dhawan"}}, {"9.2": {"non_striker": "KS Williamson", "bowler": "DJ Bravo", "runs": {"extras": 0, "total": 1, "batsman": 1}, "batsman": "S Dhawan"}}, {"9.3": {"non_striker": "S Dhawan", "bowler": "DJ Bravo", "runs": {"extras": 0, "total": 4, "batsman": 4}, "batsman": "KS Williamson"}}, {"9.4": {"non_striker": "S Dhawan", "bowler": "DJ Bravo", "runs": {"extras": 0, "total": 1, "batsman": 1}, "batsman": "KS Williamson"}}, {"9.5": {"non_striker": "KS Williamson", "bowler": "DJ Bravo", "runs": {"extras": 0, "total": 0, "batsman": 0}, "batsman": "S Dhawan"}}, {"9.6": {"non_striker": "KS Williamson", "bowler": "DJ Bravo", "runs": {"extras": 0, "total": 4, "batsman": 4}, "batsman": "S Dhawan"}}, {"9.7": {"non_striker": "KS Williamson", "bowler": "DJ Bravo", "runs": {"extras": 0, "total": 0, "batsman": 0}, "batsman": "S Dhawan"}}, {"10.1": {"non_striker": "S Dhawan", "bowler": "RA Jadeja", "runs": {"extras": 0, "total": 1, "batsman": 1}, "batsman": "KS Williamson"}}, {"10.2": {"non_striker": "KS Williamson", "bowler": "RA Jadeja", "runs": {"extras": 0, "total": 4, "batsman": 4}, "batsman": "S Dhawan"}}, {"10.3": {"non_striker": "KS Williamson", "bowler": "RA Jadeja", "runs": {"extras": 0, "total": 1, "batsman": 1}, "batsman": "S Dhawan"}}, {"10.4": {"non_striker": "S Dhawan", "bowler": "RA Jadeja", "runs": {"extras": 0, "total": 1, "batsman": 1}, "batsman": "KS Williamson"}}, {"10.5": {"non_striker": "KS Williamson", "bowler": "RA Jadeja", "runs": {"extras": 0, "total": 6, "batsman": 6}, "batsman": "S Dhawan"}}, {"10.6": {"non_striker": "KS Williamson", "bowler": "RA Jadeja", "runs": {"extras": 0, "total": 0, "batsman": 0}, "batsman": "S Dhawan"}}, {"11.1": {"non_striker": "S Dhawan", "bowler": "SR Watson", "runs": {"extras": 0, "total": 4, "batsman": 4}, "batsman": "KS Williamson"}}, {"11.2": {"non_striker": "S Dhawan", "bowler": "SR Watson", "runs": {"extras": 0, "total": 6, "batsman": 6}, "batsman": "KS Williamson"}}, {"11.3": {"non_striker": "S Dhawan", "bowler": "SR Watson", "runs": {"extras": 0, "total": 1, "batsman": 1}, "batsman": "KS Williamson"}}, {"11.4": {"non_striker": "KS Williamson", "bowler": "SR Watson", "runs": {"extras": 0, "total": 0, "batsman": 0}, "batsman": "S Dhawan"}}, {"11.5": {"non_striker": "KS Williamson", "bowler": "SR Watson", "runs": {"extras": 1, "total": 1, "batsman": 0}, "extras": {"wides": 1}, "batsman": "S Dhawan"}}, {"11.6": {"non_striker": "KS Williamson", "bowler": "SR Watson", "runs": {"extras": 1, "total": 1, "batsman": 0}, "extras": {"legbyes": 1}, "batsman": "S Dhawan"}}, {"11.7": {"non_striker": "S Dhawan", "bowler": "SR Watson", "runs": {"extras": 0, "total": 1, "batsman": 1}, "batsman": "KS Williamson"}}, {"12.1": {"non_striker": "S Dhawan", "bowler": "RA Jadeja", "runs": {"extras": 0, "total": 1, "batsman": 1}, "batsman": "KS Williamson"}}, {"12.2": {"non_striker": "KS Williamson", "bowler": "RA Jadeja", "runs": {"extras": 0, "total": 0, "batsman": 0}, "batsman": "S Dhawan"}}, {"12.3": {"non_striker": "KS Williamson", "bowler": "RA Jadeja", "runs": {"extras": 0, "total": 1, "batsman": 1}, "batsman": "S Dhawan"}}, {"12.4": {"non_striker": "S Dhawan", "bowler": "RA Jadeja", "runs": {"extras": 0, "total": 1, "batsman": 1}, "batsman": "KS Williamson"}}, {"12.5": {"non_striker": "KS Williamson", "bowler": "RA Jadeja", "runs": {"extras": 0, "total": 6, "batsman": 6}, "batsman": "S Dhawan"}}, {"12.6": {"non_striker": "KS Williamson", "bowler": "RA Jadeja", "runs": {"extras": 0, "total": 2, "batsman": 2}, "batsman": "S Dhawan"}}, {"13.1": {"non_striker": "S Dhawan", "bowler": "Harbhajan Singh", "runs": {"extras": 0, "total": 6, "batsman": 6}, "batsman": "KS Williamson"}}, {"13.2": {"non_striker": "S Dhawan", "bowler": "Harbhajan Singh", "runs": {"extras": 0, "total": 1, "batsman": 1}, "batsman": "KS Williamson"}}, {"13.3": {"non_striker": "KS Williamson", "bowler": "Harbhajan Singh", "runs": {"extras": 0, "total": 1, "batsman": 1}, "batsman": "S Dhawan"}}, {"13.4": {"non_striker": "S Dhawan", "bowler": "Harbhajan Singh", "runs": {"extras": 0, "total": 1, "batsman": 1}, "batsman": "KS Williamson"}}, {"13.5": {"non_striker": "KS Williamson", "bowler": "Harbhajan Singh", "runs": {"extras": 0, "total": 6, "batsman": 6}, "batsman": "S Dhawan"}}, {"13.6": {"non_striker": "KS Williamson", "bowler": "Harbhajan Singh", "runs": {"extras": 0, "total": 1, "batsman": 1}, "batsman": "S Dhawan"}}, {"14.1": {"non_striker": "KS Williamson", "bowler": "DJ Willey", "runs": {"extras": 0, "total": 1, "batsman": 1}, "batsman": "S Dhawan"}}, {"14.2": {"non_striker": "S Dhawan", "bowler": "DJ Willey", "runs": {"extras": 0, "total": 4, "batsman": 4}, "batsman": "KS Williamson"}}, {"14.3": {"non_striker": "S Dhawan", "bowler": "DJ Willey", "runs": {"extras": 0, "total": 1, "batsman": 1}, "batsman": "KS Williamson"}}, {"14.4": {"non_striker": "KS Williamson", "bowler": "DJ Willey", "runs": {"extras": 0, "total": 4, "batsman": 4}, "batsman": "S Dhawan"}}, {"14.5": {"non_striker": "KS Williamson", "bowler": "DJ Willey", "runs": {"extras": 0, "total": 4, "batsman": 4}, "batsman": "S Dhawan"}}, {"14.6": {"non_striker": "KS Williamson", "bowler": "DJ Willey", "runs": {"extras": 0, "total": 0, "batsman": 0}, "batsman": "S Dhawan"}}, {"15.1": {"non_striker": "S Dhawan", "bowler": "DJ Bravo", "runs": {"extras": 0, "total": 4, "batsman": 4}, "batsman": "KS Williamson"}}, {"15.2": {"non_striker": "S Dhawan", "bowler": "DJ Bravo", "runs": {"extras": 0, "total": 1, "batsman": 1}, "batsman": "KS Williamson"}}, {"15.3": {"non_striker": "KS Williamson", "bowler": "DJ Bravo", "runs": {"extras": 0, "total": 4, "batsman": 4}, "batsman": "S Dhawan"}}, {"15.4": {"non_striker": "KS Williamson", "bowler": "DJ Bravo", "runs": {"extras": 0, "total": 1, "batsman": 1}, "batsman": "S Dhawan"}}, {"15.5": {"non_striker": "S Dhawan", "bowler": "DJ Bravo", "runs": {"extras": 0, "total": 1, "batsman": 1}, "batsman": "KS Williamson"}}, {"15.6": {"non_striker": "KS Williamson", "bowler": "DJ Bravo", "runs": {"extras": 0, "total": 0, "batsman": 0}, "batsman": "S Dhawan", "wicket": {"player_out": "S Dhawan", "fielders": ["Harbhajan Singh"], "kind": "caught"}}}, {"16.1": {"non_striker": "MK Pandey", "bowler": "SN Thakur", "runs": {"extras": 0, "total": 0, "batsman": 0}, "batsman": "KS Williamson", "wicket": {"player_out": "KS Williamson", "fielders": ["DJ Bravo"], "kind": "caught"}}}, {"16.2": {"non_striker": "DJ Hooda", "bowler": "SN Thakur", "runs": {"extras": 0, "total": 1, "batsman": 1}, "batsman": "MK Pandey"}}, {"16.3": {"non_striker": "MK Pandey", "bowler": "SN Thakur", "runs": {"extras": 0, "total": 1, "batsman": 1}, "batsman": "DJ Hooda"}}, {"16.4": {"non_striker": "DJ Hooda", "bowler": "SN Thakur", "runs": {"extras": 0, "total": 1, "batsman": 1}, "batsman": "MK Pandey"}}, {"16.5": {"non_striker": "MK Pandey", "bowler": "SN Thakur", "runs": {"extras": 0, "total": 4, "batsman": 4}, "batsman": "DJ Hooda"}}, {"16.6": {"non_striker": "MK Pandey", "bowler": "SN Thakur", "runs": {"extras": 0, "total": 1, "batsman": 1}, "batsman": "DJ Hooda"}}, {"17.1": {"non_striker": "MK Pandey", "bowler": "DJ Bravo", "runs": {"extras": 0, "total": 2, "batsman": 2}, "batsman": "DJ Hooda"}}, {"17.2": {"non_striker": "MK Pandey", "bowler": "DJ Bravo", "runs": {"extras": 1, "total": 1, "batsman": 0}, "extras": {"wides": 1}, "batsman": "DJ Hooda"}}, {"17.3": {"non_striker": "MK Pandey", "bowler": "DJ Bravo", "runs": {"extras": 0, "total": 0, "batsman": 0}, "batsman": "DJ Hooda"}}, {"17.4": {"non_striker": "MK Pandey", "bowler": "DJ Bravo", "runs": {"extras": 0, "total": 2, "batsman": 2}, "batsman": "DJ Hooda"}}, {"17.5": {"non_striker": "MK Pandey", "bowler": "DJ Bravo", "runs": {"extras": 0, "total": 2, "batsman": 2}, "batsman": "DJ Hooda"}}, {"17.6": {"non_striker": "MK Pandey", "bowler": "DJ Bravo", "runs": {"extras": 0, "total": 1, "batsman": 1}, "batsman": "DJ Hooda"}}, {"17.7": {"non_striker": "DJ Hooda", "bowler": "DJ Bravo", "runs": {"extras": 0, "total": 1, "batsman": 1}, "batsman": "MK Pandey"}}, {"18.1": {"non_striker": "DJ Hooda", "bowler": "SN Thakur", "runs": {"extras": 0, "total": 2, "batsman": 2}, "batsman": "MK Pandey"}}, {"18.2": {"non_striker": "DJ Hooda", "bowler": "SN Thakur", "runs": {"extras": 0, "total": 0, "batsman": 0}, "batsman": "MK Pandey"}}, {"18.3": {"non_striker": "DJ Hooda", "bowler": "SN Thakur", "runs": {"extras": 0, "total": 0, "batsman": 0}, "batsman": "MK Pandey", "wicket": {"player_out": "MK Pandey", "fielders": ["DJ Willey"], "kind": "caught"}}}, {"18.4": {"non_striker": "Shakib Al Hasan", "bowler": "SN Thakur", "runs": {"extras": 1, "total": 1, "batsman": 0}, "extras": {"wides": 1}, "batsman": "DJ Hooda"}}, {"18.5": {"non_striker": "Shakib Al Hasan", "bowler": "SN Thakur", "runs": {"extras": 1, "total": 1, "batsman": 0}, "extras": {"wides": 1}, "batsman": "DJ Hooda"}}, {"18.6": {"non_striker": "Shakib Al Hasan", "bowler": "SN Thakur", "runs": {"extras": 0, "total": 6, "batsman": 6}, "batsman": "DJ Hooda"}}, {"18.7": {"non_striker": "Shakib Al Hasan", "bowler": "SN Thakur", "runs": {"extras": 1, "total": 1, "batsman": 0}, "extras": {"wides": 1}, "batsman": "DJ Hooda"}}, {"18.8": {"non_striker": "Shakib Al Hasan", "bowler": "SN Thakur", "runs": {"extras": 0, "total": 1, "batsman": 1}, "batsman": "DJ Hooda"}}, {"18.9": {"non_striker": "DJ Hooda", "bowler": "SN Thakur", "runs": {"extras": 0, "total": 1, "batsman": 1}, "batsman": "Shakib Al Hasan"}}, {"19.1": {"non_striker": "DJ Hooda", "bowler": "DJ Bravo", "runs": {"extras": 0, "total": 1, "batsman": 1}, "batsman": "Shakib Al Hasan"}}, {"19.2": {"non_striker": "Shakib Al Hasan", "bowler": "DJ Bravo", "runs": {"extras": 0, "total": 1, "batsman": 1}, "batsman": "DJ Hooda"}}, {"19.3": {"non_striker": "DJ Hooda", "bowler": "DJ Bravo", "runs": {"extras": 0, "total": 4, "batsman": 4}, "batsman": "Shakib Al Hasan"}}, {"19.4": {"non_striker": "DJ Hooda", "bowler": "DJ Bravo", "runs": {"extras": 0, "total": 0, "batsman": 0}, "batsman": "Shakib Al Hasan"}}, {"19.5": {"non_striker": "DJ Hooda", "bowler": "DJ Bravo", "runs": {"extras": 0, "total": 0, "batsman": 0}, "batsman": "Shakib Al Hasan"}}, {"19.6": {"non_striker": "DJ Hooda", "bowler": "DJ Bravo", "runs": {"extras": 0, "total": 2, "batsman": 2}, "batsman": "Shakib Al Hasan"}}]