[{"0.1": {"non_striker": "CH Gayle", "bowler": "MJ McClenaghan", "runs": {"extras": 0, "total": 0, "batsman": 0}, "batsman": "KL Rahul"}}, {"0.2": {"non_striker": "CH Gayle", "bowler": "MJ McClenaghan", "runs": {"extras": 0, "total": 1, "batsman": 1}, "batsman": "KL Rahul"}}, {"0.3": {"non_striker": "KL Rahul", "bowler": "MJ McClenaghan", "runs": {"extras": 0, "total": 0, "batsman": 0}, "batsman": "CH Gayle"}}, {"0.4": {"non_striker": "KL Rahul", "bowler": "MJ McClenaghan", "runs": {"extras": 0, "total": 1, "batsman": 1}, "batsman": "CH Gayle"}}, {"0.5": {"non_striker": "CH Gayle", "bowler": "MJ McClenaghan", "runs": {"extras": 0, "total": 6, "batsman": 6}, "batsman": "KL Rahul"}}, {"0.6": {"non_striker": "CH Gayle", "bowler": "MJ McClenaghan", "runs": {"extras": 0, "total": 1, "batsman": 1}, "batsman": "KL Rahul"}}, {"1.1": {"non_striker": "CH Gayle", "bowler": "JJ Bumrah", "runs": {"extras": 0, "total": 6, "batsman": 6}, "batsman": "KL Rahul"}}, {"1.2": {"non_striker": "CH Gayle", "bowler": "JJ Bumrah", "runs": {"extras": 0, "total": 1, "batsman": 1}, "batsman": "KL Rahul"}}, {"1.3": {"non_striker": "KL Rahul", "bowler": "JJ Bumrah", "runs": {"extras": 0, "total": 0, "batsman": 0}, "batsman": "CH Gayle"}}, {"1.4": {"non_striker": "KL Rahul", "bowler": "JJ Bumrah", "runs": {"extras": 0, "total": 0, "batsman": 0}, "batsman": "CH Gayle"}}, {"1.5": {"non_striker": "KL Rahul", "bowler": "JJ Bumrah", "runs": {"extras": 0, "total": 0, "batsman": 0}, "batsman": "CH Gayle"}}, {"1.6": {"non_striker": "KL Rahul", "bowler": "JJ Bumrah", "runs": {"extras": 0, "total": 0, "batsman": 0}, "batsman": "CH Gayle"}}, {"2.1": {"non_striker": "CH Gayle", "bowler": "MJ McClenaghan", "runs": {"extras": 0, "total": 0, "batsman": 0}, "batsman": "KL Rahul"}}, {"2.2": {"non_striker": "CH Gayle", "bowler": "MJ McClenaghan", "runs": {"extras": 0, "total": 0, "batsman": 0}, "batsman": "KL Rahul"}}, {"2.3": {"non_striker": "CH Gayle", "bowler": "MJ McClenaghan", "runs": {"extras": 0, "total": 0, "batsman": 0}, "batsman": "KL Rahul"}}, {"2.4": {"non_striker": "CH Gayle", "bowler": "MJ McClenaghan", "runs": {"extras": 0, "total": 1, "batsman": 1}, "batsman": "KL Rahul"}}, {"2.5": {"non_striker": "KL Rahul", "bowler": "MJ McClenaghan", "runs": {"extras": 0, "total": 0, "batsman": 0}, "batsman": "CH Gayle"}}, {"2.6": {"non_striker": "KL Rahul", "bowler": "MJ McClenaghan", "runs": {"extras": 0, "total": 0, "batsman": 0}, "batsman": "CH Gayle"}}, {"3.1": {"non_striker": "CH Gayle", "bowler": "HH Pandya", "runs": {"extras": 0, "total": 1, "batsman": 1}, "batsman": "KL Rahul"}}, {"3.2": {"non_striker": "KL Rahul", "bowler": "HH Pandya", "runs": {"extras": 0, "total": 1, "batsman": 1}, "batsman": "CH Gayle"}}, {"3.3": {"non_striker": "CH Gayle", "bowler": "HH Pandya", "runs": {"extras": 0, "total": 1, "batsman": 1}, "batsman": "KL Rahul"}}, {"3.4": {"non_striker": "KL Rahul", "bowler": "HH Pandya", "runs": {"extras": 0, "total": 4, "batsman": 4}, "batsman": "CH Gayle"}}, {"3.5": {"non_striker": "KL Rahul", "bowler": "HH Pandya", "runs": {"extras": 0, "total": 4, "batsman": 4}, "batsman": "CH Gayle"}}, {"3.6": {"non_striker": "KL Rahul", "bowler": "HH Pandya", "runs": {"extras": 1, "total": 1, "batsman": 0}, "extras": {"wides": 1}, "batsman": "CH Gayle"}}, {"3.7": {"non_striker": "KL Rahul", "bowler": "HH Pandya", "runs": {"extras": 0, "total": 4, "batsman": 4}, "batsman": "CH Gayle"}}, {"4.1": {"non_striker": "CH Gayle", "bowler": "JJ Bumrah", "runs": {"extras": 0, "total": 1, "batsman": 1}, "batsman": "KL Rahul"}}, {"4.2": {"non_striker": "KL Rahul", "bowler": "JJ Bumrah", "runs": {"extras": 0, "total": 0, "batsman": 0}, "batsman": "CH Gayle"}}, {"4.3": {"non_striker": "KL Rahul", "bowler": "JJ Bumrah", "runs": {"extras": 0, "total": 1, "batsman": 1}, "batsman": "CH Gayle"}}, {"4.4": {"non_striker": "CH Gayle", "bowler": "JJ Bumrah", "runs": {"extras": 0, "total": 0, "batsman": 0}, "batsman": "KL Rahul"}}, {"4.5": {"non_striker": "CH Gayle", "bowler": "JJ Bumrah", "runs": {"extras": 0, "total": 1, "batsman": 1}, "batsman": "KL Rahul"}}, {"4.6": {"non_striker": "KL Rahul", "bowler": "JJ Bumrah", "runs": {"extras": 0, "total": 1, "batsman": 1}, "batsman": "CH Gayle"}}, {"5.1": {"non_striker": "KL Rahul", "bowler": "MJ McClenaghan", "runs": {"extras": 0, "total": 0, "batsman": 0}, "batsman": "CH Gayle"}}, {"5.2": {"non_striker": "KL Rahul", "bowler": "MJ McClenaghan", "runs": {"extras": 1, "total": 1, "batsman": 0}, "extras": {"wides": 1}, "batsman": "CH Gayle"}}, {"5.3": {"non_striker": "KL Rahul", "bowler": "MJ McClenaghan", "runs": {"extras": 0, "total": 6, "batsman": 6}, "batsman": "CH Gayle"}}, {"5.4": {"non_striker": "KL Rahul", "bowler": "MJ McClenaghan", "runs": {"extras": 0, "total": 4, "batsman": 4}, "batsman": "CH Gayle"}}, {"5.5": {"non_striker": "KL Rahul", "bowler": "MJ McClenaghan", "runs": {"extras": 0, "total": 1, "batsman": 1}, "batsman": "CH Gayle"}}, {"5.6": {"non_striker": "CH Gayle", "bowler": "MJ McClenaghan", "runs": {"extras": 0, "total": 0, "batsman": 0}, "batsman": "KL Rahul"}}, {"5.7": {"non_striker": "CH Gayle", "bowler": "MJ McClenaghan", "runs": {"extras": 0, "total": 0, "batsman": 0}, "batsman": "KL Rahul"}}, {"6.1": {"non_striker": "KL Rahul", "bowler": "M Markande", "runs": {"extras": 0, "total": 1, "batsman": 1}, "batsman": "CH Gayle"}}, {"6.2": {"non_striker": "CH Gayle", "bowler": "M Markande", "runs": {"extras": 0, "total": 4, "batsman": 4}, "batsman": "KL Rahul"}}, {"6.3": {"non_striker": "CH Gayle", "bowler": "M Markande", "runs": {"extras": 0, "total": 0, "batsman": 0}, "batsman": "KL Rahul"}}, {"6.4": {"non_striker": "CH Gayle", "bowler": "M Markande", "runs": {"extras": 0, "total": 0, "batsman": 0}, "batsman": "KL Rahul", "wicket": {"player_out": "KL Rahul", "fielders": ["JP Duminy"], "kind": "caught"}}}, {"6.5": {"non_striker": "CH Gayle", "bowler": "M Markande", "runs": {"extras": 0, "total": 0, "batsman": 0}, "batsman": "Yuvraj Singh"}}, {"6.6": {"non_striker": "CH Gayle", "bowler": "M Markande", "runs": {"extras": 0, "total": 0, "batsman": 0}, "batsman": "Yuvraj Singh"}}, {"7.1": {"non_striker": "Yuvraj Singh", "bowler": "HH Pandya", "runs": {"extras": 1, "total": 1, "batsman": 0}, "extras": {"wides": 1}, "batsman": "CH Gayle"}}, {"7.2": {"non_striker": "Yuvraj Singh", "bowler": "HH Pandya", "runs": {"extras": 0, "total": 0, "batsman": 0}, "batsman": "CH Gayle"}}, {"7.3": {"non_striker": "Yuvraj Singh", "bowler": "HH Pandya", "runs": {"extras": 0, "total": 1, "batsman": 1}, "batsman": "CH Gayle"}}, {"7.4": {"non_striker": "CH Gayle", "bowler": "HH Pandya", "runs": {"extras": 0, "total": 1, "batsman": 1}, "batsman": "Yuvraj Singh"}}, {"7.5": {"non_striker": "Yuvraj Singh", "bowler": "HH Pandya", "runs": {"extras": 0, "total": 0, "batsman": 0}, "batsman": "CH Gayle"}}, {"7.6": {"non_striker": "Yuvraj Singh", "bowler": "HH Pandya", "runs": {"extras": 0, "total": 0, "batsman": 0}, "batsman": "CH Gayle"}}, {"7.7": {"non_striker": "Yuvraj Singh", "bowler": "HH Pandya", "runs": {"extras": 0, "total": 1, "batsman": 1}, "batsman": "CH Gayle"}}, {"8.1": {"non_striker": "Yuvraj Singh", "bowler": "M Markande", "runs": {"extras": 0, "total": 1, "batsman": 1}, "batsman": "CH Gayle"}}, {"8.2": {"non_striker": "CH Gayle", "bowler": "M Markande", "runs": {"extras": 0, "total": 0, "batsman": 0}, "batsman": "Yuvraj Singh"}}, {"8.3": {"non_striker": "CH Gayle", "bowler": "M Markande", "runs": {"extras": 0, "total": 1, "batsman": 1}, "batsman": "Yuvraj Singh"}}, {"8.4": {"non_striker": "Yuvraj Singh", "bowler": "M Markande", "runs": {"extras": 0, "total": 6, "batsman": 6}, "batsman": "CH Gayle"}}, {"8.5": {"non_striker": "Yuvraj Singh", "bowler": "M Markande", "runs": {"extras": 0, "total": 4, "batsman": 4}, "batsman": "CH Gayle"}}, {"8.6": {"non_striker": "Yuvraj Singh", "bowler": "M Markande", "runs": {"extras": 1, "total": 1, "batsman": 0}, "extras": {"wides": 1}, "batsman": "CH Gayle"}}, {"8.7": {"non_striker": "Yuvraj Singh", "bowler": "M Markande", "runs": {"extras": 0, "total": 1, "batsman": 1}, "batsman": "CH Gayle"}}, {"9.1": {"non_striker": "Yuvraj Singh", "bowler": "HH Pandya", "runs": {"extras": 0, "total": 0, "batsman": 0}, "batsman": "CH Gayle"}}, {"9.2": {"non_striker": "Yuvraj Singh", "bowler": "HH Pandya", "runs": {"extras": 0, "total": 1, "batsman": 1}, "batsman": "CH Gayle"}}, {"9.3": {"non_striker": "CH Gayle", "bowler": "HH Pandya", "runs": {"extras": 0, "total": 1, "batsman": 1}, "batsman": "Yuvraj Singh"}}, {"9.4": {"non_striker": "Yuvraj Singh", "bowler": "HH Pandya", "runs": {"extras": 4, "total": 4, "batsman": 0}, "extras": {"legbyes": 4}, "batsman": "CH Gayle"}}, {"9.5": {"non_striker": "Yuvraj Singh", "bowler": "HH Pandya", "runs": {"extras": 0, "total": 0, "batsman": 0}, "batsman": "CH Gayle"}}, {"9.6": {"non_striker": "Yuvraj Singh", "bowler": "HH Pandya", "runs": {"extras": 0, "total": 0, "batsman": 0}, "batsman": "CH Gayle"}}, {"10.1": {"non_striker": "CH Gayle", "bowler": "JP Duminy", "runs": {"extras": 0, "total": 1, "batsman": 1}, "batsman": "Yuvraj Singh"}}, {"10.2": {"non_striker": "Yuvraj Singh", "bowler": "JP Duminy", "runs": {"extras": 0, "total": 1, "batsman": 1}, "batsman": "CH Gayle"}}, {"10.3": {"non_striker": "CH Gayle", "bowler": "JP Duminy", "runs": {"extras": 0, "total": 0, "batsman": 0}, "batsman": "Yuvraj Singh"}}, {"10.4": {"non_striker": "CH Gayle", "bowler": "JP Duminy", "runs": {"extras": 0, "total": 1, "batsman": 1}, "batsman": "Yuvraj Singh"}}, {"10.5": {"non_striker": "Yuvraj Singh", "bowler": "JP Duminy", "runs": {"extras": 0, "total": 4, "batsman": 4}, "batsman": "CH Gayle"}}, {"10.6": {"non_striker": "Yuvraj Singh", "bowler": "JP Duminy", "runs": {"extras": 0, "total": 1, "batsman": 1}, "batsman": "CH Gayle"}}, {"11.1": {"non_striker": "Yuvraj Singh", "bowler": "BCJ Cutting", "runs": {"extras": 0, "total": 1, "batsman": 1}, "batsman": "CH Gayle"}}, {"11.2": {"non_striker": "CH Gayle", "bowler": "BCJ Cutting", "runs": {"extras": 0, "total": 1, "batsman": 1}, "batsman": "Yuvraj Singh"}}, {"11.3": {"non_striker": "Yuvraj Singh", "bowler": "BCJ Cutting", "runs": {"extras": 0, "total": 0, "batsman": 0}, "batsman": "CH Gayle"}}, {"11.4": {"non_striker": "Yuvraj Singh", "bowler": "BCJ Cutting", "runs": {"extras": 0, "total": 0, "batsman": 0}, "batsman": "CH Gayle", "wicket": {"player_out": "CH Gayle", "fielders": ["SA Yadav"], "kind": "caught"}}}, {"11.5": {"non_striker": "KK Nair", "bowler": "BCJ Cutting", "runs": {"extras": 0, "total": 0, "batsman": 0}, "batsman": "Yuvraj Singh"}}, {"11.6": {"non_striker": "KK Nair", "bowler": "BCJ Cutting", "runs": {"extras": 0, "total": 1, "batsman": 1}, "batsman": "Yuvraj Singh"}}, {"12.1": {"non_striker": "KK Nair", "bowler": "KH Pandya", "runs": {"extras": 0, "total": 6, "batsman": 6}, "batsman": "Yuvraj Singh"}}, {"12.2": {"non_striker": "KK Nair", "bowler": "KH Pandya", "runs": {"extras": 0, "total": 1, "batsman": 1}, "batsman": "Yuvraj Singh"}}, {"12.3": {"non_striker": "Yuvraj Singh", "bowler": "KH Pandya", "runs": {"extras": 0, "total": 0, "batsman": 0}, "batsman": "KK Nair", "wicket": {"player_out": "Yuvraj Singh", "kind": "run out"}}}, {"12.4": {"non_striker": "KK Nair", "bowler": "KH Pandya", "runs": {"extras": 0, "total": 1, "batsman": 1}, "batsman": "AR Patel"}}, {"12.5": {"non_striker": "AR Patel", "bowler": "KH Pandya", "runs": {"extras": 0, "total": 1, "batsman": 1}, "batsman": "KK Nair"}}, {"12.6": {"non_striker": "KK Nair", "bowler": "KH Pandya", "runs": {"extras": 0, "total": 1, "batsman": 1}, "batsman": "AR Patel"}}, {"13.1": {"non_striker": "KK Nair", "bowler": "BCJ Cutting", "runs": {"extras": 0, "total": 0, "batsman": 0}, "batsman": "AR Patel"}}, {"13.2": {"non_striker": "KK Nair", "bowler": "BCJ Cutting", "runs": {"extras": 0, "total": 1, "batsman": 1}, "batsman": "AR Patel"}}, {"13.3": {"non_striker": "AR Patel", "bowler": "BCJ Cutting", "runs": {"extras": 0, "total": 4, "batsman": 4}, "batsman": "KK Nair"}}, {"13.4": {"non_striker": "AR Patel", "bowler": "BCJ Cutting", "runs": {"extras": 0, "total": 6, "batsman": 6}, "batsman": "KK Nair"}}, {"13.5": {"non_striker": "AR Patel", "bowler": "BCJ Cutting", "runs": {"extras": 0, "total": 2, "batsman": 2}, "batsman": "KK Nair"}}, {"13.6": {"non_striker": "AR Patel", "bowler": "BCJ Cutting", "runs": {"extras": 0, "total": 1, "batsman": 1}, "batsman": "KK Nair"}}, {"14.1": {"non_striker": "AR Patel", "bowler": "M Markande", "runs": {"extras": 0, "total": 1, "batsman": 1}, "batsman": "KK Nair"}}, {"14.2": {"non_striker": "KK Nair", "bowler": "M Markande", "runs": {"extras": 0, "total": 6, "batsman": 6}, "batsman": "AR Patel"}}, {"14.3": {"non_striker": "KK Nair", "bowler": "M Markande", "runs": {"extras": 0, "total": 1, "batsman": 1}, "batsman": "AR Patel"}}, {"14.4": {"non_striker": "AR Patel", "bowler": "M Markande", "runs": {"extras": 0, "total": 0, "batsman": 0}, "batsman": "KK Nair"}}, {"14.5": {"non_striker": "AR Patel", "bowler": "M Markande", "runs": {"extras": 0, "total": 1, "batsman": 1}, "batsman": "KK Nair"}}, {"14.6": {"non_striker": "KK Nair", "bowler": "M Markande", "runs": {"extras": 0, "total": 1, "batsman": 1}, "batsman": "AR Patel"}}, {"15.1": {"non_striker": "KK Nair", "bowler": "MJ McClenaghan", "runs": {"extras": 0, "total": 1, "batsman": 1}, "batsman": "AR Patel"}}, {"15.2": {"non_striker": "AR Patel", "bowler": "MJ McClenaghan", "runs": {"extras": 0, "total": 6, "batsman": 6}, "batsman": "KK Nair"}}, {"15.3": {"non_striker": "AR Patel", "bowler": "MJ McClenaghan", "runs": {"extras": 0, "total": 1, "batsman": 1}, "batsman": "KK Nair"}}, {"15.4": {"non_striker": "KK Nair", "bowler": "MJ McClenaghan", "runs": {"extras": 0, "total": 0, "batsman": 0}, "batsman": "AR Patel"}}, {"15.5": {"non_striker": "KK Nair", "bowler": "MJ McClenaghan", "runs": {"extras": 0, "total": 1, "batsman": 1}, "batsman": "AR Patel"}}, {"15.6": {"non_striker": "AR Patel", "bowler": "MJ McClenaghan", "runs": {"extras": 0, "total": 0, "batsman": 0}, "batsman": "KK Nair", "wicket": {"player_out": "KK Nair", "fielders": ["HH Pandya"], "kind": "caught"}}}, {"16.1": {"non_striker": "AR Patel", "bowler": "JJ Bumrah", "runs": {"extras": 0, "total": 0, "batsman": 0}, "batsman": "MP Stoinis"}}, {"16.2": {"non_striker": "AR Patel", "bowler": "JJ Bumrah", "runs": {"extras": 0, "total": 1, "batsman": 1}, "batsman": "MP Stoinis"}}, {"16.3": {"non_striker": "MP Stoinis", "bowler": "JJ Bumrah", "runs": {"extras": 1, "total": 1, "batsman": 0}, "extras": {"legbyes": 1}, "batsman": "AR Patel"}}, {"16.4": {"non_striker": "AR Patel", "bowler": "JJ Bumrah", "runs": {"extras": 0, "total": 1, "batsman": 1}, "batsman": "MP Stoinis"}}, {"16.5": {"non_striker": "MP Stoinis", "bowler": "JJ Bumrah", "runs": {"extras": 0, "total": 0, "batsman": 0}, "batsman": "AR Patel", "wicket": {"player_out": "AR Patel", "fielders": ["HH Pandya"], "kind": "caught"}}}, {"16.6": {"non_striker": "MA Agarwal", "bowler": "JJ Bumrah", "runs": {"extras": 0, "total": 0, "batsman": 0}, "batsman": "MP Stoinis"}}, {"17.1": {"non_striker": "MP Stoinis", "bowler": "BCJ Cutting", "runs": {"extras": 0, "total": 1, "batsman": 1}, "batsman": "MA Agarwal"}}, {"17.2": {"non_striker": "MA Agarwal", "bowler": "BCJ Cutting", "runs": {"extras": 0, "total": 1, "batsman": 1}, "batsman": "MP Stoinis"}}, {"17.3": {"non_striker": "MP Stoinis", "bowler": "BCJ Cutting", "runs": {"extras": 0, "total": 1, "batsman": 1}, "batsman": "MA Agarwal"}}, {"17.4": {"non_striker": "MA Agarwal", "bowler": "BCJ Cutting", "runs": {"extras": 0, "total": 1, "batsman": 1}, "batsman": "MP Stoinis"}}, {"17.5": {"non_striker": "MP Stoinis", "bowler": "BCJ Cutting", "runs": {"extras": 0, "total": 6, "batsman": 6}, "batsman": "MA Agarwal"}}, {"17.6": {"non_striker": "MP Stoinis", "bowler": "BCJ Cutting", "runs": {"extras": 0, "total": 1, "batsman": 1}, "batsman": "MA Agarwal"}}, {"18.1": {"non_striker": "MP Stoinis", "bowler": "JJ Bumrah", "runs": {"extras": 0, "total": 1, "batsman": 1}, "batsman": "MA Agarwal"}}, {"18.2": {"non_striker": "MA Agarwal", "bowler": "JJ Bumrah", "runs": {"extras": 0, "total": 0, "batsman": 0}, "batsman": "MP Stoinis"}}, {"18.3": {"non_striker": "MA Agarwal", "bowler": "JJ Bumrah", "runs": {"extras": 0, "total": 1, "batsman": 1}, "batsman": "MP Stoinis"}}, {"18.4": {"non_striker": "MP Stoinis", "bowler": "JJ Bumrah", "runs": {"extras": 0, "total": 1, "batsman": 1}, "batsman": "MA Agarwal"}}, {"18.5": {"non_striker": "MA Agarwal", "bowler": "JJ Bumrah", "runs": {"extras": 0, "total": 2, "batsman": 2}, "batsman": "MP Stoinis"}}, {"18.6": {"non_striker": "MA Agarwal", "bowler": "JJ Bumrah", "runs": {"extras": 0, "total": 1, "batsman": 1}, "batsman": "MP Stoinis"}}, {"19.1": {"non_striker": "MA Agarwal", "bowler": "HH Pandya", "runs": {"extras": 1, "total": 1, "batsman": 0}, "extras": {"wides": 1}, "batsman": "MP Stoinis"}}, {"19.2": {"non_striker": "MA Agarwal", "bowler": "HH Pandya", "runs": {"extras": 0, "total": 6, "batsman": 6}, "batsman": "MP Stoinis"}}, {"19.3": {"non_striker": "MA Agarwal", "bowler": "HH Pandya", "runs": {"extras": 0, "total": 4, "batsman": 4}, "batsman": "MP Stoinis"}}, {"19.4": {"non_striker": "MA Agarwal", "bowler": "HH Pandya", "runs": {"extras": 0, "total": 1, "batsman": 1}, "batsman": "MP Stoinis"}}, {"19.5": {"non_striker": "MP Stoinis", "bowler": "HH Pandya", "runs": {"extras": 0, "total": 0, "batsman": 0}, "batsman": "MA Agarwal", "wicket": {"player_out": "MA Agarwal", "fielders": ["KH Pandya"], "kind": "caught"}}}, {"19.6": {"non_striker": "R Ashwin", "bowler": "HH Pandya", "runs": {"extras": 0, "total": 6, "batsman": 6}, "batsman": "MP Stoinis"}}, {"19.7": {"non_striker": "R Ashwin", "bowler": "HH Pandya", "runs": {"extras": 0, "total": 4, "batsman": 4}, "batsman": "MP Stoinis"}}]