[{"0.1": {"non_striker": "V Kohli", "bowler": "Sandeep Sharma", "runs": {"extras": 0, "total": 0, "batsman": 0}, "batsman": "PA Patel"}}, {"0.2": {"non_striker": "V Kohli", "bowler": "Sandeep Sharma", "runs": {"extras": 0, "total": 0, "batsman": 0}, "batsman": "PA Patel"}}, {"0.3": {"non_striker": "V Kohli", "bowler": "Sandeep Sharma", "runs": {"extras": 0, "total": 1, "batsman": 1}, "batsman": "PA Patel"}}, {"0.4": {"non_striker": "PA Patel", "bowler": "Sandeep Sharma", "runs": {"extras": 0, "total": 4, "batsman": 4}, "batsman": "V Kohli"}}, {"0.5": {"non_striker": "PA Patel", "bowler": "Sandeep Sharma", "runs": {"extras": 0, "total": 1, "batsman": 1}, "batsman": "V Kohli"}}, {"0.6": {"non_striker": "V Kohli", "bowler": "Sandeep Sharma", "runs": {"extras": 0, "total": 0, "batsman": 0}, "batsman": "PA Patel", "wicket": {"player_out": "PA Patel", "fielders": ["S Kaul"], "kind": "caught"}}}, {"1.1": {"non_striker": "V Kohli", "bowler": "Shakib Al Hasan", "runs": {"extras": 0, "total": 4, "batsman": 4}, "batsman": "AB de Villiers"}}, {"1.2": {"non_striker": "V Kohli", "bowler": "Shakib Al Hasan", "runs": {"extras": 0, "total": 4, "batsman": 4}, "batsman": "AB de Villiers"}}, {"1.3": {"non_striker": "V Kohli", "bowler": "Shakib Al Hasan", "runs": {"extras": 0, "total": 0, "batsman": 0}, "batsman": "AB de Villiers"}}, {"1.4": {"non_striker": "V Kohli", "bowler": "Shakib Al Hasan", "runs": {"extras": 0, "total": 1, "batsman": 1}, "batsman": "AB de Villiers"}}, {"1.5": {"non_striker": "AB de Villiers", "bowler": "Shakib Al Hasan", "runs": {"extras": 0, "total": 1, "batsman": 1}, "batsman": "V Kohli"}}, {"1.6": {"non_striker": "V Kohli", "bowler": "Shakib Al Hasan", "runs": {"extras": 0, "total": 1, "batsman": 1}, "batsman": "AB de Villiers"}}, {"2.1": {"non_striker": "V Kohli", "bowler": "Sandeep Sharma", "runs": {"extras": 0, "total": 4, "batsman": 4}, "batsman": "AB de Villiers"}}, {"2.2": {"non_striker": "V Kohli", "bowler": "Sandeep Sharma", "runs": {"extras": 0, "total": 4, "batsman": 4}, "batsman": "AB de Villiers"}}, {"2.3": {"non_striker": "V Kohli", "bowler": "Sandeep Sharma", "runs": {"extras": 0, "total": 0, "batsman": 0}, "batsman": "AB de Villiers"}}, {"2.4": {"non_striker": "V Kohli", "bowler": "Sandeep Sharma", "runs": {"extras": 0, "total": 0, "batsman": 0}, "batsman": "AB de Villiers"}}, {"2.5": {"non_striker": "V Kohli", "bowler": "Sandeep Sharma", "runs": {"extras": 0, "total": 1, "batsman": 1}, "batsman": "AB de Villiers"}}, {"2.6": {"non_striker": "AB de Villiers", "bowler": "Sandeep Sharma", "runs": {"extras": 0, "total": 0, "batsman": 0}, "batsman": "V Kohli"}}, {"3.1": {"non_striker": "V Kohli", "bowler": "Shakib Al Hasan", "runs": {"extras": 0, "total": 4, "batsman": 4}, "batsman": "AB de Villiers"}}, {"3.2": {"non_striker": "V Kohli", "bowler": "Shakib Al Hasan", "runs": {"extras": 0, "total": 0, "batsman": 0}, "batsman": "AB de Villiers"}}, {"3.3": {"non_striker": "V Kohli", "bowler": "Shakib Al Hasan", "runs": {"extras": 0, "total": 1, "batsman": 1}, "batsman": "AB de Villiers"}}, {"3.4": {"non_striker": "AB de Villiers", "bowler": "Shakib Al Hasan", "runs": {"extras": 0, "total": 1, "batsman": 1}, "batsman": "V Kohli"}}, {"3.5": {"non_striker": "V Kohli", "bowler": "Shakib Al Hasan", "runs": {"extras": 0, "total": 1, "batsman": 1}, "batsman": "AB de Villiers"}}, {"3.6": {"non_striker": "AB de Villiers", "bowler": "Shakib Al Hasan", "runs": {"extras": 0, "total": 1, "batsman": 1}, "batsman": "V Kohli"}}, {"4.1": {"non_striker": "AB de Villiers", "bowler": "Rashid Khan", "runs": {"extras": 0, "total": 0, "batsman": 0}, "batsman": "V Kohli"}}, {"4.2": {"non_striker": "AB de Villiers", "bowler": "Rashid Khan", "runs": {"extras": 0, "total": 0, "batsman": 0}, "batsman": "V Kohli"}}, {"4.3": {"non_striker": "AB de Villiers", "bowler": "Rashid Khan", "runs": {"extras": 0, "total": 0, "batsman": 0}, "batsman": "V Kohli"}}, {"4.4": {"non_striker": "AB de Villiers", "bowler": "Rashid Khan", "runs": {"extras": 0, "total": 4, "batsman": 4}, "batsman": "V Kohli"}}, {"4.5": {"non_striker": "AB de Villiers", "bowler": "Rashid Khan", "runs": {"extras": 0, "total": 0, "batsman": 0}, "batsman": "V Kohli", "wicket": {"player_out": "V Kohli", "kind": "bowled"}}}, {"4.6": {"non_striker": "AB de Villiers", "bowler": "Rashid Khan", "runs": {"extras": 0, "total": 1, "batsman": 1}, "batsman": "MM Ali"}}, {"5.1": {"non_striker": "AB de Villiers", "bowler": "S Kaul", "runs": {"extras": 0, "total": 0, "batsman": 0}, "batsman": "MM Ali"}}, {"5.2": {"non_striker": "AB de Villiers", "bowler": "S Kaul", "runs": {"extras": 0, "total": 0, "batsman": 0}, "batsman": "MM Ali"}}, {"5.3": {"non_striker": "AB de Villiers", "bowler": "S Kaul", "runs": {"extras": 0, "total": 1, "batsman": 1}, "batsman": "MM Ali"}}, {"5.4": {"non_striker": "MM Ali", "bowler": "S Kaul", "runs": {"extras": 0, "total": 4, "batsman": 4}, "batsman": "AB de Villiers"}}, {"5.5": {"non_striker": "MM Ali", "bowler": "S Kaul", "runs": {"extras": 0, "total": 0, "batsman": 0}, "batsman": "AB de Villiers"}}, {"5.6": {"non_striker": "MM Ali", "bowler": "S Kaul", "runs": {"extras": 0, "total": 0, "batsman": 0}, "batsman": "AB de Villiers"}}, {"6.1": {"non_striker": "AB de Villiers", "bowler": "Rashid Khan", "runs": {"extras": 0, "total": 1, "batsman": 1}, "batsman": "MM Ali"}}, {"6.2": {"non_striker": "MM Ali", "bowler": "Rashid Khan", "runs": {"extras": 0, "total": 4, "batsman": 4}, "batsman": "AB de Villiers"}}, {"6.3": {"non_striker": "MM Ali", "bowler": "Rashid Khan", "runs": {"extras": 0, "total": 1, "batsman": 1}, "batsman": "AB de Villiers"}}, {"6.4": {"non_striker": "AB de Villiers", "bowler": "Rashid Khan", "runs": {"extras": 0, "total": 0, "batsman": 0}, "batsman": "MM Ali"}}, {"6.5": {"non_striker": "AB de Villiers", "bowler": "Rashid Khan", "runs": {"extras": 0, "total": 0, "batsman": 0}, "batsman": "MM Ali"}}, {"6.6": {"non_striker": "AB de Villiers", "bowler": "Rashid Khan", "runs": {"extras": 0, "total": 1, "batsman": 1}, "batsman": "MM Ali"}}, {"7.1": {"non_striker": "AB de Villiers", "bowler": "Basil Thampi", "runs": {"extras": 0, "total": 6, "batsman": 6}, "batsman": "MM Ali"}}, {"7.2": {"non_striker": "AB de Villiers", "bowler": "Basil Thampi", "runs": {"extras": 0, "total": 6, "batsman": 6}, "batsman": "MM Ali"}}, {"7.3": {"non_striker": "AB de Villiers", "bowler": "Basil Thampi", "runs": {"extras": 0, "total": 1, "batsman": 1}, "batsman": "MM Ali"}}, {"7.4": {"non_striker": "MM Ali", "bowler": "Basil Thampi", "runs": {"extras": 0, "total": 4, "batsman": 4}, "batsman": "AB de Villiers"}}, {"7.5": {"non_striker": "MM Ali", "bowler": "Basil Thampi", "runs": {"extras": 0, "total": 1, "batsman": 1}, "batsman": "AB de Villiers"}}, {"7.6": {"non_striker": "AB de Villiers", "bowler": "Basil Thampi", "runs": {"extras": 0, "total": 1, "batsman": 1}, "batsman": "MM Ali"}}, {"8.1": {"non_striker": "AB de Villiers", "bowler": "Shakib Al Hasan", "runs": {"extras": 0, "total": 1, "batsman": 1}, "batsman": "MM Ali"}}, {"8.2": {"non_striker": "MM Ali", "bowler": "Shakib Al Hasan", "runs": {"extras": 0, "total": 1, "batsman": 1}, "batsman": "AB de Villiers"}}, {"8.3": {"non_striker": "AB de Villiers", "bowler": "Shakib Al Hasan", "runs": {"extras": 0, "total": 1, "batsman": 1}, "batsman": "MM Ali"}}, {"8.4": {"non_striker": "MM Ali", "bowler": "Shakib Al Hasan", "runs": {"extras": 0, "total": 0, "batsman": 0}, "batsman": "AB de Villiers"}}, {"8.5": {"non_striker": "MM Ali", "bowler": "Shakib Al Hasan", "runs": {"extras": 0, "total": 0, "batsman": 0}, "batsman": "AB de Villiers"}}, {"8.6": {"non_striker": "MM Ali", "bowler": "Shakib Al Hasan", "runs": {"extras": 0, "total": 0, "batsman": 0}, "batsman": "AB de Villiers"}}, {"9.1": {"non_striker": "AB de Villiers", "bowler": "Sandeep Sharma", "runs": {"extras": 0, "total": 2, "batsman": 2}, "batsman": "MM Ali"}}, {"9.2": {"non_striker": "AB de Villiers", "bowler": "Sandeep Sharma", "runs": {"extras": 0, "total": 0, "batsman": 0}, "batsman": "MM Ali"}}, {"9.3": {"non_striker": "AB de Villiers", "bowler": "Sandeep Sharma", "runs": {"extras": 0, "total": 1, "batsman": 1}, "batsman": "MM Ali"}}, {"9.4": {"non_striker": "MM Ali", "bowler": "Sandeep Sharma", "runs": {"extras": 0, "total": 1, "batsman": 1}, "batsman": "AB de Villiers"}}, {"9.5": {"non_striker": "AB de Villiers", "bowler": "Sandeep Sharma", "runs": {"extras": 0, "total": 6, "batsman": 6}, "batsman": "MM Ali"}}, {"9.6": {"non_striker": "AB de Villiers", "bowler": "Sandeep Sharma", "runs": {"extras": 0, "total": 1, "batsman": 1}, "batsman": "MM Ali"}}, {"10.1": {"non_striker": "AB de Villiers", "bowler": "Rashid Khan", "runs": {"extras": 0, "total": 6, "batsman": 6}, "batsman": "MM Ali"}}, {"10.2": {"non_striker": "AB de Villiers", "bowler": "Rashid Khan", "runs": {"extras": 0, "total": 2, "batsman": 2}, "batsman": "MM Ali"}}, {"10.3": {"non_striker": "AB de Villiers", "bowler": "Rashid Khan", "runs": {"extras": 0, "total": 1, "batsman": 1}, "batsman": "MM Ali"}}, {"10.4": {"non_striker": "MM Ali", "bowler": "Rashid Khan", "runs": {"extras": 0, "total": 0, "batsman": 0}, "batsman": "AB de Villiers"}}, {"10.5": {"non_striker": "MM Ali", "bowler": "Rashid Khan", "runs": {"extras": 0, "total": 0, "batsman": 0}, "batsman": "AB de Villiers"}}, {"10.6": {"non_striker": "MM Ali", "bowler": "Rashid Khan", "runs": {"extras": 0, "total": 1, "batsman": 1}, "batsman": "AB de Villiers"}}, {"11.1": {"non_striker": "MM Ali", "bowler": "S Kaul", "runs": {"extras": 0, "total": 2, "batsman": 2}, "batsman": "AB de Villiers"}}, {"11.2": {"non_striker": "MM Ali", "bowler": "S Kaul", "runs": {"extras": 0, "total": 4, "batsman": 4}, "batsman": "AB de Villiers"}}, {"11.3": {"non_striker": "MM Ali", "bowler": "S Kaul", "runs": {"extras": 0, "total": 4, "batsman": 4}, "batsman": "AB de Villiers"}}, {"11.4": {"non_striker": "MM Ali", "bowler": "S Kaul", "runs": {"extras": 0, "total": 1, "batsman": 1}, "batsman": "AB de Villiers"}}, {"11.5": {"non_striker": "AB de Villiers", "bowler": "S Kaul", "runs": {"extras": 0, "total": 6, "batsman": 6}, "batsman": "MM Ali"}}, {"11.6": {"non_striker": "AB de Villiers", "bowler": "S Kaul", "runs": {"extras": 0, "total": 1, "batsman": 1}, "batsman": "MM Ali"}}, {"12.1": {"non_striker": "AB de Villiers", "bowler": "Basil Thampi", "runs": {"extras": 0, "total": 4, "batsman": 4}, "batsman": "MM Ali"}}, {"12.2": {"non_striker": "AB de Villiers", "bowler": "Basil Thampi", "runs": {"extras": 0, "total": 1, "batsman": 1}, "batsman": "MM Ali"}}, {"12.3": {"non_striker": "MM Ali", "bowler": "Basil Thampi", "runs": {"extras": 1, "total": 1, "batsman": 0}, "extras": {"wides": 1}, "batsman": "AB de Villiers"}}, {"12.4": {"non_striker": "MM Ali", "bowler": "Basil Thampi", "runs": {"extras": 0, "total": 4, "batsman": 4}, "batsman": "AB de Villiers"}}, {"12.5": {"non_striker": "MM Ali", "bowler": "Basil Thampi", "runs": {"extras": 0, "total": 6, "batsman": 6}, "batsman": "AB de Villiers"}}, {"12.6": {"non_striker": "MM Ali", "bowler": "Basil Thampi", "runs": {"extras": 0, "total": 1, "batsman": 1}, "batsman": "AB de Villiers"}}, {"12.7": {"non_striker": "AB de Villiers", "bowler": "Basil Thampi", "runs": {"extras": 0, "total": 1, "batsman": 1}, "batsman": "MM Ali"}}, {"13.1": {"non_striker": "AB de Villiers", "bowler": "Sandeep Sharma", "runs": {"extras": 0, "total": 1, "batsman": 1}, "batsman": "MM Ali"}}, {"13.2": {"non_striker": "MM Ali", "bowler": "Sandeep Sharma", "runs": {"extras": 1, "total": 1, "batsman": 0}, "extras": {"wides": 1}, "batsman": "AB de Villiers"}}, {"13.3": {"non_striker": "MM Ali", "bowler": "Sandeep Sharma", "runs": {"extras": 0, "total": 4, "batsman": 4}, "batsman": "AB de Villiers"}}, {"13.4": {"non_striker": "MM Ali", "bowler": "Sandeep Sharma", "runs": {"extras": 0, "total": 1, "batsman": 1}, "batsman": "AB de Villiers"}}, {"13.5": {"non_striker": "AB de Villiers", "bowler": "Sandeep Sharma", "runs": {"extras": 0, "total": 0, "batsman": 0}, "batsman": "MM Ali"}}, {"13.6": {"non_striker": "AB de Villiers", "bowler": "Sandeep Sharma", "runs": {"extras": 0, "total": 6, "batsman": 6}, "batsman": "MM Ali"}}, {"13.7": {"non_striker": "AB de Villiers", "bowler": "Sandeep Sharma", "runs": {"extras": 0, "total": 1, "batsman": 1}, "batsman": "MM Ali"}}, {"14.1": {"non_striker": "AB de Villiers", "bowler": "Rashid Khan", "runs": {"extras": 0, "total": 1, "batsman": 1}, "batsman": "MM Ali"}}, {"14.2": {"non_striker": "MM Ali", "bowler": "Rashid Khan", "runs": {"extras": 0, "total": 0, "batsman": 0}, "batsman": "AB de Villiers", "wicket": {"player_out": "AB de Villiers", "fielders": ["S Dhawan"], "kind": "caught"}}}, {"14.3": {"non_striker": "C de Grandhomme", "bowler": "Rashid Khan", "runs": {"extras": 0, "total": 4, "batsman": 4}, "batsman": "MM Ali"}}, {"14.4": {"non_striker": "C de Grandhomme", "bowler": "Rashid Khan", "runs": {"extras": 0, "total": 0, "batsman": 0}, "batsman": "MM Ali", "wicket": {"player_out": "MM Ali", "fielders": ["SP Goswami"], "kind": "caught"}}}, {"14.5": {"non_striker": "C de Grandhomme", "bowler": "Rashid Khan", "runs": {"extras": 0, "total": 0, "batsman": 0}, "batsman": "Mandeep Singh"}}, {"14.6": {"non_striker": "C de Grandhomme", "bowler": "Rashid Khan", "runs": {"extras": 0, "total": 0, "batsman": 0}, "batsman": "Mandeep Singh"}}, {"15.1": {"non_striker": "Mandeep Singh", "bowler": "Basil Thampi", "runs": {"extras": 0, "total": 2, "batsman": 2}, "batsman": "C de Grandhomme"}}, {"15.2": {"non_striker": "Mandeep Singh", "bowler": "Basil Thampi", "runs": {"extras": 0, "total": 4, "batsman": 4}, "batsman": "C de Grandhomme"}}, {"15.3": {"non_striker": "Mandeep Singh", "bowler": "Basil Thampi", "runs": {"extras": 0, "total": 2, "batsman": 2}, "batsman": "C de Grandhomme"}}, {"15.4": {"non_striker": "Mandeep Singh", "bowler": "Basil Thampi", "runs": {"extras": 0, "total": 6, "batsman": 6}, "batsman": "C de Grandhomme"}}, {"15.5": {"non_striker": "Mandeep Singh", "bowler": "Basil Thampi", "runs": {"extras": 0, "total": 0, "batsman": 0}, "batsman": "C de Grandhomme"}}, {"15.6": {"non_striker": "Mandeep Singh", "bowler": "Basil Thampi", "runs": {"extras": 0, "total": 0, "batsman": 0}, "batsman": "C de Grandhomme"}}, {"16.1": {"non_striker": "C de Grandhomme", "bowler": "Shakib Al Hasan", "runs": {"extras": 0, "total": 1, "batsman": 1}, "batsman": "Mandeep Singh"}}, {"16.2": {"non_striker": "Mandeep Singh", "bowler": "Shakib Al Hasan", "runs": {"extras": 0, "total": 1, "batsman": 1}, "batsman": "C de Grandhomme"}}, {"16.3": {"non_striker": "C de Grandhomme", "bowler": "Shakib Al Hasan", "runs": {"extras": 0, "total": 2, "batsman": 2}, "batsman": "Mandeep Singh"}}, {"16.4": {"non_striker": "C de Grandhomme", "bowler": "Shakib Al Hasan", "runs": {"extras": 0, "total": 1, "batsman": 1}, "batsman": "Mandeep Singh"}}, {"16.5": {"non_striker": "Mandeep Singh", "bowler": "Shakib Al Hasan", "runs": {"extras": 0, "total": 2, "batsman": 2}, "batsman": "C de Grandhomme"}}, {"16.6": {"non_striker": "Mandeep Singh", "bowler": "Shakib Al Hasan", "runs": {"extras": 0, "total": 6, "batsman": 6}, "batsman": "C de Grandhomme"}}, {"17.1": {"non_striker": "C de Grandhomme", "bowler": "S Kaul", "runs": {"extras": 0, "total": 0, "batsman": 0}, "batsman": "Mandeep Singh", "wicket": {"player_out": "Mandeep Singh", "fielders": ["S Dhawan"], "kind": "caught"}}}, {"17.2": {"non_striker": "SN Khan", "bowler": "S Kaul", "runs": {"extras": 0, "total": 6, "batsman": 6}, "batsman": "C de Grandhomme"}}, {"17.3": {"non_striker": "SN Khan", "bowler": "S Kaul", "runs": {"extras": 1, "total": 1, "batsman": 0}, "extras": {"byes": 1}, "batsman": "C de Grandhomme"}}, {"17.4": {"non_striker": "C de Grandhomme", "bowler": "S Kaul", "runs": {"extras": 0, "total": 4, "batsman": 4}, "batsman": "SN Khan"}}, {"17.5": {"non_striker": "C de Grandhomme", "bowler": "S Kaul", "runs": {"extras": 0, "total": 1, "batsman": 1}, "batsman": "SN Khan"}}, {"17.6": {"non_striker": "SN Khan", "bowler": "S Kaul", "runs": {"extras": 0, "total": 1, "batsman": 1}, "batsman": "C de Grandhomme"}}, {"18.1": {"non_striker": "SN Khan", "bowler": "Basil Thampi", "runs": {"extras": 0, "total": 6, "batsman": 6}, "batsman": "C de Grandhomme"}}, {"18.2": {"non_striker": "SN Khan", "bowler": "Basil Thampi", "runs": {"extras": 0, "total": 1, "batsman": 1}, "batsman": "C de Grandhomme"}}, {"18.3": {"non_striker": "C de Grandhomme", "bowler": "Basil Thampi", "runs": {"extras": 0, "total": 4, "batsman": 4}, "batsman": "SN Khan"}}, {"18.4": {"non_striker": "C de Grandhomme", "bowler": "Basil Thampi", "runs": {"extras": 0, "total": 6, "batsman": 6}, "batsman": "SN Khan"}}, {"18.5": {"non_striker": "C de Grandhomme", "bowler": "Basil Thampi", "runs": {"extras": 0, "total": 1, "batsman": 1}, "batsman": "SN Khan"}}, {"18.6": {"non_striker": "SN Khan", "bowler": "Basil Thampi", "runs": {"extras": 0, "total": 1, "batsman": 1}, "batsman": "C de Grandhomme"}}, {"19.1": {"non_striker": "SN Khan", "bowler": "S Kaul", "runs": {"extras": 0, "total": 2, "batsman": 2}, "batsman": "C de Grandhomme"}}, {"19.2": {"non_striker": "SN Khan", "bowler": "S Kaul", "runs": {"extras": 0, "total": 0, "batsman": 0}, "batsman": "C de Grandhomme", "wicket": {"player_out": "C de Grandhomme", "fielders": ["Rashid Khan"], "kind": "caught"}}}, {"19.3": {"non_striker": "TG Southee", "bowler": "S Kaul", "runs": {"extras": 0, "total": 2, "batsman": 2}, "batsman": "SN Khan"}}, {"19.4": {"non_striker": "TG Southee", "bowler": "S Kaul", "runs": {"extras": 1, "total": 1, "batsman": 0}, "extras": {"legbyes": 1}, "batsman": "SN Khan"}}, {"19.5": {"non_striker": "SN Khan", "bowler": "S Kaul", "runs": {"extras": 0, "total": 1, "batsman": 1}, "batsman": "TG Southee"}}, {"19.6": {"non_striker": "TG Southee", "bowler": "S Kaul", "runs": {"extras": 0, "total": 4, "batsman": 4}, "batsman": "SN Khan"}}]