[{"0.1": {"non_striker": "SP Narine", "bowler": "AS Rajpoot", "runs": {"extras": 0, "total": 1, "batsman": 1}, "batsman": "CA Lynn"}}, {"0.2": {"non_striker": "CA Lynn", "bowler": "AS Rajpoot", "runs": {"extras": 0, "total": 1, "batsman": 1}, "batsman": "SP Narine"}}, {"0.3": {"non_striker": "SP Narine", "bowler": "AS Rajpoot", "runs": {"extras": 0, "total": 1, "batsman": 1}, "batsman": "CA Lynn"}}, {"0.4": {"non_striker": "CA Lynn", "bowler": "AS Rajpoot", "runs": {"extras": 1, "total": 1, "batsman": 0}, "extras": {"legbyes": 1}, "batsman": "SP Narine"}}, {"0.5": {"non_striker": "SP Narine", "bowler": "AS Rajpoot", "runs": {"extras": 0, "total": 0, "batsman": 0}, "batsman": "CA Lynn"}}, {"0.6": {"non_striker": "SP Narine", "bowler": "AS Rajpoot", "runs": {"extras": 0, "total": 1, "batsman": 1}, "batsman": "CA Lynn"}}, {"1.1": {"non_striker": "SP Narine", "bowler": "Mujeeb Ur Rahman", "runs": {"extras": 0, "total": 1, "batsman": 1}, "batsman": "CA Lynn"}}, {"1.2": {"non_striker": "CA Lynn", "bowler": "Mujeeb Ur Rahman", "runs": {"extras": 0, "total": 0, "batsman": 0}, "batsman": "SP Narine"}}, {"1.3": {"non_striker": "CA Lynn", "bowler": "Mujeeb Ur Rahman", "runs": {"extras": 0, "total": 0, "batsman": 0}, "batsman": "SP Narine", "wicket": {"player_out": "SP Narine", "fielders": ["KK Nair"], "kind": "caught"}}}, {"1.4": {"non_striker": "RV Uthappa", "bowler": "Mujeeb Ur Rahman", "runs": {"extras": 0, "total": 0, "batsman": 0}, "batsman": "CA Lynn"}}, {"1.5": {"non_striker": "RV Uthappa", "bowler": "Mujeeb Ur Rahman", "runs": {"extras": 0, "total": 4, "batsman": 4}, "batsman": "CA Lynn"}}, {"1.6": {"non_striker": "RV Uthappa", "bowler": "Mujeeb Ur Rahman", "runs": {"extras": 0, "total": 0, "batsman": 0}, "batsman": "CA Lynn"}}, {"2.1": {"non_striker": "CA Lynn", "bowler": "AS Rajpoot", "runs": {"extras": 0, "total": 4, "batsman": 4}, "batsman": "RV Uthappa"}}, {"2.2": {"non_striker": "CA Lynn", "bowler": "AS Rajpoot", "runs": {"extras": 0, "total": 0, "batsman": 0}, "batsman": "RV Uthappa"}}, {"2.3": {"non_striker": "CA Lynn", "bowler": "AS Rajpoot", "runs": {"extras": 0, "total": 0, "batsman": 0}, "batsman": "RV Uthappa"}}, {"2.4": {"non_striker": "CA Lynn", "bowler": "AS Rajpoot", "runs": {"extras": 0, "total": 0, "batsman": 0}, "batsman": "RV Uthappa"}}, {"2.5": {"non_striker": "CA Lynn", "bowler": "AS Rajpoot", "runs": {"extras": 0, "total": 1, "batsman": 1}, "batsman": "RV Uthappa"}}, {"2.6": {"non_striker": "RV Uthappa", "bowler": "AS Rajpoot", "runs": {"extras": 0, "total": 6, "batsman": 6}, "batsman": "CA Lynn"}}, {"3.1": {"non_striker": "CA Lynn", "bowler": "Mujeeb Ur Rahman", "runs": {"extras": 0, "total": 0, "batsman": 0}, "batsman": "RV Uthappa"}}, {"3.2": {"non_striker": "CA Lynn", "bowler": "Mujeeb Ur Rahman", "runs": {"extras": 0, "total": 4, "batsman": 4}, "batsman": "RV Uthappa"}}, {"3.3": {"non_striker": "CA Lynn", "bowler": "Mujeeb Ur Rahman", "runs": {"extras": 0, "total": 4, "batsman": 4}, "batsman": "RV Uthappa"}}, {"3.4": {"non_striker": "CA Lynn", "bowler": "Mujeeb Ur Rahman", "runs": {"extras": 0, "total": 4, "batsman": 4}, "batsman": "RV Uthappa"}}, {"3.5": {"non_striker": "CA Lynn", "bowler": "Mujeeb Ur Rahman", "runs": {"extras": 1, "total": 1, "batsman": 0}, "extras": {"wides": 1}, "batsman": "RV Uthappa"}}, {"3.6": {"non_striker": "CA Lynn", "bowler": "Mujeeb Ur Rahman", "runs": {"extras": 0, "total": 1, "batsman": 1}, "batsman": "RV Uthappa"}}, {"3.7": {"non_striker": "RV Uthappa", "bowler": "Mujeeb Ur Rahman", "runs": {"extras": 0, "total": 1, "batsman": 1}, "batsman": "CA Lynn"}}, {"4.1": {"non_striker": "RV Uthappa", "bowler": "BB Sran", "runs": {"extras": 0, "total": 2, "batsman": 2}, "batsman": "CA Lynn"}}, {"4.2": {"non_striker": "RV Uthappa", "bowler": "BB Sran", "runs": {"extras": 0, "total": 0, "batsman": 0}, "batsman": "CA Lynn"}}, {"4.3": {"non_striker": "RV Uthappa", "bowler": "BB Sran", "runs": {"extras": 0, "total": 4, "batsman": 4}, "batsman": "CA Lynn"}}, {"4.4": {"non_striker": "RV Uthappa", "bowler": "BB Sran", "runs": {"extras": 0, "total": 0, "batsman": 0}, "batsman": "CA Lynn"}}, {"4.5": {"non_striker": "RV Uthappa", "bowler": "BB Sran", "runs": {"extras": 0, "total": 0, "batsman": 0}, "batsman": "CA Lynn"}}, {"4.6": {"non_striker": "RV Uthappa", "bowler": "BB Sran", "runs": {"extras": 0, "total": 0, "batsman": 0}, "batsman": "CA Lynn"}}, {"5.1": {"non_striker": "CA Lynn", "bowler": "AJ Tye", "runs": {"extras": 1, "total": 2, "batsman": 1}, "extras": {"noballs": 1}, "batsman": "RV Uthappa"}}, {"5.2": {"non_striker": "RV Uthappa", "bowler": "AJ Tye", "runs": {"extras": 0, "total": 1, "batsman": 1}, "batsman": "CA Lynn"}}, {"5.3": {"non_striker": "CA Lynn", "bowler": "AJ Tye", "runs": {"extras": 0, "total": 0, "batsman": 0}, "batsman": "RV Uthappa"}}, {"5.4": {"non_striker": "CA Lynn", "bowler": "AJ Tye", "runs": {"extras": 0, "total": 0, "batsman": 0}, "batsman": "RV Uthappa"}}, {"5.5": {"non_striker": "CA Lynn", "bowler": "AJ Tye", "runs": {"extras": 0, "total": 0, "batsman": 0}, "batsman": "RV Uthappa"}}, {"5.6": {"non_striker": "CA Lynn", "bowler": "AJ Tye", "runs": {"extras": 0, "total": 4, "batsman": 4}, "batsman": "RV Uthappa"}}, {"5.7": {"non_striker": "CA Lynn", "bowler": "AJ Tye", "runs": {"extras": 0, "total": 1, "batsman": 1}, "batsman": "RV Uthappa"}}, {"6.1": {"non_striker": "CA Lynn", "bowler": "R Ashwin", "runs": {"extras": 0, "total": 1, "batsman": 1}, "batsman": "RV Uthappa"}}, {"6.2": {"non_striker": "RV Uthappa", "bowler": "R Ashwin", "runs": {"extras": 0, "total": 1, "batsman": 1}, "batsman": "CA Lynn"}}, {"6.3": {"non_striker": "CA Lynn", "bowler": "R Ashwin", "runs": {"extras": 0, "total": 1, "batsman": 1}, "batsman": "RV Uthappa"}}, {"6.4": {"non_striker": "RV Uthappa", "bowler": "R Ashwin", "runs": {"extras": 0, "total": 1, "batsman": 1}, "batsman": "CA Lynn"}}, {"6.5": {"non_striker": "CA Lynn", "bowler": "R Ashwin", "runs": {"extras": 0, "total": 0, "batsman": 0}, "batsman": "RV Uthappa"}}, {"6.6": {"non_striker": "CA Lynn", "bowler": "R Ashwin", "runs": {"extras": 0, "total": 1, "batsman": 1}, "batsman": "RV Uthappa"}}, {"7.1": {"non_striker": "CA Lynn", "bowler": "BB Sran", "runs": {"extras": 0, "total": 6, "batsman": 6}, "batsman": "RV Uthappa"}}, {"7.2": {"non_striker": "CA Lynn", "bowler": "BB Sran", "runs": {"extras": 0, "total": 1, "batsman": 1}, "batsman": "RV Uthappa"}}, {"7.3": {"non_striker": "RV Uthappa", "bowler": "BB Sran", "runs": {"extras": 0, "total": 4, "batsman": 4}, "batsman": "CA Lynn"}}, {"7.4": {"non_striker": "RV Uthappa", "bowler": "BB Sran", "runs": {"extras": 0, "total": 6, "batsman": 6}, "batsman": "CA Lynn"}}, {"7.5": {"non_striker": "RV Uthappa", "bowler": "BB Sran", "runs": {"extras": 0, "total": 0, "batsman": 0}, "batsman": "CA Lynn"}}, {"7.6": {"non_striker": "RV Uthappa", "bowler": "BB Sran", "runs": {"extras": 0, "total": 6, "batsman": 6}, "batsman": "CA Lynn"}}, {"8.1": {"non_striker": "CA Lynn", "bowler": "R Ashwin", "runs": {"extras": 0, "total": 0, "batsman": 0}, "batsman": "RV Uthappa", "wicket": {"player_out": "RV Uthappa", "fielders": ["KK Nair"], "kind": "caught"}}}, {"8.2": {"non_striker": "CA Lynn", "bowler": "R Ashwin", "runs": {"extras": 0, "total": 1, "batsman": 1}, "batsman": "N Rana"}}, {"8.3": {"non_striker": "N Rana", "bowler": "R Ashwin", "runs": {"extras": 0, "total": 2, "batsman": 2}, "batsman": "CA Lynn"}}, {"8.4": {"non_striker": "N Rana", "bowler": "R Ashwin", "runs": {"extras": 0, "total": 1, "batsman": 1}, "batsman": "CA Lynn"}}, {"8.5": {"non_striker": "CA Lynn", "bowler": "R Ashwin", "runs": {"extras": 0, "total": 1, "batsman": 1}, "batsman": "N Rana"}}, {"8.6": {"non_striker": "N Rana", "bowler": "R Ashwin", "runs": {"extras": 0, "total": 0, "batsman": 0}, "batsman": "CA Lynn"}}, {"9.1": {"non_striker": "CA Lynn", "bowler": "Mujeeb Ur Rahman", "runs": {"extras": 0, "total": 1, "batsman": 1}, "batsman": "N Rana"}}, {"9.2": {"non_striker": "N Rana", "bowler": "Mujeeb Ur Rahman", "runs": {"extras": 0, "total": 1, "batsman": 1}, "batsman": "CA Lynn"}}, {"9.3": {"non_striker": "CA Lynn", "bowler": "Mujeeb Ur Rahman", "runs": {"extras": 0, "total": 0, "batsman": 0}, "batsman": "N Rana"}}, {"9.4": {"non_striker": "CA Lynn", "bowler": "Mujeeb Ur Rahman", "runs": {"extras": 0, "total": 0, "batsman": 0}, "batsman": "N Rana", "wicket": {"player_out": "N Rana", "kind": "run out"}}}, {"9.5": {"non_striker": "CA Lynn", "bowler": "Mujeeb Ur Rahman", "runs": {"extras": 0, "total": 0, "batsman": 0}, "batsman": "KD Karthik"}}, {"9.6": {"non_striker": "CA Lynn", "bowler": "Mujeeb Ur Rahman", "runs": {"extras": 0, "total": 1, "batsman": 1}, "batsman": "KD Karthik"}}, {"10.1": {"non_striker": "CA Lynn", "bowler": "R Ashwin", "runs": {"extras": 0, "total": 0, "batsman": 0}, "batsman": "KD Karthik"}}, {"10.2": {"non_striker": "CA Lynn", "bowler": "R Ashwin", "runs": {"extras": 0, "total": 4, "batsman": 4}, "batsman": "KD Karthik"}}, {"10.3": {"non_striker": "CA Lynn", "bowler": "R Ashwin", "runs": {"extras": 0, "total": 4, "batsman": 4}, "batsman": "KD Karthik"}}, {"10.4": {"non_striker": "CA Lynn", "bowler": "R Ashwin", "runs": {"extras": 0, "total": 2, "batsman": 2}, "batsman": "KD Karthik"}}, {"10.5": {"non_striker": "CA Lynn", "bowler": "R Ashwin", "runs": {"extras": 0, "total": 2, "batsman": 2}, "batsman": "KD Karthik"}}, {"10.6": {"non_striker": "CA Lynn", "bowler": "R Ashwin", "runs": {"extras": 0, "total": 1, "batsman": 1}, "batsman": "KD Karthik"}}, {"11.1": {"non_striker": "CA Lynn", "bowler": "Yuvraj Singh", "runs": {"extras": 0, "total": 4, "batsman": 4}, "batsman": "KD Karthik"}}, {"11.2": {"non_striker": "CA Lynn", "bowler": "Yuvraj Singh", "runs": {"extras": 0, "total": 1, "batsman": 1}, "batsman": "KD Karthik"}}, {"11.3": {"non_striker": "KD Karthik", "bowler": "Yuvraj Singh", "runs": {"extras": 0, "total": 4, "batsman": 4}, "batsman": "CA Lynn"}}, {"11.4": {"non_striker": "KD Karthik", "bowler": "Yuvraj Singh", "runs": {"extras": 0, "total": 1, "batsman": 1}, "batsman": "CA Lynn"}}, {"11.5": {"non_striker": "CA Lynn", "bowler": "Yuvraj Singh", "runs": {"extras": 0, "total": 1, "batsman": 1}, "batsman": "KD Karthik"}}, {"11.6": {"non_striker": "KD Karthik", "bowler": "Yuvraj Singh", "runs": {"extras": 0, "total": 2, "batsman": 2}, "batsman": "CA Lynn"}}, {"12.1": {"non_striker": "CA Lynn", "bowler": "AJ Tye", "runs": {"extras": 0, "total": 1, "batsman": 1}, "batsman": "KD Karthik"}}, {"12.2": {"non_striker": "KD Karthik", "bowler": "AJ Tye", "runs": {"extras": 0, "total": 6, "batsman": 6}, "batsman": "CA Lynn"}}, {"12.3": {"non_striker": "KD Karthik", "bowler": "AJ Tye", "runs": {"extras": 0, "total": 4, "batsman": 4}, "batsman": "CA Lynn"}}, {"12.4": {"non_striker": "KD Karthik", "bowler": "AJ Tye", "runs": {"extras": 0, "total": 1, "batsman": 1}, "batsman": "CA Lynn"}}, {"12.5": {"non_striker": "CA Lynn", "bowler": "AJ Tye", "runs": {"extras": 0, "total": 1, "batsman": 1}, "batsman": "KD Karthik"}}, {"12.6": {"non_striker": "KD Karthik", "bowler": "AJ Tye", "runs": {"extras": 0, "total": 2, "batsman": 2}, "batsman": "CA Lynn"}}, {"13.1": {"non_striker": "CA Lynn", "bowler": "Mujeeb Ur Rahman", "runs": {"extras": 0, "total": 4, "batsman": 4}, "batsman": "KD Karthik"}}, {"13.2": {"non_striker": "CA Lynn", "bowler": "Mujeeb Ur Rahman", "runs": {"extras": 0, "total": 1, "batsman": 1}, "batsman": "KD Karthik"}}, {"13.3": {"non_striker": "KD Karthik", "bowler": "Mujeeb Ur Rahman", "runs": {"extras": 0, "total": 1, "batsman": 1}, "batsman": "CA Lynn"}}, {"13.4": {"non_striker": "CA Lynn", "bowler": "Mujeeb Ur Rahman", "runs": {"extras": 0, "total": 1, "batsman": 1}, "batsman": "KD Karthik"}}, {"13.5": {"non_striker": "KD Karthik", "bowler": "Mujeeb Ur Rahman", "runs": {"extras": 0, "total": 0, "batsman": 0}, "batsman": "CA Lynn"}}, {"13.6": {"non_striker": "KD Karthik", "bowler": "Mujeeb Ur Rahman", "runs": {"extras": 0, "total": 2, "batsman": 2}, "batsman": "CA Lynn"}}, {"14.1": {"non_striker": "CA Lynn", "bowler": "R Ashwin", "runs": {"extras": 1, "total": 1, "batsman": 0}, "extras": {"wides": 1}, "batsman": "KD Karthik"}}, {"14.2": {"non_striker": "CA Lynn", "bowler": "R Ashwin", "runs": {"extras": 0, "total": 0, "batsman": 0}, "batsman": "KD Karthik"}}, {"14.3": {"non_striker": "CA Lynn", "bowler": "R Ashwin", "runs": {"extras": 0, "total": 1, "batsman": 1}, "batsman": "KD Karthik"}}, {"14.4": {"non_striker": "KD Karthik", "bowler": "R Ashwin", "runs": {"extras": 0, "total": 1, "batsman": 1}, "batsman": "CA Lynn"}}, {"14.5": {"non_striker": "CA Lynn", "bowler": "R Ashwin", "runs": {"extras": 0, "total": 1, "batsman": 1}, "batsman": "KD Karthik"}}, {"14.6": {"non_striker": "KD Karthik", "bowler": "R Ashwin", "runs": {"extras": 0, "total": 4, "batsman": 4}, "batsman": "CA Lynn"}}, {"14.7": {"non_striker": "KD Karthik", "bowler": "R Ashwin", "runs": {"extras": 0, "total": 2, "batsman": 2}, "batsman": "CA Lynn"}}, {"15.1": {"non_striker": "CA Lynn", "bowler": "AJ Tye", "runs": {"extras": 0, "total": 1, "batsman": 1}, "batsman": "KD Karthik"}}, {"15.2": {"non_striker": "KD Karthik", "bowler": "AJ Tye", "runs": {"extras": 0, "total": 0, "batsman": 0}, "batsman": "CA Lynn", "wicket": {"player_out": "CA Lynn", "fielders": ["KL Rahul"], "kind": "caught"}}}, {"15.3": {"non_striker": "KD Karthik", "bowler": "AJ Tye", "runs": {"extras": 0, "total": 0, "batsman": 0}, "batsman": "AD Russell"}}, {"15.4": {"non_striker": "KD Karthik", "bowler": "AJ Tye", "runs": {"extras": 0, "total": 0, "batsman": 0}, "batsman": "AD Russell"}}, {"15.5": {"non_striker": "KD Karthik", "bowler": "AJ Tye", "runs": {"extras": 0, "total": 1, "batsman": 1}, "batsman": "AD Russell"}}, {"15.6": {"non_striker": "AD Russell", "bowler": "AJ Tye", "runs": {"extras": 0, "total": 0, "batsman": 0}, "batsman": "KD Karthik"}}, {"16.1": {"non_striker": "KD Karthik", "bowler": "BB Sran", "runs": {"extras": 0, "total": 1, "batsman": 1}, "batsman": "AD Russell"}}, {"16.2": {"non_striker": "AD Russell", "bowler": "BB Sran", "runs": {"extras": 0, "total": 1, "batsman": 1}, "batsman": "KD Karthik"}}, {"16.3": {"non_striker": "KD Karthik", "bowler": "BB Sran", "runs": {"extras": 0, "total": 4, "batsman": 4}, "batsman": "AD Russell"}}, {"16.4": {"non_striker": "KD Karthik", "bowler": "BB Sran", "runs": {"extras": 0, "total": 4, "batsman": 4}, "batsman": "AD Russell"}}, {"16.5": {"non_striker": "KD Karthik", "bowler": "BB Sran", "runs": {"extras": 1, "total": 1, "batsman": 0}, "extras": {"wides": 1}, "batsman": "AD Russell"}}, {"16.6": {"non_striker": "KD Karthik", "bowler": "BB Sran", "runs": {"extras": 0, "total": 0, "batsman": 0}, "batsman": "AD Russell", "wicket": {"player_out": "AD Russell", "fielders": ["KK Nair"], "kind": "caught"}}}, {"16.7": {"non_striker": "KD Karthik", "bowler": "BB Sran", "runs": {"extras": 0, "total": 4, "batsman": 4}, "batsman": "Shubman Gill"}}, {"17.1": {"non_striker": "Shubman Gill", "bowler": "AS Rajpoot", "runs": {"extras": 0, "total": 4, "batsman": 4}, "batsman": "KD Karthik"}}, {"17.2": {"non_striker": "Shubman Gill", "bowler": "AS Rajpoot", "runs": {"extras": 0, "total": 4, "batsman": 4}, "batsman": "KD Karthik"}}, {"17.3": {"non_striker": "Shubman Gill", "bowler": "AS Rajpoot", "runs": {"extras": 0, "total": 1, "batsman": 1}, "batsman": "KD Karthik"}}, {"17.4": {"non_striker": "KD Karthik", "bowler": "AS Rajpoot", "runs": {"extras": 0, "total": 0, "batsman": 0}, "batsman": "Shubman Gill"}}, {"17.5": {"non_striker": "KD Karthik", "bowler": "AS Rajpoot", "runs": {"extras": 1, "total": 1, "batsman": 0}, "extras": {"wides": 1}, "batsman": "Shubman Gill"}}, {"17.6": {"non_striker": "KD Karthik", "bowler": "AS Rajpoot", "runs": {"extras": 1, "total": 1, "batsman": 0}, "extras": {"wides": 1}, "batsman": "Shubman Gill"}}, {"17.7": {"non_striker": "KD Karthik", "bowler": "AS Rajpoot", "runs": {"extras": 0, "total": 2, "batsman": 2}, "batsman": "Shubman Gill"}}, {"17.8": {"non_striker": "KD Karthik", "bowler": "AS Rajpoot", "runs": {"extras": 0, "total": 4, "batsman": 4}, "batsman": "Shubman Gill"}}, {"18.1": {"non_striker": "Shubman Gill", "bowler": "BB Sran", "runs": {"extras": 0, "total": 1, "batsman": 1}, "batsman": "KD Karthik"}}, {"18.2": {"non_striker": "KD Karthik", "bowler": "BB Sran", "runs": {"extras": 0, "total": 1, "batsman": 1}, "batsman": "Shubman Gill"}}, {"18.3": {"non_striker": "Shubman Gill", "bowler": "BB Sran", "runs": {"extras": 0, "total": 1, "batsman": 1}, "batsman": "KD Karthik"}}, {"18.4": {"non_striker": "KD Karthik", "bowler": "BB Sran", "runs": {"extras": 0, "total": 1, "batsman": 1}, "batsman": "Shubman Gill"}}, {"18.5": {"non_striker": "Shubman Gill", "bowler": "BB Sran", "runs": {"extras": 1, "total": 1, "batsman": 0}, "extras": {"wides": 1}, "batsman": "KD Karthik"}}, {"18.6": {"non_striker": "Shubman Gill", "bowler": "BB Sran", "runs": {"extras": 0, "total": 0, "batsman": 0}, "batsman": "KD Karthik", "wicket": {"player_out": "KD Karthik", "fielders": ["AJ Tye"], "kind": "caught"}}}, {"18.7": {"non_striker": "Shubman Gill", "bowler": "BB Sran", "runs": {"extras": 0, "total": 1, "batsman": 1}, "batsman": "TK Curran"}}, {"19.1": {"non_striker": "Shubman Gill", "bowler": "AJ Tye", "runs": {"extras": 0, "total": 0, "batsman": 0}, "batsman": "TK Curran"}}, {"19.2": {"non_striker": "Shubman Gill", "bowler": "AJ Tye", "runs": {"extras": 0, "total": 0, "batsman": 0}, "batsman": "TK Curran", "wicket": {"player_out": "TK Curran", "fielders": ["AS Rajpoot"], "kind": "caught"}}}, {"19.3": {"non_striker": "Shubman Gill", "bowler": "AJ Tye", "runs": {"extras": 1, "total": 1, "batsman": 0}, "extras": {"wides": 1}, "batsman": "PP Chawla"}}, {"19.4": {"non_striker": "Shubman Gill", "bowler": "AJ Tye", "runs": {"extras": 0, "total": 1, "batsman": 1}, "batsman": "PP Chawla"}}, {"19.5": {"non_striker": "PP Chawla", "bowler": "AJ Tye", "runs": {"extras": 0, "total": 1, "batsman": 1}, "batsman": "Shubman Gill"}}, {"19.6": {"non_striker": "Shubman Gill", "bowler": "AJ Tye", "runs": {"extras": 0, "total": 1, "batsman": 1}, "batsman": "PP Chawla"}}, {"19.7": {"non_striker": "PP Chawla", "bowler": "AJ Tye", "runs": {"extras": 0, "total": 1, "batsman": 1}, "batsman": "Shubman Gill"}}]