[{"0.1": {"non_striker": "CA Lynn", "bowler": "K Gowtham", "runs": {"extras": 0, "total": 6, "batsman": 6}, "batsman": "SP Narine"}}, {"0.2": {"non_striker": "CA Lynn", "bowler": "K Gowtham", "runs": {"extras": 0, "total": 4, "batsman": 4}, "batsman": "SP Narine"}}, {"0.3": {"non_striker": "CA Lynn", "bowler": "K Gowtham", "runs": {"extras": 0, "total": 6, "batsman": 6}, "batsman": "SP Narine"}}, {"0.4": {"non_striker": "CA Lynn", "bowler": "K Gowtham", "runs": {"extras": 0, "total": 4, "batsman": 4}, "batsman": "SP Narine"}}, {"0.5": {"non_striker": "CA Lynn", "bowler": "K Gowtham", "runs": {"extras": 0, "total": 1, "batsman": 1}, "batsman": "SP Narine"}}, {"0.6": {"non_striker": "SP Narine", "bowler": "K Gowtham", "runs": {"extras": 0, "total": 0, "batsman": 0}, "batsman": "CA Lynn"}}, {"1.1": {"non_striker": "CA Lynn", "bowler": "BA Stokes", "runs": {"extras": 0, "total": 0, "batsman": 0}, "batsman": "SP Narine"}}, {"1.2": {"non_striker": "CA Lynn", "bowler": "BA Stokes", "runs": {"extras": 0, "total": 0, "batsman": 0}, "batsman": "SP Narine", "wicket": {"player_out": "SP Narine", "fielders": ["K Gowtham"], "kind": "caught"}}}, {"1.3": {"non_striker": "RV Uthappa", "bowler": "BA Stokes", "runs": {"extras": 0, "total": 0, "batsman": 0}, "batsman": "CA Lynn"}}, {"1.4": {"non_striker": "RV Uthappa", "bowler": "BA Stokes", "runs": {"extras": 0, "total": 0, "batsman": 0}, "batsman": "CA Lynn"}}, {"1.5": {"non_striker": "RV Uthappa", "bowler": "BA Stokes", "runs": {"extras": 0, "total": 0, "batsman": 0}, "batsman": "CA Lynn"}}, {"1.6": {"non_striker": "RV Uthappa", "bowler": "BA Stokes", "runs": {"extras": 0, "total": 0, "batsman": 0}, "batsman": "CA Lynn"}}, {"2.1": {"non_striker": "CA Lynn", "bowler": "JC Archer", "runs": {"extras": 0, "total": 0, "batsman": 0}, "batsman": "RV Uthappa"}}, {"2.2": {"non_striker": "CA Lynn", "bowler": "JC Archer", "runs": {"extras": 0, "total": 0, "batsman": 0}, "batsman": "RV Uthappa"}}, {"2.3": {"non_striker": "CA Lynn", "bowler": "JC Archer", "runs": {"extras": 0, "total": 1, "batsman": 1}, "batsman": "RV Uthappa"}}, {"2.4": {"non_striker": "RV Uthappa", "bowler": "JC Archer", "runs": {"extras": 0, "total": 6, "batsman": 6}, "batsman": "CA Lynn"}}, {"2.5": {"non_striker": "RV Uthappa", "bowler": "JC Archer", "runs": {"extras": 0, "total": 4, "batsman": 4}, "batsman": "CA Lynn"}}, {"2.6": {"non_striker": "RV Uthappa", "bowler": "JC Archer", "runs": {"extras": 0, "total": 0, "batsman": 0}, "batsman": "CA Lynn"}}, {"3.1": {"non_striker": "CA Lynn", "bowler": "BA Stokes", "runs": {"extras": 0, "total": 1, "batsman": 1}, "batsman": "RV Uthappa"}}, {"3.2": {"non_striker": "RV Uthappa", "bowler": "BA Stokes", "runs": {"extras": 0, "total": 0, "batsman": 0}, "batsman": "CA Lynn"}}, {"3.3": {"non_striker": "RV Uthappa", "bowler": "BA Stokes", "runs": {"extras": 0, "total": 1, "batsman": 1}, "batsman": "CA Lynn"}}, {"3.4": {"non_striker": "CA Lynn", "bowler": "BA Stokes", "runs": {"extras": 0, "total": 2, "batsman": 2}, "batsman": "RV Uthappa"}}, {"3.5": {"non_striker": "CA Lynn", "bowler": "BA Stokes", "runs": {"extras": 0, "total": 0, "batsman": 0}, "batsman": "RV Uthappa", "wicket": {"player_out": "RV Uthappa", "fielders": ["RA Tripathi"], "kind": "caught"}}}, {"3.6": {"non_striker": "N Rana", "bowler": "BA Stokes", "runs": {"extras": 0, "total": 4, "batsman": 4}, "batsman": "CA Lynn"}}, {"4.1": {"non_striker": "CA Lynn", "bowler": "JC Archer", "runs": {"extras": 0, "total": 0, "batsman": 0}, "batsman": "N Rana"}}, {"4.2": {"non_striker": "CA Lynn", "bowler": "JC Archer", "runs": {"extras": 0, "total": 0, "batsman": 0}, "batsman": "N Rana"}}, {"4.3": {"non_striker": "CA Lynn", "bowler": "JC Archer", "runs": {"extras": 0, "total": 0, "batsman": 0}, "batsman": "N Rana"}}, {"4.4": {"non_striker": "CA Lynn", "bowler": "JC Archer", "runs": {"extras": 0, "total": 0, "batsman": 0}, "batsman": "N Rana"}}, {"4.5": {"non_striker": "CA Lynn", "bowler": "JC Archer", "runs": {"extras": 0, "total": 4, "batsman": 4}, "batsman": "N Rana"}}, {"4.6": {"non_striker": "CA Lynn", "bowler": "JC Archer", "runs": {"extras": 0, "total": 2, "batsman": 2}, "batsman": "N Rana"}}, {"5.1": {"non_striker": "N Rana", "bowler": "BA Stokes", "runs": {"extras": 0, "total": 0, "batsman": 0}, "batsman": "CA Lynn"}}, {"5.2": {"non_striker": "N Rana", "bowler": "BA Stokes", "runs": {"extras": 0, "total": 1, "batsman": 1}, "batsman": "CA Lynn"}}, {"5.3": {"non_striker": "CA Lynn", "bowler": "BA Stokes", "runs": {"extras": 0, "total": 1, "batsman": 1}, "batsman": "N Rana"}}, {"5.4": {"non_striker": "N Rana", "bowler": "BA Stokes", "runs": {"extras": 0, "total": 1, "batsman": 1}, "batsman": "CA Lynn"}}, {"5.5": {"non_striker": "CA Lynn", "bowler": "BA Stokes", "runs": {"extras": 1, "total": 1, "batsman": 0}, "extras": {"wides": 1}, "batsman": "N Rana"}}, {"5.6": {"non_striker": "CA Lynn", "bowler": "BA Stokes", "runs": {"extras": 0, "total": 0, "batsman": 0}, "batsman": "N Rana"}}, {"5.7": {"non_striker": "CA Lynn", "bowler": "BA Stokes", "runs": {"extras": 0, "total": 1, "batsman": 1}, "batsman": "N Rana"}}, {"6.1": {"non_striker": "CA Lynn", "bowler": "IS Sodhi", "runs": {"extras": 0, "total": 1, "batsman": 1}, "batsman": "N Rana"}}, {"6.2": {"non_striker": "N Rana", "bowler": "IS Sodhi", "runs": {"extras": 0, "total": 0, "batsman": 0}, "batsman": "CA Lynn"}}, {"6.3": {"non_striker": "N Rana", "bowler": "IS Sodhi", "runs": {"extras": 0, "total": 1, "batsman": 1}, "batsman": "CA Lynn"}}, {"6.4": {"non_striker": "CA Lynn", "bowler": "IS Sodhi", "runs": {"extras": 0, "total": 4, "batsman": 4}, "batsman": "N Rana"}}, {"6.5": {"non_striker": "CA Lynn", "bowler": "IS Sodhi", "runs": {"extras": 0, "total": 0, "batsman": 0}, "batsman": "N Rana"}}, {"6.6": {"non_striker": "CA Lynn", "bowler": "IS Sodhi", "runs": {"extras": 0, "total": 0, "batsman": 0}, "batsman": "N Rana"}}, {"7.1": {"non_striker": "N Rana", "bowler": "K Gowtham", "runs": {"extras": 0, "total": 1, "batsman": 1}, "batsman": "CA Lynn"}}, {"7.2": {"non_striker": "CA Lynn", "bowler": "K Gowtham", "runs": {"extras": 0, "total": 1, "batsman": 1}, "batsman": "N Rana"}}, {"7.3": {"non_striker": "N Rana", "bowler": "K Gowtham", "runs": {"extras": 0, "total": 1, "batsman": 1}, "batsman": "CA Lynn"}}, {"7.4": {"non_striker": "CA Lynn", "bowler": "K Gowtham", "runs": {"extras": 0, "total": 6, "batsman": 6}, "batsman": "N Rana"}}, {"7.5": {"non_striker": "CA Lynn", "bowler": "K Gowtham", "runs": {"extras": 0, "total": 1, "batsman": 1}, "batsman": "N Rana"}}, {"7.6": {"non_striker": "N Rana", "bowler": "K Gowtham", "runs": {"extras": 0, "total": 1, "batsman": 1}, "batsman": "CA Lynn"}}, {"8.1": {"non_striker": "N Rana", "bowler": "IS Sodhi", "runs": {"extras": 0, "total": 1, "batsman": 1}, "batsman": "CA Lynn"}}, {"8.2": {"non_striker": "CA Lynn", "bowler": "IS Sodhi", "runs": {"extras": 0, "total": 0, "batsman": 0}, "batsman": "N Rana", "wicket": {"player_out": "N Rana", "kind": "lbw"}}}, {"8.3": {"non_striker": "CA Lynn", "bowler": "IS Sodhi", "runs": {"extras": 0, "total": 1, "batsman": 1}, "batsman": "KD Karthik"}}, {"8.4": {"non_striker": "KD Karthik", "bowler": "IS Sodhi", "runs": {"extras": 0, "total": 1, "batsman": 1}, "batsman": "CA Lynn"}}, {"8.5": {"non_striker": "CA Lynn", "bowler": "IS Sodhi", "runs": {"extras": 0, "total": 0, "batsman": 0}, "batsman": "KD Karthik"}}, {"8.6": {"non_striker": "CA Lynn", "bowler": "IS Sodhi", "runs": {"extras": 0, "total": 2, "batsman": 2}, "batsman": "KD Karthik"}}, {"9.1": {"non_striker": "KD Karthik", "bowler": "JD Unadkat", "runs": {"extras": 0, "total": 1, "batsman": 1}, "batsman": "CA Lynn"}}, {"9.2": {"non_striker": "CA Lynn", "bowler": "JD Unadkat", "runs": {"extras": 0, "total": 1, "batsman": 1}, "batsman": "KD Karthik"}}, {"9.3": {"non_striker": "KD Karthik", "bowler": "JD Unadkat", "runs": {"extras": 0, "total": 0, "batsman": 0}, "batsman": "CA Lynn"}}, {"9.4": {"non_striker": "KD Karthik", "bowler": "JD Unadkat", "runs": {"extras": 0, "total": 1, "batsman": 1}, "batsman": "CA Lynn"}}, {"9.5": {"non_striker": "CA Lynn", "bowler": "JD Unadkat", "runs": {"extras": 0, "total": 4, "batsman": 4}, "batsman": "KD Karthik"}}, {"9.6": {"non_striker": "CA Lynn", "bowler": "JD Unadkat", "runs": {"extras": 0, "total": 0, "batsman": 0}, "batsman": "KD Karthik"}}, {"10.1": {"non_striker": "KD Karthik", "bowler": "IS Sodhi", "runs": {"extras": 0, "total": 0, "batsman": 0}, "batsman": "CA Lynn"}}, {"10.2": {"non_striker": "KD Karthik", "bowler": "IS Sodhi", "runs": {"extras": 0, "total": 1, "batsman": 1}, "batsman": "CA Lynn"}}, {"10.3": {"non_striker": "CA Lynn", "bowler": "IS Sodhi", "runs": {"extras": 0, "total": 0, "batsman": 0}, "batsman": "KD Karthik"}}, {"10.4": {"non_striker": "CA Lynn", "bowler": "IS Sodhi", "runs": {"extras": 0, "total": 0, "batsman": 0}, "batsman": "KD Karthik"}}, {"10.5": {"non_striker": "CA Lynn", "bowler": "IS Sodhi", "runs": {"extras": 0, "total": 1, "batsman": 1}, "batsman": "KD Karthik"}}, {"10.6": {"non_striker": "KD Karthik", "bowler": "IS Sodhi", "runs": {"extras": 0, "total": 1, "batsman": 1}, "batsman": "CA Lynn"}}, {"11.1": {"non_striker": "KD Karthik", "bowler": "JD Unadkat", "runs": {"extras": 0, "total": 0, "batsman": 0}, "batsman": "CA Lynn"}}, {"11.2": {"non_striker": "KD Karthik", "bowler": "JD Unadkat", "runs": {"extras": 0, "total": 0, "batsman": 0}, "batsman": "CA Lynn"}}, {"11.3": {"non_striker": "KD Karthik", "bowler": "JD Unadkat", "runs": {"extras": 0, "total": 4, "batsman": 4}, "batsman": "CA Lynn"}}, {"11.4": {"non_striker": "KD Karthik", "bowler": "JD Unadkat", "runs": {"extras": 0, "total": 1, "batsman": 1}, "batsman": "CA Lynn"}}, {"11.5": {"non_striker": "CA Lynn", "bowler": "JD Unadkat", "runs": {"extras": 0, "total": 1, "batsman": 1}, "batsman": "KD Karthik"}}, {"11.6": {"non_striker": "KD Karthik", "bowler": "JD Unadkat", "runs": {"extras": 0, "total": 0, "batsman": 0}, "batsman": "CA Lynn"}}, {"12.1": {"non_striker": "CA Lynn", "bowler": "Anureet Singh", "runs": {"extras": 0, "total": 1, "batsman": 1}, "batsman": "KD Karthik"}}, {"12.2": {"non_striker": "KD Karthik", "bowler": "Anureet Singh", "runs": {"extras": 0, "total": 1, "batsman": 1}, "batsman": "CA Lynn"}}, {"12.3": {"non_striker": "CA Lynn", "bowler": "Anureet Singh", "runs": {"extras": 0, "total": 2, "batsman": 2}, "batsman": "KD Karthik"}}, {"12.4": {"non_striker": "CA Lynn", "bowler": "Anureet Singh", "runs": {"extras": 0, "total": 1, "batsman": 1}, "batsman": "KD Karthik"}}, {"12.5": {"non_striker": "KD Karthik", "bowler": "Anureet Singh", "runs": {"extras": 0, "total": 1, "batsman": 1}, "batsman": "CA Lynn"}}, {"12.6": {"non_striker": "CA Lynn", "bowler": "Anureet Singh", "runs": {"extras": 0, "total": 4, "batsman": 4}, "batsman": "KD Karthik"}}, {"13.1": {"non_striker": "KD Karthik", "bowler": "JC Archer", "runs": {"extras": 0, "total": 4, "batsman": 4}, "batsman": "CA Lynn"}}, {"13.2": {"non_striker": "KD Karthik", "bowler": "JC Archer", "runs": {"extras": 0, "total": 0, "batsman": 0}, "batsman": "CA Lynn"}}, {"13.3": {"non_striker": "KD Karthik", "bowler": "JC Archer", "runs": {"extras": 0, "total": 1, "batsman": 1}, "batsman": "CA Lynn"}}, {"13.4": {"non_striker": "CA Lynn", "bowler": "JC Archer", "runs": {"extras": 0, "total": 0, "batsman": 0}, "batsman": "KD Karthik"}}, {"13.5": {"non_striker": "CA Lynn", "bowler": "JC Archer", "runs": {"extras": 0, "total": 1, "batsman": 1}, "batsman": "KD Karthik"}}, {"13.6": {"non_striker": "KD Karthik", "bowler": "JC Archer", "runs": {"extras": 0, "total": 4, "batsman": 4}, "batsman": "CA Lynn"}}, {"14.1": {"non_striker": "CA Lynn", "bowler": "IS Sodhi", "runs": {"extras": 0, "total": 0, "batsman": 0}, "batsman": "KD Karthik"}}, {"14.2": {"non_striker": "CA Lynn", "bowler": "IS Sodhi", "runs": {"extras": 0, "total": 4, "batsman": 4}, "batsman": "KD Karthik"}}, {"14.3": {"non_striker": "CA Lynn", "bowler": "IS Sodhi", "runs": {"extras": 0, "total": 1, "batsman": 1}, "batsman": "KD Karthik"}}, {"14.4": {"non_striker": "KD Karthik", "bowler": "IS Sodhi", "runs": {"extras": 0, "total": 0, "batsman": 0}, "batsman": "CA Lynn"}}, {"14.5": {"non_striker": "KD Karthik", "bowler": "IS Sodhi", "runs": {"extras": 0, "total": 2, "batsman": 2}, "batsman": "CA Lynn"}}, {"14.6": {"non_striker": "KD Karthik", "bowler": "IS Sodhi", "runs": {"extras": 0, "total": 0, "batsman": 0}, "batsman": "CA Lynn"}}, {"15.1": {"non_striker": "CA Lynn", "bowler": "BA Stokes", "runs": {"extras": 0, "total": 1, "batsman": 1}, "batsman": "KD Karthik"}}, {"15.2": {"non_striker": "KD Karthik", "bowler": "BA Stokes", "runs": {"extras": 0, "total": 0, "batsman": 0}, "batsman": "CA Lynn", "wicket": {"player_out": "CA Lynn", "fielders": ["Anureet Singh"], "kind": "caught"}}}, {"15.3": {"non_striker": "AD Russell", "bowler": "BA Stokes", "runs": {"extras": 1, "total": 1, "batsman": 0}, "extras": {"legbyes": 1}, "batsman": "KD Karthik"}}, {"15.4": {"non_striker": "KD Karthik", "bowler": "BA Stokes", "runs": {"extras": 0, "total": 1, "batsman": 1}, "batsman": "AD Russell"}}, {"15.5": {"non_striker": "AD Russell", "bowler": "BA Stokes", "runs": {"extras": 0, "total": 0, "batsman": 0}, "batsman": "KD Karthik"}}, {"15.6": {"non_striker": "AD Russell", "bowler": "BA Stokes", "runs": {"extras": 0, "total": 0, "batsman": 0}, "batsman": "KD Karthik"}}, {"16.1": {"non_striker": "KD Karthik", "bowler": "JD Unadkat", "runs": {"extras": 0, "total": 4, "batsman": 4}, "batsman": "AD Russell"}}, {"16.2": {"non_striker": "KD Karthik", "bowler": "JD Unadkat", "runs": {"extras": 0, "total": 1, "batsman": 1}, "batsman": "AD Russell"}}, {"16.3": {"non_striker": "AD Russell", "bowler": "JD Unadkat", "runs": {"extras": 0, "total": 4, "batsman": 4}, "batsman": "KD Karthik"}}, {"16.4": {"non_striker": "AD Russell", "bowler": "JD Unadkat", "runs": {"extras": 0, "total": 0, "batsman": 0}, "batsman": "KD Karthik"}}, {"16.5": {"non_striker": "AD Russell", "bowler": "JD Unadkat", "runs": {"extras": 0, "total": 0, "batsman": 0}, "batsman": "KD Karthik"}}, {"16.6": {"non_striker": "AD Russell", "bowler": "JD Unadkat", "runs": {"extras": 0, "total": 1, "batsman": 1}, "batsman": "KD Karthik"}}, {"17.1": {"non_striker": "AD Russell", "bowler": "JC Archer", "runs": {"extras": 0, "total": 1, "batsman": 1}, "batsman": "KD Karthik"}}, {"17.2": {"non_striker": "KD Karthik", "bowler": "JC Archer", "runs": {"extras": 0, "total": 4, "batsman": 4}, "batsman": "AD Russell"}}, {"17.3": {"non_striker": "KD Karthik", "bowler": "JC Archer", "runs": {"extras": 0, "total": 1, "batsman": 1}, "batsman": "AD Russell"}}, {"17.4": {"non_striker": "AD Russell", "bowler": "JC Archer", "runs": {"extras": 0, "total": 0, "batsman": 0}, "batsman": "KD Karthik"}}, {"17.5": {"non_striker": "AD Russell", "bowler": "JC Archer", "runs": {"extras": 0, "total": 4, "batsman": 4}, "batsman": "KD Karthik"}}, {"17.6": {"non_striker": "AD Russell", "bowler": "JC Archer", "runs": {"extras": 0, "total": 6, "batsman": 6}, "batsman": "KD Karthik"}}]