[{"0.1": {"non_striker": "JJ Roy", "bowler": "YS Chahal", "runs": {"extras": 0, "total": 0, "batsman": 0}, "batsman": "PP Shaw"}}, {"0.2": {"non_striker": "JJ Roy", "bowler": "YS Chahal", "runs": {"extras": 0, "total": 1, "batsman": 1}, "batsman": "PP Shaw"}}, {"0.3": {"non_striker": "PP Shaw", "bowler": "YS Chahal", "runs": {"extras": 0, "total": 1, "batsman": 1}, "batsman": "JJ Roy"}}, {"0.4": {"non_striker": "JJ Roy", "bowler": "YS Chahal", "runs": {"extras": 0, "total": 1, "batsman": 1}, "batsman": "PP Shaw"}}, {"0.5": {"non_striker": "PP Shaw", "bowler": "YS Chahal", "runs": {"extras": 0, "total": 1, "batsman": 1}, "batsman": "JJ Roy"}}, {"0.6": {"non_striker": "JJ Roy", "bowler": "YS Chahal", "runs": {"extras": 0, "total": 0, "batsman": 0}, "batsman": "PP Shaw", "wicket": {"player_out": "PP Shaw", "kind": "bowled"}}}, {"1.1": {"non_striker": "SS Iyer", "bowler": "UT Yadav", "runs": {"extras": 0, "total": 6, "batsman": 6}, "batsman": "JJ Roy"}}, {"1.2": {"non_striker": "SS Iyer", "bowler": "UT Yadav", "runs": {"extras": 0, "total": 0, "batsman": 0}, "batsman": "JJ Roy"}}, {"1.3": {"non_striker": "SS Iyer", "bowler": "UT Yadav", "runs": {"extras": 0, "total": 0, "batsman": 0}, "batsman": "JJ Roy"}}, {"1.4": {"non_striker": "SS Iyer", "bowler": "UT Yadav", "runs": {"extras": 1, "total": 1, "batsman": 0}, "extras": {"wides": 1}, "batsman": "JJ Roy"}}, {"1.5": {"non_striker": "SS Iyer", "bowler": "UT Yadav", "runs": {"extras": 0, "total": 0, "batsman": 0}, "batsman": "JJ Roy"}}, {"1.6": {"non_striker": "SS Iyer", "bowler": "UT Yadav", "runs": {"extras": 0, "total": 4, "batsman": 4}, "batsman": "JJ Roy"}}, {"1.7": {"non_striker": "SS Iyer", "bowler": "UT Yadav", "runs": {"extras": 0, "total": 0, "batsman": 0}, "batsman": "JJ Roy"}}, {"2.1": {"non_striker": "JJ Roy", "bowler": "YS Chahal", "runs": {"extras": 0, "total": 0, "batsman": 0}, "batsman": "SS Iyer"}}, {"2.2": {"non_striker": "JJ Roy", "bowler": "YS Chahal", "runs": {"extras": 0, "total": 0, "batsman": 0}, "batsman": "SS Iyer"}}, {"2.3": {"non_striker": "JJ Roy", "bowler": "YS Chahal", "runs": {"extras": 0, "total": 1, "batsman": 1}, "batsman": "SS Iyer"}}, {"2.4": {"non_striker": "SS Iyer", "bowler": "YS Chahal", "runs": {"extras": 0, "total": 0, "batsman": 0}, "batsman": "JJ Roy", "wicket": {"player_out": "JJ Roy", "kind": "bowled"}}}, {"2.5": {"non_striker": "SS Iyer", "bowler": "YS Chahal", "runs": {"extras": 0, "total": 1, "batsman": 1}, "batsman": "RR Pant"}}, {"2.6": {"non_striker": "RR Pant", "bowler": "YS Chahal", "runs": {"extras": 0, "total": 4, "batsman": 4}, "batsman": "SS Iyer"}}, {"3.1": {"non_striker": "SS Iyer", "bowler": "TG Southee", "runs": {"extras": 0, "total": 0, "batsman": 0}, "batsman": "RR Pant"}}, {"3.2": {"non_striker": "SS Iyer", "bowler": "TG Southee", "runs": {"extras": 0, "total": 4, "batsman": 4}, "batsman": "RR Pant"}}, {"3.3": {"non_striker": "SS Iyer", "bowler": "TG Southee", "runs": {"extras": 1, "total": 1, "batsman": 0}, "extras": {"wides": 1}, "batsman": "RR Pant"}}, {"3.4": {"non_striker": "SS Iyer", "bowler": "TG Southee", "runs": {"extras": 0, "total": 2, "batsman": 2}, "batsman": "RR Pant"}}, {"3.5": {"non_striker": "SS Iyer", "bowler": "TG Southee", "runs": {"extras": 0, "total": 0, "batsman": 0}, "batsman": "RR Pant"}}, {"3.6": {"non_striker": "SS Iyer", "bowler": "TG Southee", "runs": {"extras": 0, "total": 0, "batsman": 0}, "batsman": "RR Pant"}}, {"3.7": {"non_striker": "SS Iyer", "bowler": "TG Southee", "runs": {"extras": 0, "total": 0, "batsman": 0}, "batsman": "RR Pant"}}, {"4.1": {"non_striker": "RR Pant", "bowler": "UT Yadav", "runs": {"extras": 0, "total": 1, "batsman": 1}, "batsman": "SS Iyer"}}, {"4.2": {"non_striker": "SS Iyer", "bowler": "UT Yadav", "runs": {"extras": 0, "total": 1, "batsman": 1}, "batsman": "RR Pant"}}, {"4.3": {"non_striker": "RR Pant", "bowler": "UT Yadav", "runs": {"extras": 1, "total": 1, "batsman": 0}, "extras": {"legbyes": 1}, "batsman": "SS Iyer"}}, {"4.4": {"non_striker": "SS Iyer", "bowler": "UT Yadav", "runs": {"extras": 0, "total": 4, "batsman": 4}, "batsman": "RR Pant"}}, {"4.5": {"non_striker": "SS Iyer", "bowler": "UT Yadav", "runs": {"extras": 0, "total": 0, "batsman": 0}, "batsman": "RR Pant"}}, {"4.6": {"non_striker": "SS Iyer", "bowler": "UT Yadav", "runs": {"extras": 0, "total": 4, "batsman": 4}, "batsman": "RR Pant"}}, {"5.1": {"non_striker": "RR Pant", "bowler": "TG Southee", "runs": {"extras": 0, "total": 2, "batsman": 2}, "batsman": "SS Iyer"}}, {"5.2": {"non_striker": "RR Pant", "bowler": "TG Southee", "runs": {"extras": 0, "total": 0, "batsman": 0}, "batsman": "SS Iyer"}}, {"5.3": {"non_striker": "RR Pant", "bowler": "TG Southee", "runs": {"extras": 0, "total": 1, "batsman": 1}, "batsman": "SS Iyer"}}, {"5.4": {"non_striker": "SS Iyer", "bowler": "TG Southee", "runs": {"extras": 0, "total": 1, "batsman": 1}, "batsman": "RR Pant"}}, {"5.5": {"non_striker": "RR Pant", "bowler": "TG Southee", "runs": {"extras": 0, "total": 0, "batsman": 0}, "batsman": "SS Iyer"}}, {"5.6": {"non_striker": "RR Pant", "bowler": "TG Southee", "runs": {"extras": 0, "total": 1, "batsman": 1}, "batsman": "SS Iyer"}}, {"6.1": {"non_striker": "RR Pant", "bowler": "MM Ali", "runs": {"extras": 0, "total": 1, "batsman": 1}, "batsman": "SS Iyer"}}, {"6.2": {"non_striker": "SS Iyer", "bowler": "MM Ali", "runs": {"extras": 0, "total": 0, "batsman": 0}, "batsman": "RR Pant"}}, {"6.3": {"non_striker": "SS Iyer", "bowler": "MM Ali", "runs": {"extras": 0, "total": 1, "batsman": 1}, "batsman": "RR Pant"}}, {"6.4": {"non_striker": "RR Pant", "bowler": "MM Ali", "runs": {"extras": 0, "total": 0, "batsman": 0}, "batsman": "SS Iyer"}}, {"6.5": {"non_striker": "RR Pant", "bowler": "MM Ali", "runs": {"extras": 1, "total": 1, "batsman": 0}, "extras": {"wides": 1}, "batsman": "SS Iyer"}}, {"6.6": {"non_striker": "RR Pant", "bowler": "MM Ali", "runs": {"extras": 0, "total": 0, "batsman": 0}, "batsman": "SS Iyer"}}, {"6.7": {"non_striker": "RR Pant", "bowler": "MM Ali", "runs": {"extras": 0, "total": 1, "batsman": 1}, "batsman": "SS Iyer"}}, {"7.1": {"non_striker": "RR Pant", "bowler": "Mohammed Siraj", "runs": {"extras": 0, "total": 0, "batsman": 0}, "batsman": "SS Iyer"}}, {"7.2": {"non_striker": "RR Pant", "bowler": "Mohammed Siraj", "runs": {"extras": 0, "total": 1, "batsman": 1}, "batsman": "SS Iyer"}}, {"7.3": {"non_striker": "SS Iyer", "bowler": "Mohammed Siraj", "runs": {"extras": 0, "total": 6, "batsman": 6}, "batsman": "RR Pant"}}, {"7.4": {"non_striker": "SS Iyer", "bowler": "Mohammed Siraj", "runs": {"extras": 0, "total": 6, "batsman": 6}, "batsman": "RR Pant"}}, {"7.5": {"non_striker": "SS Iyer", "bowler": "Mohammed Siraj", "runs": {"extras": 0, "total": 1, "batsman": 1}, "batsman": "RR Pant"}}, {"7.6": {"non_striker": "RR Pant", "bowler": "Mohammed Siraj", "runs": {"extras": 0, "total": 0, "batsman": 0}, "batsman": "SS Iyer"}}, {"8.1": {"non_striker": "SS Iyer", "bowler": "MM Ali", "runs": {"extras": 0, "total": 1, "batsman": 1}, "batsman": "RR Pant"}}, {"8.2": {"non_striker": "RR Pant", "bowler": "MM Ali", "runs": {"extras": 0, "total": 0, "batsman": 0}, "batsman": "SS Iyer"}}, {"8.3": {"non_striker": "RR Pant", "bowler": "MM Ali", "runs": {"extras": 0, "total": 0, "batsman": 0}, "batsman": "SS Iyer"}}, {"8.4": {"non_striker": "RR Pant", "bowler": "MM Ali", "runs": {"extras": 0, "total": 1, "batsman": 1}, "batsman": "SS Iyer"}}, {"8.5": {"non_striker": "SS Iyer", "bowler": "MM Ali", "runs": {"extras": 0, "total": 1, "batsman": 1}, "batsman": "RR Pant"}}, {"8.6": {"non_striker": "RR Pant", "bowler": "MM Ali", "runs": {"extras": 0, "total": 1, "batsman": 1}, "batsman": "SS Iyer"}}, {"9.1": {"non_striker": "RR Pant", "bowler": "C de Grandhomme", "runs": {"extras": 0, "total": 4, "batsman": 4}, "batsman": "SS Iyer"}}, {"9.2": {"non_striker": "RR Pant", "bowler": "C de Grandhomme", "runs": {"extras": 0, "total": 1, "batsman": 1}, "batsman": "SS Iyer"}}, {"9.3": {"non_striker": "SS Iyer", "bowler": "C de Grandhomme", "runs": {"extras": 0, "total": 1, "batsman": 1}, "batsman": "RR Pant"}}, {"9.4": {"non_striker": "RR Pant", "bowler": "C de Grandhomme", "runs": {"extras": 0, "total": 1, "batsman": 1}, "batsman": "SS Iyer"}}, {"9.5": {"non_striker": "SS Iyer", "bowler": "C de Grandhomme", "runs": {"extras": 0, "total": 1, "batsman": 1}, "batsman": "RR Pant"}}, {"9.6": {"non_striker": "RR Pant", "bowler": "C de Grandhomme", "runs": {"extras": 0, "total": 4, "batsman": 4}, "batsman": "SS Iyer"}}, {"10.1": {"non_striker": "SS Iyer", "bowler": "MM Ali", "runs": {"extras": 0, "total": 6, "batsman": 6}, "batsman": "RR Pant"}}, {"10.2": {"non_striker": "SS Iyer", "bowler": "MM Ali", "runs": {"extras": 0, "total": 0, "batsman": 0}, "batsman": "RR Pant"}}, {"10.3": {"non_striker": "SS Iyer", "bowler": "MM Ali", "runs": {"extras": 0, "total": 1, "batsman": 1}, "batsman": "RR Pant"}}, {"10.4": {"non_striker": "RR Pant", "bowler": "MM Ali", "runs": {"extras": 0, "total": 0, "batsman": 0}, "batsman": "SS Iyer"}}, {"10.5": {"non_striker": "RR Pant", "bowler": "MM Ali", "runs": {"extras": 0, "total": 1, "batsman": 1}, "batsman": "SS Iyer"}}, {"10.6": {"non_striker": "SS Iyer", "bowler": "MM Ali", "runs": {"extras": 0, "total": 1, "batsman": 1}, "batsman": "RR Pant"}}, {"11.1": {"non_striker": "SS Iyer", "bowler": "YS Chahal", "runs": {"extras": 0, "total": 6, "batsman": 6}, "batsman": "RR Pant"}}, {"11.2": {"non_striker": "SS Iyer", "bowler": "YS Chahal", "runs": {"extras": 0, "total": 4, "batsman": 4}, "batsman": "RR Pant"}}, {"11.3": {"non_striker": "SS Iyer", "bowler": "YS Chahal", "runs": {"extras": 0, "total": 1, "batsman": 1}, "batsman": "RR Pant"}}, {"11.4": {"non_striker": "RR Pant", "bowler": "YS Chahal", "runs": {"extras": 0, "total": 1, "batsman": 1}, "batsman": "SS Iyer"}}, {"11.5": {"non_striker": "SS Iyer", "bowler": "YS Chahal", "runs": {"extras": 0, "total": 0, "batsman": 0}, "batsman": "RR Pant"}}, {"11.6": {"non_striker": "SS Iyer", "bowler": "YS Chahal", "runs": {"extras": 0, "total": 2, "batsman": 2}, "batsman": "RR Pant"}}, {"12.1": {"non_striker": "RR Pant", "bowler": "MM Ali", "runs": {"extras": 1, "total": 1, "batsman": 0}, "extras": {"wides": 1}, "batsman": "SS Iyer"}}, {"12.2": {"non_striker": "RR Pant", "bowler": "MM Ali", "runs": {"extras": 0, "total": 1, "batsman": 1}, "batsman": "SS Iyer"}}, {"12.3": {"non_striker": "SS Iyer", "bowler": "MM Ali", "runs": {"extras": 0, "total": 0, "batsman": 0}, "batsman": "RR Pant"}}, {"12.4": {"non_striker": "SS Iyer", "bowler": "MM Ali", "runs": {"extras": 0, "total": 1, "batsman": 1}, "batsman": "RR Pant"}}, {"12.5": {"non_striker": "RR Pant", "bowler": "MM Ali", "runs": {"extras": 0, "total": 1, "batsman": 1}, "batsman": "SS Iyer"}}, {"12.6": {"non_striker": "SS Iyer", "bowler": "MM Ali", "runs": {"extras": 0, "total": 4, "batsman": 4}, "batsman": "RR Pant"}}, {"12.7": {"non_striker": "SS Iyer", "bowler": "MM Ali", "runs": {"extras": 0, "total": 0, "batsman": 0}, "batsman": "RR Pant", "wicket": {"player_out": "RR Pant", "fielders": ["AB de Villiers"], "kind": "caught"}}}, {"13.1": {"non_striker": "SS Iyer", "bowler": "YS Chahal", "runs": {"extras": 0, "total": 0, "batsman": 0}, "batsman": "V Shankar"}}, {"13.2": {"non_striker": "SS Iyer", "bowler": "YS Chahal", "runs": {"extras": 0, "total": 0, "batsman": 0}, "batsman": "V Shankar"}}, {"13.3": {"non_striker": "SS Iyer", "bowler": "YS Chahal", "runs": {"extras": 0, "total": 1, "batsman": 1}, "batsman": "V Shankar"}}, {"13.4": {"non_striker": "V Shankar", "bowler": "YS Chahal", "runs": {"extras": 0, "total": 1, "batsman": 1}, "batsman": "SS Iyer"}}, {"13.5": {"non_striker": "SS Iyer", "bowler": "YS Chahal", "runs": {"extras": 0, "total": 0, "batsman": 0}, "batsman": "V Shankar"}}, {"13.6": {"non_striker": "SS Iyer", "bowler": "YS Chahal", "runs": {"extras": 0, "total": 2, "batsman": 2}, "batsman": "V Shankar"}}, {"14.1": {"non_striker": "V Shankar", "bowler": "UT Yadav", "runs": {"extras": 0, "total": 1, "batsman": 1}, "batsman": "SS Iyer"}}, {"14.2": {"non_striker": "SS Iyer", "bowler": "UT Yadav", "runs": {"extras": 0, "total": 0, "batsman": 0}, "batsman": "V Shankar"}}, {"14.3": {"non_striker": "SS Iyer", "bowler": "UT Yadav", "runs": {"extras": 0, "total": 4, "batsman": 4}, "batsman": "V Shankar"}}, {"14.4": {"non_striker": "SS Iyer", "bowler": "UT Yadav", "runs": {"extras": 0, "total": 0, "batsman": 0}, "batsman": "V Shankar"}}, {"14.5": {"non_striker": "SS Iyer", "bowler": "UT Yadav", "runs": {"extras": 0, "total": 1, "batsman": 1}, "batsman": "V Shankar"}}, {"14.6": {"non_striker": "V Shankar", "bowler": "UT Yadav", "runs": {"extras": 0, "total": 1, "batsman": 1}, "batsman": "SS Iyer"}}, {"15.1": {"non_striker": "V Shankar", "bowler": "Mohammed Siraj", "runs": {"extras": 0, "total": 0, "batsman": 0}, "batsman": "SS Iyer", "wicket": {"player_out": "SS Iyer", "fielders": ["V Kohli"], "kind": "caught"}}}, {"15.2": {"non_striker": "Abhishek Sharma", "bowler": "Mohammed Siraj", "runs": {"extras": 0, "total": 1, "batsman": 1}, "batsman": "V Shankar"}}, {"15.3": {"non_striker": "V Shankar", "bowler": "Mohammed Siraj", "runs": {"extras": 0, "total": 4, "batsman": 4}, "batsman": "Abhishek Sharma"}}, {"15.4": {"non_striker": "V Shankar", "bowler": "Mohammed Siraj", "runs": {"extras": 0, "total": 0, "batsman": 0}, "batsman": "Abhishek Sharma"}}, {"15.5": {"non_striker": "V Shankar", "bowler": "Mohammed Siraj", "runs": {"extras": 0, "total": 0, "batsman": 0}, "batsman": "Abhishek Sharma"}}, {"15.6": {"non_striker": "V Shankar", "bowler": "Mohammed Siraj", "runs": {"extras": 0, "total": 0, "batsman": 0}, "batsman": "Abhishek Sharma"}}, {"16.1": {"non_striker": "Abhishek Sharma", "bowler": "TG Southee", "runs": {"extras": 0, "total": 1, "batsman": 1}, "batsman": "V Shankar"}}, {"16.2": {"non_striker": "V Shankar", "bowler": "TG Southee", "runs": {"extras": 0, "total": 2, "batsman": 2}, "batsman": "Abhishek Sharma"}}, {"16.3": {"non_striker": "V Shankar", "bowler": "TG Southee", "runs": {"extras": 1, "total": 1, "batsman": 0}, "extras": {"wides": 1}, "batsman": "Abhishek Sharma"}}, {"16.4": {"non_striker": "V Shankar", "bowler": "TG Southee", "runs": {"extras": 0, "total": 4, "batsman": 4}, "batsman": "Abhishek Sharma"}}, {"16.5": {"non_striker": "V Shankar", "bowler": "TG Southee", "runs": {"extras": 0, "total": 6, "batsman": 6}, "batsman": "Abhishek Sharma"}}, {"16.6": {"non_striker": "V Shankar", "bowler": "TG Southee", "runs": {"extras": 0, "total": 6, "batsman": 6}, "batsman": "Abhishek Sharma"}}, {"16.7": {"non_striker": "V Shankar", "bowler": "TG Southee", "runs": {"extras": 0, "total": 2, "batsman": 2}, "batsman": "Abhishek Sharma"}}, {"17.1": {"non_striker": "Abhishek Sharma", "bowler": "Mohammed Siraj", "runs": {"extras": 0, "total": 1, "batsman": 1}, "batsman": "V Shankar"}}, {"17.2": {"non_striker": "V Shankar", "bowler": "Mohammed Siraj", "runs": {"extras": 0, "total": 6, "batsman": 6}, "batsman": "Abhishek Sharma"}}, {"17.3": {"non_striker": "V Shankar", "bowler": "Mohammed Siraj", "runs": {"extras": 0, "total": 1, "batsman": 1}, "batsman": "Abhishek Sharma"}}, {"17.4": {"non_striker": "Abhishek Sharma", "bowler": "Mohammed Siraj", "runs": {"extras": 0, "total": 4, "batsman": 4}, "batsman": "V Shankar"}}, {"17.5": {"non_striker": "Abhishek Sharma", "bowler": "Mohammed Siraj", "runs": {"extras": 0, "total": 1, "batsman": 1}, "batsman": "V Shankar"}}, {"17.6": {"non_striker": "V Shankar", "bowler": "Mohammed Siraj", "runs": {"extras": 0, "total": 1, "batsman": 1}, "batsman": "Abhishek Sharma"}}, {"18.1": {"non_striker": "V Shankar", "bowler": "TG Southee", "runs": {"extras": 0, "total": 1, "batsman": 1}, "batsman": "Abhishek Sharma"}}, {"18.2": {"non_striker": "Abhishek Sharma", "bowler": "TG Southee", "runs": {"extras": 1, "total": 2, "batsman": 1}, "extras": {"noballs": 1}, "batsman": "V Shankar"}}, {"18.3": {"non_striker": "V Shankar", "bowler": "TG Southee", "runs": {"extras": 0, "total": 1, "batsman": 1}, "batsman": "Abhishek Sharma"}}, {"18.4": {"non_striker": "Abhishek Sharma", "bowler": "TG Southee", "runs": {"extras": 0, "total": 1, "batsman": 1}, "batsman": "V Shankar"}}, {"18.5": {"non_striker": "V Shankar", "bowler": "TG Southee", "runs": {"extras": 0, "total": 1, "batsman": 1}, "batsman": "Abhishek Sharma"}}, {"18.6": {"non_striker": "Abhishek Sharma", "bowler": "TG Southee", "runs": {"extras": 0, "total": 0, "batsman": 0}, "batsman": "V Shankar"}}, {"18.7": {"non_striker": "Abhishek Sharma", "bowler": "TG Southee", "runs": {"extras": 0, "total": 1, "batsman": 1}, "batsman": "V Shankar"}}, {"19.1": {"non_striker": "Abhishek Sharma", "bowler": "Mohammed Siraj", "runs": {"extras": 0, "total": 1, "batsman": 1}, "batsman": "V Shankar"}}, {"19.2": {"non_striker": "V Shankar", "bowler": "Mohammed Siraj", "runs": {"extras": 0, "total": 0, "batsman": 0}, "batsman": "Abhishek Sharma"}}, {"19.3": {"non_striker": "V Shankar", "bowler": "Mohammed Siraj", "runs": {"extras": 0, "total": 6, "batsman": 6}, "batsman": "Abhishek Sharma"}}, {"19.4": {"non_striker": "V Shankar", "bowler": "Mohammed Siraj", "runs": {"extras": 0, "total": 4, "batsman": 4}, "batsman": "Abhishek Sharma"}}, {"19.5": {"non_striker": "V Shankar", "bowler": "Mohammed Siraj", "runs": {"extras": 0, "total": 1, "batsman": 1}, "batsman": "Abhishek Sharma"}}, {"19.6": {"non_striker": "Abhishek Sharma", "bowler": "Mohammed Siraj", "runs": {"extras": 0, "total": 1, "batsman": 1}, "batsman": "V Shankar"}}]