[{"0.1": {"non_striker": "DJM Short", "bowler": "TA Boult", "runs": {"extras": 0, "total": 0, "batsman": 0}, "batsman": "AM Rahane"}}, {"0.2": {"non_striker": "DJM Short", "bowler": "TA Boult", "runs": {"extras": 0, "total": 2, "batsman": 2}, "batsman": "AM Rahane"}}, {"0.3": {"non_striker": "DJM Short", "bowler": "TA Boult", "runs": {"extras": 0, "total": 0, "batsman": 0}, "batsman": "AM Rahane"}}, {"0.4": {"non_striker": "DJM Short", "bowler": "TA Boult", "runs": {"extras": 0, "total": 0, "batsman": 0}, "batsman": "AM Rahane"}}, {"0.5": {"non_striker": "DJM Short", "bowler": "TA Boult", "runs": {"extras": 0, "total": 3, "batsman": 3}, "batsman": "AM Rahane"}}, {"0.6": {"non_striker": "AM Rahane", "bowler": "TA Boult", "runs": {"extras": 0, "total": 1, "batsman": 1}, "batsman": "DJM Short"}}, {"1.1": {"non_striker": "AM Rahane", "bowler": "S Nadeem", "runs": {"extras": 0, "total": 4, "batsman": 4}, "batsman": "DJM Short"}}, {"1.2": {"non_striker": "AM Rahane", "bowler": "S Nadeem", "runs": {"extras": 0, "total": 1, "batsman": 1}, "batsman": "DJM Short", "wicket": {"player_out": "DJM Short", "kind": "run out"}}}, {"1.3": {"non_striker": "AM Rahane", "bowler": "S Nadeem", "runs": {"extras": 0, "total": 1, "batsman": 1}, "batsman": "BA Stokes"}}, {"1.4": {"non_striker": "BA Stokes", "bowler": "S Nadeem", "runs": {"extras": 0, "total": 0, "batsman": 0}, "batsman": "AM Rahane"}}, {"1.5": {"non_striker": "BA Stokes", "bowler": "S Nadeem", "runs": {"extras": 0, "total": 1, "batsman": 1}, "batsman": "AM Rahane"}}, {"1.6": {"non_striker": "AM Rahane", "bowler": "S Nadeem", "runs": {"extras": 0, "total": 1, "batsman": 1}, "batsman": "BA Stokes"}}, {"2.1": {"non_striker": "AM Rahane", "bowler": "TA Boult", "runs": {"extras": 0, "total": 0, "batsman": 0}, "batsman": "BA Stokes"}}, {"2.2": {"non_striker": "AM Rahane", "bowler": "TA Boult", "runs": {"extras": 0, "total": 0, "batsman": 0}, "batsman": "BA Stokes"}}, {"2.3": {"non_striker": "AM Rahane", "bowler": "TA Boult", "runs": {"extras": 0, "total": 4, "batsman": 4}, "batsman": "BA Stokes"}}, {"2.4": {"non_striker": "AM Rahane", "bowler": "TA Boult", "runs": {"extras": 0, "total": 1, "batsman": 1}, "batsman": "BA Stokes"}}, {"2.5": {"non_striker": "BA Stokes", "bowler": "TA Boult", "runs": {"extras": 0, "total": 0, "batsman": 0}, "batsman": "AM Rahane"}}, {"2.6": {"non_striker": "BA Stokes", "bowler": "TA Boult", "runs": {"extras": 0, "total": 0, "batsman": 0}, "batsman": "AM Rahane"}}, {"3.1": {"non_striker": "AM Rahane", "bowler": "CH Morris", "runs": {"extras": 0, "total": 0, "batsman": 0}, "batsman": "BA Stokes"}}, {"3.2": {"non_striker": "AM Rahane", "bowler": "CH Morris", "runs": {"extras": 0, "total": 2, "batsman": 2}, "batsman": "BA Stokes"}}, {"3.3": {"non_striker": "AM Rahane", "bowler": "CH Morris", "runs": {"extras": 0, "total": 0, "batsman": 0}, "batsman": "BA Stokes"}}, {"3.4": {"non_striker": "AM Rahane", "bowler": "CH Morris", "runs": {"extras": 0, "total": 6, "batsman": 6}, "batsman": "BA Stokes"}}, {"3.5": {"non_striker": "AM Rahane", "bowler": "CH Morris", "runs": {"extras": 0, "total": 1, "batsman": 1}, "batsman": "BA Stokes"}}, {"3.6": {"non_striker": "BA Stokes", "bowler": "CH Morris", "runs": {"extras": 0, "total": 0, "batsman": 0}, "batsman": "AM Rahane"}}, {"4.1": {"non_striker": "AM Rahane", "bowler": "TA Boult", "runs": {"extras": 0, "total": 0, "batsman": 0}, "batsman": "BA Stokes", "wicket": {"player_out": "BA Stokes", "fielders": ["RR Pant"], "kind": "caught"}}}, {"4.2": {"non_striker": "AM Rahane", "bowler": "TA Boult", "runs": {"extras": 0, "total": 0, "batsman": 0}, "batsman": "SV Samson"}}, {"4.3": {"non_striker": "AM Rahane", "bowler": "TA Boult", "runs": {"extras": 0, "total": 4, "batsman": 4}, "batsman": "SV Samson"}}, {"4.4": {"non_striker": "AM Rahane", "bowler": "TA Boult", "runs": {"extras": 0, "total": 6, "batsman": 6}, "batsman": "SV Samson"}}, {"4.5": {"non_striker": "AM Rahane", "bowler": "TA Boult", "runs": {"extras": 0, "total": 1, "batsman": 1}, "batsman": "SV Samson"}}, {"4.6": {"non_striker": "SV Samson", "bowler": "TA Boult", "runs": {"extras": 0, "total": 4, "batsman": 4}, "batsman": "AM Rahane"}}, {"5.1": {"non_striker": "AM Rahane", "bowler": "CH Morris", "runs": {"extras": 0, "total": 3, "batsman": 3}, "batsman": "SV Samson"}}, {"5.2": {"non_striker": "SV Samson", "bowler": "CH Morris", "runs": {"extras": 0, "total": 1, "batsman": 1}, "batsman": "AM Rahane"}}, {"5.3": {"non_striker": "AM Rahane", "bowler": "CH Morris", "runs": {"extras": 0, "total": 1, "batsman": 1}, "batsman": "SV Samson"}}, {"5.4": {"non_striker": "SV Samson", "bowler": "CH Morris", "runs": {"extras": 0, "total": 1, "batsman": 1}, "batsman": "AM Rahane"}}, {"5.5": {"non_striker": "AM Rahane", "bowler": "CH Morris", "runs": {"extras": 0, "total": 1, "batsman": 1}, "batsman": "SV Samson"}}, {"5.6": {"non_striker": "SV Samson", "bowler": "CH Morris", "runs": {"extras": 0, "total": 1, "batsman": 1}, "batsman": "AM Rahane"}}, {"6.1": {"non_striker": "SV Samson", "bowler": "Mohammed Shami", "runs": {"extras": 0, "total": 4, "batsman": 4}, "batsman": "AM Rahane"}}, {"6.2": {"non_striker": "SV Samson", "bowler": "Mohammed Shami", "runs": {"extras": 0, "total": 1, "batsman": 1}, "batsman": "AM Rahane"}}, {"6.3": {"non_striker": "AM Rahane", "bowler": "Mohammed Shami", "runs": {"extras": 0, "total": 1, "batsman": 1}, "batsman": "SV Samson"}}, {"6.4": {"non_striker": "SV Samson", "bowler": "Mohammed Shami", "runs": {"extras": 0, "total": 0, "batsman": 0}, "batsman": "AM Rahane"}}, {"6.5": {"non_striker": "SV Samson", "bowler": "Mohammed Shami", "runs": {"extras": 0, "total": 0, "batsman": 0}, "batsman": "AM Rahane"}}, {"6.6": {"non_striker": "SV Samson", "bowler": "Mohammed Shami", "runs": {"extras": 0, "total": 1, "batsman": 1}, "batsman": "AM Rahane"}}, {"7.1": {"non_striker": "SV Samson", "bowler": "R Tewatia", "runs": {"extras": 0, "total": 1, "batsman": 1}, "batsman": "AM Rahane"}}, {"7.2": {"non_striker": "AM Rahane", "bowler": "R Tewatia", "runs": {"extras": 0, "total": 0, "batsman": 0}, "batsman": "SV Samson"}}, {"7.3": {"non_striker": "AM Rahane", "bowler": "R Tewatia", "runs": {"extras": 0, "total": 1, "batsman": 1}, "batsman": "SV Samson"}}, {"7.4": {"non_striker": "SV Samson", "bowler": "R Tewatia", "runs": {"extras": 0, "total": 1, "batsman": 1}, "batsman": "AM Rahane"}}, {"7.5": {"non_striker": "AM Rahane", "bowler": "R Tewatia", "runs": {"extras": 0, "total": 0, "batsman": 0}, "batsman": "SV Samson"}}, {"7.6": {"non_striker": "AM Rahane", "bowler": "R Tewatia", "runs": {"extras": 0, "total": 1, "batsman": 1}, "batsman": "SV Samson"}}, {"8.1": {"non_striker": "AM Rahane", "bowler": "S Nadeem", "runs": {"extras": 0, "total": 6, "batsman": 6}, "batsman": "SV Samson"}}, {"8.2": {"non_striker": "AM Rahane", "bowler": "S Nadeem", "runs": {"extras": 0, "total": 4, "batsman": 4}, "batsman": "SV Samson"}}, {"8.3": {"non_striker": "AM Rahane", "bowler": "S Nadeem", "runs": {"extras": 0, "total": 1, "batsman": 1}, "batsman": "SV Samson"}}, {"8.4": {"non_striker": "SV Samson", "bowler": "S Nadeem", "runs": {"extras": 0, "total": 1, "batsman": 1}, "batsman": "AM Rahane"}}, {"8.5": {"non_striker": "AM Rahane", "bowler": "S Nadeem", "runs": {"extras": 0, "total": 1, "batsman": 1}, "batsman": "SV Samson"}}, {"8.6": {"non_striker": "SV Samson", "bowler": "S Nadeem", "runs": {"extras": 0, "total": 2, "batsman": 2}, "batsman": "AM Rahane"}}, {"9.1": {"non_striker": "AM Rahane", "bowler": "R Tewatia", "runs": {"extras": 0, "total": 1, "batsman": 1}, "batsman": "SV Samson"}}, {"9.2": {"non_striker": "SV Samson", "bowler": "R Tewatia", "runs": {"extras": 0, "total": 0, "batsman": 0}, "batsman": "AM Rahane"}}, {"9.3": {"non_striker": "SV Samson", "bowler": "R Tewatia", "runs": {"extras": 0, "total": 4, "batsman": 4}, "batsman": "AM Rahane"}}, {"9.4": {"non_striker": "SV Samson", "bowler": "R Tewatia", "runs": {"extras": 0, "total": 0, "batsman": 0}, "batsman": "AM Rahane"}}, {"9.5": {"non_striker": "SV Samson", "bowler": "R Tewatia", "runs": {"extras": 0, "total": 1, "batsman": 1}, "batsman": "AM Rahane"}}, {"9.6": {"non_striker": "AM Rahane", "bowler": "R Tewatia", "runs": {"extras": 0, "total": 1, "batsman": 1}, "batsman": "SV Samson"}}, {"10.1": {"non_striker": "AM Rahane", "bowler": "S Nadeem", "runs": {"extras": 0, "total": 2, "batsman": 2}, "batsman": "SV Samson"}}, {"10.2": {"non_striker": "AM Rahane", "bowler": "S Nadeem", "runs": {"extras": 0, "total": 1, "batsman": 1}, "batsman": "SV Samson"}}, {"10.3": {"non_striker": "SV Samson", "bowler": "S Nadeem", "runs": {"extras": 0, "total": 1, "batsman": 1}, "batsman": "AM Rahane"}}, {"10.4": {"non_striker": "AM Rahane", "bowler": "S Nadeem", "runs": {"extras": 0, "total": 1, "batsman": 1}, "batsman": "SV Samson"}}, {"10.5": {"non_striker": "SV Samson", "bowler": "S Nadeem", "runs": {"extras": 0, "total": 1, "batsman": 1}, "batsman": "AM Rahane"}}, {"10.6": {"non_striker": "AM Rahane", "bowler": "S Nadeem", "runs": {"extras": 0, "total": 0, "batsman": 0}, "batsman": "SV Samson", "wicket": {"player_out": "SV Samson", "kind": "bowled"}}}, {"11.1": {"non_striker": "JC Buttler", "bowler": "R Tewatia", "runs": {"extras": 0, "total": 1, "batsman": 1}, "batsman": "AM Rahane"}}, {"11.2": {"non_striker": "AM Rahane", "bowler": "R Tewatia", "runs": {"extras": 0, "total": 2, "batsman": 2}, "batsman": "JC Buttler"}}, {"11.3": {"non_striker": "AM Rahane", "bowler": "R Tewatia", "runs": {"extras": 0, "total": 4, "batsman": 4}, "batsman": "JC Buttler"}}, {"11.4": {"non_striker": "AM Rahane", "bowler": "R Tewatia", "runs": {"extras": 0, "total": 1, "batsman": 1}, "batsman": "JC Buttler"}}, {"11.5": {"non_striker": "JC Buttler", "bowler": "R Tewatia", "runs": {"extras": 0, "total": 1, "batsman": 1}, "batsman": "AM Rahane"}}, {"11.6": {"non_striker": "AM Rahane", "bowler": "R Tewatia", "runs": {"extras": 0, "total": 0, "batsman": 0}, "batsman": "JC Buttler"}}, {"12.1": {"non_striker": "JC Buttler", "bowler": "Mohammed Shami", "runs": {"extras": 0, "total": 4, "batsman": 4}, "batsman": "AM Rahane"}}, {"12.2": {"non_striker": "JC Buttler", "bowler": "Mohammed Shami", "runs": {"extras": 0, "total": 4, "batsman": 4}, "batsman": "AM Rahane"}}, {"12.3": {"non_striker": "JC Buttler", "bowler": "Mohammed Shami", "runs": {"extras": 0, "total": 0, "batsman": 0}, "batsman": "AM Rahane"}}, {"12.4": {"non_striker": "JC Buttler", "bowler": "Mohammed Shami", "runs": {"extras": 0, "total": 0, "batsman": 0}, "batsman": "AM Rahane"}}, {"12.5": {"non_striker": "JC Buttler", "bowler": "Mohammed Shami", "runs": {"extras": 0, "total": 0, "batsman": 0}, "batsman": "AM Rahane"}}, {"12.6": {"non_striker": "JC Buttler", "bowler": "Mohammed Shami", "runs": {"extras": 0, "total": 1, "batsman": 1}, "batsman": "AM Rahane"}}, {"13.1": {"non_striker": "JC Buttler", "bowler": "S Nadeem", "runs": {"extras": 0, "total": 1, "batsman": 1}, "batsman": "AM Rahane"}}, {"13.2": {"non_striker": "AM Rahane", "bowler": "S Nadeem", "runs": {"extras": 0, "total": 1, "batsman": 1}, "batsman": "JC Buttler"}}, {"13.3": {"non_striker": "JC Buttler", "bowler": "S Nadeem", "runs": {"extras": 0, "total": 2, "batsman": 2}, "batsman": "AM Rahane"}}, {"13.4": {"non_striker": "JC Buttler", "bowler": "S Nadeem", "runs": {"extras": 0, "total": 0, "batsman": 0}, "batsman": "AM Rahane", "wicket": {"player_out": "AM Rahane", "fielders": ["CH Morris"], "kind": "caught"}}}, {"13.5": {"non_striker": "JC Buttler", "bowler": "S Nadeem", "runs": {"extras": 0, "total": 0, "batsman": 0}, "batsman": "RA Tripathi"}}, {"13.6": {"non_striker": "JC Buttler", "bowler": "S Nadeem", "runs": {"extras": 0, "total": 1, "batsman": 1}, "batsman": "RA Tripathi"}}, {"14.1": {"non_striker": "JC Buttler", "bowler": "Mohammed Shami", "runs": {"extras": 0, "total": 0, "batsman": 0}, "batsman": "RA Tripathi"}}, {"14.2": {"non_striker": "JC Buttler", "bowler": "Mohammed Shami", "runs": {"extras": 0, "total": 1, "batsman": 1}, "batsman": "RA Tripathi"}}, {"14.3": {"non_striker": "RA Tripathi", "bowler": "Mohammed Shami", "runs": {"extras": 0, "total": 0, "batsman": 0}, "batsman": "JC Buttler"}}, {"14.4": {"non_striker": "RA Tripathi", "bowler": "Mohammed Shami", "runs": {"extras": 0, "total": 1, "batsman": 1}, "batsman": "JC Buttler"}}, {"14.5": {"non_striker": "JC Buttler", "bowler": "Mohammed Shami", "runs": {"extras": 0, "total": 1, "batsman": 1}, "batsman": "RA Tripathi"}}, {"14.6": {"non_striker": "RA Tripathi", "bowler": "Mohammed Shami", "runs": {"extras": 0, "total": 1, "batsman": 1}, "batsman": "JC Buttler"}}, {"15.1": {"non_striker": "RA Tripathi", "bowler": "R Tewatia", "runs": {"extras": 0, "total": 1, "batsman": 1}, "batsman": "JC Buttler"}}, {"15.2": {"non_striker": "JC Buttler", "bowler": "R Tewatia", "runs": {"extras": 0, "total": 2, "batsman": 2}, "batsman": "RA Tripathi"}}, {"15.3": {"non_striker": "JC Buttler", "bowler": "R Tewatia", "runs": {"extras": 0, "total": 2, "batsman": 2}, "batsman": "RA Tripathi"}}, {"15.4": {"non_striker": "JC Buttler", "bowler": "R Tewatia", "runs": {"extras": 0, "total": 0, "batsman": 0}, "batsman": "RA Tripathi"}}, {"15.5": {"non_striker": "JC Buttler", "bowler": "R Tewatia", "runs": {"extras": 0, "total": 1, "batsman": 1}, "batsman": "RA Tripathi"}}, {"15.6": {"non_striker": "RA Tripathi", "bowler": "R Tewatia", "runs": {"extras": 1, "total": 1, "batsman": 0}, "extras": {"wides": 1}, "batsman": "JC Buttler"}}, {"15.7": {"non_striker": "RA Tripathi", "bowler": "R Tewatia", "runs": {"extras": 0, "total": 2, "batsman": 2}, "batsman": "JC Buttler"}}, {"16.1": {"non_striker": "JC Buttler", "bowler": "CH Morris", "runs": {"extras": 0, "total": 6, "batsman": 6}, "batsman": "RA Tripathi"}}, {"16.2": {"non_striker": "JC Buttler", "bowler": "CH Morris", "runs": {"extras": 0, "total": 1, "batsman": 1}, "batsman": "RA Tripathi"}}, {"16.3": {"non_striker": "RA Tripathi", "bowler": "CH Morris", "runs": {"extras": 0, "total": 6, "batsman": 6}, "batsman": "JC Buttler"}}, {"16.4": {"non_striker": "RA Tripathi", "bowler": "CH Morris", "runs": {"extras": 0, "total": 0, "batsman": 0}, "batsman": "JC Buttler"}}, {"16.5": {"non_striker": "RA Tripathi", "bowler": "CH Morris", "runs": {"extras": 0, "total": 4, "batsman": 4}, "batsman": "JC Buttler"}}, {"16.6": {"non_striker": "RA Tripathi", "bowler": "CH Morris", "runs": {"extras": 1, "total": 1, "batsman": 0}, "extras": {"legbyes": 1}, "batsman": "JC Buttler"}}, {"17.1": {"non_striker": "RA Tripathi", "bowler": "Mohammed Shami", "runs": {"extras": 0, "total": 6, "batsman": 6}, "batsman": "JC Buttler"}}, {"17.2": {"non_striker": "RA Tripathi", "bowler": "Mohammed Shami", "runs": {"extras": 0, "total": 0, "batsman": 0}, "batsman": "JC Buttler"}}, {"17.3": {"non_striker": "RA Tripathi", "bowler": "Mohammed Shami", "runs": {"extras": 0, "total": 0, "batsman": 0}, "batsman": "JC Buttler"}}, {"17.4": {"non_striker": "RA Tripathi", "bowler": "Mohammed Shami", "runs": {"extras": 0, "total": 0, "batsman": 0}, "batsman": "JC Buttler", "wicket": {"player_out": "JC Buttler", "kind": "bowled"}}}, {"17.5": {"non_striker": "RA Tripathi", "bowler": "Mohammed Shami", "runs": {"extras": 1, "total": 1, "batsman": 0}, "extras": {"wides": 1}, "batsman": "K Gowtham"}}, {"17.6": {"non_striker": "RA Tripathi", "bowler": "Mohammed Shami", "runs": {"extras": 0, "total": 2, "batsman": 2}, "batsman": "K Gowtham"}}]