[{"0.1": {"non_striker": "G Gambhir", "bowler": "HH Pandya", "runs": {"extras": 0, "total": 1, "batsman": 1}, "batsman": "JJ Roy"}}, {"0.2": {"non_striker": "JJ Roy", "bowler": "HH Pandya", "runs": {"extras": 0, "total": 1, "batsman": 1}, "batsman": "G Gambhir"}}, {"0.3": {"non_striker": "G Gambhir", "bowler": "HH Pandya", "runs": {"extras": 0, "total": 4, "batsman": 4}, "batsman": "JJ Roy"}}, {"0.4": {"non_striker": "G Gambhir", "bowler": "HH Pandya", "runs": {"extras": 0, "total": 1, "batsman": 1}, "batsman": "JJ Roy"}}, {"0.5": {"non_striker": "JJ Roy", "bowler": "HH Pandya", "runs": {"extras": 0, "total": 0, "batsman": 0}, "batsman": "G Gambhir"}}, {"0.6": {"non_striker": "JJ Roy", "bowler": "HH Pandya", "runs": {"extras": 0, "total": 4, "batsman": 4}, "batsman": "G Gambhir"}}, {"1.1": {"non_striker": "G Gambhir", "bowler": "A Dananjaya", "runs": {"extras": 0, "total": 0, "batsman": 0}, "batsman": "JJ Roy"}}, {"1.2": {"non_striker": "G Gambhir", "bowler": "A Dananjaya", "runs": {"extras": 0, "total": 6, "batsman": 6}, "batsman": "JJ Roy"}}, {"1.3": {"non_striker": "G Gambhir", "bowler": "A Dananjaya", "runs": {"extras": 0, "total": 0, "batsman": 0}, "batsman": "JJ Roy"}}, {"1.4": {"non_striker": "G Gambhir", "bowler": "A Dananjaya", "runs": {"extras": 0, "total": 4, "batsman": 4}, "batsman": "JJ Roy"}}, {"1.5": {"non_striker": "G Gambhir", "bowler": "A Dananjaya", "runs": {"extras": 0, "total": 1, "batsman": 1}, "batsman": "JJ Roy"}}, {"1.6": {"non_striker": "JJ Roy", "bowler": "A Dananjaya", "runs": {"extras": 0, "total": 1, "batsman": 1}, "batsman": "G Gambhir"}}, {"2.1": {"non_striker": "JJ Roy", "bowler": "JJ Bumrah", "runs": {"extras": 0, "total": 0, "batsman": 0}, "batsman": "G Gambhir"}}, {"2.2": {"non_striker": "JJ Roy", "bowler": "JJ Bumrah", "runs": {"extras": 0, "total": 0, "batsman": 0}, "batsman": "G Gambhir"}}, {"2.3": {"non_striker": "JJ Roy", "bowler": "JJ Bumrah", "runs": {"extras": 0, "total": 2, "batsman": 2}, "batsman": "G Gambhir"}}, {"2.4": {"non_striker": "JJ Roy", "bowler": "JJ Bumrah", "runs": {"extras": 0, "total": 0, "batsman": 0}, "batsman": "G Gambhir"}}, {"2.5": {"non_striker": "JJ Roy", "bowler": "JJ Bumrah", "runs": {"extras": 0, "total": 0, "batsman": 0}, "batsman": "G Gambhir"}}, {"2.6": {"non_striker": "JJ Roy", "bowler": "JJ Bumrah", "runs": {"extras": 0, "total": 0, "batsman": 0}, "batsman": "G Gambhir"}}, {"3.1": {"non_striker": "G Gambhir", "bowler": "Mustafizur Rahman", "runs": {"extras": 0, "total": 0, "batsman": 0}, "batsman": "JJ Roy"}}, {"3.2": {"non_striker": "G Gambhir", "bowler": "Mustafizur Rahman", "runs": {"extras": 0, "total": 1, "batsman": 1}, "batsman": "JJ Roy"}}, {"3.3": {"non_striker": "JJ Roy", "bowler": "Mustafizur Rahman", "runs": {"extras": 0, "total": 0, "batsman": 0}, "batsman": "G Gambhir"}}, {"3.4": {"non_striker": "JJ Roy", "bowler": "Mustafizur Rahman", "runs": {"extras": 0, "total": 1, "batsman": 1}, "batsman": "G Gambhir"}}, {"3.5": {"non_striker": "G Gambhir", "bowler": "Mustafizur Rahman", "runs": {"extras": 0, "total": 1, "batsman": 1}, "batsman": "JJ Roy"}}, {"3.6": {"non_striker": "JJ Roy", "bowler": "Mustafizur Rahman", "runs": {"extras": 0, "total": 1, "batsman": 1}, "batsman": "G Gambhir"}}, {"4.1": {"non_striker": "JJ Roy", "bowler": "HH Pandya", "runs": {"extras": 0, "total": 4, "batsman": 4}, "batsman": "G Gambhir"}}, {"4.2": {"non_striker": "JJ Roy", "bowler": "HH Pandya", "runs": {"extras": 0, "total": 1, "batsman": 1}, "batsman": "G Gambhir"}}, {"4.3": {"non_striker": "G Gambhir", "bowler": "HH Pandya", "runs": {"extras": 0, "total": 6, "batsman": 6}, "batsman": "JJ Roy"}}, {"4.4": {"non_striker": "G Gambhir", "bowler": "HH Pandya", "runs": {"extras": 0, "total": 6, "batsman": 6}, "batsman": "JJ Roy"}}, {"4.5": {"non_striker": "G Gambhir", "bowler": "HH Pandya", "runs": {"extras": 0, "total": 4, "batsman": 4}, "batsman": "JJ Roy"}}, {"4.6": {"non_striker": "G Gambhir", "bowler": "HH Pandya", "runs": {"extras": 0, "total": 0, "batsman": 0}, "batsman": "JJ Roy"}}, {"5.1": {"non_striker": "JJ Roy", "bowler": "Mustafizur Rahman", "runs": {"extras": 0, "total": 0, "batsman": 0}, "batsman": "G Gambhir", "wicket": {"player_out": "G Gambhir", "fielders": ["RG Sharma"], "kind": "caught"}}}, {"5.2": {"non_striker": "RR Pant", "bowler": "Mustafizur Rahman", "runs": {"extras": 0, "total": 1, "batsman": 1}, "batsman": "JJ Roy"}}, {"5.3": {"non_striker": "JJ Roy", "bowler": "Mustafizur Rahman", "runs": {"extras": 0, "total": 1, "batsman": 1}, "batsman": "RR Pant"}}, {"5.4": {"non_striker": "RR Pant", "bowler": "Mustafizur Rahman", "runs": {"extras": 0, "total": 0, "batsman": 0}, "batsman": "JJ Roy"}}, {"5.5": {"non_striker": "RR Pant", "bowler": "Mustafizur Rahman", "runs": {"extras": 0, "total": 1, "batsman": 1}, "batsman": "JJ Roy"}}, {"5.6": {"non_striker": "JJ Roy", "bowler": "Mustafizur Rahman", "runs": {"extras": 0, "total": 0, "batsman": 0}, "batsman": "RR Pant"}}, {"6.1": {"non_striker": "RR Pant", "bowler": "M Markande", "runs": {"extras": 0, "total": 1, "batsman": 1}, "batsman": "JJ Roy"}}, {"6.2": {"non_striker": "JJ Roy", "bowler": "M Markande", "runs": {"extras": 0, "total": 0, "batsman": 0}, "batsman": "RR Pant"}}, {"6.3": {"non_striker": "JJ Roy", "bowler": "M Markande", "runs": {"extras": 0, "total": 0, "batsman": 0}, "batsman": "RR Pant"}}, {"6.4": {"non_striker": "JJ Roy", "bowler": "M Markande", "runs": {"extras": 0, "total": 4, "batsman": 4}, "batsman": "RR Pant"}}, {"6.5": {"non_striker": "JJ Roy", "bowler": "M Markande", "runs": {"extras": 0, "total": 4, "batsman": 4}, "batsman": "RR Pant"}}, {"6.6": {"non_striker": "JJ Roy", "bowler": "M Markande", "runs": {"extras": 0, "total": 1, "batsman": 1}, "batsman": "RR Pant"}}, {"7.1": {"non_striker": "JJ Roy", "bowler": "A Dananjaya", "runs": {"extras": 0, "total": 1, "batsman": 1}, "batsman": "RR Pant"}}, {"7.2": {"non_striker": "RR Pant", "bowler": "A Dananjaya", "runs": {"extras": 0, "total": 1, "batsman": 1}, "batsman": "JJ Roy"}}, {"7.3": {"non_striker": "JJ Roy", "bowler": "A Dananjaya", "runs": {"extras": 0, "total": 1, "batsman": 1}, "batsman": "RR Pant"}}, {"7.4": {"non_striker": "RR Pant", "bowler": "A Dananjaya", "runs": {"extras": 0, "total": 2, "batsman": 2}, "batsman": "JJ Roy"}}, {"7.5": {"non_striker": "RR Pant", "bowler": "A Dananjaya", "runs": {"extras": 0, "total": 0, "batsman": 0}, "batsman": "JJ Roy"}}, {"7.6": {"non_striker": "RR Pant", "bowler": "A Dananjaya", "runs": {"extras": 0, "total": 0, "batsman": 0}, "batsman": "JJ Roy"}}, {"8.1": {"non_striker": "JJ Roy", "bowler": "M Markande", "runs": {"extras": 0, "total": 4, "batsman": 4}, "batsman": "RR Pant"}}, {"8.2": {"non_striker": "JJ Roy", "bowler": "M Markande", "runs": {"extras": 0, "total": 1, "batsman": 1}, "batsman": "RR Pant"}}, {"8.3": {"non_striker": "RR Pant", "bowler": "M Markande", "runs": {"extras": 0, "total": 6, "batsman": 6}, "batsman": "JJ Roy"}}, {"8.4": {"non_striker": "RR Pant", "bowler": "M Markande", "runs": {"extras": 0, "total": 1, "batsman": 1}, "batsman": "JJ Roy"}}, {"8.5": {"non_striker": "JJ Roy", "bowler": "M Markande", "runs": {"extras": 0, "total": 4, "batsman": 4}, "batsman": "RR Pant"}}, {"8.6": {"non_striker": "JJ Roy", "bowler": "M Markande", "runs": {"extras": 0, "total": 1, "batsman": 1}, "batsman": "RR Pant"}}, {"9.1": {"non_striker": "JJ Roy", "bowler": "A Dananjaya", "runs": {"extras": 0, "total": 6, "batsman": 6}, "batsman": "RR Pant"}}, {"9.2": {"non_striker": "JJ Roy", "bowler": "A Dananjaya", "runs": {"extras": 0, "total": 4, "batsman": 4}, "batsman": "RR Pant"}}, {"9.3": {"non_striker": "JJ Roy", "bowler": "A Dananjaya", "runs": {"extras": 0, "total": 1, "batsman": 1}, "batsman": "RR Pant"}}, {"9.4": {"non_striker": "RR Pant", "bowler": "A Dananjaya", "runs": {"extras": 0, "total": 1, "batsman": 1}, "batsman": "JJ Roy"}}, {"9.5": {"non_striker": "JJ Roy", "bowler": "A Dananjaya", "runs": {"extras": 0, "total": 6, "batsman": 6}, "batsman": "RR Pant"}}, {"9.6": {"non_striker": "JJ Roy", "bowler": "A Dananjaya", "runs": {"extras": 0, "total": 1, "batsman": 1}, "batsman": "RR Pant"}}, {"10.1": {"non_striker": "JJ Roy", "bowler": "JJ Bumrah", "runs": {"extras": 0, "total": 1, "batsman": 1}, "batsman": "RR Pant"}}, {"10.2": {"non_striker": "RR Pant", "bowler": "JJ Bumrah", "runs": {"extras": 0, "total": 2, "batsman": 2}, "batsman": "JJ Roy"}}, {"10.3": {"non_striker": "RR Pant", "bowler": "JJ Bumrah", "runs": {"extras": 0, "total": 4, "batsman": 4}, "batsman": "JJ Roy"}}, {"10.4": {"non_striker": "RR Pant", "bowler": "JJ Bumrah", "runs": {"extras": 0, "total": 1, "batsman": 1}, "batsman": "JJ Roy"}}, {"10.5": {"non_striker": "JJ Roy", "bowler": "JJ Bumrah", "runs": {"extras": 0, "total": 0, "batsman": 0}, "batsman": "RR Pant"}}, {"10.6": {"non_striker": "JJ Roy", "bowler": "JJ Bumrah", "runs": {"extras": 0, "total": 1, "batsman": 1}, "batsman": "RR Pant"}}, {"11.1": {"non_striker": "JJ Roy", "bowler": "KH Pandya", "runs": {"extras": 0, "total": 4, "batsman": 4}, "batsman": "RR Pant"}}, {"11.2": {"non_striker": "JJ Roy", "bowler": "KH Pandya", "runs": {"extras": 0, "total": 1, "batsman": 1}, "batsman": "RR Pant"}}, {"11.3": {"non_striker": "RR Pant", "bowler": "KH Pandya", "runs": {"extras": 0, "total": 1, "batsman": 1}, "batsman": "JJ Roy"}}, {"11.4": {"non_striker": "JJ Roy", "bowler": "KH Pandya", "runs": {"extras": 0, "total": 0, "batsman": 0}, "batsman": "RR Pant"}}, {"11.5": {"non_striker": "JJ Roy", "bowler": "KH Pandya", "runs": {"extras": 0, "total": 0, "batsman": 0}, "batsman": "RR Pant", "wicket": {"player_out": "RR Pant", "fielders": ["KA Pollard"], "kind": "caught"}}}, {"11.6": {"non_striker": "JJ Roy", "bowler": "KH Pandya", "runs": {"extras": 0, "total": 0, "batsman": 0}, "batsman": "GJ Maxwell"}}, {"12.1": {"non_striker": "GJ Maxwell", "bowler": "M Markande", "runs": {"extras": 0, "total": 1, "batsman": 1}, "batsman": "JJ Roy"}}, {"12.2": {"non_striker": "JJ Roy", "bowler": "M Markande", "runs": {"extras": 0, "total": 2, "batsman": 2}, "batsman": "GJ Maxwell"}}, {"12.3": {"non_striker": "JJ Roy", "bowler": "M Markande", "runs": {"extras": 0, "total": 1, "batsman": 1}, "batsman": "GJ Maxwell"}}, {"12.4": {"non_striker": "GJ Maxwell", "bowler": "M Markande", "runs": {"extras": 0, "total": 1, "batsman": 1}, "batsman": "JJ Roy"}}, {"12.5": {"non_striker": "JJ Roy", "bowler": "M Markande", "runs": {"extras": 0, "total": 4, "batsman": 4}, "batsman": "GJ Maxwell"}}, {"12.6": {"non_striker": "JJ Roy", "bowler": "M Markande", "runs": {"extras": 0, "total": 6, "batsman": 6}, "batsman": "GJ Maxwell"}}, {"13.1": {"non_striker": "GJ Maxwell", "bowler": "KH Pandya", "runs": {"extras": 0, "total": 1, "batsman": 1}, "batsman": "JJ Roy"}}, {"13.2": {"non_striker": "JJ Roy", "bowler": "KH Pandya", "runs": {"extras": 0, "total": 0, "batsman": 0}, "batsman": "GJ Maxwell", "wicket": {"player_out": "GJ Maxwell", "fielders": ["HH Pandya"], "kind": "caught"}}}, {"13.3": {"non_striker": "SS Iyer", "bowler": "KH Pandya", "runs": {"extras": 0, "total": 1, "batsman": 1}, "batsman": "JJ Roy"}}, {"13.4": {"non_striker": "JJ Roy", "bowler": "KH Pandya", "runs": {"extras": 0, "total": 0, "batsman": 0}, "batsman": "SS Iyer"}}, {"13.5": {"non_striker": "JJ Roy", "bowler": "KH Pandya", "runs": {"extras": 0, "total": 1, "batsman": 1}, "batsman": "SS Iyer"}}, {"13.6": {"non_striker": "SS Iyer", "bowler": "KH Pandya", "runs": {"extras": 0, "total": 0, "batsman": 0}, "batsman": "JJ Roy"}}, {"14.1": {"non_striker": "JJ Roy", "bowler": "A Dananjaya", "runs": {"extras": 0, "total": 1, "batsman": 1}, "batsman": "SS Iyer"}}, {"14.2": {"non_striker": "SS Iyer", "bowler": "A Dananjaya", "runs": {"extras": 0, "total": 2, "batsman": 2}, "batsman": "JJ Roy"}}, {"14.3": {"non_striker": "SS Iyer", "bowler": "A Dananjaya", "runs": {"extras": 1, "total": 1, "batsman": 0}, "extras": {"wides": 1}, "batsman": "JJ Roy"}}, {"14.4": {"non_striker": "SS Iyer", "bowler": "A Dananjaya", "runs": {"extras": 0, "total": 1, "batsman": 1}, "batsman": "JJ Roy"}}, {"14.5": {"non_striker": "JJ Roy", "bowler": "A Dananjaya", "runs": {"extras": 0, "total": 0, "batsman": 0}, "batsman": "SS Iyer"}}, {"14.6": {"non_striker": "JJ Roy", "bowler": "A Dananjaya", "runs": {"extras": 0, "total": 6, "batsman": 6}, "batsman": "SS Iyer"}}, {"14.7": {"non_striker": "JJ Roy", "bowler": "A Dananjaya", "runs": {"extras": 0, "total": 0, "batsman": 0}, "batsman": "SS Iyer"}}, {"15.1": {"non_striker": "SS Iyer", "bowler": "KH Pandya", "runs": {"extras": 0, "total": 0, "batsman": 0}, "batsman": "JJ Roy"}}, {"15.2": {"non_striker": "SS Iyer", "bowler": "KH Pandya", "runs": {"extras": 0, "total": 6, "batsman": 6}, "batsman": "JJ Roy"}}, {"15.3": {"non_striker": "SS Iyer", "bowler": "KH Pandya", "runs": {"extras": 0, "total": 1, "batsman": 1}, "batsman": "JJ Roy"}}, {"15.4": {"non_striker": "JJ Roy", "bowler": "KH Pandya", "runs": {"extras": 0, "total": 4, "batsman": 4}, "batsman": "SS Iyer"}}, {"15.5": {"non_striker": "JJ Roy", "bowler": "KH Pandya", "runs": {"extras": 0, "total": 0, "batsman": 0}, "batsman": "SS Iyer"}}, {"15.6": {"non_striker": "JJ Roy", "bowler": "KH Pandya", "runs": {"extras": 0, "total": 1, "batsman": 1}, "batsman": "SS Iyer"}}, {"16.1": {"non_striker": "JJ Roy", "bowler": "JJ Bumrah", "runs": {"extras": 0, "total": 1, "batsman": 1}, "batsman": "SS Iyer"}}, {"16.2": {"non_striker": "SS Iyer", "bowler": "JJ Bumrah", "runs": {"extras": 0, "total": 4, "batsman": 4}, "batsman": "JJ Roy"}}, {"16.3": {"non_striker": "SS Iyer", "bowler": "JJ Bumrah", "runs": {"extras": 0, "total": 1, "batsman": 1}, "batsman": "JJ Roy"}}, {"16.4": {"non_striker": "JJ Roy", "bowler": "JJ Bumrah", "runs": {"extras": 0, "total": 4, "batsman": 4}, "batsman": "SS Iyer"}}, {"16.5": {"non_striker": "JJ Roy", "bowler": "JJ Bumrah", "runs": {"extras": 0, "total": 1, "batsman": 1}, "batsman": "SS Iyer"}}, {"16.6": {"non_striker": "SS Iyer", "bowler": "JJ Bumrah", "runs": {"extras": 0, "total": 0, "batsman": 0}, "batsman": "JJ Roy"}}, {"17.1": {"non_striker": "JJ Roy", "bowler": "Mustafizur Rahman", "runs": {"extras": 0, "total": 1, "batsman": 1}, "batsman": "SS Iyer"}}, {"17.2": {"non_striker": "SS Iyer", "bowler": "Mustafizur Rahman", "runs": {"extras": 1, "total": 1, "batsman": 0}, "extras": {"legbyes": 1}, "batsman": "JJ Roy"}}, {"17.3": {"non_striker": "JJ Roy", "bowler": "Mustafizur Rahman", "runs": {"extras": 0, "total": 0, "batsman": 0}, "batsman": "SS Iyer"}}, {"17.4": {"non_striker": "JJ Roy", "bowler": "Mustafizur Rahman", "runs": {"extras": 0, "total": 2, "batsman": 2}, "batsman": "SS Iyer"}}, {"17.5": {"non_striker": "JJ Roy", "bowler": "Mustafizur Rahman", "runs": {"extras": 0, "total": 0, "batsman": 0}, "batsman": "SS Iyer"}}, {"17.6": {"non_striker": "JJ Roy", "bowler": "Mustafizur Rahman", "runs": {"extras": 0, "total": 4, "batsman": 4}, "batsman": "SS Iyer"}}, {"18.1": {"non_striker": "SS Iyer", "bowler": "JJ Bumrah", "runs": {"extras": 0, "total": 1, "batsman": 1}, "batsman": "JJ Roy"}}, {"18.2": {"non_striker": "JJ Roy", "bowler": "JJ Bumrah", "runs": {"extras": 0, "total": 1, "batsman": 1}, "batsman": "SS Iyer"}}, {"18.3": {"non_striker": "SS Iyer", "bowler": "JJ Bumrah", "runs": {"extras": 0, "total": 2, "batsman": 2}, "batsman": "JJ Roy"}}, {"18.4": {"non_striker": "SS Iyer", "bowler": "JJ Bumrah", "runs": {"extras": 0, "total": 1, "batsman": 1}, "batsman": "JJ Roy"}}, {"18.5": {"non_striker": "JJ Roy", "bowler": "JJ Bumrah", "runs": {"extras": 0, "total": 0, "batsman": 0}, "batsman": "SS Iyer"}}, {"18.6": {"non_striker": "JJ Roy", "bowler": "JJ Bumrah", "runs": {"extras": 0, "total": 0, "batsman": 0}, "batsman": "SS Iyer"}}, {"19.1": {"non_striker": "SS Iyer", "bowler": "Mustafizur Rahman", "runs": {"extras": 0, "total": 4, "batsman": 4}, "batsman": "JJ Roy"}}, {"19.2": {"non_striker": "SS Iyer", "bowler": "Mustafizur Rahman", "runs": {"extras": 0, "total": 6, "batsman": 6}, "batsman": "JJ Roy"}}, {"19.3": {"non_striker": "SS Iyer", "bowler": "Mustafizur Rahman", "runs": {"extras": 0, "total": 0, "batsman": 0}, "batsman": "JJ Roy"}}, {"19.4": {"non_striker": "SS Iyer", "bowler": "Mustafizur Rahman", "runs": {"extras": 0, "total": 0, "batsman": 0}, "batsman": "JJ Roy"}}, {"19.5": {"non_striker": "SS Iyer", "bowler": "Mustafizur Rahman", "runs": {"extras": 0, "total": 0, "batsman": 0}, "batsman": "JJ Roy"}}, {"19.6": {"non_striker": "SS Iyer", "bowler": "Mustafizur Rahman", "runs": {"extras": 0, "total": 1, "batsman": 1}, "batsman": "JJ Roy"}}]