[{"0.1": {"non_striker": "CA Lynn", "bowler": "K Gowtham", "runs": {"extras": 0, "total": 4, "batsman": 4}, "batsman": "SP Narine"}}, {"0.2": {"non_striker": "CA Lynn", "bowler": "K Gowtham", "runs": {"extras": 0, "total": 0, "batsman": 0}, "batsman": "SP Narine", "wicket": {"player_out": "SP Narine", "fielders": ["H Klaasen"], "kind": "stumped"}}}, {"0.3": {"non_striker": "CA Lynn", "bowler": "K Gowtham", "runs": {"extras": 0, "total": 1, "batsman": 1}, "batsman": "RV Uthappa"}}, {"0.4": {"non_striker": "RV Uthappa", "bowler": "K Gowtham", "runs": {"extras": 0, "total": 0, "batsman": 0}, "batsman": "CA Lynn"}}, {"0.5": {"non_striker": "RV Uthappa", "bowler": "K Gowtham", "runs": {"extras": 0, "total": 1, "batsman": 1}, "batsman": "CA Lynn"}}, {"0.6": {"non_striker": "CA Lynn", "bowler": "K Gowtham", "runs": {"extras": 4, "total": 4, "batsman": 0}, "extras": {"byes": 4}, "batsman": "RV Uthappa"}}, {"1.1": {"non_striker": "RV Uthappa", "bowler": "JC Archer", "runs": {"extras": 0, "total": 1, "batsman": 1}, "batsman": "CA Lynn"}}, {"1.2": {"non_striker": "CA Lynn", "bowler": "JC Archer", "runs": {"extras": 0, "total": 1, "batsman": 1}, "batsman": "RV Uthappa"}}, {"1.3": {"non_striker": "RV Uthappa", "bowler": "JC Archer", "runs": {"extras": 1, "total": 1, "batsman": 0}, "extras": {"wides": 1}, "batsman": "CA Lynn"}}, {"1.4": {"non_striker": "RV Uthappa", "bowler": "JC Archer", "runs": {"extras": 0, "total": 1, "batsman": 1}, "batsman": "CA Lynn"}}, {"1.5": {"non_striker": "CA Lynn", "bowler": "JC Archer", "runs": {"extras": 1, "total": 1, "batsman": 0}, "extras": {"wides": 1}, "batsman": "RV Uthappa"}}, {"1.6": {"non_striker": "CA Lynn", "bowler": "JC Archer", "runs": {"extras": 1, "total": 1, "batsman": 0}, "extras": {"wides": 1}, "batsman": "RV Uthappa"}}, {"1.7": {"non_striker": "CA Lynn", "bowler": "JC Archer", "runs": {"extras": 0, "total": 0, "batsman": 0}, "batsman": "RV Uthappa"}}, {"1.8": {"non_striker": "CA Lynn", "bowler": "JC Archer", "runs": {"extras": 0, "total": 0, "batsman": 0}, "batsman": "RV Uthappa"}}, {"1.9": {"non_striker": "CA Lynn", "bowler": "JC Archer", "runs": {"extras": 0, "total": 1, "batsman": 1}, "batsman": "RV Uthappa"}}, {"2.1": {"non_striker": "CA Lynn", "bowler": "K Gowtham", "runs": {"extras": 0, "total": 0, "batsman": 0}, "batsman": "RV Uthappa", "wicket": {"player_out": "RV Uthappa", "kind": "caught and bowled"}}}, {"2.2": {"non_striker": "CA Lynn", "bowler": "K Gowtham", "runs": {"extras": 0, "total": 1, "batsman": 1}, "batsman": "N Rana"}}, {"2.3": {"non_striker": "N Rana", "bowler": "K Gowtham", "runs": {"extras": 0, "total": 0, "batsman": 0}, "batsman": "CA Lynn"}}, {"2.4": {"non_striker": "N Rana", "bowler": "K Gowtham", "runs": {"extras": 0, "total": 0, "batsman": 0}, "batsman": "CA Lynn"}}, {"2.5": {"non_striker": "N Rana", "bowler": "K Gowtham", "runs": {"extras": 0, "total": 4, "batsman": 4}, "batsman": "CA Lynn"}}, {"2.6": {"non_striker": "N Rana", "bowler": "K Gowtham", "runs": {"extras": 0, "total": 0, "batsman": 0}, "batsman": "CA Lynn"}}, {"3.1": {"non_striker": "CA Lynn", "bowler": "JC Archer", "runs": {"extras": 0, "total": 0, "batsman": 0}, "batsman": "N Rana"}}, {"3.2": {"non_striker": "CA Lynn", "bowler": "JC Archer", "runs": {"extras": 0, "total": 2, "batsman": 2}, "batsman": "N Rana"}}, {"3.3": {"non_striker": "CA Lynn", "bowler": "JC Archer", "runs": {"extras": 0, "total": 0, "batsman": 0}, "batsman": "N Rana"}}, {"3.4": {"non_striker": "CA Lynn", "bowler": "JC Archer", "runs": {"extras": 0, "total": 0, "batsman": 0}, "batsman": "N Rana", "wicket": {"player_out": "N Rana", "fielders": ["JD Unadkat"], "kind": "caught"}}}, {"3.5": {"non_striker": "CA Lynn", "bowler": "JC Archer", "runs": {"extras": 0, "total": 0, "batsman": 0}, "batsman": "KD Karthik"}}, {"3.6": {"non_striker": "CA Lynn", "bowler": "JC Archer", "runs": {"extras": 0, "total": 4, "batsman": 4}, "batsman": "KD Karthik"}}, {"4.1": {"non_striker": "KD Karthik", "bowler": "K Gowtham", "runs": {"extras": 0, "total": 0, "batsman": 0}, "batsman": "CA Lynn"}}, {"4.2": {"non_striker": "KD Karthik", "bowler": "K Gowtham", "runs": {"extras": 0, "total": 1, "batsman": 1}, "batsman": "CA Lynn"}}, {"4.3": {"non_striker": "CA Lynn", "bowler": "K Gowtham", "runs": {"extras": 0, "total": 1, "batsman": 1}, "batsman": "KD Karthik"}}, {"4.4": {"non_striker": "KD Karthik", "bowler": "K Gowtham", "runs": {"extras": 0, "total": 0, "batsman": 0}, "batsman": "CA Lynn"}}, {"4.5": {"non_striker": "KD Karthik", "bowler": "K Gowtham", "runs": {"extras": 0, "total": 0, "batsman": 0}, "batsman": "CA Lynn"}}, {"4.6": {"non_striker": "KD Karthik", "bowler": "K Gowtham", "runs": {"extras": 0, "total": 2, "batsman": 2}, "batsman": "CA Lynn"}}, {"5.1": {"non_striker": "CA Lynn", "bowler": "JD Unadkat", "runs": {"extras": 0, "total": 4, "batsman": 4}, "batsman": "KD Karthik"}}, {"5.2": {"non_striker": "CA Lynn", "bowler": "JD Unadkat", "runs": {"extras": 0, "total": 4, "batsman": 4}, "batsman": "KD Karthik"}}, {"5.3": {"non_striker": "CA Lynn", "bowler": "JD Unadkat", "runs": {"extras": 0, "total": 1, "batsman": 1}, "batsman": "KD Karthik"}}, {"5.4": {"non_striker": "KD Karthik", "bowler": "JD Unadkat", "runs": {"extras": 0, "total": 4, "batsman": 4}, "batsman": "CA Lynn"}}, {"5.5": {"non_striker": "KD Karthik", "bowler": "JD Unadkat", "runs": {"extras": 0, "total": 1, "batsman": 1}, "batsman": "CA Lynn"}}, {"5.6": {"non_striker": "CA Lynn", "bowler": "JD Unadkat", "runs": {"extras": 0, "total": 0, "batsman": 0}, "batsman": "KD Karthik"}}, {"6.1": {"non_striker": "KD Karthik", "bowler": "IS Sodhi", "runs": {"extras": 0, "total": 0, "batsman": 0}, "batsman": "CA Lynn"}}, {"6.2": {"non_striker": "KD Karthik", "bowler": "IS Sodhi", "runs": {"extras": 0, "total": 1, "batsman": 1}, "batsman": "CA Lynn"}}, {"6.3": {"non_striker": "CA Lynn", "bowler": "IS Sodhi", "runs": {"extras": 0, "total": 0, "batsman": 0}, "batsman": "KD Karthik"}}, {"6.4": {"non_striker": "CA Lynn", "bowler": "IS Sodhi", "runs": {"extras": 0, "total": 0, "batsman": 0}, "batsman": "KD Karthik"}}, {"6.5": {"non_striker": "CA Lynn", "bowler": "IS Sodhi", "runs": {"extras": 0, "total": 0, "batsman": 0}, "batsman": "KD Karthik"}}, {"6.6": {"non_striker": "CA Lynn", "bowler": "IS Sodhi", "runs": {"extras": 0, "total": 1, "batsman": 1}, "batsman": "KD Karthik"}}, {"7.1": {"non_striker": "CA Lynn", "bowler": "S Gopal", "runs": {"extras": 0, "total": 1, "batsman": 1}, "batsman": "KD Karthik"}}, {"7.2": {"non_striker": "KD Karthik", "bowler": "S Gopal", "runs": {"extras": 0, "total": 0, "batsman": 0}, "batsman": "CA Lynn"}}, {"7.3": {"non_striker": "KD Karthik", "bowler": "S Gopal", "runs": {"extras": 0, "total": 2, "batsman": 2}, "batsman": "CA Lynn"}}, {"7.4": {"non_striker": "KD Karthik", "bowler": "S Gopal", "runs": {"extras": 0, "total": 0, "batsman": 0}, "batsman": "CA Lynn"}}, {"7.5": {"non_striker": "KD Karthik", "bowler": "S Gopal", "runs": {"extras": 0, "total": 0, "batsman": 0}, "batsman": "CA Lynn"}}, {"7.6": {"non_striker": "KD Karthik", "bowler": "S Gopal", "runs": {"extras": 0, "total": 0, "batsman": 0}, "batsman": "CA Lynn", "wicket": {"player_out": "CA Lynn", "kind": "caught and bowled"}}}, {"8.1": {"non_striker": "Shubman Gill", "bowler": "IS Sodhi", "runs": {"extras": 0, "total": 2, "batsman": 2}, "batsman": "KD Karthik"}}, {"8.2": {"non_striker": "Shubman Gill", "bowler": "IS Sodhi", "runs": {"extras": 0, "total": 0, "batsman": 0}, "batsman": "KD Karthik"}}, {"8.3": {"non_striker": "Shubman Gill", "bowler": "IS Sodhi", "runs": {"extras": 0, "total": 0, "batsman": 0}, "batsman": "KD Karthik"}}, {"8.4": {"non_striker": "Shubman Gill", "bowler": "IS Sodhi", "runs": {"extras": 0, "total": 1, "batsman": 1}, "batsman": "KD Karthik"}}, {"8.5": {"non_striker": "KD Karthik", "bowler": "IS Sodhi", "runs": {"extras": 0, "total": 1, "batsman": 1}, "batsman": "Shubman Gill"}}, {"8.6": {"non_striker": "Shubman Gill", "bowler": "IS Sodhi", "runs": {"extras": 0, "total": 1, "batsman": 1}, "batsman": "KD Karthik"}}, {"9.1": {"non_striker": "Shubman Gill", "bowler": "S Gopal", "runs": {"extras": 0, "total": 4, "batsman": 4}, "batsman": "KD Karthik"}}, {"9.2": {"non_striker": "Shubman Gill", "bowler": "S Gopal", "runs": {"extras": 0, "total": 0, "batsman": 0}, "batsman": "KD Karthik"}}, {"9.3": {"non_striker": "Shubman Gill", "bowler": "S Gopal", "runs": {"extras": 0, "total": 1, "batsman": 1}, "batsman": "KD Karthik"}}, {"9.4": {"non_striker": "KD Karthik", "bowler": "S Gopal", "runs": {"extras": 0, "total": 1, "batsman": 1}, "batsman": "Shubman Gill"}}, {"9.5": {"non_striker": "Shubman Gill", "bowler": "S Gopal", "runs": {"extras": 0, "total": 0, "batsman": 0}, "batsman": "KD Karthik"}}, {"9.6": {"non_striker": "Shubman Gill", "bowler": "S Gopal", "runs": {"extras": 0, "total": 1, "batsman": 1}, "batsman": "KD Karthik"}}, {"10.1": {"non_striker": "Shubman Gill", "bowler": "B Laughlin", "runs": {"extras": 0, "total": 2, "batsman": 2}, "batsman": "KD Karthik"}}, {"10.2": {"non_striker": "Shubman Gill", "bowler": "B Laughlin", "runs": {"extras": 0, "total": 1, "batsman": 1}, "batsman": "KD Karthik"}}, {"10.3": {"non_striker": "KD Karthik", "bowler": "B Laughlin", "runs": {"extras": 0, "total": 0, "batsman": 0}, "batsman": "Shubman Gill"}}, {"10.4": {"non_striker": "KD Karthik", "bowler": "B Laughlin", "runs": {"extras": 0, "total": 4, "batsman": 4}, "batsman": "Shubman Gill"}}, {"10.5": {"non_striker": "KD Karthik", "bowler": "B Laughlin", "runs": {"extras": 0, "total": 1, "batsman": 1}, "batsman": "Shubman Gill"}}, {"10.6": {"non_striker": "Shubman Gill", "bowler": "B Laughlin", "runs": {"extras": 0, "total": 1, "batsman": 1}, "batsman": "KD Karthik"}}, {"11.1": {"non_striker": "Shubman Gill", "bowler": "S Gopal", "runs": {"extras": 0, "total": 1, "batsman": 1}, "batsman": "KD Karthik"}}, {"11.2": {"non_striker": "KD Karthik", "bowler": "S Gopal", "runs": {"extras": 0, "total": 1, "batsman": 1}, "batsman": "Shubman Gill"}}, {"11.3": {"non_striker": "Shubman Gill", "bowler": "S Gopal", "runs": {"extras": 0, "total": 0, "batsman": 0}, "batsman": "KD Karthik"}}, {"11.4": {"non_striker": "Shubman Gill", "bowler": "S Gopal", "runs": {"extras": 0, "total": 1, "batsman": 1}, "batsman": "KD Karthik"}}, {"11.5": {"non_striker": "KD Karthik", "bowler": "S Gopal", "runs": {"extras": 0, "total": 0, "batsman": 0}, "batsman": "Shubman Gill"}}, {"11.6": {"non_striker": "KD Karthik", "bowler": "S Gopal", "runs": {"extras": 0, "total": 1, "batsman": 1}, "batsman": "Shubman Gill"}}, {"12.1": {"non_striker": "KD Karthik", "bowler": "IS Sodhi", "runs": {"extras": 0, "total": 1, "batsman": 1}, "batsman": "Shubman Gill"}}, {"12.2": {"non_striker": "Shubman Gill", "bowler": "IS Sodhi", "runs": {"extras": 0, "total": 1, "batsman": 1}, "batsman": "KD Karthik"}}, {"12.3": {"non_striker": "KD Karthik", "bowler": "IS Sodhi", "runs": {"extras": 0, "total": 2, "batsman": 2}, "batsman": "Shubman Gill"}}, {"12.4": {"non_striker": "KD Karthik", "bowler": "IS Sodhi", "runs": {"extras": 0, "total": 1, "batsman": 1}, "batsman": "Shubman Gill"}}, {"12.5": {"non_striker": "Shubman Gill", "bowler": "IS Sodhi", "runs": {"extras": 0, "total": 1, "batsman": 1}, "batsman": "KD Karthik"}}, {"12.6": {"non_striker": "KD Karthik", "bowler": "IS Sodhi", "runs": {"extras": 0, "total": 0, "batsman": 0}, "batsman": "Shubman Gill"}}, {"13.1": {"non_striker": "Shubman Gill", "bowler": "S Gopal", "runs": {"extras": 0, "total": 2, "batsman": 2}, "batsman": "KD Karthik"}}, {"13.2": {"non_striker": "Shubman Gill", "bowler": "S Gopal", "runs": {"extras": 0, "total": 1, "batsman": 1}, "batsman": "KD Karthik"}}, {"13.3": {"non_striker": "KD Karthik", "bowler": "S Gopal", "runs": {"extras": 0, "total": 4, "batsman": 4}, "batsman": "Shubman Gill"}}, {"13.4": {"non_striker": "KD Karthik", "bowler": "S Gopal", "runs": {"extras": 0, "total": 6, "batsman": 6}, "batsman": "Shubman Gill"}}, {"13.5": {"non_striker": "KD Karthik", "bowler": "S Gopal", "runs": {"extras": 0, "total": 1, "batsman": 1}, "batsman": "Shubman Gill"}}, {"13.6": {"non_striker": "Shubman Gill", "bowler": "S Gopal", "runs": {"extras": 0, "total": 6, "batsman": 6}, "batsman": "KD Karthik"}}, {"14.1": {"non_striker": "KD Karthik", "bowler": "JC Archer", "runs": {"extras": 0, "total": 4, "batsman": 4}, "batsman": "Shubman Gill"}}, {"14.2": {"non_striker": "KD Karthik", "bowler": "JC Archer", "runs": {"extras": 0, "total": 0, "batsman": 0}, "batsman": "Shubman Gill", "wicket": {"player_out": "Shubman Gill", "fielders": ["H Klaasen"], "kind": "caught"}}}, {"14.3": {"non_striker": "KD Karthik", "bowler": "JC Archer", "runs": {"extras": 0, "total": 0, "batsman": 0}, "batsman": "AD Russell"}}, {"14.4": {"non_striker": "KD Karthik", "bowler": "JC Archer", "runs": {"extras": 0, "total": 0, "batsman": 0}, "batsman": "AD Russell"}}, {"14.5": {"non_striker": "KD Karthik", "bowler": "JC Archer", "runs": {"extras": 1, "total": 1, "batsman": 0}, "extras": {"noballs": 1}, "batsman": "AD Russell"}}, {"14.6": {"non_striker": "KD Karthik", "bowler": "JC Archer", "runs": {"extras": 0, "total": 6, "batsman": 6}, "batsman": "AD Russell"}}, {"14.7": {"non_striker": "KD Karthik", "bowler": "JC Archer", "runs": {"extras": 0, "total": 1, "batsman": 1}, "batsman": "AD Russell"}}, {"15.1": {"non_striker": "KD Karthik", "bowler": "IS Sodhi", "runs": {"extras": 0, "total": 0, "batsman": 0}, "batsman": "AD Russell"}}, {"15.2": {"non_striker": "KD Karthik", "bowler": "IS Sodhi", "runs": {"extras": 0, "total": 1, "batsman": 1}, "batsman": "AD Russell"}}, {"15.3": {"non_striker": "AD Russell", "bowler": "IS Sodhi", "runs": {"extras": 0, "total": 1, "batsman": 1}, "batsman": "KD Karthik"}}, {"15.4": {"non_striker": "KD Karthik", "bowler": "IS Sodhi", "runs": {"extras": 0, "total": 0, "batsman": 0}, "batsman": "AD Russell"}}, {"15.5": {"non_striker": "KD Karthik", "bowler": "IS Sodhi", "runs": {"extras": 0, "total": 0, "batsman": 0}, "batsman": "AD Russell"}}, {"15.6": {"non_striker": "KD Karthik", "bowler": "IS Sodhi", "runs": {"extras": 0, "total": 0, "batsman": 0}, "batsman": "AD Russell"}}, {"16.1": {"non_striker": "AD Russell", "bowler": "JD Unadkat", "runs": {"extras": 0, "total": 6, "batsman": 6}, "batsman": "KD Karthik"}}, {"16.2": {"non_striker": "AD Russell", "bowler": "JD Unadkat", "runs": {"extras": 0, "total": 1, "batsman": 1}, "batsman": "KD Karthik"}}, {"16.3": {"non_striker": "KD Karthik", "bowler": "JD Unadkat", "runs": {"extras": 0, "total": 6, "batsman": 6}, "batsman": "AD Russell"}}, {"16.4": {"non_striker": "KD Karthik", "bowler": "JD Unadkat", "runs": {"extras": 0, "total": 4, "batsman": 4}, "batsman": "AD Russell"}}, {"16.5": {"non_striker": "KD Karthik", "bowler": "JD Unadkat", "runs": {"extras": 0, "total": 1, "batsman": 1}, "batsman": "AD Russell"}}, {"16.6": {"non_striker": "AD Russell", "bowler": "JD Unadkat", "runs": {"extras": 0, "total": 1, "batsman": 1}, "batsman": "KD Karthik"}}, {"17.1": {"non_striker": "AD Russell", "bowler": "B Laughlin", "runs": {"extras": 0, "total": 0, "batsman": 0}, "batsman": "KD Karthik", "wicket": {"player_out": "KD Karthik", "fielders": ["AM Rahane"], "kind": "caught"}}}, {"17.2": {"non_striker": "JPR Scantlebury-Searles", "bowler": "B Laughlin", "runs": {"extras": 0, "total": 6, "batsman": 6}, "batsman": "AD Russell"}}, {"17.3": {"non_striker": "JPR Scantlebury-Searles", "bowler": "B Laughlin", "runs": {"extras": 0, "total": 1, "batsman": 1}, "batsman": "AD Russell"}}, {"17.4": {"non_striker": "AD Russell", "bowler": "B Laughlin", "runs": {"extras": 0, "total": 1, "batsman": 1}, "batsman": "JPR Scantlebury-Searles"}}, {"17.5": {"non_striker": "JPR Scantlebury-Searles", "bowler": "B Laughlin", "runs": {"extras": 0, "total": 0, "batsman": 0}, "batsman": "AD Russell"}}, {"17.6": {"non_striker": "JPR Scantlebury-Searles", "bowler": "B Laughlin", "runs": {"extras": 0, "total": 6, "batsman": 6}, "batsman": "AD Russell"}}, {"18.1": {"non_striker": "AD Russell", "bowler": "JC Archer", "runs": {"extras": 0, "total": 0, "batsman": 0}, "batsman": "JPR Scantlebury-Searles"}}, {"18.2": {"non_striker": "AD Russell", "bowler": "JC Archer", "runs": {"extras": 0, "total": 0, "batsman": 0}, "batsman": "JPR Scantlebury-Searles"}}, {"18.3": {"non_striker": "AD Russell", "bowler": "JC Archer", "runs": {"extras": 0, "total": 1, "batsman": 1}, "batsman": "JPR Scantlebury-Searles"}}, {"18.4": {"non_striker": "JPR Scantlebury-Searles", "bowler": "JC Archer", "runs": {"extras": 0, "total": 0, "batsman": 0}, "batsman": "AD Russell"}}, {"18.5": {"non_striker": "JPR Scantlebury-Searles", "bowler": "JC Archer", "runs": {"extras": 0, "total": 6, "batsman": 6}, "batsman": "AD Russell"}}, {"18.6": {"non_striker": "JPR Scantlebury-Searles", "bowler": "JC Archer", "runs": {"extras": 0, "total": 1, "batsman": 1}, "batsman": "AD Russell"}}, {"19.1": {"non_striker": "JPR Scantlebury-Searles", "bowler": "B Laughlin", "runs": {"extras": 1, "total": 1, "batsman": 0}, "extras": {"wides": 1}, "batsman": "AD Russell"}}, {"19.2": {"non_striker": "JPR Scantlebury-Searles", "bowler": "B Laughlin", "runs": {"extras": 1, "total": 1, "batsman": 0}, "extras": {"wides": 1}, "batsman": "AD Russell"}}, {"19.3": {"non_striker": "JPR Scantlebury-Searles", "bowler": "B Laughlin", "runs": {"extras": 0, "total": 4, "batsman": 4}, "batsman": "AD Russell"}}, {"19.4": {"non_striker": "JPR Scantlebury-Searles", "bowler": "B Laughlin", "runs": {"extras": 0, "total": 0, "batsman": 0}, "batsman": "AD Russell"}}, {"19.5": {"non_striker": "JPR Scantlebury-Searles", "bowler": "B Laughlin", "runs": {"extras": 0, "total": 1, "batsman": 1}, "batsman": "AD Russell"}}, {"19.6": {"non_striker": "AD Russell", "bowler": "B Laughlin", "runs": {"extras": 0, "total": 0, "batsman": 0}, "batsman": "JPR Scantlebury-Searles", "wicket": {"player_out": "JPR Scantlebury-Searles", "fielders": ["JC Archer"], "kind": "caught"}}}, {"19.7": {"non_striker": "PP Chawla", "bowler": "B Laughlin", "runs": {"extras": 0, "total": 4, "batsman": 4}, "batsman": "AD Russell"}}, {"19.8": {"non_striker": "PP Chawla", "bowler": "B Laughlin", "runs": {"extras": 0, "total": 1, "batsman": 1}, "batsman": "AD Russell"}}]