[{"0.1": {"non_striker": "F du Plessis", "bowler": "B Kumar", "runs": {"extras": 0, "total": 0, "batsman": 0}, "batsman": "SR Watson"}}, {"0.2": {"non_striker": "F du Plessis", "bowler": "B Kumar", "runs": {"extras": 0, "total": 0, "batsman": 0}, "batsman": "SR Watson"}}, {"0.3": {"non_striker": "F du Plessis", "bowler": "B Kumar", "runs": {"extras": 0, "total": 0, "batsman": 0}, "batsman": "SR Watson"}}, {"0.4": {"non_striker": "F du Plessis", "bowler": "B Kumar", "runs": {"extras": 0, "total": 0, "batsman": 0}, "batsman": "SR Watson"}}, {"0.5": {"non_striker": "F du Plessis", "bowler": "B Kumar", "runs": {"extras": 0, "total": 0, "batsman": 0}, "batsman": "SR Watson", "wicket": {"player_out": "SR Watson", "fielders": ["SP Goswami"], "kind": "caught"}}}, {"0.6": {"non_striker": "F du Plessis", "bowler": "B Kumar", "runs": {"extras": 0, "total": 1, "batsman": 1}, "batsman": "SK Raina"}}, {"1.1": {"non_striker": "F du Plessis", "bowler": "Sandeep Sharma", "runs": {"extras": 0, "total": 4, "batsman": 4}, "batsman": "SK Raina"}}, {"1.2": {"non_striker": "F du Plessis", "bowler": "Sandeep Sharma", "runs": {"extras": 0, "total": 4, "batsman": 4}, "batsman": "SK Raina"}}, {"1.3": {"non_striker": "F du Plessis", "bowler": "Sandeep Sharma", "runs": {"extras": 0, "total": 4, "batsman": 4}, "batsman": "SK Raina"}}, {"1.4": {"non_striker": "F du Plessis", "bowler": "Sandeep Sharma", "runs": {"extras": 0, "total": 0, "batsman": 0}, "batsman": "SK Raina"}}, {"1.5": {"non_striker": "F du Plessis", "bowler": "Sandeep Sharma", "runs": {"extras": 0, "total": 0, "batsman": 0}, "batsman": "SK Raina"}}, {"1.6": {"non_striker": "F du Plessis", "bowler": "Sandeep Sharma", "runs": {"extras": 0, "total": 1, "batsman": 1}, "batsman": "SK Raina"}}, {"2.1": {"non_striker": "F du Plessis", "bowler": "B Kumar", "runs": {"extras": 0, "total": 2, "batsman": 2}, "batsman": "SK Raina"}}, {"2.2": {"non_striker": "F du Plessis", "bowler": "B Kumar", "runs": {"extras": 0, "total": 1, "batsman": 1}, "batsman": "SK Raina"}}, {"2.3": {"non_striker": "SK Raina", "bowler": "B Kumar", "runs": {"extras": 0, "total": 0, "batsman": 0}, "batsman": "F du Plessis"}}, {"2.4": {"non_striker": "SK Raina", "bowler": "B Kumar", "runs": {"extras": 0, "total": 0, "batsman": 0}, "batsman": "F du Plessis"}}, {"2.5": {"non_striker": "SK Raina", "bowler": "B Kumar", "runs": {"extras": 0, "total": 1, "batsman": 1}, "batsman": "F du Plessis"}}, {"2.6": {"non_striker": "F du Plessis", "bowler": "B Kumar", "runs": {"extras": 1, "total": 1, "batsman": 0}, "extras": {"wides": 1}, "batsman": "SK Raina"}}, {"2.7": {"non_striker": "F du Plessis", "bowler": "B Kumar", "runs": {"extras": 0, "total": 1, "batsman": 1}, "batsman": "SK Raina"}}, {"3.1": {"non_striker": "F du Plessis", "bowler": "S Kaul", "runs": {"extras": 0, "total": 0, "batsman": 0}, "batsman": "SK Raina"}}, {"3.2": {"non_striker": "F du Plessis", "bowler": "S Kaul", "runs": {"extras": 0, "total": 4, "batsman": 4}, "batsman": "SK Raina"}}, {"3.3": {"non_striker": "F du Plessis", "bowler": "S Kaul", "runs": {"extras": 0, "total": 0, "batsman": 0}, "batsman": "SK Raina", "wicket": {"player_out": "SK Raina", "kind": "bowled"}}}, {"3.4": {"non_striker": "F du Plessis", "bowler": "S Kaul", "runs": {"extras": 0, "total": 0, "batsman": 0}, "batsman": "AT Rayudu", "wicket": {"player_out": "AT Rayudu", "kind": "bowled"}}}, {"3.5": {"non_striker": "F du Plessis", "bowler": "S Kaul", "runs": {"extras": 0, "total": 0, "batsman": 0}, "batsman": "MS Dhoni"}}, {"3.6": {"non_striker": "F du Plessis", "bowler": "S Kaul", "runs": {"extras": 0, "total": 0, "batsman": 0}, "batsman": "MS Dhoni"}}, {"4.1": {"non_striker": "MS Dhoni", "bowler": "B Kumar", "runs": {"extras": 0, "total": 1, "batsman": 1}, "batsman": "F du Plessis"}}, {"4.2": {"non_striker": "F du Plessis", "bowler": "B Kumar", "runs": {"extras": 0, "total": 0, "batsman": 0}, "batsman": "MS Dhoni"}}, {"4.3": {"non_striker": "F du Plessis", "bowler": "B Kumar", "runs": {"extras": 0, "total": 0, "batsman": 0}, "batsman": "MS Dhoni"}}, {"4.4": {"non_striker": "F du Plessis", "bowler": "B Kumar", "runs": {"extras": 0, "total": 0, "batsman": 0}, "batsman": "MS Dhoni"}}, {"4.5": {"non_striker": "F du Plessis", "bowler": "B Kumar", "runs": {"extras": 0, "total": 0, "batsman": 0}, "batsman": "MS Dhoni"}}, {"4.6": {"non_striker": "F du Plessis", "bowler": "B Kumar", "runs": {"extras": 0, "total": 0, "batsman": 0}, "batsman": "MS Dhoni"}}, {"5.1": {"non_striker": "MS Dhoni", "bowler": "S Kaul", "runs": {"extras": 0, "total": 1, "batsman": 1}, "batsman": "F du Plessis"}}, {"5.2": {"non_striker": "F du Plessis", "bowler": "S Kaul", "runs": {"extras": 0, "total": 0, "batsman": 0}, "batsman": "MS Dhoni"}}, {"5.3": {"non_striker": "F du Plessis", "bowler": "S Kaul", "runs": {"extras": 0, "total": 2, "batsman": 2}, "batsman": "MS Dhoni"}}, {"5.4": {"non_striker": "F du Plessis", "bowler": "S Kaul", "runs": {"extras": 0, "total": 4, "batsman": 4}, "batsman": "MS Dhoni"}}, {"5.5": {"non_striker": "F du Plessis", "bowler": "S Kaul", "runs": {"extras": 0, "total": 1, "batsman": 1}, "batsman": "MS Dhoni"}}, {"5.6": {"non_striker": "MS Dhoni", "bowler": "S Kaul", "runs": {"extras": 0, "total": 0, "batsman": 0}, "batsman": "F du Plessis"}}, {"6.1": {"non_striker": "F du Plessis", "bowler": "CR Brathwaite", "runs": {"extras": 1, "total": 1, "batsman": 0}, "extras": {"wides": 1}, "batsman": "MS Dhoni"}}, {"6.2": {"non_striker": "F du Plessis", "bowler": "CR Brathwaite", "runs": {"extras": 0, "total": 1, "batsman": 1}, "batsman": "MS Dhoni"}}, {"6.3": {"non_striker": "MS Dhoni", "bowler": "CR Brathwaite", "runs": {"extras": 0, "total": 0, "batsman": 0}, "batsman": "F du Plessis"}}, {"6.4": {"non_striker": "MS Dhoni", "bowler": "CR Brathwaite", "runs": {"extras": 0, "total": 1, "batsman": 1}, "batsman": "F du Plessis"}}, {"6.5": {"non_striker": "F du Plessis", "bowler": "CR Brathwaite", "runs": {"extras": 0, "total": 0, "batsman": 0}, "batsman": "MS Dhoni"}}, {"6.6": {"non_striker": "F du Plessis", "bowler": "CR Brathwaite", "runs": {"extras": 0, "total": 0, "batsman": 0}, "batsman": "MS Dhoni"}}, {"6.7": {"non_striker": "F du Plessis", "bowler": "CR Brathwaite", "runs": {"extras": 1, "total": 1, "batsman": 0}, "extras": {"legbyes": 1}, "batsman": "MS Dhoni"}}, {"7.1": {"non_striker": "F du Plessis", "bowler": "Rashid Khan", "runs": {"extras": 0, "total": 0, "batsman": 0}, "batsman": "MS Dhoni"}}, {"7.2": {"non_striker": "F du Plessis", "bowler": "Rashid Khan", "runs": {"extras": 0, "total": 1, "batsman": 1}, "batsman": "MS Dhoni"}}, {"7.3": {"non_striker": "MS Dhoni", "bowler": "Rashid Khan", "runs": {"extras": 0, "total": 1, "batsman": 1}, "batsman": "F du Plessis"}}, {"7.4": {"non_striker": "F du Plessis", "bowler": "Rashid Khan", "runs": {"extras": 0, "total": 0, "batsman": 0}, "batsman": "MS Dhoni", "wicket": {"player_out": "MS Dhoni", "kind": "bowled"}}}, {"7.5": {"non_striker": "F du Plessis", "bowler": "Rashid Khan", "runs": {"extras": 0, "total": 0, "batsman": 0}, "batsman": "DJ Bravo"}}, {"7.6": {"non_striker": "F du Plessis", "bowler": "Rashid Khan", "runs": {"extras": 0, "total": 1, "batsman": 1}, "batsman": "DJ Bravo"}}, {"8.1": {"non_striker": "F du Plessis", "bowler": "CR Brathwaite", "runs": {"extras": 0, "total": 1, "batsman": 1}, "batsman": "DJ Bravo"}}, {"8.2": {"non_striker": "DJ Bravo", "bowler": "CR Brathwaite", "runs": {"extras": 0, "total": 0, "batsman": 0}, "batsman": "F du Plessis"}}, {"8.3": {"non_striker": "DJ Bravo", "bowler": "CR Brathwaite", "runs": {"extras": 0, "total": 0, "batsman": 0}, "batsman": "F du Plessis"}}, {"8.4": {"non_striker": "DJ Bravo", "bowler": "CR Brathwaite", "runs": {"extras": 0, "total": 6, "batsman": 6}, "batsman": "F du Plessis"}}, {"8.5": {"non_striker": "DJ Bravo", "bowler": "CR Brathwaite", "runs": {"extras": 0, "total": 1, "batsman": 1}, "batsman": "F du Plessis"}}, {"8.6": {"non_striker": "F du Plessis", "bowler": "CR Brathwaite", "runs": {"extras": 0, "total": 0, "batsman": 0}, "batsman": "DJ Bravo"}}, {"9.1": {"non_striker": "DJ Bravo", "bowler": "Rashid Khan", "runs": {"extras": 0, "total": 0, "batsman": 0}, "batsman": "F du Plessis"}}, {"9.2": {"non_striker": "DJ Bravo", "bowler": "Rashid Khan", "runs": {"extras": 0, "total": 0, "batsman": 0}, "batsman": "F du Plessis"}}, {"9.3": {"non_striker": "DJ Bravo", "bowler": "Rashid Khan", "runs": {"extras": 0, "total": 0, "batsman": 0}, "batsman": "F du Plessis"}}, {"9.4": {"non_striker": "DJ Bravo", "bowler": "Rashid Khan", "runs": {"extras": 0, "total": 1, "batsman": 1}, "batsman": "F du Plessis"}}, {"9.5": {"non_striker": "F du Plessis", "bowler": "Rashid Khan", "runs": {"extras": 0, "total": 0, "batsman": 0}, "batsman": "DJ Bravo"}}, {"9.6": {"non_striker": "F du Plessis", "bowler": "Rashid Khan", "runs": {"extras": 0, "total": 1, "batsman": 1}, "batsman": "DJ Bravo"}}, {"10.1": {"non_striker": "F du Plessis", "bowler": "Shakib Al Hasan", "runs": {"extras": 0, "total": 2, "batsman": 2}, "batsman": "DJ Bravo"}}, {"10.2": {"non_striker": "F du Plessis", "bowler": "Shakib Al Hasan", "runs": {"extras": 0, "total": 0, "batsman": 0}, "batsman": "DJ Bravo"}}, {"10.3": {"non_striker": "F du Plessis", "bowler": "Shakib Al Hasan", "runs": {"extras": 0, "total": 1, "batsman": 1}, "batsman": "DJ Bravo"}}, {"10.4": {"non_striker": "DJ Bravo", "bowler": "Shakib Al Hasan", "runs": {"extras": 0, "total": 1, "batsman": 1}, "batsman": "F du Plessis"}}, {"10.5": {"non_striker": "F du Plessis", "bowler": "Shakib Al Hasan", "runs": {"extras": 0, "total": 1, "batsman": 1}, "batsman": "DJ Bravo"}}, {"10.6": {"non_striker": "DJ Bravo", "bowler": "Shakib Al Hasan", "runs": {"extras": 0, "total": 1, "batsman": 1}, "batsman": "F du Plessis"}}, {"11.1": {"non_striker": "DJ Bravo", "bowler": "Rashid Khan", "runs": {"extras": 0, "total": 1, "batsman": 1}, "batsman": "F du Plessis"}}, {"11.2": {"non_striker": "F du Plessis", "bowler": "Rashid Khan", "runs": {"extras": 0, "total": 0, "batsman": 0}, "batsman": "DJ Bravo", "wicket": {"player_out": "DJ Bravo", "fielders": ["S Dhawan"], "kind": "caught"}}}, {"11.3": {"non_striker": "F du Plessis", "bowler": "Rashid Khan", "runs": {"extras": 0, "total": 2, "batsman": 2}, "batsman": "RA Jadeja"}}, {"11.4": {"non_striker": "F du Plessis", "bowler": "Rashid Khan", "runs": {"extras": 0, "total": 1, "batsman": 1}, "batsman": "RA Jadeja"}}, {"11.5": {"non_striker": "RA Jadeja", "bowler": "Rashid Khan", "runs": {"extras": 0, "total": 1, "batsman": 1}, "batsman": "F du Plessis"}}, {"11.6": {"non_striker": "F du Plessis", "bowler": "Rashid Khan", "runs": {"extras": 0, "total": 0, "batsman": 0}, "batsman": "RA Jadeja"}}, {"12.1": {"non_striker": "RA Jadeja", "bowler": "Sandeep Sharma", "runs": {"extras": 0, "total": 1, "batsman": 1}, "batsman": "F du Plessis"}}, {"12.2": {"non_striker": "F du Plessis", "bowler": "Sandeep Sharma", "runs": {"extras": 0, "total": 0, "batsman": 0}, "batsman": "RA Jadeja"}}, {"12.3": {"non_striker": "F du Plessis", "bowler": "Sandeep Sharma", "runs": {"extras": 0, "total": 0, "batsman": 0}, "batsman": "RA Jadeja", "wicket": {"player_out": "RA Jadeja", "kind": "caught and bowled"}}}, {"12.4": {"non_striker": "F du Plessis", "bowler": "Sandeep Sharma", "runs": {"extras": 0, "total": 1, "batsman": 1}, "batsman": "DL Chahar"}}, {"12.5": {"non_striker": "DL Chahar", "bowler": "Sandeep Sharma", "runs": {"extras": 0, "total": 2, "batsman": 2}, "batsman": "F du Plessis"}}, {"12.6": {"non_striker": "DL Chahar", "bowler": "Sandeep Sharma", "runs": {"extras": 0, "total": 1, "batsman": 1}, "batsman": "F du Plessis"}}, {"13.1": {"non_striker": "DL Chahar", "bowler": "Shakib Al Hasan", "runs": {"extras": 0, "total": 1, "batsman": 1}, "batsman": "F du Plessis"}}, {"13.2": {"non_striker": "F du Plessis", "bowler": "Shakib Al Hasan", "runs": {"extras": 0, "total": 1, "batsman": 1}, "batsman": "DL Chahar"}}, {"13.3": {"non_striker": "DL Chahar", "bowler": "Shakib Al Hasan", "runs": {"extras": 0, "total": 1, "batsman": 1}, "batsman": "F du Plessis"}}, {"13.4": {"non_striker": "F du Plessis", "bowler": "Shakib Al Hasan", "runs": {"extras": 0, "total": 1, "batsman": 1}, "batsman": "DL Chahar"}}, {"13.5": {"non_striker": "DL Chahar", "bowler": "Shakib Al Hasan", "runs": {"extras": 0, "total": 4, "batsman": 4}, "batsman": "F du Plessis"}}, {"13.6": {"non_striker": "DL Chahar", "bowler": "Shakib Al Hasan", "runs": {"extras": 0, "total": 6, "batsman": 6}, "batsman": "F du Plessis"}}, {"14.1": {"non_striker": "F du Plessis", "bowler": "Sandeep Sharma", "runs": {"extras": 0, "total": 6, "batsman": 6}, "batsman": "DL Chahar"}}, {"14.2": {"non_striker": "F du Plessis", "bowler": "Sandeep Sharma", "runs": {"extras": 0, "total": 1, "batsman": 1}, "batsman": "DL Chahar"}}, {"14.3": {"non_striker": "DL Chahar", "bowler": "Sandeep Sharma", "runs": {"extras": 0, "total": 0, "batsman": 0}, "batsman": "F du Plessis"}}, {"14.4": {"non_striker": "DL Chahar", "bowler": "Sandeep Sharma", "runs": {"extras": 0, "total": 4, "batsman": 4}, "batsman": "F du Plessis"}}, {"14.5": {"non_striker": "DL Chahar", "bowler": "Sandeep Sharma", "runs": {"extras": 0, "total": 1, "batsman": 1}, "batsman": "F du Plessis"}}, {"14.6": {"non_striker": "F du Plessis", "bowler": "Sandeep Sharma", "runs": {"extras": 0, "total": 0, "batsman": 0}, "batsman": "DL Chahar", "wicket": {"player_out": "DL Chahar", "fielders": ["CR Brathwaite"], "kind": "caught"}}}, {"15.1": {"non_striker": "Harbhajan Singh", "bowler": "Rashid Khan", "runs": {"extras": 0, "total": 0, "batsman": 0}, "batsman": "F du Plessis"}}, {"15.2": {"non_striker": "Harbhajan Singh", "bowler": "Rashid Khan", "runs": {"extras": 0, "total": 1, "batsman": 1}, "batsman": "F du Plessis"}}, {"15.3": {"non_striker": "F du Plessis", "bowler": "Rashid Khan", "runs": {"extras": 0, "total": 0, "batsman": 0}, "batsman": "Harbhajan Singh"}}, {"15.4": {"non_striker": "F du Plessis", "bowler": "Rashid Khan", "runs": {"extras": 0, "total": 0, "batsman": 0}, "batsman": "Harbhajan Singh"}}, {"15.5": {"non_striker": "F du Plessis", "bowler": "Rashid Khan", "runs": {"extras": 0, "total": 0, "batsman": 0}, "batsman": "Harbhajan Singh"}}, {"15.6": {"non_striker": "F du Plessis", "bowler": "Rashid Khan", "runs": {"extras": 0, "total": 0, "batsman": 0}, "batsman": "Harbhajan Singh"}}, {"16.1": {"non_striker": "Harbhajan Singh", "bowler": "S Kaul", "runs": {"extras": 0, "total": 1, "batsman": 1}, "batsman": "F du Plessis"}}, {"16.2": {"non_striker": "F du Plessis", "bowler": "S Kaul", "runs": {"extras": 0, "total": 0, "batsman": 0}, "batsman": "Harbhajan Singh"}}, {"16.3": {"non_striker": "F du Plessis", "bowler": "S Kaul", "runs": {"extras": 1, "total": 1, "batsman": 0}, "extras": {"legbyes": 1}, "batsman": "Harbhajan Singh"}}, {"16.4": {"non_striker": "Harbhajan Singh", "bowler": "S Kaul", "runs": {"extras": 0, "total": 1, "batsman": 1}, "batsman": "F du Plessis"}}, {"16.5": {"non_striker": "F du Plessis", "bowler": "S Kaul", "runs": {"extras": 0, "total": 0, "batsman": 0}, "batsman": "Harbhajan Singh"}}, {"16.6": {"non_striker": "F du Plessis", "bowler": "S Kaul", "runs": {"extras": 0, "total": 1, "batsman": 1}, "batsman": "Harbhajan Singh"}}, {"17.1": {"non_striker": "F du Plessis", "bowler": "CR Brathwaite", "runs": {"extras": 0, "total": 1, "batsman": 1}, "batsman": "Harbhajan Singh"}}, {"17.2": {"non_striker": "Harbhajan Singh", "bowler": "CR Brathwaite", "runs": {"extras": 0, "total": 4, "batsman": 4}, "batsman": "F du Plessis"}}, {"17.3": {"non_striker": "Harbhajan Singh", "bowler": "CR Brathwaite", "runs": {"extras": 0, "total": 6, "batsman": 6}, "batsman": "F du Plessis"}}, {"17.4": {"non_striker": "Harbhajan Singh", "bowler": "CR Brathwaite", "runs": {"extras": 0, "total": 4, "batsman": 4}, "batsman": "F du Plessis"}}, {"17.5": {"non_striker": "Harbhajan Singh", "bowler": "CR Brathwaite", "runs": {"extras": 0, "total": 1, "batsman": 1}, "batsman": "F du Plessis", "wicket": {"player_out": "Harbhajan Singh", "kind": "run out"}}}, {"17.6": {"non_striker": "SN Thakur", "bowler": "CR Brathwaite", "runs": {"extras": 0, "total": 4, "batsman": 4}, "batsman": "F du Plessis"}}, {"18.1": {"non_striker": "F du Plessis", "bowler": "S Kaul", "runs": {"extras": 0, "total": 4, "batsman": 4}, "batsman": "SN Thakur"}}, {"18.2": {"non_striker": "F du Plessis", "bowler": "S Kaul", "runs": {"extras": 0, "total": 4, "batsman": 4}, "batsman": "SN Thakur"}}, {"18.3": {"non_striker": "F du Plessis", "bowler": "S Kaul", "runs": {"extras": 0, "total": 1, "batsman": 1}, "batsman": "SN Thakur"}}, {"18.4": {"non_striker": "SN Thakur", "bowler": "S Kaul", "runs": {"extras": 1, "total": 1, "batsman": 0}, "extras": {"wides": 1}, "batsman": "F du Plessis"}}, {"18.5": {"non_striker": "SN Thakur", "bowler": "S Kaul", "runs": {"extras": 0, "total": 1, "batsman": 1}, "batsman": "F du Plessis"}}, {"18.6": {"non_striker": "F du Plessis", "bowler": "S Kaul", "runs": {"extras": 0, "total": 2, "batsman": 2}, "batsman": "SN Thakur"}}, {"18.7": {"non_striker": "F du Plessis", "bowler": "S Kaul", "runs": {"extras": 0, "total": 4, "batsman": 4}, "batsman": "SN Thakur"}}, {"19.1": {"non_striker": "SN Thakur", "bowler": "B Kumar", "runs": {"extras": 0, "total": 6, "batsman": 6}, "batsman": "F du Plessis"}}]