[{"0.1": {"non_striker": "SP Narine", "bowler": "B Kumar", "runs": {"extras": 0, "total": 0, "batsman": 0}, "batsman": "CA Lynn"}}, {"0.2": {"non_striker": "SP Narine", "bowler": "B Kumar", "runs": {"extras": 0, "total": 0, "batsman": 0}, "batsman": "CA Lynn"}}, {"0.3": {"non_striker": "SP Narine", "bowler": "B Kumar", "runs": {"extras": 0, "total": 4, "batsman": 4}, "batsman": "CA Lynn"}}, {"0.4": {"non_striker": "SP Narine", "bowler": "B Kumar", "runs": {"extras": 0, "total": 1, "batsman": 1}, "batsman": "CA Lynn"}}, {"0.5": {"non_striker": "CA Lynn", "bowler": "B Kumar", "runs": {"extras": 0, "total": 0, "batsman": 0}, "batsman": "SP Narine"}}, {"0.6": {"non_striker": "CA Lynn", "bowler": "B Kumar", "runs": {"extras": 1, "total": 1, "batsman": 0}, "extras": {"legbyes": 1}, "batsman": "SP Narine"}}, {"1.1": {"non_striker": "CA Lynn", "bowler": "KK Ahmed", "runs": {"extras": 0, "total": 4, "batsman": 4}, "batsman": "SP Narine"}}, {"1.2": {"non_striker": "CA Lynn", "bowler": "KK Ahmed", "runs": {"extras": 0, "total": 1, "batsman": 1}, "batsman": "SP Narine"}}, {"1.3": {"non_striker": "SP Narine", "bowler": "KK Ahmed", "runs": {"extras": 0, "total": 1, "batsman": 1}, "batsman": "CA Lynn"}}, {"1.4": {"non_striker": "CA Lynn", "bowler": "KK Ahmed", "runs": {"extras": 0, "total": 0, "batsman": 0}, "batsman": "SP Narine"}}, {"1.5": {"non_striker": "CA Lynn", "bowler": "KK Ahmed", "runs": {"extras": 1, "total": 1, "batsman": 0}, "extras": {"legbyes": 1}, "batsman": "SP Narine"}}, {"1.6": {"non_striker": "SP Narine", "bowler": "KK Ahmed", "runs": {"extras": 0, "total": 6, "batsman": 6}, "batsman": "CA Lynn"}}, {"2.1": {"non_striker": "CA Lynn", "bowler": "B Kumar", "runs": {"extras": 0, "total": 4, "batsman": 4}, "batsman": "SP Narine"}}, {"2.2": {"non_striker": "CA Lynn", "bowler": "B Kumar", "runs": {"extras": 0, "total": 6, "batsman": 6}, "batsman": "SP Narine"}}, {"2.3": {"non_striker": "CA Lynn", "bowler": "B Kumar", "runs": {"extras": 0, "total": 4, "batsman": 4}, "batsman": "SP Narine"}}, {"2.4": {"non_striker": "CA Lynn", "bowler": "B Kumar", "runs": {"extras": 0, "total": 4, "batsman": 4}, "batsman": "SP Narine"}}, {"2.5": {"non_striker": "CA Lynn", "bowler": "B Kumar", "runs": {"extras": 0, "total": 1, "batsman": 1}, "batsman": "SP Narine"}}, {"2.6": {"non_striker": "SP Narine", "bowler": "B Kumar", "runs": {"extras": 0, "total": 0, "batsman": 0}, "batsman": "CA Lynn"}}, {"3.1": {"non_striker": "CA Lynn", "bowler": "S Kaul", "runs": {"extras": 0, "total": 2, "batsman": 2}, "batsman": "SP Narine"}}, {"3.2": {"non_striker": "CA Lynn", "bowler": "S Kaul", "runs": {"extras": 0, "total": 0, "batsman": 0}, "batsman": "SP Narine", "wicket": {"player_out": "SP Narine", "fielders": ["CR Brathwaite"], "kind": "caught"}}}, {"3.3": {"non_striker": "N Rana", "bowler": "S Kaul", "runs": {"extras": 0, "total": 4, "batsman": 4}, "batsman": "CA Lynn"}}, {"3.4": {"non_striker": "N Rana", "bowler": "S Kaul", "runs": {"extras": 0, "total": 1, "batsman": 1}, "batsman": "CA Lynn"}}, {"3.5": {"non_striker": "CA Lynn", "bowler": "S Kaul", "runs": {"extras": 0, "total": 1, "batsman": 1}, "batsman": "N Rana"}}, {"3.6": {"non_striker": "N Rana", "bowler": "S Kaul", "runs": {"extras": 0, "total": 0, "batsman": 0}, "batsman": "CA Lynn"}}, {"4.1": {"non_striker": "CA Lynn", "bowler": "KK Ahmed", "runs": {"extras": 0, "total": 0, "batsman": 0}, "batsman": "N Rana"}}, {"4.2": {"non_striker": "CA Lynn", "bowler": "KK Ahmed", "runs": {"extras": 0, "total": 0, "batsman": 0}, "batsman": "N Rana"}}, {"4.3": {"non_striker": "CA Lynn", "bowler": "KK Ahmed", "runs": {"extras": 0, "total": 6, "batsman": 6}, "batsman": "N Rana"}}, {"4.4": {"non_striker": "CA Lynn", "bowler": "KK Ahmed", "runs": {"extras": 0, "total": 0, "batsman": 0}, "batsman": "N Rana"}}, {"4.5": {"non_striker": "CA Lynn", "bowler": "KK Ahmed", "runs": {"extras": 0, "total": 6, "batsman": 6}, "batsman": "N Rana"}}, {"4.6": {"non_striker": "CA Lynn", "bowler": "KK Ahmed", "runs": {"extras": 0, "total": 0, "batsman": 0}, "batsman": "N Rana"}}, {"5.1": {"non_striker": "N Rana", "bowler": "S Kaul", "runs": {"extras": 0, "total": 6, "batsman": 6}, "batsman": "CA Lynn"}}, {"5.2": {"non_striker": "N Rana", "bowler": "S Kaul", "runs": {"extras": 0, "total": 1, "batsman": 1}, "batsman": "CA Lynn"}}, {"5.3": {"non_striker": "CA Lynn", "bowler": "S Kaul", "runs": {"extras": 0, "total": 0, "batsman": 0}, "batsman": "N Rana"}}, {"5.4": {"non_striker": "CA Lynn", "bowler": "S Kaul", "runs": {"extras": 0, "total": 1, "batsman": 1}, "batsman": "N Rana"}}, {"5.5": {"non_striker": "N Rana", "bowler": "S Kaul", "runs": {"extras": 0, "total": 0, "batsman": 0}, "batsman": "CA Lynn"}}, {"5.6": {"non_striker": "N Rana", "bowler": "S Kaul", "runs": {"extras": 0, "total": 1, "batsman": 1}, "batsman": "CA Lynn"}}, {"6.1": {"non_striker": "N Rana", "bowler": "Rashid Khan", "runs": {"extras": 0, "total": 0, "batsman": 0}, "batsman": "CA Lynn"}}, {"6.2": {"non_striker": "N Rana", "bowler": "Rashid Khan", "runs": {"extras": 0, "total": 1, "batsman": 1}, "batsman": "CA Lynn"}}, {"6.3": {"non_striker": "CA Lynn", "bowler": "Rashid Khan", "runs": {"extras": 0, "total": 0, "batsman": 0}, "batsman": "N Rana"}}, {"6.4": {"non_striker": "CA Lynn", "bowler": "Rashid Khan", "runs": {"extras": 0, "total": 0, "batsman": 0}, "batsman": "N Rana"}}, {"6.5": {"non_striker": "CA Lynn", "bowler": "Rashid Khan", "runs": {"extras": 0, "total": 0, "batsman": 0}, "batsman": "N Rana"}}, {"6.6": {"non_striker": "CA Lynn", "bowler": "Rashid Khan", "runs": {"extras": 0, "total": 2, "batsman": 2}, "batsman": "N Rana"}}, {"7.1": {"non_striker": "N Rana", "bowler": "CR Brathwaite", "runs": {"extras": 0, "total": 1, "batsman": 1}, "batsman": "CA Lynn"}}, {"7.2": {"non_striker": "CA Lynn", "bowler": "CR Brathwaite", "runs": {"extras": 0, "total": 1, "batsman": 1}, "batsman": "N Rana"}}, {"7.3": {"non_striker": "N Rana", "bowler": "CR Brathwaite", "runs": {"extras": 0, "total": 4, "batsman": 4}, "batsman": "CA Lynn"}}, {"7.4": {"non_striker": "N Rana", "bowler": "CR Brathwaite", "runs": {"extras": 0, "total": 0, "batsman": 0}, "batsman": "CA Lynn"}}, {"7.5": {"non_striker": "N Rana", "bowler": "CR Brathwaite", "runs": {"extras": 0, "total": 4, "batsman": 4}, "batsman": "CA Lynn"}}, {"7.6": {"non_striker": "N Rana", "bowler": "CR Brathwaite", "runs": {"extras": 0, "total": 1, "batsman": 1}, "batsman": "CA Lynn"}}, {"8.1": {"non_striker": "N Rana", "bowler": "Shakib Al Hasan", "runs": {"extras": 0, "total": 1, "batsman": 1}, "batsman": "CA Lynn"}}, {"8.2": {"non_striker": "CA Lynn", "bowler": "Shakib Al Hasan", "runs": {"extras": 0, "total": 4, "batsman": 4}, "batsman": "N Rana"}}, {"8.3": {"non_striker": "CA Lynn", "bowler": "Shakib Al Hasan", "runs": {"extras": 0, "total": 1, "batsman": 1}, "batsman": "N Rana", "wicket": {"player_out": "N Rana", "kind": "run out"}}}, {"8.4": {"non_striker": "CA Lynn", "bowler": "Shakib Al Hasan", "runs": {"extras": 0, "total": 0, "batsman": 0}, "batsman": "RV Uthappa"}}, {"8.5": {"non_striker": "CA Lynn", "bowler": "Shakib Al Hasan", "runs": {"extras": 0, "total": 1, "batsman": 1}, "batsman": "RV Uthappa"}}, {"8.6": {"non_striker": "RV Uthappa", "bowler": "Shakib Al Hasan", "runs": {"extras": 0, "total": 0, "batsman": 0}, "batsman": "CA Lynn"}}, {"9.1": {"non_striker": "CA Lynn", "bowler": "B Kumar", "runs": {"extras": 0, "total": 0, "batsman": 0}, "batsman": "RV Uthappa"}}, {"9.2": {"non_striker": "CA Lynn", "bowler": "B Kumar", "runs": {"extras": 0, "total": 0, "batsman": 0}, "batsman": "RV Uthappa"}}, {"9.3": {"non_striker": "CA Lynn", "bowler": "B Kumar", "runs": {"extras": 0, "total": 0, "batsman": 0}, "batsman": "RV Uthappa"}}, {"9.4": {"non_striker": "CA Lynn", "bowler": "B Kumar", "runs": {"extras": 0, "total": 0, "batsman": 0}, "batsman": "RV Uthappa"}}, {"9.5": {"non_striker": "CA Lynn", "bowler": "B Kumar", "runs": {"extras": 0, "total": 1, "batsman": 1}, "batsman": "RV Uthappa"}}, {"9.6": {"non_striker": "RV Uthappa", "bowler": "B Kumar", "runs": {"extras": 0, "total": 4, "batsman": 4}, "batsman": "CA Lynn"}}, {"10.1": {"non_striker": "CA Lynn", "bowler": "Rashid Khan", "runs": {"extras": 0, "total": 0, "batsman": 0}, "batsman": "RV Uthappa", "wicket": {"player_out": "RV Uthappa", "kind": "bowled"}}}, {"10.2": {"non_striker": "CA Lynn", "bowler": "Rashid Khan", "runs": {"extras": 0, "total": 1, "batsman": 1}, "batsman": "KD Karthik"}}, {"10.3": {"non_striker": "KD Karthik", "bowler": "Rashid Khan", "runs": {"extras": 0, "total": 4, "batsman": 4}, "batsman": "CA Lynn"}}, {"10.4": {"non_striker": "KD Karthik", "bowler": "Rashid Khan", "runs": {"extras": 0, "total": 1, "batsman": 1}, "batsman": "CA Lynn"}}, {"10.5": {"non_striker": "CA Lynn", "bowler": "Rashid Khan", "runs": {"extras": 0, "total": 4, "batsman": 4}, "batsman": "KD Karthik"}}, {"10.6": {"non_striker": "CA Lynn", "bowler": "Rashid Khan", "runs": {"extras": 0, "total": 1, "batsman": 1}, "batsman": "KD Karthik"}}, {"11.1": {"non_striker": "CA Lynn", "bowler": "Shakib Al Hasan", "runs": {"extras": 0, "total": 1, "batsman": 1}, "batsman": "KD Karthik"}}, {"11.2": {"non_striker": "KD Karthik", "bowler": "Shakib Al Hasan", "runs": {"extras": 0, "total": 1, "batsman": 1}, "batsman": "CA Lynn"}}, {"11.3": {"non_striker": "CA Lynn", "bowler": "Shakib Al Hasan", "runs": {"extras": 0, "total": 1, "batsman": 1}, "batsman": "KD Karthik"}}, {"11.4": {"non_striker": "KD Karthik", "bowler": "Shakib Al Hasan", "runs": {"extras": 0, "total": 0, "batsman": 0}, "batsman": "CA Lynn"}}, {"11.5": {"non_striker": "KD Karthik", "bowler": "Shakib Al Hasan", "runs": {"extras": 0, "total": 1, "batsman": 1}, "batsman": "CA Lynn"}}, {"11.6": {"non_striker": "CA Lynn", "bowler": "Shakib Al Hasan", "runs": {"extras": 0, "total": 0, "batsman": 0}, "batsman": "KD Karthik", "wicket": {"player_out": "KD Karthik", "kind": "bowled"}}}, {"12.1": {"non_striker": "Shubman Gill", "bowler": "Rashid Khan", "runs": {"extras": 0, "total": 0, "batsman": 0}, "batsman": "CA Lynn"}}, {"12.2": {"non_striker": "Shubman Gill", "bowler": "Rashid Khan", "runs": {"extras": 0, "total": 0, "batsman": 0}, "batsman": "CA Lynn", "wicket": {"player_out": "CA Lynn", "kind": "lbw"}}}, {"12.3": {"non_striker": "Shubman Gill", "bowler": "Rashid Khan", "runs": {"extras": 0, "total": 1, "batsman": 1}, "batsman": "AD Russell"}}, {"12.4": {"non_striker": "AD Russell", "bowler": "Rashid Khan", "runs": {"extras": 0, "total": 1, "batsman": 1}, "batsman": "Shubman Gill"}}, {"12.5": {"non_striker": "Shubman Gill", "bowler": "Rashid Khan", "runs": {"extras": 0, "total": 1, "batsman": 1}, "batsman": "AD Russell"}}, {"12.6": {"non_striker": "AD Russell", "bowler": "Rashid Khan", "runs": {"extras": 0, "total": 1, "batsman": 1}, "batsman": "Shubman Gill"}}, {"13.1": {"non_striker": "AD Russell", "bowler": "Shakib Al Hasan", "runs": {"extras": 0, "total": 1, "batsman": 1}, "batsman": "Shubman Gill"}}, {"13.2": {"non_striker": "Shubman Gill", "bowler": "Shakib Al Hasan", "runs": {"extras": 0, "total": 1, "batsman": 1}, "batsman": "AD Russell"}}, {"13.3": {"non_striker": "AD Russell", "bowler": "Shakib Al Hasan", "runs": {"extras": 0, "total": 0, "batsman": 0}, "batsman": "Shubman Gill"}}, {"13.4": {"non_striker": "AD Russell", "bowler": "Shakib Al Hasan", "runs": {"extras": 0, "total": 2, "batsman": 2}, "batsman": "Shubman Gill"}}, {"13.5": {"non_striker": "AD Russell", "bowler": "Shakib Al Hasan", "runs": {"extras": 0, "total": 1, "batsman": 1}, "batsman": "Shubman Gill"}}, {"13.6": {"non_striker": "Shubman Gill", "bowler": "Shakib Al Hasan", "runs": {"extras": 0, "total": 0, "batsman": 0}, "batsman": "AD Russell"}}, {"14.1": {"non_striker": "AD Russell", "bowler": "Rashid Khan", "runs": {"extras": 0, "total": 1, "batsman": 1}, "batsman": "Shubman Gill"}}, {"14.2": {"non_striker": "Shubman Gill", "bowler": "Rashid Khan", "runs": {"extras": 0, "total": 0, "batsman": 0}, "batsman": "AD Russell"}}, {"14.3": {"non_striker": "Shubman Gill", "bowler": "Rashid Khan", "runs": {"extras": 0, "total": 0, "batsman": 0}, "batsman": "AD Russell"}}, {"14.4": {"non_striker": "Shubman Gill", "bowler": "Rashid Khan", "runs": {"extras": 0, "total": 0, "batsman": 0}, "batsman": "AD Russell", "wicket": {"player_out": "AD Russell", "fielders": ["S Dhawan"], "kind": "caught"}}}, {"14.5": {"non_striker": "Shubman Gill", "bowler": "Rashid Khan", "runs": {"extras": 0, "total": 0, "batsman": 0}, "batsman": "PP Chawla"}}, {"14.6": {"non_striker": "Shubman Gill", "bowler": "Rashid Khan", "runs": {"extras": 0, "total": 0, "batsman": 0}, "batsman": "PP Chawla"}}, {"15.1": {"non_striker": "PP Chawla", "bowler": "KK Ahmed", "runs": {"extras": 0, "total": 1, "batsman": 1}, "batsman": "Shubman Gill"}}, {"15.2": {"non_striker": "Shubman Gill", "bowler": "KK Ahmed", "runs": {"extras": 0, "total": 0, "batsman": 0}, "batsman": "PP Chawla"}}, {"15.3": {"non_striker": "Shubman Gill", "bowler": "KK Ahmed", "runs": {"extras": 0, "total": 1, "batsman": 1}, "batsman": "PP Chawla"}}, {"15.4": {"non_striker": "PP Chawla", "bowler": "KK Ahmed", "runs": {"extras": 0, "total": 4, "batsman": 4}, "batsman": "Shubman Gill"}}, {"15.5": {"non_striker": "PP Chawla", "bowler": "KK Ahmed", "runs": {"extras": 0, "total": 1, "batsman": 1}, "batsman": "Shubman Gill"}}, {"15.6": {"non_striker": "Shubman Gill", "bowler": "KK Ahmed", "runs": {"extras": 1, "total": 1, "batsman": 0}, "extras": {"wides": 1}, "batsman": "PP Chawla"}}, {"15.7": {"non_striker": "Shubman Gill", "bowler": "KK Ahmed", "runs": {"extras": 0, "total": 6, "batsman": 6}, "batsman": "PP Chawla"}}, {"16.1": {"non_striker": "PP Chawla", "bowler": "S Kaul", "runs": {"extras": 0, "total": 1, "batsman": 1}, "batsman": "Shubman Gill"}}, {"16.2": {"non_striker": "Shubman Gill", "bowler": "S Kaul", "runs": {"extras": 0, "total": 0, "batsman": 0}, "batsman": "PP Chawla"}}, {"16.3": {"non_striker": "Shubman Gill", "bowler": "S Kaul", "runs": {"extras": 0, "total": 1, "batsman": 1}, "batsman": "PP Chawla"}}, {"16.4": {"non_striker": "PP Chawla", "bowler": "S Kaul", "runs": {"extras": 0, "total": 0, "batsman": 0}, "batsman": "Shubman Gill"}}, {"16.5": {"non_striker": "PP Chawla", "bowler": "S Kaul", "runs": {"extras": 0, "total": 1, "batsman": 1}, "batsman": "Shubman Gill"}}, {"16.6": {"non_striker": "Shubman Gill", "bowler": "S Kaul", "runs": {"extras": 0, "total": 1, "batsman": 1}, "batsman": "PP Chawla"}}, {"17.1": {"non_striker": "Shubman Gill", "bowler": "B Kumar", "runs": {"extras": 0, "total": 1, "batsman": 1}, "batsman": "PP Chawla"}}, {"17.2": {"non_striker": "PP Chawla", "bowler": "B Kumar", "runs": {"extras": 0, "total": 1, "batsman": 1}, "batsman": "Shubman Gill"}}, {"17.3": {"non_striker": "Shubman Gill", "bowler": "B Kumar", "runs": {"extras": 0, "total": 1, "batsman": 1}, "batsman": "PP Chawla"}}, {"17.4": {"non_striker": "PP Chawla", "bowler": "B Kumar", "runs": {"extras": 0, "total": 1, "batsman": 1}, "batsman": "Shubman Gill"}}, {"17.5": {"non_striker": "Shubman Gill", "bowler": "B Kumar", "runs": {"extras": 0, "total": 1, "batsman": 1}, "batsman": "PP Chawla"}}, {"17.6": {"non_striker": "PP Chawla", "bowler": "B Kumar", "runs": {"extras": 0, "total": 4, "batsman": 4}, "batsman": "Shubman Gill"}}, {"18.1": {"non_striker": "Shubman Gill", "bowler": "S Kaul", "runs": {"extras": 0, "total": 0, "batsman": 0}, "batsman": "PP Chawla", "wicket": {"player_out": "PP Chawla", "kind": "bowled"}}}, {"18.2": {"non_striker": "Shubman Gill", "bowler": "S Kaul", "runs": {"extras": 0, "total": 1, "batsman": 1}, "batsman": "Shivam Mavi"}}, {"18.3": {"non_striker": "Shivam Mavi", "bowler": "S Kaul", "runs": {"extras": 0, "total": 1, "batsman": 1}, "batsman": "Shubman Gill"}}, {"18.4": {"non_striker": "Shubman Gill", "bowler": "S Kaul", "runs": {"extras": 0, "total": 1, "batsman": 1}, "batsman": "Shivam Mavi"}}, {"18.5": {"non_striker": "Shivam Mavi", "bowler": "S Kaul", "runs": {"extras": 0, "total": 2, "batsman": 2}, "batsman": "Shubman Gill"}}, {"18.6": {"non_striker": "Shivam Mavi", "bowler": "S Kaul", "runs": {"extras": 0, "total": 6, "batsman": 6}, "batsman": "Shubman Gill"}}, {"19.1": {"non_striker": "Shubman Gill", "bowler": "CR Brathwaite", "runs": {"extras": 0, "total": 4, "batsman": 4}, "batsman": "Shivam Mavi"}}, {"19.2": {"non_striker": "Shubman Gill", "bowler": "CR Brathwaite", "runs": {"extras": 0, "total": 0, "batsman": 0}, "batsman": "Shivam Mavi", "wicket": {"player_out": "Shivam Mavi", "fielders": ["Rashid Khan"], "kind": "caught"}}}, {"19.3": {"non_striker": "Kuldeep Yadav", "bowler": "CR Brathwaite", "runs": {"extras": 0, "total": 0, "batsman": 0}, "batsman": "Shubman Gill", "wicket": {"player_out": "Shubman Gill", "fielders": ["Rashid Khan"], "kind": "caught"}}}, {"19.4": {"non_striker": "M Prasidh Krishna", "bowler": "CR Brathwaite", "runs": {"extras": 0, "total": 0, "batsman": 0}, "batsman": "Kuldeep Yadav"}}, {"19.5": {"non_striker": "M Prasidh Krishna", "bowler": "CR Brathwaite", "runs": {"extras": 0, "total": 0, "batsman": 0}, "batsman": "Kuldeep Yadav"}}, {"19.6": {"non_striker": "M Prasidh Krishna", "bowler": "CR Brathwaite", "runs": {"extras": 0, "total": 0, "batsman": 0}, "batsman": "Kuldeep Yadav"}}]