[{"0.1": {"non_striker": "F du Plessis", "bowler": "MG Johnson", "runs": {"extras": 0, "total": 0, "batsman": 0}, "batsman": "SR Watson"}}, {"0.2": {"non_striker": "F du Plessis", "bowler": "MG Johnson", "runs": {"extras": 0, "total": 0, "batsman": 0}, "batsman": "SR Watson"}}, {"0.3": {"non_striker": "F du Plessis", "bowler": "MG Johnson", "runs": {"extras": 0, "total": 4, "batsman": 4}, "batsman": "SR Watson"}}, {"0.4": {"non_striker": "F du Plessis", "bowler": "MG Johnson", "runs": {"extras": 0, "total": 1, "batsman": 1}, "batsman": "SR Watson"}}, {"0.5": {"non_striker": "SR Watson", "bowler": "MG Johnson", "runs": {"extras": 0, "total": 4, "batsman": 4}, "batsman": "F du Plessis"}}, {"0.6": {"non_striker": "SR Watson", "bowler": "MG Johnson", "runs": {"extras": 0, "total": 1, "batsman": 1}, "batsman": "F du Plessis"}}, {"1.1": {"non_striker": "SR Watson", "bowler": "PP Chawla", "runs": {"extras": 0, "total": 0, "batsman": 0}, "batsman": "F du Plessis"}}, {"1.2": {"non_striker": "SR Watson", "bowler": "PP Chawla", "runs": {"extras": 0, "total": 0, "batsman": 0}, "batsman": "F du Plessis"}}, {"1.3": {"non_striker": "SR Watson", "bowler": "PP Chawla", "runs": {"extras": 0, "total": 4, "batsman": 4}, "batsman": "F du Plessis"}}, {"1.4": {"non_striker": "SR Watson", "bowler": "PP Chawla", "runs": {"extras": 0, "total": 0, "batsman": 0}, "batsman": "F du Plessis"}}, {"1.5": {"non_striker": "SR Watson", "bowler": "PP Chawla", "runs": {"extras": 0, "total": 4, "batsman": 4}, "batsman": "F du Plessis"}}, {"1.6": {"non_striker": "SR Watson", "bowler": "PP Chawla", "runs": {"extras": 0, "total": 0, "batsman": 0}, "batsman": "F du Plessis"}}, {"2.1": {"non_striker": "F du Plessis", "bowler": "Shivam Mavi", "runs": {"extras": 0, "total": 0, "batsman": 0}, "batsman": "SR Watson"}}, {"2.2": {"non_striker": "F du Plessis", "bowler": "Shivam Mavi", "runs": {"extras": 0, "total": 0, "batsman": 0}, "batsman": "SR Watson"}}, {"2.3": {"non_striker": "F du Plessis", "bowler": "Shivam Mavi", "runs": {"extras": 0, "total": 1, "batsman": 1}, "batsman": "SR Watson"}}, {"2.4": {"non_striker": "SR Watson", "bowler": "Shivam Mavi", "runs": {"extras": 0, "total": 4, "batsman": 4}, "batsman": "F du Plessis"}}, {"2.5": {"non_striker": "SR Watson", "bowler": "Shivam Mavi", "runs": {"extras": 0, "total": 1, "batsman": 1}, "batsman": "F du Plessis"}}, {"2.6": {"non_striker": "F du Plessis", "bowler": "Shivam Mavi", "runs": {"extras": 0, "total": 0, "batsman": 0}, "batsman": "SR Watson"}}, {"3.1": {"non_striker": "SR Watson", "bowler": "SP Narine", "runs": {"extras": 0, "total": 1, "batsman": 1}, "batsman": "F du Plessis"}}, {"3.2": {"non_striker": "F du Plessis", "bowler": "SP Narine", "runs": {"extras": 0, "total": 0, "batsman": 0}, "batsman": "SR Watson"}}, {"3.3": {"non_striker": "F du Plessis", "bowler": "SP Narine", "runs": {"extras": 0, "total": 0, "batsman": 0}, "batsman": "SR Watson"}}, {"3.4": {"non_striker": "F du Plessis", "bowler": "SP Narine", "runs": {"extras": 0, "total": 0, "batsman": 0}, "batsman": "SR Watson"}}, {"3.5": {"non_striker": "F du Plessis", "bowler": "SP Narine", "runs": {"extras": 0, "total": 4, "batsman": 4}, "batsman": "SR Watson"}}, {"3.6": {"non_striker": "F du Plessis", "bowler": "SP Narine", "runs": {"extras": 0, "total": 0, "batsman": 0}, "batsman": "SR Watson"}}, {"4.1": {"non_striker": "SR Watson", "bowler": "MG Johnson", "runs": {"extras": 0, "total": 1, "batsman": 1}, "batsman": "F du Plessis"}}, {"4.2": {"non_striker": "F du Plessis", "bowler": "MG Johnson", "runs": {"extras": 0, "total": 4, "batsman": 4}, "batsman": "SR Watson"}}, {"4.3": {"non_striker": "F du Plessis", "bowler": "MG Johnson", "runs": {"extras": 0, "total": 1, "batsman": 1}, "batsman": "SR Watson"}}, {"4.4": {"non_striker": "SR Watson", "bowler": "MG Johnson", "runs": {"extras": 0, "total": 6, "batsman": 6}, "batsman": "F du Plessis"}}, {"4.5": {"non_striker": "SR Watson", "bowler": "MG Johnson", "runs": {"extras": 0, "total": 1, "batsman": 1}, "batsman": "F du Plessis"}}, {"4.6": {"non_striker": "F du Plessis", "bowler": "MG Johnson", "runs": {"extras": 0, "total": 6, "batsman": 6}, "batsman": "SR Watson"}}, {"5.1": {"non_striker": "SR Watson", "bowler": "PP Chawla", "runs": {"extras": 0, "total": 0, "batsman": 0}, "batsman": "F du Plessis", "wicket": {"player_out": "F du Plessis", "kind": "bowled"}}}, {"5.2": {"non_striker": "SR Watson", "bowler": "PP Chawla", "runs": {"extras": 0, "total": 4, "batsman": 4}, "batsman": "SK Raina"}}, {"5.3": {"non_striker": "SR Watson", "bowler": "PP Chawla", "runs": {"extras": 0, "total": 0, "batsman": 0}, "batsman": "SK Raina"}}, {"5.4": {"non_striker": "SR Watson", "bowler": "PP Chawla", "runs": {"extras": 0, "total": 4, "batsman": 4}, "batsman": "SK Raina"}}, {"5.5": {"non_striker": "SR Watson", "bowler": "PP Chawla", "runs": {"extras": 0, "total": 0, "batsman": 0}, "batsman": "SK Raina"}}, {"5.6": {"non_striker": "SR Watson", "bowler": "PP Chawla", "runs": {"extras": 0, "total": 1, "batsman": 1}, "batsman": "SK Raina"}}, {"6.1": {"non_striker": "SR Watson", "bowler": "AD Russell", "runs": {"extras": 0, "total": 0, "batsman": 0}, "batsman": "SK Raina"}}, {"6.2": {"non_striker": "SR Watson", "bowler": "AD Russell", "runs": {"extras": 0, "total": 4, "batsman": 4}, "batsman": "SK Raina"}}, {"6.3": {"non_striker": "SR Watson", "bowler": "AD Russell", "runs": {"extras": 1, "total": 1, "batsman": 0}, "extras": {"wides": 1}, "batsman": "SK Raina"}}, {"6.4": {"non_striker": "SR Watson", "bowler": "AD Russell", "runs": {"extras": 0, "total": 4, "batsman": 4}, "batsman": "SK Raina"}}, {"6.5": {"non_striker": "SR Watson", "bowler": "AD Russell", "runs": {"extras": 0, "total": 1, "batsman": 1}, "batsman": "SK Raina"}}, {"6.6": {"non_striker": "SK Raina", "bowler": "AD Russell", "runs": {"extras": 0, "total": 1, "batsman": 1}, "batsman": "SR Watson"}}, {"6.7": {"non_striker": "SR Watson", "bowler": "AD Russell", "runs": {"extras": 0, "total": 1, "batsman": 1}, "batsman": "SK Raina"}}, {"7.1": {"non_striker": "SR Watson", "bowler": "Kuldeep Yadav", "runs": {"extras": 0, "total": 0, "batsman": 0}, "batsman": "SK Raina"}}, {"7.2": {"non_striker": "SR Watson", "bowler": "Kuldeep Yadav", "runs": {"extras": 0, "total": 0, "batsman": 0}, "batsman": "SK Raina"}}, {"7.3": {"non_striker": "SR Watson", "bowler": "Kuldeep Yadav", "runs": {"extras": 0, "total": 1, "batsman": 1}, "batsman": "SK Raina"}}, {"7.4": {"non_striker": "SK Raina", "bowler": "Kuldeep Yadav", "runs": {"extras": 0, "total": 4, "batsman": 4}, "batsman": "SR Watson"}}, {"7.5": {"non_striker": "SK Raina", "bowler": "Kuldeep Yadav", "runs": {"extras": 0, "total": 1, "batsman": 1}, "batsman": "SR Watson"}}, {"7.6": {"non_striker": "SR Watson", "bowler": "Kuldeep Yadav", "runs": {"extras": 0, "total": 1, "batsman": 1}, "batsman": "SK Raina"}}, {"8.1": {"non_striker": "SR Watson", "bowler": "Shivam Mavi", "runs": {"extras": 0, "total": 1, "batsman": 1}, "batsman": "SK Raina"}}, {"8.2": {"non_striker": "SK Raina", "bowler": "Shivam Mavi", "runs": {"extras": 0, "total": 0, "batsman": 0}, "batsman": "SR Watson"}}, {"8.3": {"non_striker": "SK Raina", "bowler": "Shivam Mavi", "runs": {"extras": 0, "total": 1, "batsman": 1}, "batsman": "SR Watson"}}, {"8.4": {"non_striker": "SR Watson", "bowler": "Shivam Mavi", "runs": {"extras": 0, "total": 1, "batsman": 1}, "batsman": "SK Raina"}}, {"8.5": {"non_striker": "SK Raina", "bowler": "Shivam Mavi", "runs": {"extras": 0, "total": 1, "batsman": 1}, "batsman": "SR Watson"}}, {"8.6": {"non_striker": "SR Watson", "bowler": "Shivam Mavi", "runs": {"extras": 0, "total": 1, "batsman": 1}, "batsman": "SK Raina"}}, {"9.1": {"non_striker": "SR Watson", "bowler": "Kuldeep Yadav", "runs": {"extras": 0, "total": 0, "batsman": 0}, "batsman": "SK Raina"}}, {"9.2": {"non_striker": "SR Watson", "bowler": "Kuldeep Yadav", "runs": {"extras": 0, "total": 1, "batsman": 1}, "batsman": "SK Raina"}}, {"9.3": {"non_striker": "SK Raina", "bowler": "Kuldeep Yadav", "runs": {"extras": 0, "total": 1, "batsman": 1}, "batsman": "SR Watson"}}, {"9.4": {"non_striker": "SR Watson", "bowler": "Kuldeep Yadav", "runs": {"extras": 0, "total": 0, "batsman": 0}, "batsman": "SK Raina"}}, {"9.5": {"non_striker": "SR Watson", "bowler": "Kuldeep Yadav", "runs": {"extras": 0, "total": 1, "batsman": 1}, "batsman": "SK Raina"}}, {"9.6": {"non_striker": "SK Raina", "bowler": "Kuldeep Yadav", "runs": {"extras": 0, "total": 6, "batsman": 6}, "batsman": "SR Watson"}}, {"10.1": {"non_striker": "SR Watson", "bowler": "SP Narine", "runs": {"extras": 0, "total": 1, "batsman": 1}, "batsman": "SK Raina"}}, {"10.2": {"non_striker": "SK Raina", "bowler": "SP Narine", "runs": {"extras": 0, "total": 0, "batsman": 0}, "batsman": "SR Watson", "wicket": {"player_out": "SR Watson", "fielders": ["Shivam Mavi"], "kind": "caught"}}}, {"10.3": {"non_striker": "SK Raina", "bowler": "SP Narine", "runs": {"extras": 0, "total": 1, "batsman": 1}, "batsman": "AT Rayudu"}}, {"10.4": {"non_striker": "AT Rayudu", "bowler": "SP Narine", "runs": {"extras": 0, "total": 1, "batsman": 1}, "batsman": "SK Raina"}}, {"10.5": {"non_striker": "SK Raina", "bowler": "SP Narine", "runs": {"extras": 0, "total": 4, "batsman": 4}, "batsman": "AT Rayudu"}}, {"10.6": {"non_striker": "SK Raina", "bowler": "SP Narine", "runs": {"extras": 0, "total": 0, "batsman": 0}, "batsman": "AT Rayudu"}}, {"11.1": {"non_striker": "AT Rayudu", "bowler": "Kuldeep Yadav", "runs": {"extras": 0, "total": 1, "batsman": 1}, "batsman": "SK Raina"}}, {"11.2": {"non_striker": "SK Raina", "bowler": "Kuldeep Yadav", "runs": {"extras": 0, "total": 1, "batsman": 1}, "batsman": "AT Rayudu"}}, {"11.3": {"non_striker": "AT Rayudu", "bowler": "Kuldeep Yadav", "runs": {"extras": 0, "total": 2, "batsman": 2}, "batsman": "SK Raina"}}, {"11.4": {"non_striker": "AT Rayudu", "bowler": "Kuldeep Yadav", "runs": {"extras": 0, "total": 0, "batsman": 0}, "batsman": "SK Raina", "wicket": {"player_out": "SK Raina", "fielders": ["MG Johnson"], "kind": "caught"}}}, {"11.5": {"non_striker": "AT Rayudu", "bowler": "Kuldeep Yadav", "runs": {"extras": 0, "total": 1, "batsman": 1}, "batsman": "MS Dhoni"}}, {"11.6": {"non_striker": "MS Dhoni", "bowler": "Kuldeep Yadav", "runs": {"extras": 0, "total": 1, "batsman": 1}, "batsman": "AT Rayudu"}}, {"12.1": {"non_striker": "MS Dhoni", "bowler": "MG Johnson", "runs": {"extras": 0, "total": 0, "batsman": 0}, "batsman": "AT Rayudu"}}, {"12.2": {"non_striker": "MS Dhoni", "bowler": "MG Johnson", "runs": {"extras": 0, "total": 4, "batsman": 4}, "batsman": "AT Rayudu"}}, {"12.3": {"non_striker": "MS Dhoni", "bowler": "MG Johnson", "runs": {"extras": 0, "total": 1, "batsman": 1}, "batsman": "AT Rayudu"}}, {"12.4": {"non_striker": "AT Rayudu", "bowler": "MG Johnson", "runs": {"extras": 0, "total": 1, "batsman": 1}, "batsman": "MS Dhoni"}}, {"12.5": {"non_striker": "MS Dhoni", "bowler": "MG Johnson", "runs": {"extras": 0, "total": 0, "batsman": 0}, "batsman": "AT Rayudu"}}, {"12.6": {"non_striker": "MS Dhoni", "bowler": "MG Johnson", "runs": {"extras": 0, "total": 1, "batsman": 1}, "batsman": "AT Rayudu"}}, {"13.1": {"non_striker": "MS Dhoni", "bowler": "PP Chawla", "runs": {"extras": 0, "total": 2, "batsman": 2}, "batsman": "AT Rayudu"}}, {"13.2": {"non_striker": "MS Dhoni", "bowler": "PP Chawla", "runs": {"extras": 0, "total": 4, "batsman": 4}, "batsman": "AT Rayudu"}}, {"13.3": {"non_striker": "MS Dhoni", "bowler": "PP Chawla", "runs": {"extras": 0, "total": 0, "batsman": 0}, "batsman": "AT Rayudu"}}, {"13.4": {"non_striker": "MS Dhoni", "bowler": "PP Chawla", "runs": {"extras": 0, "total": 0, "batsman": 0}, "batsman": "AT Rayudu"}}, {"13.5": {"non_striker": "MS Dhoni", "bowler": "PP Chawla", "runs": {"extras": 0, "total": 1, "batsman": 1}, "batsman": "AT Rayudu"}}, {"13.6": {"non_striker": "AT Rayudu", "bowler": "PP Chawla", "runs": {"extras": 0, "total": 0, "batsman": 0}, "batsman": "MS Dhoni"}}, {"14.1": {"non_striker": "MS Dhoni", "bowler": "SP Narine", "runs": {"extras": 0, "total": 1, "batsman": 1}, "batsman": "AT Rayudu"}}, {"14.2": {"non_striker": "AT Rayudu", "bowler": "SP Narine", "runs": {"extras": 0, "total": 0, "batsman": 0}, "batsman": "MS Dhoni"}}, {"14.3": {"non_striker": "AT Rayudu", "bowler": "SP Narine", "runs": {"extras": 0, "total": 1, "batsman": 1}, "batsman": "MS Dhoni"}}, {"14.4": {"non_striker": "MS Dhoni", "bowler": "SP Narine", "runs": {"extras": 0, "total": 0, "batsman": 0}, "batsman": "AT Rayudu", "wicket": {"player_out": "AT Rayudu", "kind": "bowled"}}}, {"14.5": {"non_striker": "MS Dhoni", "bowler": "SP Narine", "runs": {"extras": 0, "total": 1, "batsman": 1}, "batsman": "RA Jadeja"}}, {"14.6": {"non_striker": "RA Jadeja", "bowler": "SP Narine", "runs": {"extras": 0, "total": 1, "batsman": 1}, "batsman": "MS Dhoni"}}, {"15.1": {"non_striker": "RA Jadeja", "bowler": "Shivam Mavi", "runs": {"extras": 0, "total": 0, "batsman": 0}, "batsman": "MS Dhoni"}}, {"15.2": {"non_striker": "RA Jadeja", "bowler": "Shivam Mavi", "runs": {"extras": 0, "total": 1, "batsman": 1}, "batsman": "MS Dhoni"}}, {"15.3": {"non_striker": "MS Dhoni", "bowler": "Shivam Mavi", "runs": {"extras": 1, "total": 1, "batsman": 0}, "extras": {"wides": 1}, "batsman": "RA Jadeja"}}, {"15.4": {"non_striker": "MS Dhoni", "bowler": "Shivam Mavi", "runs": {"extras": 0, "total": 1, "batsman": 1}, "batsman": "RA Jadeja"}}, {"15.5": {"non_striker": "RA Jadeja", "bowler": "Shivam Mavi", "runs": {"extras": 0, "total": 0, "batsman": 0}, "batsman": "MS Dhoni"}}, {"15.6": {"non_striker": "RA Jadeja", "bowler": "Shivam Mavi", "runs": {"extras": 0, "total": 6, "batsman": 6}, "batsman": "MS Dhoni"}}, {"15.7": {"non_striker": "RA Jadeja", "bowler": "Shivam Mavi", "runs": {"extras": 0, "total": 1, "batsman": 1}, "batsman": "MS Dhoni"}}, {"16.1": {"non_striker": "RA Jadeja", "bowler": "MG Johnson", "runs": {"extras": 0, "total": 0, "batsman": 0}, "batsman": "MS Dhoni"}}, {"16.2": {"non_striker": "RA Jadeja", "bowler": "MG Johnson", "runs": {"extras": 0, "total": 6, "batsman": 6}, "batsman": "MS Dhoni"}}, {"16.3": {"non_striker": "RA Jadeja", "bowler": "MG Johnson", "runs": {"extras": 0, "total": 2, "batsman": 2}, "batsman": "MS Dhoni"}}, {"16.4": {"non_striker": "RA Jadeja", "bowler": "MG Johnson", "runs": {"extras": 0, "total": 0, "batsman": 0}, "batsman": "MS Dhoni"}}, {"16.5": {"non_striker": "RA Jadeja", "bowler": "MG Johnson", "runs": {"extras": 0, "total": 6, "batsman": 6}, "batsman": "MS Dhoni"}}, {"16.6": {"non_striker": "RA Jadeja", "bowler": "MG Johnson", "runs": {"extras": 0, "total": 1, "batsman": 1}, "batsman": "MS Dhoni"}}, {"17.1": {"non_striker": "RA Jadeja", "bowler": "Kuldeep Yadav", "runs": {"extras": 0, "total": 1, "batsman": 1}, "batsman": "MS Dhoni"}}, {"17.2": {"non_striker": "MS Dhoni", "bowler": "Kuldeep Yadav", "runs": {"extras": 0, "total": 1, "batsman": 1}, "batsman": "RA Jadeja"}}, {"17.3": {"non_striker": "RA Jadeja", "bowler": "Kuldeep Yadav", "runs": {"extras": 0, "total": 1, "batsman": 1}, "batsman": "MS Dhoni"}}, {"17.4": {"non_striker": "MS Dhoni", "bowler": "Kuldeep Yadav", "runs": {"extras": 1, "total": 1, "batsman": 0}, "extras": {"wides": 1}, "batsman": "RA Jadeja"}}, {"17.5": {"non_striker": "MS Dhoni", "bowler": "Kuldeep Yadav", "runs": {"extras": 0, "total": 1, "batsman": 1}, "batsman": "RA Jadeja"}}, {"17.6": {"non_striker": "RA Jadeja", "bowler": "Kuldeep Yadav", "runs": {"extras": 0, "total": 6, "batsman": 6}, "batsman": "MS Dhoni"}}, {"17.7": {"non_striker": "RA Jadeja", "bowler": "Kuldeep Yadav", "runs": {"extras": 0, "total": 1, "batsman": 1}, "batsman": "MS Dhoni"}}, {"18.1": {"non_striker": "RA Jadeja", "bowler": "SP Narine", "runs": {"extras": 0, "total": 1, "batsman": 1}, "batsman": "MS Dhoni"}}, {"18.2": {"non_striker": "MS Dhoni", "bowler": "SP Narine", "runs": {"extras": 0, "total": 0, "batsman": 0}, "batsman": "RA Jadeja"}}, {"18.3": {"non_striker": "MS Dhoni", "bowler": "SP Narine", "runs": {"extras": 0, "total": 0, "batsman": 0}, "batsman": "RA Jadeja"}}, {"18.4": {"non_striker": "MS Dhoni", "bowler": "SP Narine", "runs": {"extras": 0, "total": 1, "batsman": 1}, "batsman": "RA Jadeja"}}, {"18.5": {"non_striker": "MS Dhoni", "bowler": "SP Narine", "runs": {"extras": 0, "total": 1, "batsman": 1}, "batsman": "RA Jadeja"}}, {"18.6": {"non_striker": "RA Jadeja", "bowler": "SP Narine", "runs": {"extras": 0, "total": 1, "batsman": 1}, "batsman": "MS Dhoni"}}, {"19.1": {"non_striker": "RA Jadeja", "bowler": "PP Chawla", "runs": {"extras": 0, "total": 1, "batsman": 1}, "batsman": "MS Dhoni"}}, {"19.2": {"non_striker": "MS Dhoni", "bowler": "PP Chawla", "runs": {"extras": 0, "total": 2, "batsman": 2}, "batsman": "RA Jadeja"}}, {"19.3": {"non_striker": "MS Dhoni", "bowler": "PP Chawla", "runs": {"extras": 0, "total": 4, "batsman": 4}, "batsman": "RA Jadeja"}}, {"19.4": {"non_striker": "MS Dhoni", "bowler": "PP Chawla", "runs": {"extras": 4, "total": 4, "batsman": 0}, "extras": {"byes": 4}, "batsman": "RA Jadeja"}}, {"19.5": {"non_striker": "MS Dhoni", "bowler": "PP Chawla", "runs": {"extras": 0, "total": 0, "batsman": 0}, "batsman": "RA Jadeja", "wicket": {"player_out": "RA Jadeja", "fielders": ["KD Karthik"], "kind": "caught"}}}, {"19.6": {"non_striker": "KV Sharma", "bowler": "PP Chawla", "runs": {"extras": 0, "total": 4, "batsman": 4}, "batsman": "MS Dhoni"}}]