[{"0.1": {"non_striker": "RA Tripathi", "bowler": "MJ McClenaghan", "runs": {"extras": 0, "total": 0, "batsman": 0}, "batsman": "AM Rahane"}}, {"0.2": {"non_striker": "RA Tripathi", "bowler": "MJ McClenaghan", "runs": {"extras": 0, "total": 1, "batsman": 1}, "batsman": "AM Rahane"}}, {"0.3": {"non_striker": "AM Rahane", "bowler": "MJ McClenaghan", "runs": {"extras": 0, "total": 4, "batsman": 4}, "batsman": "RA Tripathi"}}, {"0.4": {"non_striker": "AM Rahane", "bowler": "MJ McClenaghan", "runs": {"extras": 0, "total": 0, "batsman": 0}, "batsman": "RA Tripathi"}}, {"0.5": {"non_striker": "AM Rahane", "bowler": "MJ McClenaghan", "runs": {"extras": 1, "total": 1, "batsman": 0}, "extras": {"wides": 1}, "batsman": "RA Tripathi"}}, {"0.6": {"non_striker": "AM Rahane", "bowler": "MJ McClenaghan", "runs": {"extras": 0, "total": 2, "batsman": 2}, "batsman": "RA Tripathi"}}, {"0.7": {"non_striker": "AM Rahane", "bowler": "MJ McClenaghan", "runs": {"extras": 0, "total": 1, "batsman": 1}, "batsman": "RA Tripathi"}}, {"1.1": {"non_striker": "AM Rahane", "bowler": "JJ Bumrah", "runs": {"extras": 0, "total": 1, "batsman": 1}, "batsman": "RA Tripathi"}}, {"1.2": {"non_striker": "RA Tripathi", "bowler": "JJ Bumrah", "runs": {"extras": 0, "total": 0, "batsman": 0}, "batsman": "AM Rahane"}}, {"1.3": {"non_striker": "RA Tripathi", "bowler": "JJ Bumrah", "runs": {"extras": 0, "total": 1, "batsman": 1}, "batsman": "AM Rahane"}}, {"1.4": {"non_striker": "AM Rahane", "bowler": "JJ Bumrah", "runs": {"extras": 0, "total": 0, "batsman": 0}, "batsman": "RA Tripathi"}}, {"1.5": {"non_striker": "AM Rahane", "bowler": "JJ Bumrah", "runs": {"extras": 0, "total": 1, "batsman": 1}, "batsman": "RA Tripathi"}}, {"1.6": {"non_striker": "RA Tripathi", "bowler": "JJ Bumrah", "runs": {"extras": 0, "total": 1, "batsman": 1}, "batsman": "AM Rahane"}}, {"2.1": {"non_striker": "RA Tripathi", "bowler": "KH Pandya", "runs": {"extras": 0, "total": 1, "batsman": 1}, "batsman": "AM Rahane"}}, {"2.2": {"non_striker": "AM Rahane", "bowler": "KH Pandya", "runs": {"extras": 0, "total": 0, "batsman": 0}, "batsman": "RA Tripathi", "wicket": {"player_out": "RA Tripathi", "fielders": ["SA Yadav"], "kind": "caught"}}}, {"2.3": {"non_striker": "AM Rahane", "bowler": "KH Pandya", "runs": {"extras": 0, "total": 0, "batsman": 0}, "batsman": "SV Samson"}}, {"2.4": {"non_striker": "AM Rahane", "bowler": "KH Pandya", "runs": {"extras": 0, "total": 4, "batsman": 4}, "batsman": "SV Samson"}}, {"2.5": {"non_striker": "AM Rahane", "bowler": "KH Pandya", "runs": {"extras": 0, "total": 3, "batsman": 3}, "batsman": "SV Samson"}}, {"2.6": {"non_striker": "SV Samson", "bowler": "KH Pandya", "runs": {"extras": 0, "total": 0, "batsman": 0}, "batsman": "AM Rahane"}}, {"3.1": {"non_striker": "AM Rahane", "bowler": "Mustafizur Rahman", "runs": {"extras": 0, "total": 0, "batsman": 0}, "batsman": "SV Samson"}}, {"3.2": {"non_striker": "AM Rahane", "bowler": "Mustafizur Rahman", "runs": {"extras": 0, "total": 0, "batsman": 0}, "batsman": "SV Samson"}}, {"3.3": {"non_striker": "AM Rahane", "bowler": "Mustafizur Rahman", "runs": {"extras": 0, "total": 4, "batsman": 4}, "batsman": "SV Samson"}}, {"3.4": {"non_striker": "AM Rahane", "bowler": "Mustafizur Rahman", "runs": {"extras": 0, "total": 1, "batsman": 1}, "batsman": "SV Samson"}}, {"3.5": {"non_striker": "SV Samson", "bowler": "Mustafizur Rahman", "runs": {"extras": 0, "total": 0, "batsman": 0}, "batsman": "AM Rahane"}}, {"3.6": {"non_striker": "SV Samson", "bowler": "Mustafizur Rahman", "runs": {"extras": 0, "total": 1, "batsman": 1}, "batsman": "AM Rahane"}}, {"4.1": {"non_striker": "SV Samson", "bowler": "KH Pandya", "runs": {"extras": 0, "total": 1, "batsman": 1}, "batsman": "AM Rahane"}}, {"4.2": {"non_striker": "AM Rahane", "bowler": "KH Pandya", "runs": {"extras": 0, "total": 1, "batsman": 1}, "batsman": "SV Samson"}}, {"4.3": {"non_striker": "SV Samson", "bowler": "KH Pandya", "runs": {"extras": 0, "total": 1, "batsman": 1}, "batsman": "AM Rahane"}}, {"4.4": {"non_striker": "AM Rahane", "bowler": "KH Pandya", "runs": {"extras": 0, "total": 1, "batsman": 1}, "batsman": "SV Samson"}}, {"4.5": {"non_striker": "SV Samson", "bowler": "KH Pandya", "runs": {"extras": 0, "total": 4, "batsman": 4}, "batsman": "AM Rahane"}}, {"4.6": {"non_striker": "SV Samson", "bowler": "KH Pandya", "runs": {"extras": 0, "total": 1, "batsman": 1}, "batsman": "AM Rahane"}}, {"5.1": {"non_striker": "SV Samson", "bowler": "MJ McClenaghan", "runs": {"extras": 0, "total": 2, "batsman": 2}, "batsman": "AM Rahane"}}, {"5.2": {"non_striker": "SV Samson", "bowler": "MJ McClenaghan", "runs": {"extras": 0, "total": 0, "batsman": 0}, "batsman": "AM Rahane"}}, {"5.3": {"non_striker": "SV Samson", "bowler": "MJ McClenaghan", "runs": {"extras": 0, "total": 0, "batsman": 0}, "batsman": "AM Rahane"}}, {"5.4": {"non_striker": "SV Samson", "bowler": "MJ McClenaghan", "runs": {"extras": 0, "total": 0, "batsman": 0}, "batsman": "AM Rahane", "wicket": {"player_out": "AM Rahane", "fielders": ["KH Pandya"], "kind": "caught"}}}, {"5.5": {"non_striker": "SV Samson", "bowler": "MJ McClenaghan", "runs": {"extras": 0, "total": 1, "batsman": 1}, "batsman": "BA Stokes"}}, {"5.6": {"non_striker": "BA Stokes", "bowler": "MJ McClenaghan", "runs": {"extras": 0, "total": 4, "batsman": 4}, "batsman": "SV Samson"}}, {"6.1": {"non_striker": "SV Samson", "bowler": "M Markande", "runs": {"extras": 0, "total": 0, "batsman": 0}, "batsman": "BA Stokes"}}, {"6.2": {"non_striker": "SV Samson", "bowler": "M Markande", "runs": {"extras": 0, "total": 4, "batsman": 4}, "batsman": "BA Stokes"}}, {"6.3": {"non_striker": "SV Samson", "bowler": "M Markande", "runs": {"extras": 0, "total": 2, "batsman": 2}, "batsman": "BA Stokes"}}, {"6.4": {"non_striker": "SV Samson", "bowler": "M Markande", "runs": {"extras": 0, "total": 1, "batsman": 1}, "batsman": "BA Stokes"}}, {"6.5": {"non_striker": "BA Stokes", "bowler": "M Markande", "runs": {"extras": 0, "total": 2, "batsman": 2}, "batsman": "SV Samson"}}, {"6.6": {"non_striker": "BA Stokes", "bowler": "M Markande", "runs": {"extras": 0, "total": 1, "batsman": 1}, "batsman": "SV Samson"}}, {"7.1": {"non_striker": "BA Stokes", "bowler": "Mustafizur Rahman", "runs": {"extras": 0, "total": 1, "batsman": 1}, "batsman": "SV Samson"}}, {"7.2": {"non_striker": "SV Samson", "bowler": "Mustafizur Rahman", "runs": {"extras": 0, "total": 0, "batsman": 0}, "batsman": "BA Stokes"}}, {"7.3": {"non_striker": "SV Samson", "bowler": "Mustafizur Rahman", "runs": {"extras": 0, "total": 1, "batsman": 1}, "batsman": "BA Stokes"}}, {"7.4": {"non_striker": "BA Stokes", "bowler": "Mustafizur Rahman", "runs": {"extras": 0, "total": 1, "batsman": 1}, "batsman": "SV Samson"}}, {"7.5": {"non_striker": "SV Samson", "bowler": "Mustafizur Rahman", "runs": {"extras": 0, "total": 1, "batsman": 1}, "batsman": "BA Stokes"}}, {"7.6": {"non_striker": "BA Stokes", "bowler": "Mustafizur Rahman", "runs": {"extras": 0, "total": 1, "batsman": 1}, "batsman": "SV Samson"}}, {"8.1": {"non_striker": "BA Stokes", "bowler": "M Markande", "runs": {"extras": 0, "total": 0, "batsman": 0}, "batsman": "SV Samson"}}, {"8.2": {"non_striker": "BA Stokes", "bowler": "M Markande", "runs": {"extras": 0, "total": 1, "batsman": 1}, "batsman": "SV Samson"}}, {"8.3": {"non_striker": "SV Samson", "bowler": "M Markande", "runs": {"extras": 0, "total": 2, "batsman": 2}, "batsman": "BA Stokes"}}, {"8.4": {"non_striker": "SV Samson", "bowler": "M Markande", "runs": {"extras": 0, "total": 1, "batsman": 1}, "batsman": "BA Stokes"}}, {"8.5": {"non_striker": "BA Stokes", "bowler": "M Markande", "runs": {"extras": 0, "total": 0, "batsman": 0}, "batsman": "SV Samson"}}, {"8.6": {"non_striker": "BA Stokes", "bowler": "M Markande", "runs": {"extras": 0, "total": 1, "batsman": 1}, "batsman": "SV Samson"}}, {"9.1": {"non_striker": "BA Stokes", "bowler": "HH Pandya", "runs": {"extras": 0, "total": 1, "batsman": 1}, "batsman": "SV Samson"}}, {"9.2": {"non_striker": "SV Samson", "bowler": "HH Pandya", "runs": {"extras": 0, "total": 1, "batsman": 1}, "batsman": "BA Stokes"}}, {"9.3": {"non_striker": "BA Stokes", "bowler": "HH Pandya", "runs": {"extras": 0, "total": 1, "batsman": 1}, "batsman": "SV Samson"}}, {"9.4": {"non_striker": "SV Samson", "bowler": "HH Pandya", "runs": {"extras": 0, "total": 1, "batsman": 1}, "batsman": "BA Stokes"}}, {"9.5": {"non_striker": "BA Stokes", "bowler": "HH Pandya", "runs": {"extras": 1, "total": 1, "batsman": 0}, "extras": {"wides": 1}, "batsman": "SV Samson"}}, {"9.6": {"non_striker": "BA Stokes", "bowler": "HH Pandya", "runs": {"extras": 0, "total": 1, "batsman": 1}, "batsman": "SV Samson"}}, {"9.7": {"non_striker": "SV Samson", "bowler": "HH Pandya", "runs": {"extras": 0, "total": 1, "batsman": 1}, "batsman": "BA Stokes"}}, {"10.1": {"non_striker": "SV Samson", "bowler": "MJ McClenaghan", "runs": {"extras": 0, "total": 2, "batsman": 2}, "batsman": "BA Stokes"}}, {"10.2": {"non_striker": "SV Samson", "bowler": "MJ McClenaghan", "runs": {"extras": 0, "total": 1, "batsman": 1}, "batsman": "BA Stokes"}}, {"10.3": {"non_striker": "BA Stokes", "bowler": "MJ McClenaghan", "runs": {"extras": 0, "total": 2, "batsman": 2}, "batsman": "SV Samson"}}, {"10.4": {"non_striker": "BA Stokes", "bowler": "MJ McClenaghan", "runs": {"extras": 0, "total": 1, "batsman": 1}, "batsman": "SV Samson"}}, {"10.5": {"non_striker": "SV Samson", "bowler": "MJ McClenaghan", "runs": {"extras": 0, "total": 6, "batsman": 6}, "batsman": "BA Stokes"}}, {"10.6": {"non_striker": "SV Samson", "bowler": "MJ McClenaghan", "runs": {"extras": 0, "total": 4, "batsman": 4}, "batsman": "BA Stokes"}}, {"11.1": {"non_striker": "BA Stokes", "bowler": "KH Pandya", "runs": {"extras": 0, "total": 2, "batsman": 2}, "batsman": "SV Samson"}}, {"11.2": {"non_striker": "BA Stokes", "bowler": "KH Pandya", "runs": {"extras": 0, "total": 1, "batsman": 1}, "batsman": "SV Samson"}}, {"11.3": {"non_striker": "SV Samson", "bowler": "KH Pandya", "runs": {"extras": 1, "total": 1, "batsman": 0}, "extras": {"wides": 1}, "batsman": "BA Stokes"}}, {"11.4": {"non_striker": "SV Samson", "bowler": "KH Pandya", "runs": {"extras": 0, "total": 0, "batsman": 0}, "batsman": "BA Stokes"}}, {"11.5": {"non_striker": "SV Samson", "bowler": "KH Pandya", "runs": {"extras": 1, "total": 1, "batsman": 0}, "extras": {"wides": 1}, "batsman": "BA Stokes"}}, {"11.6": {"non_striker": "SV Samson", "bowler": "KH Pandya", "runs": {"extras": 0, "total": 1, "batsman": 1}, "batsman": "BA Stokes"}}, {"11.7": {"non_striker": "BA Stokes", "bowler": "KH Pandya", "runs": {"extras": 0, "total": 2, "batsman": 2}, "batsman": "SV Samson"}}, {"11.8": {"non_striker": "BA Stokes", "bowler": "KH Pandya", "runs": {"extras": 0, "total": 2, "batsman": 2}, "batsman": "SV Samson"}}, {"12.1": {"non_striker": "SV Samson", "bowler": "JJ Bumrah", "runs": {"extras": 0, "total": 1, "batsman": 1}, "batsman": "BA Stokes"}}, {"12.2": {"non_striker": "BA Stokes", "bowler": "JJ Bumrah", "runs": {"extras": 0, "total": 1, "batsman": 1}, "batsman": "SV Samson"}}, {"12.3": {"non_striker": "SV Samson", "bowler": "JJ Bumrah", "runs": {"extras": 0, "total": 0, "batsman": 0}, "batsman": "BA Stokes"}}, {"12.4": {"non_striker": "SV Samson", "bowler": "JJ Bumrah", "runs": {"extras": 0, "total": 1, "batsman": 1}, "batsman": "BA Stokes"}}, {"12.5": {"non_striker": "BA Stokes", "bowler": "JJ Bumrah", "runs": {"extras": 0, "total": 2, "batsman": 2}, "batsman": "SV Samson"}}, {"12.6": {"non_striker": "BA Stokes", "bowler": "JJ Bumrah", "runs": {"extras": 0, "total": 0, "batsman": 0}, "batsman": "SV Samson"}}, {"13.1": {"non_striker": "SV Samson", "bowler": "Mustafizur Rahman", "runs": {"extras": 0, "total": 2, "batsman": 2}, "batsman": "BA Stokes"}}, {"13.2": {"non_striker": "SV Samson", "bowler": "Mustafizur Rahman", "runs": {"extras": 0, "total": 4, "batsman": 4}, "batsman": "BA Stokes"}}, {"13.3": {"non_striker": "SV Samson", "bowler": "Mustafizur Rahman", "runs": {"extras": 0, "total": 1, "batsman": 1}, "batsman": "BA Stokes"}}, {"13.4": {"non_striker": "BA Stokes", "bowler": "Mustafizur Rahman", "runs": {"extras": 0, "total": 1, "batsman": 1}, "batsman": "SV Samson"}}, {"13.5": {"non_striker": "SV Samson", "bowler": "Mustafizur Rahman", "runs": {"extras": 0, "total": 1, "batsman": 1}, "batsman": "BA Stokes"}}, {"13.6": {"non_striker": "BA Stokes", "bowler": "Mustafizur Rahman", "runs": {"extras": 0, "total": 0, "batsman": 0}, "batsman": "SV Samson"}}, {"14.1": {"non_striker": "SV Samson", "bowler": "HH Pandya", "runs": {"extras": 0, "total": 0, "batsman": 0}, "batsman": "BA Stokes", "wicket": {"player_out": "BA Stokes", "kind": "bowled"}}}, {"14.2": {"non_striker": "SV Samson", "bowler": "HH Pandya", "runs": {"extras": 0, "total": 1, "batsman": 1}, "batsman": "JC Buttler"}}, {"14.3": {"non_striker": "JC Buttler", "bowler": "HH Pandya", "runs": {"extras": 0, "total": 4, "batsman": 4}, "batsman": "SV Samson"}}, {"14.4": {"non_striker": "JC Buttler", "bowler": "HH Pandya", "runs": {"extras": 0, "total": 1, "batsman": 1}, "batsman": "SV Samson"}}, {"14.5": {"non_striker": "SV Samson", "bowler": "HH Pandya", "runs": {"extras": 0, "total": 0, "batsman": 0}, "batsman": "JC Buttler"}}, {"14.6": {"non_striker": "SV Samson", "bowler": "HH Pandya", "runs": {"extras": 0, "total": 2, "batsman": 2}, "batsman": "JC Buttler"}}, {"15.1": {"non_striker": "JC Buttler", "bowler": "KH Pandya", "runs": {"extras": 0, "total": 2, "batsman": 2}, "batsman": "SV Samson"}}, {"15.2": {"non_striker": "JC Buttler", "bowler": "KH Pandya", "runs": {"extras": 0, "total": 1, "batsman": 1}, "batsman": "SV Samson"}}, {"15.3": {"non_striker": "SV Samson", "bowler": "KH Pandya", "runs": {"extras": 0, "total": 1, "batsman": 1}, "batsman": "JC Buttler"}}, {"15.4": {"non_striker": "JC Buttler", "bowler": "KH Pandya", "runs": {"extras": 0, "total": 1, "batsman": 1}, "batsman": "SV Samson"}}, {"15.5": {"non_striker": "SV Samson", "bowler": "KH Pandya", "runs": {"extras": 0, "total": 0, "batsman": 0}, "batsman": "JC Buttler"}}, {"15.6": {"non_striker": "SV Samson", "bowler": "KH Pandya", "runs": {"extras": 0, "total": 1, "batsman": 1}, "batsman": "JC Buttler"}}, {"16.1": {"non_striker": "SV Samson", "bowler": "JJ Bumrah", "runs": {"extras": 0, "total": 1, "batsman": 1}, "batsman": "JC Buttler"}}, {"16.2": {"non_striker": "JC Buttler", "bowler": "JJ Bumrah", "runs": {"extras": 0, "total": 0, "batsman": 0}, "batsman": "SV Samson", "wicket": {"player_out": "SV Samson", "fielders": ["HH Pandya"], "kind": "caught"}}}, {"16.3": {"non_striker": "H Klaasen", "bowler": "JJ Bumrah", "runs": {"extras": 0, "total": 0, "batsman": 0}, "batsman": "JC Buttler", "wicket": {"player_out": "JC Buttler", "kind": "bowled"}}}, {"16.4": {"non_striker": "H Klaasen", "bowler": "JJ Bumrah", "runs": {"extras": 0, "total": 0, "batsman": 0}, "batsman": "JC Archer"}}, {"16.5": {"non_striker": "H Klaasen", "bowler": "JJ Bumrah", "runs": {"extras": 0, "total": 0, "batsman": 0}, "batsman": "JC Archer"}}, {"16.6": {"non_striker": "H Klaasen", "bowler": "JJ Bumrah", "runs": {"extras": 0, "total": 0, "batsman": 0}, "batsman": "JC Archer"}}, {"17.1": {"non_striker": "JC Archer", "bowler": "Mustafizur Rahman", "runs": {"extras": 0, "total": 0, "batsman": 0}, "batsman": "H Klaasen", "wicket": {"player_out": "H Klaasen", "fielders": ["Ishan Kishan"], "kind": "caught"}}}, {"17.2": {"non_striker": "JC Archer", "bowler": "Mustafizur Rahman", "runs": {"extras": 0, "total": 1, "batsman": 1}, "batsman": "K Gowtham"}}, {"17.3": {"non_striker": "K Gowtham", "bowler": "Mustafizur Rahman", "runs": {"extras": 1, "total": 1, "batsman": 0}, "extras": {"noballs": 1}, "batsman": "JC Archer"}}, {"17.4": {"non_striker": "K Gowtham", "bowler": "Mustafizur Rahman", "runs": {"extras": 0, "total": 1, "batsman": 1}, "batsman": "JC Archer"}}, {"17.5": {"non_striker": "JC Archer", "bowler": "Mustafizur Rahman", "runs": {"extras": 0, "total": 2, "batsman": 2}, "batsman": "K Gowtham"}}, {"17.6": {"non_striker": "JC Archer", "bowler": "Mustafizur Rahman", "runs": {"extras": 0, "total": 6, "batsman": 6}, "batsman": "K Gowtham"}}, {"17.7": {"non_striker": "JC Archer", "bowler": "Mustafizur Rahman", "runs": {"extras": 0, "total": 4, "batsman": 4}, "batsman": "K Gowtham"}}, {"18.1": {"non_striker": "K Gowtham", "bowler": "JJ Bumrah", "runs": {"extras": 0, "total": 4, "batsman": 4}, "batsman": "JC Archer"}}, {"18.2": {"non_striker": "K Gowtham", "bowler": "JJ Bumrah", "runs": {"extras": 0, "total": 2, "batsman": 2}, "batsman": "JC Archer"}}, {"18.3": {"non_striker": "K Gowtham", "bowler": "JJ Bumrah", "runs": {"extras": 1, "total": 2, "batsman": 1}, "extras": {"noballs": 1}, "batsman": "JC Archer"}}, {"18.4": {"non_striker": "JC Archer", "bowler": "JJ Bumrah", "runs": {"extras": 0, "total": 2, "batsman": 2}, "batsman": "K Gowtham"}}, {"18.5": {"non_striker": "JC Archer", "bowler": "JJ Bumrah", "runs": {"extras": 0, "total": 4, "batsman": 4}, "batsman": "K Gowtham"}}, {"18.6": {"non_striker": "JC Archer", "bowler": "JJ Bumrah", "runs": {"extras": 0, "total": 0, "batsman": 0}, "batsman": "K Gowtham"}}, {"18.7": {"non_striker": "JC Archer", "bowler": "JJ Bumrah", "runs": {"extras": 0, "total": 4, "batsman": 4}, "batsman": "K Gowtham"}}, {"19.1": {"non_striker": "K Gowtham", "bowler": "HH Pandya", "runs": {"extras": 0, "total": 0, "batsman": 0}, "batsman": "JC Archer", "wicket": {"player_out": "JC Archer", "kind": "caught and bowled"}}}, {"19.2": {"non_striker": "JD Unadkat", "bowler": "HH Pandya", "runs": {"extras": 0, "total": 4, "batsman": 4}, "batsman": "K Gowtham"}}, {"19.3": {"non_striker": "JD Unadkat", "bowler": "HH Pandya", "runs": {"extras": 0, "total": 0, "batsman": 0}, "batsman": "K Gowtham"}}, {"19.4": {"non_striker": "JD Unadkat", "bowler": "HH Pandya", "runs": {"extras": 0, "total": 6, "batsman": 6}, "batsman": "K Gowtham"}}]