[{"0.1": {"non_striker": "M Vijay", "bowler": "BB Sran", "runs": {"extras": 3, "total": 3, "batsman": 0}, "extras": {"wides": 3}, "batsman": "SR Watson"}}, {"0.2": {"non_striker": "M Vijay", "bowler": "BB Sran", "runs": {"extras": 0, "total": 1, "batsman": 1}, "batsman": "SR Watson"}}, {"0.3": {"non_striker": "SR Watson", "bowler": "BB Sran", "runs": {"extras": 1, "total": 1, "batsman": 0}, "extras": {"wides": 1}, "batsman": "M Vijay"}}, {"0.4": {"non_striker": "SR Watson", "bowler": "BB Sran", "runs": {"extras": 0, "total": 0, "batsman": 0}, "batsman": "M Vijay"}}, {"0.5": {"non_striker": "SR Watson", "bowler": "BB Sran", "runs": {"extras": 1, "total": 1, "batsman": 0}, "extras": {"legbyes": 1}, "batsman": "M Vijay"}}, {"0.6": {"non_striker": "M Vijay", "bowler": "BB Sran", "runs": {"extras": 0, "total": 1, "batsman": 1}, "batsman": "SR Watson"}}, {"0.7": {"non_striker": "SR Watson", "bowler": "BB Sran", "runs": {"extras": 0, "total": 1, "batsman": 1}, "batsman": "M Vijay"}}, {"0.8": {"non_striker": "M Vijay", "bowler": "BB Sran", "runs": {"extras": 0, "total": 1, "batsman": 1}, "batsman": "SR Watson"}}, {"1.1": {"non_striker": "M Vijay", "bowler": "MM Sharma", "runs": {"extras": 0, "total": 0, "batsman": 0}, "batsman": "SR Watson"}}, {"1.2": {"non_striker": "M Vijay", "bowler": "MM Sharma", "runs": {"extras": 0, "total": 4, "batsman": 4}, "batsman": "SR Watson"}}, {"1.3": {"non_striker": "M Vijay", "bowler": "MM Sharma", "runs": {"extras": 0, "total": 4, "batsman": 4}, "batsman": "SR Watson"}}, {"1.4": {"non_striker": "M Vijay", "bowler": "MM Sharma", "runs": {"extras": 0, "total": 0, "batsman": 0}, "batsman": "SR Watson"}}, {"1.5": {"non_striker": "M Vijay", "bowler": "MM Sharma", "runs": {"extras": 0, "total": 0, "batsman": 0}, "batsman": "SR Watson"}}, {"1.6": {"non_striker": "M Vijay", "bowler": "MM Sharma", "runs": {"extras": 0, "total": 0, "batsman": 0}, "batsman": "SR Watson", "wicket": {"player_out": "SR Watson", "fielders": ["BB Sran"], "kind": "caught"}}}, {"2.1": {"non_striker": "AT Rayudu", "bowler": "BB Sran", "runs": {"extras": 0, "total": 0, "batsman": 0}, "batsman": "M Vijay"}}, {"2.2": {"non_striker": "AT Rayudu", "bowler": "BB Sran", "runs": {"extras": 0, "total": 1, "batsman": 1}, "batsman": "M Vijay"}}, {"2.3": {"non_striker": "M Vijay", "bowler": "BB Sran", "runs": {"extras": 0, "total": 4, "batsman": 4}, "batsman": "AT Rayudu"}}, {"2.4": {"non_striker": "M Vijay", "bowler": "BB Sran", "runs": {"extras": 0, "total": 1, "batsman": 1}, "batsman": "AT Rayudu"}}, {"2.5": {"non_striker": "AT Rayudu", "bowler": "BB Sran", "runs": {"extras": 0, "total": 2, "batsman": 2}, "batsman": "M Vijay"}}, {"2.6": {"non_striker": "AT Rayudu", "bowler": "BB Sran", "runs": {"extras": 0, "total": 6, "batsman": 6}, "batsman": "M Vijay"}}, {"3.1": {"non_striker": "M Vijay", "bowler": "MM Sharma", "runs": {"extras": 0, "total": 0, "batsman": 0}, "batsman": "AT Rayudu"}}, {"3.2": {"non_striker": "M Vijay", "bowler": "MM Sharma", "runs": {"extras": 0, "total": 1, "batsman": 1}, "batsman": "AT Rayudu"}}, {"3.3": {"non_striker": "AT Rayudu", "bowler": "MM Sharma", "runs": {"extras": 0, "total": 1, "batsman": 1}, "batsman": "M Vijay"}}, {"3.4": {"non_striker": "M Vijay", "bowler": "MM Sharma", "runs": {"extras": 0, "total": 4, "batsman": 4}, "batsman": "AT Rayudu"}}, {"3.5": {"non_striker": "M Vijay", "bowler": "MM Sharma", "runs": {"extras": 0, "total": 1, "batsman": 1}, "batsman": "AT Rayudu"}}, {"3.6": {"non_striker": "AT Rayudu", "bowler": "MM Sharma", "runs": {"extras": 0, "total": 1, "batsman": 1}, "batsman": "M Vijay"}}, {"4.1": {"non_striker": "AT Rayudu", "bowler": "AJ Tye", "runs": {"extras": 0, "total": 0, "batsman": 0}, "batsman": "M Vijay", "wicket": {"player_out": "M Vijay", "fielders": ["BB Sran"], "kind": "caught"}}}, {"4.2": {"non_striker": "SW Billings", "bowler": "AJ Tye", "runs": {"extras": 0, "total": 4, "batsman": 4}, "batsman": "AT Rayudu"}}, {"4.3": {"non_striker": "SW Billings", "bowler": "AJ Tye", "runs": {"extras": 0, "total": 1, "batsman": 1}, "batsman": "AT Rayudu"}}, {"4.4": {"non_striker": "AT Rayudu", "bowler": "AJ Tye", "runs": {"extras": 0, "total": 0, "batsman": 0}, "batsman": "SW Billings"}}, {"4.5": {"non_striker": "AT Rayudu", "bowler": "AJ Tye", "runs": {"extras": 0, "total": 0, "batsman": 0}, "batsman": "SW Billings"}}, {"4.6": {"non_striker": "AT Rayudu", "bowler": "AJ Tye", "runs": {"extras": 0, "total": 2, "batsman": 2}, "batsman": "SW Billings"}}, {"5.1": {"non_striker": "SW Billings", "bowler": "Mujeeb Ur Rahman", "runs": {"extras": 0, "total": 1, "batsman": 1}, "batsman": "AT Rayudu"}}, {"5.2": {"non_striker": "AT Rayudu", "bowler": "Mujeeb Ur Rahman", "runs": {"extras": 0, "total": 4, "batsman": 4}, "batsman": "SW Billings"}}, {"5.3": {"non_striker": "AT Rayudu", "bowler": "Mujeeb Ur Rahman", "runs": {"extras": 0, "total": 1, "batsman": 1}, "batsman": "SW Billings"}}, {"5.4": {"non_striker": "SW Billings", "bowler": "Mujeeb Ur Rahman", "runs": {"extras": 0, "total": 0, "batsman": 0}, "batsman": "AT Rayudu"}}, {"5.5": {"non_striker": "SW Billings", "bowler": "Mujeeb Ur Rahman", "runs": {"extras": 0, "total": 0, "batsman": 0}, "batsman": "AT Rayudu"}}, {"5.6": {"non_striker": "SW Billings", "bowler": "Mujeeb Ur Rahman", "runs": {"extras": 0, "total": 1, "batsman": 1}, "batsman": "AT Rayudu"}}, {"6.1": {"non_striker": "SW Billings", "bowler": "R Ashwin", "runs": {"extras": 0, "total": 1, "batsman": 1}, "batsman": "AT Rayudu"}}, {"6.2": {"non_striker": "AT Rayudu", "bowler": "R Ashwin", "runs": {"extras": 0, "total": 2, "batsman": 2}, "batsman": "SW Billings"}}, {"6.3": {"non_striker": "AT Rayudu", "bowler": "R Ashwin", "runs": {"extras": 0, "total": 0, "batsman": 0}, "batsman": "SW Billings"}}, {"6.4": {"non_striker": "AT Rayudu", "bowler": "R Ashwin", "runs": {"extras": 0, "total": 0, "batsman": 0}, "batsman": "SW Billings", "wicket": {"player_out": "SW Billings", "kind": "lbw"}}}, {"6.5": {"non_striker": "AT Rayudu", "bowler": "R Ashwin", "runs": {"extras": 0, "total": 1, "batsman": 1}, "batsman": "MS Dhoni"}}, {"6.6": {"non_striker": "MS Dhoni", "bowler": "R Ashwin", "runs": {"extras": 0, "total": 1, "batsman": 1}, "batsman": "AT Rayudu"}}, {"7.1": {"non_striker": "MS Dhoni", "bowler": "Yuvraj Singh", "runs": {"extras": 0, "total": 1, "batsman": 1}, "batsman": "AT Rayudu"}}, {"7.2": {"non_striker": "AT Rayudu", "bowler": "Yuvraj Singh", "runs": {"extras": 0, "total": 1, "batsman": 1}, "batsman": "MS Dhoni"}}, {"7.3": {"non_striker": "MS Dhoni", "bowler": "Yuvraj Singh", "runs": {"extras": 0, "total": 1, "batsman": 1}, "batsman": "AT Rayudu"}}, {"7.4": {"non_striker": "AT Rayudu", "bowler": "Yuvraj Singh", "runs": {"extras": 0, "total": 4, "batsman": 4}, "batsman": "MS Dhoni"}}, {"7.5": {"non_striker": "AT Rayudu", "bowler": "Yuvraj Singh", "runs": {"extras": 1, "total": 1, "batsman": 0}, "extras": {"wides": 1}, "batsman": "MS Dhoni"}}, {"7.6": {"non_striker": "AT Rayudu", "bowler": "Yuvraj Singh", "runs": {"extras": 0, "total": 1, "batsman": 1}, "batsman": "MS Dhoni"}}, {"7.7": {"non_striker": "MS Dhoni", "bowler": "Yuvraj Singh", "runs": {"extras": 0, "total": 1, "batsman": 1}, "batsman": "AT Rayudu"}}, {"8.1": {"non_striker": "MS Dhoni", "bowler": "R Ashwin", "runs": {"extras": 0, "total": 1, "batsman": 1}, "batsman": "AT Rayudu"}}, {"8.2": {"non_striker": "AT Rayudu", "bowler": "R Ashwin", "runs": {"extras": 0, "total": 1, "batsman": 1}, "batsman": "MS Dhoni"}}, {"8.3": {"non_striker": "MS Dhoni", "bowler": "R Ashwin", "runs": {"extras": 0, "total": 4, "batsman": 4}, "batsman": "AT Rayudu"}}, {"8.4": {"non_striker": "MS Dhoni", "bowler": "R Ashwin", "runs": {"extras": 1, "total": 1, "batsman": 0}, "extras": {"wides": 1}, "batsman": "AT Rayudu"}}, {"8.5": {"non_striker": "MS Dhoni", "bowler": "R Ashwin", "runs": {"extras": 0, "total": 0, "batsman": 0}, "batsman": "AT Rayudu"}}, {"8.6": {"non_striker": "MS Dhoni", "bowler": "R Ashwin", "runs": {"extras": 1, "total": 1, "batsman": 0}, "extras": {"wides": 1}, "batsman": "AT Rayudu"}}, {"8.7": {"non_striker": "MS Dhoni", "bowler": "R Ashwin", "runs": {"extras": 0, "total": 1, "batsman": 1}, "batsman": "AT Rayudu"}}, {"8.8": {"non_striker": "AT Rayudu", "bowler": "R Ashwin", "runs": {"extras": 0, "total": 4, "batsman": 4}, "batsman": "MS Dhoni"}}, {"9.1": {"non_striker": "MS Dhoni", "bowler": "Mujeeb Ur Rahman", "runs": {"extras": 0, "total": 1, "batsman": 1}, "batsman": "AT Rayudu"}}, {"9.2": {"non_striker": "AT Rayudu", "bowler": "Mujeeb Ur Rahman", "runs": {"extras": 0, "total": 0, "batsman": 0}, "batsman": "MS Dhoni"}}, {"9.3": {"non_striker": "AT Rayudu", "bowler": "Mujeeb Ur Rahman", "runs": {"extras": 0, "total": 0, "batsman": 0}, "batsman": "MS Dhoni"}}, {"9.4": {"non_striker": "AT Rayudu", "bowler": "Mujeeb Ur Rahman", "runs": {"extras": 0, "total": 1, "batsman": 1}, "batsman": "MS Dhoni"}}, {"9.5": {"non_striker": "MS Dhoni", "bowler": "Mujeeb Ur Rahman", "runs": {"extras": 0, "total": 1, "batsman": 1}, "batsman": "AT Rayudu"}}, {"9.6": {"non_striker": "AT Rayudu", "bowler": "Mujeeb Ur Rahman", "runs": {"extras": 0, "total": 1, "batsman": 1}, "batsman": "MS Dhoni"}}, {"10.1": {"non_striker": "AT Rayudu", "bowler": "AJ Tye", "runs": {"extras": 0, "total": 1, "batsman": 1}, "batsman": "MS Dhoni"}}, {"10.2": {"non_striker": "MS Dhoni", "bowler": "AJ Tye", "runs": {"extras": 0, "total": 1, "batsman": 1}, "batsman": "AT Rayudu"}}, {"10.3": {"non_striker": "AT Rayudu", "bowler": "AJ Tye", "runs": {"extras": 0, "total": 1, "batsman": 1}, "batsman": "MS Dhoni"}}, {"10.4": {"non_striker": "MS Dhoni", "bowler": "AJ Tye", "runs": {"extras": 0, "total": 4, "batsman": 4}, "batsman": "AT Rayudu"}}, {"10.5": {"non_striker": "MS Dhoni", "bowler": "AJ Tye", "runs": {"extras": 0, "total": 1, "batsman": 1}, "batsman": "AT Rayudu"}}, {"10.6": {"non_striker": "AT Rayudu", "bowler": "AJ Tye", "runs": {"extras": 0, "total": 1, "batsman": 1}, "batsman": "MS Dhoni"}}, {"11.1": {"non_striker": "AT Rayudu", "bowler": "Mujeeb Ur Rahman", "runs": {"extras": 0, "total": 1, "batsman": 1}, "batsman": "MS Dhoni"}}, {"11.2": {"non_striker": "MS Dhoni", "bowler": "Mujeeb Ur Rahman", "runs": {"extras": 0, "total": 1, "batsman": 1}, "batsman": "AT Rayudu"}}, {"11.3": {"non_striker": "AT Rayudu", "bowler": "Mujeeb Ur Rahman", "runs": {"extras": 0, "total": 2, "batsman": 2}, "batsman": "MS Dhoni"}}, {"11.4": {"non_striker": "AT Rayudu", "bowler": "Mujeeb Ur Rahman", "runs": {"extras": 0, "total": 0, "batsman": 0}, "batsman": "MS Dhoni"}}, {"11.5": {"non_striker": "AT Rayudu", "bowler": "Mujeeb Ur Rahman", "runs": {"extras": 0, "total": 1, "batsman": 1}, "batsman": "MS Dhoni"}}, {"11.6": {"non_striker": "MS Dhoni", "bowler": "Mujeeb Ur Rahman", "runs": {"extras": 0, "total": 2, "batsman": 2}, "batsman": "AT Rayudu"}}, {"12.1": {"non_striker": "AT Rayudu", "bowler": "R Ashwin", "runs": {"extras": 0, "total": 1, "batsman": 1}, "batsman": "MS Dhoni"}}, {"12.2": {"non_striker": "MS Dhoni", "bowler": "R Ashwin", "runs": {"extras": 0, "total": 1, "batsman": 1}, "batsman": "AT Rayudu"}}, {"12.3": {"non_striker": "AT Rayudu", "bowler": "R Ashwin", "runs": {"extras": 1, "total": 1, "batsman": 0}, "extras": {"legbyes": 1}, "batsman": "MS Dhoni"}}, {"12.4": {"non_striker": "MS Dhoni", "bowler": "R Ashwin", "runs": {"extras": 0, "total": 1, "batsman": 1}, "batsman": "AT Rayudu"}}, {"12.5": {"non_striker": "AT Rayudu", "bowler": "R Ashwin", "runs": {"extras": 0, "total": 1, "batsman": 1}, "batsman": "MS Dhoni"}}, {"12.6": {"non_striker": "MS Dhoni", "bowler": "R Ashwin", "runs": {"extras": 0, "total": 1, "batsman": 1}, "batsman": "AT Rayudu"}}, {"13.1": {"non_striker": "MS Dhoni", "bowler": "BB Sran", "runs": {"extras": 0, "total": 0, "batsman": 0}, "batsman": "AT Rayudu"}}, {"13.2": {"non_striker": "MS Dhoni", "bowler": "BB Sran", "runs": {"extras": 0, "total": 6, "batsman": 6}, "batsman": "AT Rayudu"}}, {"13.3": {"non_striker": "MS Dhoni", "bowler": "BB Sran", "runs": {"extras": 0, "total": 0, "batsman": 0}, "batsman": "AT Rayudu"}}, {"13.4": {"non_striker": "MS Dhoni", "bowler": "BB Sran", "runs": {"extras": 0, "total": 0, "batsman": 0}, "batsman": "AT Rayudu", "wicket": {"player_out": "AT Rayudu", "kind": "run out"}}}, {"13.5": {"non_striker": "MS Dhoni", "bowler": "BB Sran", "runs": {"extras": 0, "total": 0, "batsman": 0}, "batsman": "RA Jadeja"}}, {"13.6": {"non_striker": "MS Dhoni", "bowler": "BB Sran", "runs": {"extras": 0, "total": 0, "batsman": 0}, "batsman": "RA Jadeja"}}, {"14.1": {"non_striker": "RA Jadeja", "bowler": "R Ashwin", "runs": {"extras": 0, "total": 0, "batsman": 0}, "batsman": "MS Dhoni"}}, {"14.2": {"non_striker": "RA Jadeja", "bowler": "R Ashwin", "runs": {"extras": 0, "total": 0, "batsman": 0}, "batsman": "MS Dhoni"}}, {"14.3": {"non_striker": "RA Jadeja", "bowler": "R Ashwin", "runs": {"extras": 0, "total": 6, "batsman": 6}, "batsman": "MS Dhoni"}}, {"14.4": {"non_striker": "RA Jadeja", "bowler": "R Ashwin", "runs": {"extras": 0, "total": 1, "batsman": 1}, "batsman": "MS Dhoni"}}, {"14.5": {"non_striker": "MS Dhoni", "bowler": "R Ashwin", "runs": {"extras": 0, "total": 1, "batsman": 1}, "batsman": "RA Jadeja"}}, {"14.6": {"non_striker": "RA Jadeja", "bowler": "R Ashwin", "runs": {"extras": 0, "total": 1, "batsman": 1}, "batsman": "MS Dhoni"}}, {"15.1": {"non_striker": "RA Jadeja", "bowler": "BB Sran", "runs": {"extras": 0, "total": 1, "batsman": 1}, "batsman": "MS Dhoni"}}, {"15.2": {"non_striker": "MS Dhoni", "bowler": "BB Sran", "runs": {"extras": 0, "total": 0, "batsman": 0}, "batsman": "RA Jadeja"}}, {"15.3": {"non_striker": "MS Dhoni", "bowler": "BB Sran", "runs": {"extras": 1, "total": 1, "batsman": 0}, "extras": {"wides": 1}, "batsman": "RA Jadeja"}}, {"15.4": {"non_striker": "MS Dhoni", "bowler": "BB Sran", "runs": {"extras": 0, "total": 2, "batsman": 2}, "batsman": "RA Jadeja"}}, {"15.5": {"non_striker": "MS Dhoni", "bowler": "BB Sran", "runs": {"extras": 1, "total": 1, "batsman": 0}, "extras": {"wides": 1}, "batsman": "RA Jadeja"}}, {"15.6": {"non_striker": "MS Dhoni", "bowler": "BB Sran", "runs": {"extras": 0, "total": 2, "batsman": 2}, "batsman": "RA Jadeja"}}, {"15.7": {"non_striker": "MS Dhoni", "bowler": "BB Sran", "runs": {"extras": 0, "total": 0, "batsman": 0}, "batsman": "RA Jadeja"}}, {"15.8": {"non_striker": "MS Dhoni", "bowler": "BB Sran", "runs": {"extras": 0, "total": 2, "batsman": 2}, "batsman": "RA Jadeja"}}, {"16.1": {"non_striker": "RA Jadeja", "bowler": "AJ Tye", "runs": {"extras": 0, "total": 0, "batsman": 0}, "batsman": "MS Dhoni"}}, {"16.2": {"non_striker": "RA Jadeja", "bowler": "AJ Tye", "runs": {"extras": 0, "total": 1, "batsman": 1}, "batsman": "MS Dhoni"}}, {"16.3": {"non_striker": "MS Dhoni", "bowler": "AJ Tye", "runs": {"extras": 0, "total": 1, "batsman": 1}, "batsman": "RA Jadeja"}}, {"16.4": {"non_striker": "RA Jadeja", "bowler": "AJ Tye", "runs": {"extras": 1, "total": 1, "batsman": 0}, "extras": {"wides": 1}, "batsman": "MS Dhoni"}}, {"16.5": {"non_striker": "RA Jadeja", "bowler": "AJ Tye", "runs": {"extras": 0, "total": 4, "batsman": 4}, "batsman": "MS Dhoni"}}, {"16.6": {"non_striker": "RA Jadeja", "bowler": "AJ Tye", "runs": {"extras": 0, "total": 1, "batsman": 1}, "batsman": "MS Dhoni"}}, {"16.7": {"non_striker": "MS Dhoni", "bowler": "AJ Tye", "runs": {"extras": 0, "total": 4, "batsman": 4}, "batsman": "RA Jadeja"}}, {"17.1": {"non_striker": "RA Jadeja", "bowler": "MM Sharma", "runs": {"extras": 0, "total": 4, "batsman": 4}, "batsman": "MS Dhoni"}}, {"17.2": {"non_striker": "RA Jadeja", "bowler": "MM Sharma", "runs": {"extras": 0, "total": 1, "batsman": 1}, "batsman": "MS Dhoni"}}, {"17.3": {"non_striker": "MS Dhoni", "bowler": "MM Sharma", "runs": {"extras": 0, "total": 1, "batsman": 1}, "batsman": "RA Jadeja"}}, {"17.4": {"non_striker": "RA Jadeja", "bowler": "MM Sharma", "runs": {"extras": 0, "total": 6, "batsman": 6}, "batsman": "MS Dhoni"}}, {"17.5": {"non_striker": "RA Jadeja", "bowler": "MM Sharma", "runs": {"extras": 0, "total": 1, "batsman": 1}, "batsman": "MS Dhoni"}}, {"17.6": {"non_striker": "MS Dhoni", "bowler": "MM Sharma", "runs": {"extras": 0, "total": 6, "batsman": 6}, "batsman": "RA Jadeja"}}, {"18.1": {"non_striker": "RA Jadeja", "bowler": "AJ Tye", "runs": {"extras": 0, "total": 1, "batsman": 1}, "batsman": "MS Dhoni"}}, {"18.2": {"non_striker": "MS Dhoni", "bowler": "AJ Tye", "runs": {"extras": 0, "total": 0, "batsman": 0}, "batsman": "RA Jadeja", "wicket": {"player_out": "RA Jadeja", "fielders": ["R Ashwin"], "kind": "caught"}}}, {"18.3": {"non_striker": "DJ Bravo", "bowler": "AJ Tye", "runs": {"extras": 0, "total": 6, "batsman": 6}, "batsman": "MS Dhoni"}}, {"18.4": {"non_striker": "DJ Bravo", "bowler": "AJ Tye", "runs": {"extras": 0, "total": 4, "batsman": 4}, "batsman": "MS Dhoni"}}, {"18.5": {"non_striker": "DJ Bravo", "bowler": "AJ Tye", "runs": {"extras": 0, "total": 2, "batsman": 2}, "batsman": "MS Dhoni"}}, {"18.6": {"non_striker": "DJ Bravo", "bowler": "AJ Tye", "runs": {"extras": 0, "total": 6, "batsman": 6}, "batsman": "MS Dhoni"}}, {"19.1": {"non_striker": "MS Dhoni", "bowler": "MM Sharma", "runs": {"extras": 0, "total": 1, "batsman": 1}, "batsman": "DJ Bravo"}}, {"19.2": {"non_striker": "DJ Bravo", "bowler": "MM Sharma", "runs": {"extras": 0, "total": 0, "batsman": 0}, "batsman": "MS Dhoni"}}, {"19.3": {"non_striker": "DJ Bravo", "bowler": "MM Sharma", "runs": {"extras": 1, "total": 1, "batsman": 0}, "extras": {"wides": 1}, "batsman": "MS Dhoni"}}, {"19.4": {"non_striker": "DJ Bravo", "bowler": "MM Sharma", "runs": {"extras": 0, "total": 4, "batsman": 4}, "batsman": "MS Dhoni"}}, {"19.5": {"non_striker": "DJ Bravo", "bowler": "MM Sharma", "runs": {"extras": 0, "total": 0, "batsman": 0}, "batsman": "MS Dhoni"}}, {"19.6": {"non_striker": "DJ Bravo", "bowler": "MM Sharma", "runs": {"extras": 0, "total": 0, "batsman": 0}, "batsman": "MS Dhoni"}}, {"19.7": {"non_striker": "DJ Bravo", "bowler": "MM Sharma", "runs": {"extras": 0, "total": 6, "batsman": 6}, "batsman": "MS Dhoni"}}]