[{"0.1": {"non_striker": "JM Bairstow", "bowler": "S Lamichhane", "runs": {"extras": 0, "total": 0, "batsman": 0}, "batsman": "DA Warner"}}, {"0.2": {"non_striker": "JM Bairstow", "bowler": "S Lamichhane", "runs": {"extras": 0, "total": 0, "batsman": 0}, "batsman": "DA Warner"}}, {"0.3": {"non_striker": "JM Bairstow", "bowler": "S Lamichhane", "runs": {"extras": 0, "total": 0, "batsman": 0}, "batsman": "DA Warner"}}, {"0.4": {"non_striker": "JM Bairstow", "bowler": "S Lamichhane", "runs": {"extras": 0, "total": 1, "batsman": 1}, "batsman": "DA Warner"}}, {"0.5": {"non_striker": "DA Warner", "bowler": "S Lamichhane", "runs": {"extras": 0, "total": 4, "batsman": 4}, "batsman": "JM Bairstow"}}, {"0.6": {"non_striker": "DA Warner", "bowler": "S Lamichhane", "runs": {"extras": 0, "total": 1, "batsman": 1}, "batsman": "JM Bairstow"}}, {"1.1": {"non_striker": "DA Warner", "bowler": "AR Patel", "runs": {"extras": 0, "total": 0, "batsman": 0}, "batsman": "JM Bairstow"}}, {"1.2": {"non_striker": "DA Warner", "bowler": "AR Patel", "runs": {"extras": 0, "total": 0, "batsman": 0}, "batsman": "JM Bairstow"}}, {"1.3": {"non_striker": "DA Warner", "bowler": "AR Patel", "runs": {"extras": 0, "total": 0, "batsman": 0}, "batsman": "JM Bairstow"}}, {"1.4": {"non_striker": "DA Warner", "bowler": "AR Patel", "runs": {"extras": 0, "total": 0, "batsman": 0}, "batsman": "JM Bairstow"}}, {"1.5": {"non_striker": "DA Warner", "bowler": "AR Patel", "runs": {"extras": 0, "total": 0, "batsman": 0}, "batsman": "JM Bairstow"}}, {"1.6": {"non_striker": "DA Warner", "bowler": "AR Patel", "runs": {"extras": 0, "total": 1, "batsman": 1}, "batsman": "JM Bairstow"}}, {"2.1": {"non_striker": "DA Warner", "bowler": "S Lamichhane", "runs": {"extras": 0, "total": 6, "batsman": 6}, "batsman": "JM Bairstow"}}, {"2.2": {"non_striker": "DA Warner", "bowler": "S Lamichhane", "runs": {"extras": 0, "total": 4, "batsman": 4}, "batsman": "JM Bairstow"}}, {"2.3": {"non_striker": "DA Warner", "bowler": "S Lamichhane", "runs": {"extras": 0, "total": 1, "batsman": 1}, "batsman": "JM Bairstow"}}, {"2.4": {"non_striker": "JM Bairstow", "bowler": "S Lamichhane", "runs": {"extras": 0, "total": 2, "batsman": 2}, "batsman": "DA Warner"}}, {"2.5": {"non_striker": "JM Bairstow", "bowler": "S Lamichhane", "runs": {"extras": 0, "total": 0, "batsman": 0}, "batsman": "DA Warner"}}, {"2.6": {"non_striker": "JM Bairstow", "bowler": "S Lamichhane", "runs": {"extras": 0, "total": 0, "batsman": 0}, "batsman": "DA Warner"}}, {"3.1": {"non_striker": "DA Warner", "bowler": "CH Morris", "runs": {"extras": 0, "total": 4, "batsman": 4}, "batsman": "JM Bairstow"}}, {"3.2": {"non_striker": "DA Warner", "bowler": "CH Morris", "runs": {"extras": 0, "total": 4, "batsman": 4}, "batsman": "JM Bairstow"}}, {"3.3": {"non_striker": "DA Warner", "bowler": "CH Morris", "runs": {"extras": 0, "total": 0, "batsman": 0}, "batsman": "JM Bairstow"}}, {"3.4": {"non_striker": "DA Warner", "bowler": "CH Morris", "runs": {"extras": 0, "total": 4, "batsman": 4}, "batsman": "JM Bairstow"}}, {"3.5": {"non_striker": "DA Warner", "bowler": "CH Morris", "runs": {"extras": 0, "total": 0, "batsman": 0}, "batsman": "JM Bairstow"}}, {"3.6": {"non_striker": "DA Warner", "bowler": "CH Morris", "runs": {"extras": 4, "total": 4, "batsman": 0}, "extras": {"legbyes": 4}, "batsman": "JM Bairstow"}}, {"4.1": {"non_striker": "JM Bairstow", "bowler": "AR Patel", "runs": {"extras": 4, "total": 4, "batsman": 0}, "extras": {"byes": 4}, "batsman": "DA Warner"}}, {"4.2": {"non_striker": "JM Bairstow", "bowler": "AR Patel", "runs": {"extras": 0, "total": 1, "batsman": 1}, "batsman": "DA Warner"}}, {"4.3": {"non_striker": "DA Warner", "bowler": "AR Patel", "runs": {"extras": 0, "total": 0, "batsman": 0}, "batsman": "JM Bairstow"}}, {"4.4": {"non_striker": "DA Warner", "bowler": "AR Patel", "runs": {"extras": 0, "total": 4, "batsman": 4}, "batsman": "JM Bairstow"}}, {"4.5": {"non_striker": "DA Warner", "bowler": "AR Patel", "runs": {"extras": 1, "total": 1, "batsman": 0}, "extras": {"wides": 1}, "batsman": "JM Bairstow"}}, {"4.6": {"non_striker": "DA Warner", "bowler": "AR Patel", "runs": {"extras": 0, "total": 1, "batsman": 1}, "batsman": "JM Bairstow"}}, {"4.7": {"non_striker": "JM Bairstow", "bowler": "AR Patel", "runs": {"extras": 0, "total": 1, "batsman": 1}, "batsman": "DA Warner"}}, {"5.1": {"non_striker": "JM Bairstow", "bowler": "K Rabada", "runs": {"extras": 0, "total": 1, "batsman": 1}, "batsman": "DA Warner"}}, {"5.2": {"non_striker": "DA Warner", "bowler": "K Rabada", "runs": {"extras": 0, "total": 4, "batsman": 4}, "batsman": "JM Bairstow"}}, {"5.3": {"non_striker": "DA Warner", "bowler": "K Rabada", "runs": {"extras": 0, "total": 0, "batsman": 0}, "batsman": "JM Bairstow"}}, {"5.4": {"non_striker": "DA Warner", "bowler": "K Rabada", "runs": {"extras": 0, "total": 4, "batsman": 4}, "batsman": "JM Bairstow"}}, {"5.5": {"non_striker": "DA Warner", "bowler": "K Rabada", "runs": {"extras": 0, "total": 4, "batsman": 4}, "batsman": "JM Bairstow"}}, {"5.6": {"non_striker": "DA Warner", "bowler": "K Rabada", "runs": {"extras": 0, "total": 1, "batsman": 1}, "batsman": "JM Bairstow"}}, {"6.1": {"non_striker": "DA Warner", "bowler": "R Tewatia", "runs": {"extras": 0, "total": 0, "batsman": 0}, "batsman": "JM Bairstow"}}, {"6.2": {"non_striker": "DA Warner", "bowler": "R Tewatia", "runs": {"extras": 0, "total": 1, "batsman": 1}, "batsman": "JM Bairstow"}}, {"6.3": {"non_striker": "JM Bairstow", "bowler": "R Tewatia", "runs": {"extras": 0, "total": 0, "batsman": 0}, "batsman": "DA Warner"}}, {"6.4": {"non_striker": "JM Bairstow", "bowler": "R Tewatia", "runs": {"extras": 0, "total": 1, "batsman": 1}, "batsman": "DA Warner"}}, {"6.5": {"non_striker": "DA Warner", "bowler": "R Tewatia", "runs": {"extras": 0, "total": 0, "batsman": 0}, "batsman": "JM Bairstow", "wicket": {"player_out": "JM Bairstow", "kind": "lbw"}}}, {"6.6": {"non_striker": "DA Warner", "bowler": "R Tewatia", "runs": {"extras": 0, "total": 0, "batsman": 0}, "batsman": "V Shankar"}}, {"7.1": {"non_striker": "V Shankar", "bowler": "K Rabada", "runs": {"extras": 0, "total": 1, "batsman": 1}, "batsman": "DA Warner"}}, {"7.2": {"non_striker": "DA Warner", "bowler": "K Rabada", "runs": {"extras": 0, "total": 1, "batsman": 1}, "batsman": "V Shankar"}}, {"7.3": {"non_striker": "V Shankar", "bowler": "K Rabada", "runs": {"extras": 0, "total": 0, "batsman": 0}, "batsman": "DA Warner"}}, {"7.4": {"non_striker": "V Shankar", "bowler": "K Rabada", "runs": {"extras": 0, "total": 2, "batsman": 2}, "batsman": "DA Warner"}}, {"7.5": {"non_striker": "V Shankar", "bowler": "K Rabada", "runs": {"extras": 0, "total": 0, "batsman": 0}, "batsman": "DA Warner"}}, {"7.6": {"non_striker": "V Shankar", "bowler": "K Rabada", "runs": {"extras": 0, "total": 0, "batsman": 0}, "batsman": "DA Warner", "wicket": {"player_out": "DA Warner", "fielders": ["CH Morris"], "kind": "caught"}}}, {"8.1": {"non_striker": "MK Pandey", "bowler": "S Lamichhane", "runs": {"extras": 0, "total": 0, "batsman": 0}, "batsman": "V Shankar"}}, {"8.2": {"non_striker": "MK Pandey", "bowler": "S Lamichhane", "runs": {"extras": 0, "total": 0, "batsman": 0}, "batsman": "V Shankar"}}, {"8.3": {"non_striker": "MK Pandey", "bowler": "S Lamichhane", "runs": {"extras": 0, "total": 2, "batsman": 2}, "batsman": "V Shankar"}}, {"8.4": {"non_striker": "MK Pandey", "bowler": "S Lamichhane", "runs": {"extras": 0, "total": 1, "batsman": 1}, "batsman": "V Shankar"}}, {"8.5": {"non_striker": "V Shankar", "bowler": "S Lamichhane", "runs": {"extras": 0, "total": 0, "batsman": 0}, "batsman": "MK Pandey"}}, {"8.6": {"non_striker": "V Shankar", "bowler": "S Lamichhane", "runs": {"extras": 0, "total": 2, "batsman": 2}, "batsman": "MK Pandey"}}, {"9.1": {"non_striker": "MK Pandey", "bowler": "CH Morris", "runs": {"extras": 0, "total": 0, "batsman": 0}, "batsman": "V Shankar"}}, {"9.2": {"non_striker": "MK Pandey", "bowler": "CH Morris", "runs": {"extras": 0, "total": 1, "batsman": 1}, "batsman": "V Shankar"}}, {"9.3": {"non_striker": "V Shankar", "bowler": "CH Morris", "runs": {"extras": 0, "total": 1, "batsman": 1}, "batsman": "MK Pandey"}}, {"9.4": {"non_striker": "MK Pandey", "bowler": "CH Morris", "runs": {"extras": 0, "total": 4, "batsman": 4}, "batsman": "V Shankar"}}, {"9.5": {"non_striker": "MK Pandey", "bowler": "CH Morris", "runs": {"extras": 0, "total": 1, "batsman": 1}, "batsman": "V Shankar"}}, {"9.6": {"non_striker": "V Shankar", "bowler": "CH Morris", "runs": {"extras": 0, "total": 1, "batsman": 1}, "batsman": "MK Pandey"}}, {"10.1": {"non_striker": "V Shankar", "bowler": "AR Patel", "runs": {"extras": 0, "total": 1, "batsman": 1}, "batsman": "MK Pandey"}}, {"10.2": {"non_striker": "MK Pandey", "bowler": "AR Patel", "runs": {"extras": 0, "total": 1, "batsman": 1}, "batsman": "V Shankar"}}, {"10.3": {"non_striker": "V Shankar", "bowler": "AR Patel", "runs": {"extras": 0, "total": 1, "batsman": 1}, "batsman": "MK Pandey"}}, {"10.4": {"non_striker": "MK Pandey", "bowler": "AR Patel", "runs": {"extras": 0, "total": 1, "batsman": 1}, "batsman": "V Shankar"}}, {"10.5": {"non_striker": "V Shankar", "bowler": "AR Patel", "runs": {"extras": 0, "total": 1, "batsman": 1}, "batsman": "MK Pandey"}}, {"10.6": {"non_striker": "MK Pandey", "bowler": "AR Patel", "runs": {"extras": 0, "total": 1, "batsman": 1}, "batsman": "V Shankar"}}, {"11.1": {"non_striker": "MK Pandey", "bowler": "R Tewatia", "runs": {"extras": 0, "total": 1, "batsman": 1}, "batsman": "V Shankar"}}, {"11.2": {"non_striker": "V Shankar", "bowler": "R Tewatia", "runs": {"extras": 0, "total": 0, "batsman": 0}, "batsman": "MK Pandey"}}, {"11.3": {"non_striker": "V Shankar", "bowler": "R Tewatia", "runs": {"extras": 0, "total": 1, "batsman": 1}, "batsman": "MK Pandey"}}, {"11.4": {"non_striker": "MK Pandey", "bowler": "R Tewatia", "runs": {"extras": 1, "total": 1, "batsman": 0}, "extras": {"wides": 1}, "batsman": "V Shankar"}}, {"11.5": {"non_striker": "MK Pandey", "bowler": "R Tewatia", "runs": {"extras": 0, "total": 0, "batsman": 0}, "batsman": "V Shankar"}}, {"11.6": {"non_striker": "MK Pandey", "bowler": "R Tewatia", "runs": {"extras": 0, "total": 0, "batsman": 0}, "batsman": "V Shankar"}}, {"11.7": {"non_striker": "MK Pandey", "bowler": "R Tewatia", "runs": {"extras": 0, "total": 0, "batsman": 0}, "batsman": "V Shankar"}}, {"12.1": {"non_striker": "V Shankar", "bowler": "I Sharma", "runs": {"extras": 0, "total": 1, "batsman": 1}, "batsman": "MK Pandey"}}, {"12.2": {"non_striker": "MK Pandey", "bowler": "I Sharma", "runs": {"extras": 1, "total": 1, "batsman": 0}, "extras": {"wides": 1}, "batsman": "V Shankar"}}, {"12.3": {"non_striker": "MK Pandey", "bowler": "I Sharma", "runs": {"extras": 0, "total": 1, "batsman": 1}, "batsman": "V Shankar"}}, {"12.4": {"non_striker": "V Shankar", "bowler": "I Sharma", "runs": {"extras": 0, "total": 1, "batsman": 1}, "batsman": "MK Pandey"}}, {"12.5": {"non_striker": "MK Pandey", "bowler": "I Sharma", "runs": {"extras": 0, "total": 1, "batsman": 1}, "batsman": "V Shankar"}}, {"12.6": {"non_striker": "V Shankar", "bowler": "I Sharma", "runs": {"extras": 0, "total": 0, "batsman": 0}, "batsman": "MK Pandey"}}, {"12.7": {"non_striker": "V Shankar", "bowler": "I Sharma", "runs": {"extras": 0, "total": 0, "batsman": 0}, "batsman": "MK Pandey", "wicket": {"player_out": "MK Pandey", "fielders": ["PP Shaw"], "kind": "caught"}}}, {"13.1": {"non_striker": "V Shankar", "bowler": "R Tewatia", "runs": {"extras": 0, "total": 0, "batsman": 0}, "batsman": "DJ Hooda"}}, {"13.2": {"non_striker": "V Shankar", "bowler": "R Tewatia", "runs": {"extras": 0, "total": 0, "batsman": 0}, "batsman": "DJ Hooda"}}, {"13.3": {"non_striker": "V Shankar", "bowler": "R Tewatia", "runs": {"extras": 0, "total": 4, "batsman": 4}, "batsman": "DJ Hooda"}}, {"13.4": {"non_striker": "V Shankar", "bowler": "R Tewatia", "runs": {"extras": 0, "total": 0, "batsman": 0}, "batsman": "DJ Hooda"}}, {"13.5": {"non_striker": "V Shankar", "bowler": "R Tewatia", "runs": {"extras": 0, "total": 1, "batsman": 1}, "batsman": "DJ Hooda"}}, {"13.6": {"non_striker": "DJ Hooda", "bowler": "R Tewatia", "runs": {"extras": 0, "total": 0, "batsman": 0}, "batsman": "V Shankar"}}, {"14.1": {"non_striker": "V Shankar", "bowler": "AR Patel", "runs": {"extras": 0, "total": 0, "batsman": 0}, "batsman": "DJ Hooda"}}, {"14.2": {"non_striker": "V Shankar", "bowler": "AR Patel", "runs": {"extras": 0, "total": 1, "batsman": 1}, "batsman": "DJ Hooda"}}, {"14.3": {"non_striker": "DJ Hooda", "bowler": "AR Patel", "runs": {"extras": 0, "total": 0, "batsman": 0}, "batsman": "V Shankar", "wicket": {"player_out": "V Shankar", "fielders": ["SS Iyer"], "kind": "caught"}}}, {"14.4": {"non_striker": "DJ Hooda", "bowler": "AR Patel", "runs": {"extras": 0, "total": 0, "batsman": 0}, "batsman": "YK Pathan"}}, {"14.5": {"non_striker": "DJ Hooda", "bowler": "AR Patel", "runs": {"extras": 0, "total": 1, "batsman": 1}, "batsman": "YK Pathan"}}, {"14.6": {"non_striker": "YK Pathan", "bowler": "AR Patel", "runs": {"extras": 0, "total": 1, "batsman": 1}, "batsman": "DJ Hooda"}}, {"15.1": {"non_striker": "YK Pathan", "bowler": "S Lamichhane", "runs": {"extras": 0, "total": 1, "batsman": 1}, "batsman": "DJ Hooda"}}, {"15.2": {"non_striker": "DJ Hooda", "bowler": "S Lamichhane", "runs": {"extras": 0, "total": 0, "batsman": 0}, "batsman": "YK Pathan"}}, {"15.3": {"non_striker": "DJ Hooda", "bowler": "S Lamichhane", "runs": {"extras": 0, "total": 4, "batsman": 4}, "batsman": "YK Pathan"}}, {"15.4": {"non_striker": "DJ Hooda", "bowler": "S Lamichhane", "runs": {"extras": 0, "total": 1, "batsman": 1}, "batsman": "YK Pathan"}}, {"15.5": {"non_striker": "YK Pathan", "bowler": "S Lamichhane", "runs": {"extras": 0, "total": 2, "batsman": 2}, "batsman": "DJ Hooda"}}, {"15.6": {"non_striker": "YK Pathan", "bowler": "S Lamichhane", "runs": {"extras": 0, "total": 0, "batsman": 0}, "batsman": "DJ Hooda", "wicket": {"player_out": "DJ Hooda", "fielders": ["K Rabada"], "kind": "caught"}}}, {"16.1": {"non_striker": "YK Pathan", "bowler": "K Rabada", "runs": {"extras": 0, "total": 1, "batsman": 1}, "batsman": "Mohammad Nabi"}}, {"16.2": {"non_striker": "Mohammad Nabi", "bowler": "K Rabada", "runs": {"extras": 0, "total": 0, "batsman": 0}, "batsman": "YK Pathan"}}, {"16.3": {"non_striker": "Mohammad Nabi", "bowler": "K Rabada", "runs": {"extras": 0, "total": 0, "batsman": 0}, "batsman": "YK Pathan"}}, {"16.4": {"non_striker": "Mohammad Nabi", "bowler": "K Rabada", "runs": {"extras": 0, "total": 1, "batsman": 1}, "batsman": "YK Pathan"}}, {"16.5": {"non_striker": "YK Pathan", "bowler": "K Rabada", "runs": {"extras": 0, "total": 1, "batsman": 1}, "batsman": "Mohammad Nabi"}}, {"16.6": {"non_striker": "Mohammad Nabi", "bowler": "K Rabada", "runs": {"extras": 0, "total": 0, "batsman": 0}, "batsman": "YK Pathan"}}, {"17.1": {"non_striker": "YK Pathan", "bowler": "CH Morris", "runs": {"extras": 0, "total": 0, "batsman": 0}, "batsman": "Mohammad Nabi"}}, {"17.2": {"non_striker": "YK Pathan", "bowler": "CH Morris", "runs": {"extras": 0, "total": 1, "batsman": 1}, "batsman": "Mohammad Nabi"}}, {"17.3": {"non_striker": "Mohammad Nabi", "bowler": "CH Morris", "runs": {"extras": 0, "total": 1, "batsman": 1}, "batsman": "YK Pathan"}}, {"17.4": {"non_striker": "YK Pathan", "bowler": "CH Morris", "runs": {"extras": 0, "total": 4, "batsman": 4}, "batsman": "Mohammad Nabi"}}, {"17.5": {"non_striker": "YK Pathan", "bowler": "CH Morris", "runs": {"extras": 0, "total": 0, "batsman": 0}, "batsman": "Mohammad Nabi"}}, {"17.6": {"non_striker": "YK Pathan", "bowler": "CH Morris", "runs": {"extras": 0, "total": 0, "batsman": 0}, "batsman": "Mohammad Nabi"}}, {"18.1": {"non_striker": "Mohammad Nabi", "bowler": "K Rabada", "runs": {"extras": 0, "total": 1, "batsman": 1}, "batsman": "YK Pathan"}}, {"18.2": {"non_striker": "YK Pathan", "bowler": "K Rabada", "runs": {"extras": 0, "total": 4, "batsman": 4}, "batsman": "Mohammad Nabi"}}, {"18.3": {"non_striker": "YK Pathan", "bowler": "K Rabada", "runs": {"extras": 0, "total": 6, "batsman": 6}, "batsman": "Mohammad Nabi"}}]