[{"0.1": {"non_striker": "JC Buttler", "bowler": "SM Curran", "runs": {"extras": 0, "total": 0, "batsman": 0}, "batsman": "AM Rahane"}}, {"0.2": {"non_striker": "JC Buttler", "bowler": "SM Curran", "runs": {"extras": 0, "total": 0, "batsman": 0}, "batsman": "AM Rahane"}}, {"0.3": {"non_striker": "JC Buttler", "bowler": "SM Curran", "runs": {"extras": 0, "total": 4, "batsman": 4}, "batsman": "AM Rahane"}}, {"0.4": {"non_striker": "JC Buttler", "bowler": "SM Curran", "runs": {"extras": 0, "total": 0, "batsman": 0}, "batsman": "AM Rahane"}}, {"0.5": {"non_striker": "JC Buttler", "bowler": "SM Curran", "runs": {"extras": 0, "total": 4, "batsman": 4}, "batsman": "AM Rahane"}}, {"0.6": {"non_striker": "JC Buttler", "bowler": "SM Curran", "runs": {"extras": 0, "total": 4, "batsman": 4}, "batsman": "AM Rahane"}}, {"1.1": {"non_striker": "AM Rahane", "bowler": "Mujeeb Ur Rahman", "runs": {"extras": 0, "total": 4, "batsman": 4}, "batsman": "JC Buttler"}}, {"1.2": {"non_striker": "AM Rahane", "bowler": "Mujeeb Ur Rahman", "runs": {"extras": 0, "total": 1, "batsman": 1}, "batsman": "JC Buttler"}}, {"1.3": {"non_striker": "JC Buttler", "bowler": "Mujeeb Ur Rahman", "runs": {"extras": 0, "total": 0, "batsman": 0}, "batsman": "AM Rahane"}}, {"1.4": {"non_striker": "JC Buttler", "bowler": "Mujeeb Ur Rahman", "runs": {"extras": 0, "total": 1, "batsman": 1}, "batsman": "AM Rahane"}}, {"1.5": {"non_striker": "AM Rahane", "bowler": "Mujeeb Ur Rahman", "runs": {"extras": 0, "total": 0, "batsman": 0}, "batsman": "JC Buttler"}}, {"1.6": {"non_striker": "AM Rahane", "bowler": "Mujeeb Ur Rahman", "runs": {"extras": 0, "total": 0, "batsman": 0}, "batsman": "JC Buttler"}}, {"2.1": {"non_striker": "JC Buttler", "bowler": "Mohammed Shami", "runs": {"extras": 0, "total": 1, "batsman": 1}, "batsman": "AM Rahane"}}, {"2.2": {"non_striker": "AM Rahane", "bowler": "Mohammed Shami", "runs": {"extras": 0, "total": 4, "batsman": 4}, "batsman": "JC Buttler"}}, {"2.3": {"non_striker": "AM Rahane", "bowler": "Mohammed Shami", "runs": {"extras": 0, "total": 0, "batsman": 0}, "batsman": "JC Buttler"}}, {"2.4": {"non_striker": "AM Rahane", "bowler": "Mohammed Shami", "runs": {"extras": 0, "total": 4, "batsman": 4}, "batsman": "JC Buttler"}}, {"2.5": {"non_striker": "AM Rahane", "bowler": "Mohammed Shami", "runs": {"extras": 0, "total": 0, "batsman": 0}, "batsman": "JC Buttler"}}, {"2.6": {"non_striker": "AM Rahane", "bowler": "Mohammed Shami", "runs": {"extras": 0, "total": 0, "batsman": 0}, "batsman": "JC Buttler"}}, {"3.1": {"non_striker": "JC Buttler", "bowler": "Mujeeb Ur Rahman", "runs": {"extras": 0, "total": 1, "batsman": 1}, "batsman": "AM Rahane"}}, {"3.2": {"non_striker": "AM Rahane", "bowler": "Mujeeb Ur Rahman", "runs": {"extras": 0, "total": 0, "batsman": 0}, "batsman": "JC Buttler"}}, {"3.3": {"non_striker": "AM Rahane", "bowler": "Mujeeb Ur Rahman", "runs": {"extras": 0, "total": 0, "batsman": 0}, "batsman": "JC Buttler"}}, {"3.4": {"non_striker": "AM Rahane", "bowler": "Mujeeb Ur Rahman", "runs": {"extras": 0, "total": 4, "batsman": 4}, "batsman": "JC Buttler"}}, {"3.5": {"non_striker": "AM Rahane", "bowler": "Mujeeb Ur Rahman", "runs": {"extras": 0, "total": 0, "batsman": 0}, "batsman": "JC Buttler"}}, {"3.6": {"non_striker": "AM Rahane", "bowler": "Mujeeb Ur Rahman", "runs": {"extras": 0, "total": 6, "batsman": 6}, "batsman": "JC Buttler"}}, {"4.1": {"non_striker": "JC Buttler", "bowler": "Mohammed Shami", "runs": {"extras": 0, "total": 0, "batsman": 0}, "batsman": "AM Rahane"}}, {"4.2": {"non_striker": "JC Buttler", "bowler": "Mohammed Shami", "runs": {"extras": 0, "total": 4, "batsman": 4}, "batsman": "AM Rahane"}}, {"4.3": {"non_striker": "JC Buttler", "bowler": "Mohammed Shami", "runs": {"extras": 0, "total": 1, "batsman": 1}, "batsman": "AM Rahane"}}, {"4.4": {"non_striker": "AM Rahane", "bowler": "Mohammed Shami", "runs": {"extras": 0, "total": 0, "batsman": 0}, "batsman": "JC Buttler"}}, {"4.5": {"non_striker": "AM Rahane", "bowler": "Mohammed Shami", "runs": {"extras": 0, "total": 2, "batsman": 2}, "batsman": "JC Buttler"}}, {"4.6": {"non_striker": "AM Rahane", "bowler": "Mohammed Shami", "runs": {"extras": 0, "total": 0, "batsman": 0}, "batsman": "JC Buttler"}}, {"5.1": {"non_striker": "JC Buttler", "bowler": "SM Curran", "runs": {"extras": 0, "total": 1, "batsman": 1}, "batsman": "AM Rahane"}}, {"5.2": {"non_striker": "AM Rahane", "bowler": "SM Curran", "runs": {"extras": 0, "total": 4, "batsman": 4}, "batsman": "JC Buttler"}}, {"5.3": {"non_striker": "AM Rahane", "bowler": "SM Curran", "runs": {"extras": 0, "total": 0, "batsman": 0}, "batsman": "JC Buttler"}}, {"5.4": {"non_striker": "AM Rahane", "bowler": "SM Curran", "runs": {"extras": 0, "total": 6, "batsman": 6}, "batsman": "JC Buttler"}}, {"5.5": {"non_striker": "AM Rahane", "bowler": "SM Curran", "runs": {"extras": 0, "total": 4, "batsman": 4}, "batsman": "JC Buttler"}}, {"5.6": {"non_striker": "AM Rahane", "bowler": "SM Curran", "runs": {"extras": 0, "total": 4, "batsman": 4}, "batsman": "JC Buttler"}}, {"6.1": {"non_striker": "JC Buttler", "bowler": "R Ashwin", "runs": {"extras": 0, "total": 1, "batsman": 1}, "batsman": "AM Rahane"}}, {"6.2": {"non_striker": "AM Rahane", "bowler": "R Ashwin", "runs": {"extras": 0, "total": 2, "batsman": 2}, "batsman": "JC Buttler"}}, {"6.3": {"non_striker": "AM Rahane", "bowler": "R Ashwin", "runs": {"extras": 0, "total": 1, "batsman": 1}, "batsman": "JC Buttler"}}, {"6.4": {"non_striker": "JC Buttler", "bowler": "R Ashwin", "runs": {"extras": 0, "total": 1, "batsman": 1}, "batsman": "AM Rahane"}}, {"6.5": {"non_striker": "AM Rahane", "bowler": "R Ashwin", "runs": {"extras": 0, "total": 1, "batsman": 1}, "batsman": "JC Buttler"}}, {"6.6": {"non_striker": "JC Buttler", "bowler": "R Ashwin", "runs": {"extras": 0, "total": 1, "batsman": 1}, "batsman": "AM Rahane"}}, {"7.1": {"non_striker": "JC Buttler", "bowler": "AS Rajpoot", "runs": {"extras": 0, "total": 2, "batsman": 2}, "batsman": "AM Rahane"}}, {"7.2": {"non_striker": "JC Buttler", "bowler": "AS Rajpoot", "runs": {"extras": 0, "total": 1, "batsman": 1}, "batsman": "AM Rahane"}}, {"7.3": {"non_striker": "AM Rahane", "bowler": "AS Rajpoot", "runs": {"extras": 0, "total": 0, "batsman": 0}, "batsman": "JC Buttler"}}, {"7.4": {"non_striker": "AM Rahane", "bowler": "AS Rajpoot", "runs": {"extras": 0, "total": 0, "batsman": 0}, "batsman": "JC Buttler"}}, {"7.5": {"non_striker": "AM Rahane", "bowler": "AS Rajpoot", "runs": {"extras": 0, "total": 0, "batsman": 0}, "batsman": "JC Buttler"}}, {"7.6": {"non_striker": "AM Rahane", "bowler": "AS Rajpoot", "runs": {"extras": 0, "total": 4, "batsman": 4}, "batsman": "JC Buttler"}}, {"8.1": {"non_striker": "JC Buttler", "bowler": "R Ashwin", "runs": {"extras": 0, "total": 0, "batsman": 0}, "batsman": "AM Rahane", "wicket": {"player_out": "AM Rahane", "kind": "bowled"}}}, {"8.2": {"non_striker": "JC Buttler", "bowler": "R Ashwin", "runs": {"extras": 0, "total": 1, "batsman": 1}, "batsman": "SV Samson"}}, {"8.3": {"non_striker": "SV Samson", "bowler": "R Ashwin", "runs": {"extras": 0, "total": 1, "batsman": 1}, "batsman": "JC Buttler"}}, {"8.4": {"non_striker": "JC Buttler", "bowler": "R Ashwin", "runs": {"extras": 0, "total": 1, "batsman": 1}, "batsman": "SV Samson"}}, {"8.5": {"non_striker": "SV Samson", "bowler": "R Ashwin", "runs": {"extras": 0, "total": 1, "batsman": 1}, "batsman": "JC Buttler"}}, {"8.6": {"non_striker": "JC Buttler", "bowler": "R Ashwin", "runs": {"extras": 0, "total": 1, "batsman": 1}, "batsman": "SV Samson"}}, {"9.1": {"non_striker": "JC Buttler", "bowler": "AS Rajpoot", "runs": {"extras": 0, "total": 1, "batsman": 1}, "batsman": "SV Samson"}}, {"9.2": {"non_striker": "SV Samson", "bowler": "AS Rajpoot", "runs": {"extras": 0, "total": 4, "batsman": 4}, "batsman": "JC Buttler"}}, {"9.3": {"non_striker": "SV Samson", "bowler": "AS Rajpoot", "runs": {"extras": 0, "total": 4, "batsman": 4}, "batsman": "JC Buttler"}}, {"9.4": {"non_striker": "SV Samson", "bowler": "AS Rajpoot", "runs": {"extras": 0, "total": 2, "batsman": 2}, "batsman": "JC Buttler"}}, {"9.5": {"non_striker": "SV Samson", "bowler": "AS Rajpoot", "runs": {"extras": 0, "total": 1, "batsman": 1}, "batsman": "JC Buttler"}}, {"9.6": {"non_striker": "JC Buttler", "bowler": "AS Rajpoot", "runs": {"extras": 0, "total": 1, "batsman": 1}, "batsman": "SV Samson"}}, {"10.1": {"non_striker": "JC Buttler", "bowler": "R Ashwin", "runs": {"extras": 0, "total": 1, "batsman": 1}, "batsman": "SV Samson"}}, {"10.2": {"non_striker": "SV Samson", "bowler": "R Ashwin", "runs": {"extras": 0, "total": 0, "batsman": 0}, "batsman": "JC Buttler"}}, {"10.3": {"non_striker": "SV Samson", "bowler": "R Ashwin", "runs": {"extras": 0, "total": 0, "batsman": 0}, "batsman": "JC Buttler"}}, {"10.4": {"non_striker": "SV Samson", "bowler": "R Ashwin", "runs": {"extras": 0, "total": 0, "batsman": 0}, "batsman": "JC Buttler"}}, {"10.5": {"non_striker": "SV Samson", "bowler": "R Ashwin", "runs": {"extras": 0, "total": 1, "batsman": 1}, "batsman": "JC Buttler"}}, {"10.6": {"non_striker": "JC Buttler", "bowler": "R Ashwin", "runs": {"extras": 0, "total": 1, "batsman": 1}, "batsman": "SV Samson"}}, {"11.1": {"non_striker": "JC Buttler", "bowler": "Mujeeb Ur Rahman", "runs": {"extras": 0, "total": 1, "batsman": 1}, "batsman": "SV Samson"}}, {"11.2": {"non_striker": "SV Samson", "bowler": "Mujeeb Ur Rahman", "runs": {"extras": 0, "total": 1, "batsman": 1}, "batsman": "JC Buttler"}}, {"11.3": {"non_striker": "JC Buttler", "bowler": "Mujeeb Ur Rahman", "runs": {"extras": 0, "total": 2, "batsman": 2}, "batsman": "SV Samson"}}, {"11.4": {"non_striker": "JC Buttler", "bowler": "Mujeeb Ur Rahman", "runs": {"extras": 0, "total": 0, "batsman": 0}, "batsman": "SV Samson"}}, {"11.5": {"non_striker": "JC Buttler", "bowler": "Mujeeb Ur Rahman", "runs": {"extras": 0, "total": 1, "batsman": 1}, "batsman": "SV Samson"}}, {"11.6": {"non_striker": "SV Samson", "bowler": "Mujeeb Ur Rahman", "runs": {"extras": 0, "total": 1, "batsman": 1}, "batsman": "JC Buttler"}}, {"12.1": {"non_striker": "SV Samson", "bowler": "R Ashwin", "runs": {"extras": 0, "total": 1, "batsman": 1}, "batsman": "JC Buttler"}}, {"12.2": {"non_striker": "JC Buttler", "bowler": "R Ashwin", "runs": {"extras": 0, "total": 0, "batsman": 0}, "batsman": "SV Samson"}}, {"12.3": {"non_striker": "JC Buttler", "bowler": "R Ashwin", "runs": {"extras": 0, "total": 1, "batsman": 1}, "batsman": "SV Samson"}}, {"12.4": {"non_striker": "SV Samson", "bowler": "R Ashwin", "runs": {"extras": 0, "total": 1, "batsman": 1}, "batsman": "JC Buttler"}}, {"12.5": {"non_striker": "JC Buttler", "bowler": "R Ashwin", "runs": {"extras": 0, "total": 0, "batsman": 0}, "batsman": "SV Samson", "wicket": {"player_out": "JC Buttler", "kind": "run out"}}}, {"12.6": {"non_striker": "SPD Smith", "bowler": "R Ashwin", "runs": {"extras": 0, "total": 2, "batsman": 2}, "batsman": "SV Samson"}}, {"13.1": {"non_striker": "SV Samson", "bowler": "AS Rajpoot", "runs": {"extras": 0, "total": 0, "batsman": 0}, "batsman": "SPD Smith"}}, {"13.2": {"non_striker": "SV Samson", "bowler": "AS Rajpoot", "runs": {"extras": 0, "total": 1, "batsman": 1}, "batsman": "SPD Smith"}}, {"13.3": {"non_striker": "SPD Smith", "bowler": "AS Rajpoot", "runs": {"extras": 0, "total": 1, "batsman": 1}, "batsman": "SV Samson"}}, {"13.4": {"non_striker": "SV Samson", "bowler": "AS Rajpoot", "runs": {"extras": 1, "total": 3, "batsman": 2}, "extras": {"noballs": 1}, "batsman": "SPD Smith"}}, {"13.5": {"non_striker": "SV Samson", "bowler": "AS Rajpoot", "runs": {"extras": 1, "total": 1, "batsman": 0}, "extras": {"noballs": 1}, "batsman": "SPD Smith"}}, {"13.6": {"non_striker": "SV Samson", "bowler": "AS Rajpoot", "runs": {"extras": 1, "total": 1, "batsman": 0}, "extras": {"legbyes": 1}, "batsman": "SPD Smith"}}, {"13.7": {"non_striker": "SPD Smith", "bowler": "AS Rajpoot", "runs": {"extras": 0, "total": 1, "batsman": 1}, "batsman": "SV Samson"}}, {"13.8": {"non_striker": "SV Samson", "bowler": "AS Rajpoot", "runs": {"extras": 0, "total": 0, "batsman": 0}, "batsman": "SPD Smith"}}, {"14.1": {"non_striker": "SPD Smith", "bowler": "SM Curran", "runs": {"extras": 0, "total": 2, "batsman": 2}, "batsman": "SV Samson"}}, {"14.2": {"non_striker": "SPD Smith", "bowler": "SM Curran", "runs": {"extras": 0, "total": 1, "batsman": 1}, "batsman": "SV Samson"}}, {"14.3": {"non_striker": "SV Samson", "bowler": "SM Curran", "runs": {"extras": 0, "total": 2, "batsman": 2}, "batsman": "SPD Smith"}}, {"14.4": {"non_striker": "SV Samson", "bowler": "SM Curran", "runs": {"extras": 0, "total": 4, "batsman": 4}, "batsman": "SPD Smith"}}, {"14.5": {"non_striker": "SV Samson", "bowler": "SM Curran", "runs": {"extras": 1, "total": 1, "batsman": 0}, "extras": {"wides": 1}, "batsman": "SPD Smith"}}, {"14.6": {"non_striker": "SV Samson", "bowler": "SM Curran", "runs": {"extras": 0, "total": 6, "batsman": 6}, "batsman": "SPD Smith"}}, {"14.7": {"non_striker": "SV Samson", "bowler": "SM Curran", "runs": {"extras": 0, "total": 1, "batsman": 1}, "batsman": "SPD Smith"}}, {"15.1": {"non_striker": "SV Samson", "bowler": "Mohammed Shami", "runs": {"extras": 0, "total": 1, "batsman": 1}, "batsman": "SPD Smith"}}, {"15.2": {"non_striker": "SPD Smith", "bowler": "Mohammed Shami", "runs": {"extras": 0, "total": 6, "batsman": 6}, "batsman": "SV Samson"}}, {"15.3": {"non_striker": "SPD Smith", "bowler": "Mohammed Shami", "runs": {"extras": 0, "total": 1, "batsman": 1}, "batsman": "SV Samson"}}, {"15.4": {"non_striker": "SV Samson", "bowler": "Mohammed Shami", "runs": {"extras": 0, "total": 1, "batsman": 1}, "batsman": "SPD Smith"}}, {"15.5": {"non_striker": "SPD Smith", "bowler": "Mohammed Shami", "runs": {"extras": 0, "total": 1, "batsman": 1}, "batsman": "SV Samson"}}, {"15.6": {"non_striker": "SV Samson", "bowler": "Mohammed Shami", "runs": {"extras": 0, "total": 1, "batsman": 1}, "batsman": "SPD Smith"}}, {"16.1": {"non_striker": "SV Samson", "bowler": "SM Curran", "runs": {"extras": 0, "total": 0, "batsman": 0}, "batsman": "SPD Smith"}}, {"16.2": {"non_striker": "SV Samson", "bowler": "SM Curran", "runs": {"extras": 0, "total": 1, "batsman": 1}, "batsman": "SPD Smith"}}, {"16.3": {"non_striker": "SPD Smith", "bowler": "SM Curran", "runs": {"extras": 0, "total": 1, "batsman": 1}, "batsman": "SV Samson"}}, {"16.4": {"non_striker": "SV Samson", "bowler": "SM Curran", "runs": {"extras": 0, "total": 0, "batsman": 0}, "batsman": "SPD Smith", "wicket": {"player_out": "SPD Smith", "fielders": ["KL Rahul"], "kind": "caught"}}}, {"16.5": {"non_striker": "BA Stokes", "bowler": "SM Curran", "runs": {"extras": 0, "total": 2, "batsman": 2}, "batsman": "SV Samson"}}, {"16.6": {"non_striker": "BA Stokes", "bowler": "SM Curran", "runs": {"extras": 0, "total": 0, "batsman": 0}, "batsman": "SV Samson", "wicket": {"player_out": "SV Samson", "fielders": ["R Ashwin"], "kind": "caught"}}}, {"17.1": {"non_striker": "BA Stokes", "bowler": "Mujeeb Ur Rahman", "runs": {"extras": 0, "total": 1, "batsman": 1}, "batsman": "RA Tripathi"}}, {"17.2": {"non_striker": "RA Tripathi", "bowler": "Mujeeb Ur Rahman", "runs": {"extras": 0, "total": 6, "batsman": 6}, "batsman": "BA Stokes"}}, {"17.3": {"non_striker": "RA Tripathi", "bowler": "Mujeeb Ur Rahman", "runs": {"extras": 0, "total": 0, "batsman": 0}, "batsman": "BA Stokes", "wicket": {"player_out": "BA Stokes", "fielders": ["KK Nair (sub)"], "kind": "caught"}}}, {"17.4": {"non_striker": "K Gowtham", "bowler": "Mujeeb Ur Rahman", "runs": {"extras": 0, "total": 0, "batsman": 0}, "batsman": "RA Tripathi"}}, {"17.5": {"non_striker": "K Gowtham", "bowler": "Mujeeb Ur Rahman", "runs": {"extras": 1, "total": 1, "batsman": 0}, "extras": {"wides": 1}, "batsman": "RA Tripathi"}}, {"17.6": {"non_striker": "K Gowtham", "bowler": "Mujeeb Ur Rahman", "runs": {"extras": 0, "total": 0, "batsman": 0}, "batsman": "RA Tripathi"}}, {"17.7": {"non_striker": "K Gowtham", "bowler": "Mujeeb Ur Rahman", "runs": {"extras": 0, "total": 0, "batsman": 0}, "batsman": "RA Tripathi", "wicket": {"player_out": "RA Tripathi", "fielders": ["KL Rahul"], "kind": "caught"}}}, {"18.1": {"non_striker": "JC Archer", "bowler": "Mohammed Shami", "runs": {"extras": 0, "total": 2, "batsman": 2}, "batsman": "K Gowtham"}}, {"18.2": {"non_striker": "JC Archer", "bowler": "Mohammed Shami", "runs": {"extras": 0, "total": 0, "batsman": 0}, "batsman": "K Gowtham"}}, {"18.3": {"non_striker": "JC Archer", "bowler": "Mohammed Shami", "runs": {"extras": 0, "total": 1, "batsman": 1}, "batsman": "K Gowtham"}}, {"18.4": {"non_striker": "K Gowtham", "bowler": "Mohammed Shami", "runs": {"extras": 0, "total": 2, "batsman": 2}, "batsman": "JC Archer"}}, {"18.5": {"non_striker": "K Gowtham", "bowler": "Mohammed Shami", "runs": {"extras": 0, "total": 0, "batsman": 0}, "batsman": "JC Archer", "wicket": {"player_out": "JC Archer", "kind": "run out"}}}, {"18.6": {"non_striker": "K Gowtham", "bowler": "Mohammed Shami", "runs": {"extras": 0, "total": 1, "batsman": 1}, "batsman": "JD Unadkat"}}, {"19.1": {"non_striker": "K Gowtham", "bowler": "AS Rajpoot", "runs": {"extras": 0, "total": 0, "batsman": 0}, "batsman": "JD Unadkat", "wicket": {"player_out": "JD Unadkat", "kind": "caught and bowled"}}}, {"19.2": {"non_striker": "S Gopal", "bowler": "AS Rajpoot", "runs": {"extras": 0, "total": 0, "batsman": 0}, "batsman": "K Gowtham", "wicket": {"player_out": "K Gowtham", "fielders": ["Mohammed Shami"], "kind": "caught"}}}, {"19.3": {"non_striker": "DS Kulkarni", "bowler": "AS Rajpoot", "runs": {"extras": 0, "total": 1, "batsman": 1}, "batsman": "S Gopal"}}, {"19.4": {"non_striker": "S Gopal", "bowler": "AS Rajpoot", "runs": {"extras": 0, "total": 0, "batsman": 0}, "batsman": "DS Kulkarni"}}, {"19.5": {"non_striker": "S Gopal", "bowler": "AS Rajpoot", "runs": {"extras": 0, "total": 4, "batsman": 4}, "batsman": "DS Kulkarni"}}, {"19.6": {"non_striker": "S Gopal", "bowler": "AS Rajpoot", "runs": {"extras": 0, "total": 1, "batsman": 1}, "batsman": "DS Kulkarni"}}]