[{"0.1": {"non_striker": "V Kohli", "bowler": "M Prasidh Krishna", "runs": {"extras": 0, "total": 0, "batsman": 0}, "batsman": "PA Patel"}}, {"0.2": {"non_striker": "V Kohli", "bowler": "M Prasidh Krishna", "runs": {"extras": 0, "total": 4, "batsman": 4}, "batsman": "PA Patel"}}, {"0.3": {"non_striker": "V Kohli", "bowler": "M Prasidh Krishna", "runs": {"extras": 0, "total": 0, "batsman": 0}, "batsman": "PA Patel"}}, {"0.4": {"non_striker": "V Kohli", "bowler": "M Prasidh Krishna", "runs": {"extras": 0, "total": 1, "batsman": 1}, "batsman": "PA Patel"}}, {"0.5": {"non_striker": "PA Patel", "bowler": "M Prasidh Krishna", "runs": {"extras": 0, "total": 4, "batsman": 4}, "batsman": "V Kohli"}}, {"0.6": {"non_striker": "PA Patel", "bowler": "M Prasidh Krishna", "runs": {"extras": 0, "total": 4, "batsman": 4}, "batsman": "V Kohli"}}, {"1.1": {"non_striker": "V Kohli", "bowler": "PP Chawla", "runs": {"extras": 0, "total": 1, "batsman": 1}, "batsman": "PA Patel"}}, {"1.2": {"non_striker": "PA Patel", "bowler": "PP Chawla", "runs": {"extras": 0, "total": 1, "batsman": 1}, "batsman": "V Kohli"}}, {"1.3": {"non_striker": "V Kohli", "bowler": "PP Chawla", "runs": {"extras": 0, "total": 2, "batsman": 2}, "batsman": "PA Patel"}}, {"1.4": {"non_striker": "V Kohli", "bowler": "PP Chawla", "runs": {"extras": 0, "total": 1, "batsman": 1}, "batsman": "PA Patel"}}, {"1.5": {"non_striker": "PA Patel", "bowler": "PP Chawla", "runs": {"extras": 0, "total": 0, "batsman": 0}, "batsman": "V Kohli"}}, {"1.6": {"non_striker": "PA Patel", "bowler": "PP Chawla", "runs": {"extras": 0, "total": 2, "batsman": 2}, "batsman": "V Kohli"}}, {"2.1": {"non_striker": "V Kohli", "bowler": "SP Narine", "runs": {"extras": 0, "total": 4, "batsman": 4}, "batsman": "PA Patel"}}, {"2.2": {"non_striker": "V Kohli", "bowler": "SP Narine", "runs": {"extras": 0, "total": 1, "batsman": 1}, "batsman": "PA Patel"}}, {"2.3": {"non_striker": "PA Patel", "bowler": "SP Narine", "runs": {"extras": 0, "total": 1, "batsman": 1}, "batsman": "V Kohli"}}, {"2.4": {"non_striker": "V Kohli", "bowler": "SP Narine", "runs": {"extras": 0, "total": 0, "batsman": 0}, "batsman": "PA Patel"}}, {"2.5": {"non_striker": "V Kohli", "bowler": "SP Narine", "runs": {"extras": 0, "total": 1, "batsman": 1}, "batsman": "PA Patel"}}, {"2.6": {"non_striker": "PA Patel", "bowler": "SP Narine", "runs": {"extras": 0, "total": 1, "batsman": 1}, "batsman": "V Kohli"}}, {"3.1": {"non_striker": "PA Patel", "bowler": "LH Ferguson", "runs": {"extras": 0, "total": 4, "batsman": 4}, "batsman": "V Kohli"}}, {"3.2": {"non_striker": "PA Patel", "bowler": "LH Ferguson", "runs": {"extras": 0, "total": 0, "batsman": 0}, "batsman": "V Kohli"}}, {"3.3": {"non_striker": "PA Patel", "bowler": "LH Ferguson", "runs": {"extras": 0, "total": 4, "batsman": 4}, "batsman": "V Kohli"}}, {"3.4": {"non_striker": "PA Patel", "bowler": "LH Ferguson", "runs": {"extras": 0, "total": 0, "batsman": 0}, "batsman": "V Kohli"}}, {"3.5": {"non_striker": "PA Patel", "bowler": "LH Ferguson", "runs": {"extras": 0, "total": 4, "batsman": 4}, "batsman": "V Kohli"}}, {"3.6": {"non_striker": "PA Patel", "bowler": "LH Ferguson", "runs": {"extras": 0, "total": 1, "batsman": 1}, "batsman": "V Kohli"}}, {"4.1": {"non_striker": "PA Patel", "bowler": "PP Chawla", "runs": {"extras": 0, "total": 1, "batsman": 1}, "batsman": "V Kohli"}}, {"4.2": {"non_striker": "V Kohli", "bowler": "PP Chawla", "runs": {"extras": 0, "total": 4, "batsman": 4}, "batsman": "PA Patel"}}, {"4.3": {"non_striker": "V Kohli", "bowler": "PP Chawla", "runs": {"extras": 0, "total": 0, "batsman": 0}, "batsman": "PA Patel"}}, {"4.4": {"non_striker": "V Kohli", "bowler": "PP Chawla", "runs": {"extras": 0, "total": 2, "batsman": 2}, "batsman": "PA Patel"}}, {"4.5": {"non_striker": "V Kohli", "bowler": "PP Chawla", "runs": {"extras": 0, "total": 0, "batsman": 0}, "batsman": "PA Patel"}}, {"4.6": {"non_striker": "V Kohli", "bowler": "PP Chawla", "runs": {"extras": 0, "total": 1, "batsman": 1}, "batsman": "PA Patel"}}, {"5.1": {"non_striker": "V Kohli", "bowler": "SP Narine", "runs": {"extras": 0, "total": 1, "batsman": 1}, "batsman": "PA Patel"}}, {"5.2": {"non_striker": "PA Patel", "bowler": "SP Narine", "runs": {"extras": 0, "total": 1, "batsman": 1}, "batsman": "V Kohli"}}, {"5.3": {"non_striker": "V Kohli", "bowler": "SP Narine", "runs": {"extras": 0, "total": 1, "batsman": 1}, "batsman": "PA Patel"}}, {"5.4": {"non_striker": "PA Patel", "bowler": "SP Narine", "runs": {"extras": 0, "total": 1, "batsman": 1}, "batsman": "V Kohli"}}, {"5.5": {"non_striker": "V Kohli", "bowler": "SP Narine", "runs": {"extras": 0, "total": 0, "batsman": 0}, "batsman": "PA Patel"}}, {"5.6": {"non_striker": "V Kohli", "bowler": "SP Narine", "runs": {"extras": 0, "total": 0, "batsman": 0}, "batsman": "PA Patel"}}, {"6.1": {"non_striker": "PA Patel", "bowler": "Kuldeep Yadav", "runs": {"extras": 0, "total": 2, "batsman": 2}, "batsman": "V Kohli"}}, {"6.2": {"non_striker": "PA Patel", "bowler": "Kuldeep Yadav", "runs": {"extras": 0, "total": 0, "batsman": 0}, "batsman": "V Kohli"}}, {"6.3": {"non_striker": "PA Patel", "bowler": "Kuldeep Yadav", "runs": {"extras": 0, "total": 1, "batsman": 1}, "batsman": "V Kohli"}}, {"6.4": {"non_striker": "V Kohli", "bowler": "Kuldeep Yadav", "runs": {"extras": 0, "total": 1, "batsman": 1}, "batsman": "PA Patel"}}, {"6.5": {"non_striker": "PA Patel", "bowler": "Kuldeep Yadav", "runs": {"extras": 0, "total": 2, "batsman": 2}, "batsman": "V Kohli"}}, {"6.6": {"non_striker": "PA Patel", "bowler": "Kuldeep Yadav", "runs": {"extras": 0, "total": 1, "batsman": 1}, "batsman": "V Kohli"}}, {"7.1": {"non_striker": "PA Patel", "bowler": "N Rana", "runs": {"extras": 0, "total": 2, "batsman": 2}, "batsman": "V Kohli"}}, {"7.2": {"non_striker": "PA Patel", "bowler": "N Rana", "runs": {"extras": 0, "total": 1, "batsman": 1}, "batsman": "V Kohli"}}, {"7.3": {"non_striker": "V Kohli", "bowler": "N Rana", "runs": {"extras": 0, "total": 0, "batsman": 0}, "batsman": "PA Patel"}}, {"7.4": {"non_striker": "V Kohli", "bowler": "N Rana", "runs": {"extras": 0, "total": 0, "batsman": 0}, "batsman": "PA Patel"}}, {"7.5": {"non_striker": "V Kohli", "bowler": "N Rana", "runs": {"extras": 1, "total": 1, "batsman": 0}, "extras": {"wides": 1}, "batsman": "PA Patel"}}, {"7.6": {"non_striker": "V Kohli", "bowler": "N Rana", "runs": {"extras": 0, "total": 0, "batsman": 0}, "batsman": "PA Patel", "wicket": {"player_out": "PA Patel", "kind": "lbw"}}}, {"7.7": {"non_striker": "V Kohli", "bowler": "N Rana", "runs": {"extras": 0, "total": 0, "batsman": 0}, "batsman": "AB de Villiers"}}, {"8.1": {"non_striker": "AB de Villiers", "bowler": "PP Chawla", "runs": {"extras": 0, "total": 1, "batsman": 1}, "batsman": "V Kohli"}}, {"8.2": {"non_striker": "V Kohli", "bowler": "PP Chawla", "runs": {"extras": 0, "total": 1, "batsman": 1}, "batsman": "AB de Villiers"}}, {"8.3": {"non_striker": "AB de Villiers", "bowler": "PP Chawla", "runs": {"extras": 0, "total": 1, "batsman": 1}, "batsman": "V Kohli"}}, {"8.4": {"non_striker": "V Kohli", "bowler": "PP Chawla", "runs": {"extras": 0, "total": 0, "batsman": 0}, "batsman": "AB de Villiers"}}, {"8.5": {"non_striker": "V Kohli", "bowler": "PP Chawla", "runs": {"extras": 0, "total": 1, "batsman": 1}, "batsman": "AB de Villiers"}}, {"8.6": {"non_striker": "AB de Villiers", "bowler": "PP Chawla", "runs": {"extras": 0, "total": 1, "batsman": 1}, "batsman": "V Kohli"}}, {"9.1": {"non_striker": "AB de Villiers", "bowler": "Kuldeep Yadav", "runs": {"extras": 0, "total": 4, "batsman": 4}, "batsman": "V Kohli"}}, {"9.2": {"non_striker": "AB de Villiers", "bowler": "Kuldeep Yadav", "runs": {"extras": 0, "total": 1, "batsman": 1}, "batsman": "V Kohli"}}, {"9.3": {"non_striker": "V Kohli", "bowler": "Kuldeep Yadav", "runs": {"extras": 0, "total": 0, "batsman": 0}, "batsman": "AB de Villiers"}}, {"9.4": {"non_striker": "V Kohli", "bowler": "Kuldeep Yadav", "runs": {"extras": 0, "total": 1, "batsman": 1}, "batsman": "AB de Villiers"}}, {"9.5": {"non_striker": "AB de Villiers", "bowler": "Kuldeep Yadav", "runs": {"extras": 0, "total": 1, "batsman": 1}, "batsman": "V Kohli"}}, {"9.6": {"non_striker": "V Kohli", "bowler": "Kuldeep Yadav", "runs": {"extras": 0, "total": 2, "batsman": 2}, "batsman": "AB de Villiers"}}, {"10.1": {"non_striker": "AB de Villiers", "bowler": "PP Chawla", "runs": {"extras": 0, "total": 1, "batsman": 1}, "batsman": "V Kohli"}}, {"10.2": {"non_striker": "V Kohli", "bowler": "PP Chawla", "runs": {"extras": 0, "total": 4, "batsman": 4}, "batsman": "AB de Villiers"}}, {"10.3": {"non_striker": "V Kohli", "bowler": "PP Chawla", "runs": {"extras": 0, "total": 1, "batsman": 1}, "batsman": "AB de Villiers"}}, {"10.4": {"non_striker": "AB de Villiers", "bowler": "PP Chawla", "runs": {"extras": 0, "total": 4, "batsman": 4}, "batsman": "V Kohli"}}, {"10.5": {"non_striker": "AB de Villiers", "bowler": "PP Chawla", "runs": {"extras": 0, "total": 1, "batsman": 1}, "batsman": "V Kohli"}}, {"10.6": {"non_striker": "V Kohli", "bowler": "PP Chawla", "runs": {"extras": 0, "total": 1, "batsman": 1}, "batsman": "AB de Villiers"}}, {"11.1": {"non_striker": "V Kohli", "bowler": "Kuldeep Yadav", "runs": {"extras": 0, "total": 0, "batsman": 0}, "batsman": "AB de Villiers"}}, {"11.2": {"non_striker": "V Kohli", "bowler": "Kuldeep Yadav", "runs": {"extras": 0, "total": 2, "batsman": 2}, "batsman": "AB de Villiers"}}, {"11.3": {"non_striker": "V Kohli", "bowler": "Kuldeep Yadav", "runs": {"extras": 0, "total": 0, "batsman": 0}, "batsman": "AB de Villiers"}}, {"11.4": {"non_striker": "V Kohli", "bowler": "Kuldeep Yadav", "runs": {"extras": 0, "total": 2, "batsman": 2}, "batsman": "AB de Villiers"}}, {"11.5": {"non_striker": "V Kohli", "bowler": "Kuldeep Yadav", "runs": {"extras": 0, "total": 1, "batsman": 1}, "batsman": "AB de Villiers"}}, {"11.6": {"non_striker": "AB de Villiers", "bowler": "Kuldeep Yadav", "runs": {"extras": 0, "total": 1, "batsman": 1}, "batsman": "V Kohli"}}, {"12.1": {"non_striker": "AB de Villiers", "bowler": "SP Narine", "runs": {"extras": 0, "total": 1, "batsman": 1}, "batsman": "V Kohli"}}, {"12.2": {"non_striker": "V Kohli", "bowler": "SP Narine", "runs": {"extras": 0, "total": 4, "batsman": 4}, "batsman": "AB de Villiers"}}, {"12.3": {"non_striker": "V Kohli", "bowler": "SP Narine", "runs": {"extras": 0, "total": 0, "batsman": 0}, "batsman": "AB de Villiers"}}, {"12.4": {"non_striker": "V Kohli", "bowler": "SP Narine", "runs": {"extras": 0, "total": 2, "batsman": 2}, "batsman": "AB de Villiers"}}, {"12.5": {"non_striker": "V Kohli", "bowler": "SP Narine", "runs": {"extras": 0, "total": 4, "batsman": 4}, "batsman": "AB de Villiers"}}, {"12.6": {"non_striker": "V Kohli", "bowler": "SP Narine", "runs": {"extras": 0, "total": 1, "batsman": 1}, "batsman": "AB de Villiers"}}, {"13.1": {"non_striker": "V Kohli", "bowler": "AD Russell", "runs": {"extras": 0, "total": 1, "batsman": 1}, "batsman": "AB de Villiers"}}, {"13.2": {"non_striker": "AB de Villiers", "bowler": "AD Russell", "runs": {"extras": 0, "total": 1, "batsman": 1}, "batsman": "V Kohli"}}, {"13.3": {"non_striker": "V Kohli", "bowler": "AD Russell", "runs": {"extras": 0, "total": 6, "batsman": 6}, "batsman": "AB de Villiers"}}, {"13.4": {"non_striker": "V Kohli", "bowler": "AD Russell", "runs": {"extras": 0, "total": 1, "batsman": 1}, "batsman": "AB de Villiers"}}, {"13.5": {"non_striker": "AB de Villiers", "bowler": "AD Russell", "runs": {"extras": 0, "total": 1, "batsman": 1}, "batsman": "V Kohli"}}, {"13.6": {"non_striker": "V Kohli", "bowler": "AD Russell", "runs": {"extras": 0, "total": 6, "batsman": 6}, "batsman": "AB de Villiers"}}, {"14.1": {"non_striker": "AB de Villiers", "bowler": "N Rana", "runs": {"extras": 0, "total": 4, "batsman": 4}, "batsman": "V Kohli"}}, {"14.2": {"non_striker": "AB de Villiers", "bowler": "N Rana", "runs": {"extras": 0, "total": 6, "batsman": 6}, "batsman": "V Kohli"}}, {"14.3": {"non_striker": "AB de Villiers", "bowler": "N Rana", "runs": {"extras": 0, "total": 0, "batsman": 0}, "batsman": "V Kohli"}}, {"14.4": {"non_striker": "AB de Villiers", "bowler": "N Rana", "runs": {"extras": 0, "total": 1, "batsman": 1}, "batsman": "V Kohli"}}, {"14.5": {"non_striker": "V Kohli", "bowler": "N Rana", "runs": {"extras": 1, "total": 1, "batsman": 0}, "extras": {"wides": 1}, "batsman": "AB de Villiers"}}, {"14.6": {"non_striker": "V Kohli", "bowler": "N Rana", "runs": {"extras": 0, "total": 6, "batsman": 6}, "batsman": "AB de Villiers"}}, {"14.7": {"non_striker": "V Kohli", "bowler": "N Rana", "runs": {"extras": 0, "total": 0, "batsman": 0}, "batsman": "AB de Villiers"}}, {"15.1": {"non_striker": "AB de Villiers", "bowler": "M Prasidh Krishna", "runs": {"extras": 0, "total": 2, "batsman": 2}, "batsman": "V Kohli"}}, {"15.2": {"non_striker": "AB de Villiers", "bowler": "M Prasidh Krishna", "runs": {"extras": 0, "total": 0, "batsman": 0}, "batsman": "V Kohli"}}, {"15.3": {"non_striker": "AB de Villiers", "bowler": "M Prasidh Krishna", "runs": {"extras": 0, "total": 1, "batsman": 1}, "batsman": "V Kohli"}}, {"15.4": {"non_striker": "V Kohli", "bowler": "M Prasidh Krishna", "runs": {"extras": 0, "total": 0, "batsman": 0}, "batsman": "AB de Villiers"}}, {"15.5": {"non_striker": "V Kohli", "bowler": "M Prasidh Krishna", "runs": {"extras": 0, "total": 4, "batsman": 4}, "batsman": "AB de Villiers"}}, {"15.6": {"non_striker": "V Kohli", "bowler": "M Prasidh Krishna", "runs": {"extras": 0, "total": 4, "batsman": 4}, "batsman": "AB de Villiers"}}, {"16.1": {"non_striker": "AB de Villiers", "bowler": "LH Ferguson", "runs": {"extras": 0, "total": 6, "batsman": 6}, "batsman": "V Kohli"}}, {"16.2": {"non_striker": "AB de Villiers", "bowler": "LH Ferguson", "runs": {"extras": 0, "total": 4, "batsman": 4}, "batsman": "V Kohli"}}, {"16.3": {"non_striker": "AB de Villiers", "bowler": "LH Ferguson", "runs": {"extras": 0, "total": 2, "batsman": 2}, "batsman": "V Kohli"}}, {"16.4": {"non_striker": "AB de Villiers", "bowler": "LH Ferguson", "runs": {"extras": 0, "total": 0, "batsman": 0}, "batsman": "V Kohli"}}, {"16.5": {"non_striker": "AB de Villiers", "bowler": "LH Ferguson", "runs": {"extras": 0, "total": 1, "batsman": 1}, "batsman": "V Kohli"}}, {"16.6": {"non_striker": "V Kohli", "bowler": "LH Ferguson", "runs": {"extras": 0, "total": 6, "batsman": 6}, "batsman": "AB de Villiers"}}, {"17.1": {"non_striker": "AB de Villiers", "bowler": "Kuldeep Yadav", "runs": {"extras": 0, "total": 0, "batsman": 0}, "batsman": "V Kohli", "wicket": {"player_out": "V Kohli", "kind": "caught and bowled"}}}, {"17.2": {"non_striker": "AB de Villiers", "bowler": "Kuldeep Yadav", "runs": {"extras": 0, "total": 0, "batsman": 0}, "batsman": "MP Stoinis"}}, {"17.3": {"non_striker": "AB de Villiers", "bowler": "Kuldeep Yadav", "runs": {"extras": 0, "total": 4, "batsman": 4}, "batsman": "MP Stoinis"}}, {"17.4": {"non_striker": "AB de Villiers", "bowler": "Kuldeep Yadav", "runs": {"extras": 0, "total": 2, "batsman": 2}, "batsman": "MP Stoinis"}}, {"17.5": {"non_striker": "AB de Villiers", "bowler": "Kuldeep Yadav", "runs": {"extras": 0, "total": 2, "batsman": 2}, "batsman": "MP Stoinis"}}, {"17.6": {"non_striker": "AB de Villiers", "bowler": "Kuldeep Yadav", "runs": {"extras": 0, "total": 1, "batsman": 1}, "batsman": "MP Stoinis"}}, {"18.1": {"non_striker": "AB de Villiers", "bowler": "SP Narine", "runs": {"extras": 0, "total": 0, "batsman": 0}, "batsman": "MP Stoinis"}}, {"18.2": {"non_striker": "AB de Villiers", "bowler": "SP Narine", "runs": {"extras": 0, "total": 0, "batsman": 0}, "batsman": "MP Stoinis"}}, {"18.3": {"non_striker": "AB de Villiers", "bowler": "SP Narine", "runs": {"extras": 0, "total": 1, "batsman": 1}, "batsman": "MP Stoinis"}}, {"18.4": {"non_striker": "MP Stoinis", "bowler": "SP Narine", "runs": {"extras": 0, "total": 2, "batsman": 2}, "batsman": "AB de Villiers"}}, {"18.5": {"non_striker": "MP Stoinis", "bowler": "SP Narine", "runs": {"extras": 1, "total": 1, "batsman": 0}, "extras": {"wides": 1}, "batsman": "AB de Villiers"}}, {"18.6": {"non_striker": "MP Stoinis", "bowler": "SP Narine", "runs": {"extras": 0, "total": 0, "batsman": 0}, "batsman": "AB de Villiers", "wicket": {"player_out": "AB de Villiers", "fielders": ["Shubman Gill"], "kind": "caught"}}}, {"18.7": {"non_striker": "MM Ali", "bowler": "SP Narine", "runs": {"extras": 0, "total": 2, "batsman": 2}, "batsman": "MP Stoinis"}}, {"19.1": {"non_striker": "MP Stoinis", "bowler": "M Prasidh Krishna", "runs": {"extras": 1, "total": 1, "batsman": 0}, "extras": {"wides": 1}, "batsman": "MM Ali"}}, {"19.2": {"non_striker": "MP Stoinis", "bowler": "M Prasidh Krishna", "runs": {"extras": 0, "total": 0, "batsman": 0}, "batsman": "MM Ali"}}, {"19.3": {"non_striker": "MP Stoinis", "bowler": "M Prasidh Krishna", "runs": {"extras": 1, "total": 1, "batsman": 0}, "extras": {"legbyes": 1}, "batsman": "MM Ali"}}, {"19.4": {"non_striker": "MM Ali", "bowler": "M Prasidh Krishna", "runs": {"extras": 0, "total": 4, "batsman": 4}, "batsman": "MP Stoinis"}}, {"19.5": {"non_striker": "MM Ali", "bowler": "M Prasidh Krishna", "runs": {"extras": 0, "total": 6, "batsman": 6}, "batsman": "MP Stoinis"}}, {"19.6": {"non_striker": "MM Ali", "bowler": "M Prasidh Krishna", "runs": {"extras": 0, "total": 2, "batsman": 2}, "batsman": "MP Stoinis"}}, {"19.7": {"non_striker": "MM Ali", "bowler": "M Prasidh Krishna", "runs": {"extras": 0, "total": 4, "batsman": 4}, "batsman": "MP Stoinis"}}]