[{"0.1": {"non_striker": "SR Watson", "bowler": "DS Kulkarni", "runs": {"extras": 0, "total": 0, "batsman": 0}, "batsman": "AT Rayudu"}}, {"0.2": {"non_striker": "SR Watson", "bowler": "DS Kulkarni", "runs": {"extras": 0, "total": 1, "batsman": 1}, "batsman": "AT Rayudu"}}, {"0.3": {"non_striker": "AT Rayudu", "bowler": "DS Kulkarni", "runs": {"extras": 0, "total": 0, "batsman": 0}, "batsman": "SR Watson"}}, {"0.4": {"non_striker": "AT Rayudu", "bowler": "DS Kulkarni", "runs": {"extras": 0, "total": 0, "batsman": 0}, "batsman": "SR Watson"}}, {"0.5": {"non_striker": "AT Rayudu", "bowler": "DS Kulkarni", "runs": {"extras": 0, "total": 0, "batsman": 0}, "batsman": "SR Watson"}}, {"0.6": {"non_striker": "AT Rayudu", "bowler": "DS Kulkarni", "runs": {"extras": 0, "total": 0, "batsman": 0}, "batsman": "SR Watson"}}, {"1.1": {"non_striker": "SR Watson", "bowler": "JC Archer", "runs": {"extras": 0, "total": 0, "batsman": 0}, "batsman": "AT Rayudu"}}, {"1.2": {"non_striker": "SR Watson", "bowler": "JC Archer", "runs": {"extras": 0, "total": 0, "batsman": 0}, "batsman": "AT Rayudu"}}, {"1.3": {"non_striker": "SR Watson", "bowler": "JC Archer", "runs": {"extras": 0, "total": 0, "batsman": 0}, "batsman": "AT Rayudu"}}, {"1.4": {"non_striker": "SR Watson", "bowler": "JC Archer", "runs": {"extras": 0, "total": 0, "batsman": 0}, "batsman": "AT Rayudu"}}, {"1.5": {"non_striker": "SR Watson", "bowler": "JC Archer", "runs": {"extras": 0, "total": 0, "batsman": 0}, "batsman": "AT Rayudu"}}, {"1.6": {"non_striker": "SR Watson", "bowler": "JC Archer", "runs": {"extras": 0, "total": 0, "batsman": 0}, "batsman": "AT Rayudu", "wicket": {"player_out": "AT Rayudu", "fielders": ["JC Buttler"], "kind": "caught"}}}, {"2.1": {"non_striker": "SK Raina", "bowler": "DS Kulkarni", "runs": {"extras": 0, "total": 0, "batsman": 0}, "batsman": "SR Watson"}}, {"2.2": {"non_striker": "SK Raina", "bowler": "DS Kulkarni", "runs": {"extras": 0, "total": 0, "batsman": 0}, "batsman": "SR Watson"}}, {"2.3": {"non_striker": "SK Raina", "bowler": "DS Kulkarni", "runs": {"extras": 0, "total": 4, "batsman": 4}, "batsman": "SR Watson"}}, {"2.4": {"non_striker": "SK Raina", "bowler": "DS Kulkarni", "runs": {"extras": 0, "total": 2, "batsman": 2}, "batsman": "SR Watson"}}, {"2.5": {"non_striker": "SK Raina", "bowler": "DS Kulkarni", "runs": {"extras": 0, "total": 1, "batsman": 1}, "batsman": "SR Watson"}}, {"2.6": {"non_striker": "SR Watson", "bowler": "DS Kulkarni", "runs": {"extras": 0, "total": 0, "batsman": 0}, "batsman": "SK Raina"}}, {"3.1": {"non_striker": "SK Raina", "bowler": "BA Stokes", "runs": {"extras": 0, "total": 0, "batsman": 0}, "batsman": "SR Watson"}}, {"3.2": {"non_striker": "SK Raina", "bowler": "BA Stokes", "runs": {"extras": 0, "total": 6, "batsman": 6}, "batsman": "SR Watson"}}, {"3.3": {"non_striker": "SK Raina", "bowler": "BA Stokes", "runs": {"extras": 0, "total": 0, "batsman": 0}, "batsman": "SR Watson"}}, {"3.4": {"non_striker": "SK Raina", "bowler": "BA Stokes", "runs": {"extras": 0, "total": 0, "batsman": 0}, "batsman": "SR Watson", "wicket": {"player_out": "SR Watson", "fielders": ["JC Archer"], "kind": "caught"}}}, {"3.5": {"non_striker": "SK Raina", "bowler": "BA Stokes", "runs": {"extras": 0, "total": 4, "batsman": 4}, "batsman": "KM Jadhav"}}, {"3.6": {"non_striker": "SK Raina", "bowler": "BA Stokes", "runs": {"extras": 0, "total": 4, "batsman": 4}, "batsman": "KM Jadhav"}}, {"4.1": {"non_striker": "KM Jadhav", "bowler": "DS Kulkarni", "runs": {"extras": 0, "total": 0, "batsman": 0}, "batsman": "SK Raina"}}, {"4.2": {"non_striker": "KM Jadhav", "bowler": "DS Kulkarni", "runs": {"extras": 0, "total": 0, "batsman": 0}, "batsman": "SK Raina"}}, {"4.3": {"non_striker": "KM Jadhav", "bowler": "DS Kulkarni", "runs": {"extras": 0, "total": 4, "batsman": 4}, "batsman": "SK Raina"}}, {"4.4": {"non_striker": "KM Jadhav", "bowler": "DS Kulkarni", "runs": {"extras": 0, "total": 1, "batsman": 1}, "batsman": "SK Raina"}}, {"4.5": {"non_striker": "SK Raina", "bowler": "DS Kulkarni", "runs": {"extras": 0, "total": 0, "batsman": 0}, "batsman": "KM Jadhav", "wicket": {"player_out": "KM Jadhav", "fielders": ["JC Buttler"], "kind": "caught"}}}, {"4.6": {"non_striker": "SK Raina", "bowler": "DS Kulkarni", "runs": {"extras": 0, "total": 0, "batsman": 0}, "batsman": "MS Dhoni"}}, {"5.1": {"non_striker": "MS Dhoni", "bowler": "JC Archer", "runs": {"extras": 0, "total": 0, "batsman": 0}, "batsman": "SK Raina"}}, {"5.2": {"non_striker": "MS Dhoni", "bowler": "JC Archer", "runs": {"extras": 0, "total": 0, "batsman": 0}, "batsman": "SK Raina"}}, {"5.3": {"non_striker": "MS Dhoni", "bowler": "JC Archer", "runs": {"extras": 0, "total": 1, "batsman": 1}, "batsman": "SK Raina"}}, {"5.4": {"non_striker": "SK Raina", "bowler": "JC Archer", "runs": {"extras": 0, "total": 0, "batsman": 0}, "batsman": "MS Dhoni"}}, {"5.5": {"non_striker": "SK Raina", "bowler": "JC Archer", "runs": {"extras": 0, "total": 1, "batsman": 1}, "batsman": "MS Dhoni"}}, {"5.6": {"non_striker": "MS Dhoni", "bowler": "JC Archer", "runs": {"extras": 0, "total": 0, "batsman": 0}, "batsman": "SK Raina"}}, {"6.1": {"non_striker": "SK Raina", "bowler": "S Gopal", "runs": {"extras": 0, "total": 2, "batsman": 2}, "batsman": "MS Dhoni"}}, {"6.2": {"non_striker": "SK Raina", "bowler": "S Gopal", "runs": {"extras": 0, "total": 2, "batsman": 2}, "batsman": "MS Dhoni"}}, {"6.3": {"non_striker": "SK Raina", "bowler": "S Gopal", "runs": {"extras": 0, "total": 0, "batsman": 0}, "batsman": "MS Dhoni"}}, {"6.4": {"non_striker": "SK Raina", "bowler": "S Gopal", "runs": {"extras": 0, "total": 0, "batsman": 0}, "batsman": "MS Dhoni"}}, {"6.5": {"non_striker": "SK Raina", "bowler": "S Gopal", "runs": {"extras": 0, "total": 0, "batsman": 0}, "batsman": "MS Dhoni"}}, {"6.6": {"non_striker": "SK Raina", "bowler": "S Gopal", "runs": {"extras": 0, "total": 1, "batsman": 1}, "batsman": "MS Dhoni"}}, {"7.1": {"non_striker": "SK Raina", "bowler": "K Gowtham", "runs": {"extras": 0, "total": 1, "batsman": 1}, "batsman": "MS Dhoni"}}, {"7.2": {"non_striker": "MS Dhoni", "bowler": "K Gowtham", "runs": {"extras": 1, "total": 1, "batsman": 0}, "extras": {"legbyes": 1}, "batsman": "SK Raina"}}, {"7.3": {"non_striker": "SK Raina", "bowler": "K Gowtham", "runs": {"extras": 0, "total": 1, "batsman": 1}, "batsman": "MS Dhoni"}}, {"7.4": {"non_striker": "MS Dhoni", "bowler": "K Gowtham", "runs": {"extras": 0, "total": 0, "batsman": 0}, "batsman": "SK Raina"}}, {"7.5": {"non_striker": "MS Dhoni", "bowler": "K Gowtham", "runs": {"extras": 0, "total": 0, "batsman": 0}, "batsman": "SK Raina"}}, {"7.6": {"non_striker": "MS Dhoni", "bowler": "K Gowtham", "runs": {"extras": 0, "total": 1, "batsman": 1}, "batsman": "SK Raina"}}, {"8.1": {"non_striker": "MS Dhoni", "bowler": "S Gopal", "runs": {"extras": 0, "total": 0, "batsman": 0}, "batsman": "SK Raina"}}, {"8.2": {"non_striker": "MS Dhoni", "bowler": "S Gopal", "runs": {"extras": 0, "total": 1, "batsman": 1}, "batsman": "SK Raina"}}, {"8.3": {"non_striker": "SK Raina", "bowler": "S Gopal", "runs": {"extras": 0, "total": 1, "batsman": 1}, "batsman": "MS Dhoni"}}, {"8.4": {"non_striker": "MS Dhoni", "bowler": "S Gopal", "runs": {"extras": 0, "total": 4, "batsman": 4}, "batsman": "SK Raina"}}, {"8.5": {"non_striker": "MS Dhoni", "bowler": "S Gopal", "runs": {"extras": 0, "total": 0, "batsman": 0}, "batsman": "SK Raina"}}, {"8.6": {"non_striker": "MS Dhoni", "bowler": "S Gopal", "runs": {"extras": 0, "total": 1, "batsman": 1}, "batsman": "SK Raina"}}, {"9.1": {"non_striker": "MS Dhoni", "bowler": "K Gowtham", "runs": {"extras": 0, "total": 4, "batsman": 4}, "batsman": "SK Raina"}}, {"9.2": {"non_striker": "MS Dhoni", "bowler": "K Gowtham", "runs": {"extras": 0, "total": 0, "batsman": 0}, "batsman": "SK Raina"}}, {"9.3": {"non_striker": "MS Dhoni", "bowler": "K Gowtham", "runs": {"extras": 0, "total": 2, "batsman": 2}, "batsman": "SK Raina"}}, {"9.4": {"non_striker": "MS Dhoni", "bowler": "K Gowtham", "runs": {"extras": 1, "total": 1, "batsman": 0}, "extras": {"wides": 1}, "batsman": "SK Raina"}}, {"9.5": {"non_striker": "MS Dhoni", "bowler": "K Gowtham", "runs": {"extras": 0, "total": 1, "batsman": 1}, "batsman": "SK Raina"}}, {"9.6": {"non_striker": "SK Raina", "bowler": "K Gowtham", "runs": {"extras": 0, "total": 1, "batsman": 1}, "batsman": "MS Dhoni"}}, {"9.7": {"non_striker": "MS Dhoni", "bowler": "K Gowtham", "runs": {"extras": 0, "total": 1, "batsman": 1}, "batsman": "SK Raina"}}, {"10.1": {"non_striker": "MS Dhoni", "bowler": "S Gopal", "runs": {"extras": 0, "total": 6, "batsman": 6}, "batsman": "SK Raina"}}, {"10.2": {"non_striker": "MS Dhoni", "bowler": "S Gopal", "runs": {"extras": 0, "total": 1, "batsman": 1}, "batsman": "SK Raina"}}, {"10.3": {"non_striker": "SK Raina", "bowler": "S Gopal", "runs": {"extras": 0, "total": 1, "batsman": 1}, "batsman": "MS Dhoni"}}, {"10.4": {"non_striker": "MS Dhoni", "bowler": "S Gopal", "runs": {"extras": 0, "total": 1, "batsman": 1}, "batsman": "SK Raina"}}, {"10.5": {"non_striker": "SK Raina", "bowler": "S Gopal", "runs": {"extras": 0, "total": 1, "batsman": 1}, "batsman": "MS Dhoni"}}, {"10.6": {"non_striker": "MS Dhoni", "bowler": "S Gopal", "runs": {"extras": 0, "total": 1, "batsman": 1}, "batsman": "SK Raina"}}, {"11.1": {"non_striker": "MS Dhoni", "bowler": "JD Unadkat", "runs": {"extras": 0, "total": 1, "batsman": 1}, "batsman": "SK Raina"}}, {"11.2": {"non_striker": "SK Raina", "bowler": "JD Unadkat", "runs": {"extras": 0, "total": 0, "batsman": 0}, "batsman": "MS Dhoni"}}, {"11.3": {"non_striker": "SK Raina", "bowler": "JD Unadkat", "runs": {"extras": 0, "total": 4, "batsman": 4}, "batsman": "MS Dhoni"}}, {"11.4": {"non_striker": "SK Raina", "bowler": "JD Unadkat", "runs": {"extras": 0, "total": 2, "batsman": 2}, "batsman": "MS Dhoni"}}, {"11.5": {"non_striker": "SK Raina", "bowler": "JD Unadkat", "runs": {"extras": 0, "total": 1, "batsman": 1}, "batsman": "MS Dhoni"}}, {"11.6": {"non_striker": "MS Dhoni", "bowler": "JD Unadkat", "runs": {"extras": 0, "total": 4, "batsman": 4}, "batsman": "SK Raina"}}, {"12.1": {"non_striker": "SK Raina", "bowler": "BA Stokes", "runs": {"extras": 0, "total": 1, "batsman": 1}, "batsman": "MS Dhoni"}}, {"12.2": {"non_striker": "MS Dhoni", "bowler": "BA Stokes", "runs": {"extras": 0, "total": 1, "batsman": 1}, "batsman": "SK Raina"}}, {"12.3": {"non_striker": "SK Raina", "bowler": "BA Stokes", "runs": {"extras": 0, "total": 0, "batsman": 0}, "batsman": "MS Dhoni"}}, {"12.4": {"non_striker": "SK Raina", "bowler": "BA Stokes", "runs": {"extras": 0, "total": 0, "batsman": 0}, "batsman": "MS Dhoni"}}, {"12.5": {"non_striker": "SK Raina", "bowler": "BA Stokes", "runs": {"extras": 0, "total": 2, "batsman": 2}, "batsman": "MS Dhoni"}}, {"12.6": {"non_striker": "SK Raina", "bowler": "BA Stokes", "runs": {"extras": 0, "total": 1, "batsman": 1}, "batsman": "MS Dhoni"}}, {"13.1": {"non_striker": "SK Raina", "bowler": "JD Unadkat", "runs": {"extras": 0, "total": 4, "batsman": 4}, "batsman": "MS Dhoni"}}, {"13.2": {"non_striker": "SK Raina", "bowler": "JD Unadkat", "runs": {"extras": 0, "total": 1, "batsman": 1}, "batsman": "MS Dhoni"}}, {"13.3": {"non_striker": "MS Dhoni", "bowler": "JD Unadkat", "runs": {"extras": 0, "total": 0, "batsman": 0}, "batsman": "SK Raina"}}, {"13.4": {"non_striker": "MS Dhoni", "bowler": "JD Unadkat", "runs": {"extras": 0, "total": 0, "batsman": 0}, "batsman": "SK Raina", "wicket": {"player_out": "SK Raina", "kind": "bowled"}}}, {"13.5": {"non_striker": "MS Dhoni", "bowler": "JD Unadkat", "runs": {"extras": 0, "total": 0, "batsman": 0}, "batsman": "DJ Bravo"}}, {"13.6": {"non_striker": "MS Dhoni", "bowler": "JD Unadkat", "runs": {"extras": 0, "total": 0, "batsman": 0}, "batsman": "DJ Bravo"}}, {"14.1": {"non_striker": "DJ Bravo", "bowler": "BA Stokes", "runs": {"extras": 0, "total": 1, "batsman": 1}, "batsman": "MS Dhoni"}}, {"14.2": {"non_striker": "MS Dhoni", "bowler": "BA Stokes", "runs": {"extras": 0, "total": 4, "batsman": 4}, "batsman": "DJ Bravo"}}, {"14.3": {"non_striker": "MS Dhoni", "bowler": "BA Stokes", "runs": {"extras": 0, "total": 0, "batsman": 0}, "batsman": "DJ Bravo"}}, {"14.4": {"non_striker": "MS Dhoni", "bowler": "BA Stokes", "runs": {"extras": 0, "total": 0, "batsman": 0}, "batsman": "DJ Bravo"}}, {"14.5": {"non_striker": "MS Dhoni", "bowler": "BA Stokes", "runs": {"extras": 0, "total": 2, "batsman": 2}, "batsman": "DJ Bravo"}}, {"14.6": {"non_striker": "MS Dhoni", "bowler": "BA Stokes", "runs": {"extras": 0, "total": 4, "batsman": 4}, "batsman": "DJ Bravo"}}, {"15.1": {"non_striker": "DJ Bravo", "bowler": "JD Unadkat", "runs": {"extras": 0, "total": 1, "batsman": 1}, "batsman": "MS Dhoni"}}, {"15.2": {"non_striker": "MS Dhoni", "bowler": "JD Unadkat", "runs": {"extras": 0, "total": 2, "batsman": 2}, "batsman": "DJ Bravo"}}, {"15.3": {"non_striker": "MS Dhoni", "bowler": "JD Unadkat", "runs": {"extras": 0, "total": 1, "batsman": 1}, "batsman": "DJ Bravo"}}, {"15.4": {"non_striker": "DJ Bravo", "bowler": "JD Unadkat", "runs": {"extras": 0, "total": 2, "batsman": 2}, "batsman": "MS Dhoni"}}, {"15.5": {"non_striker": "DJ Bravo", "bowler": "JD Unadkat", "runs": {"extras": 0, "total": 1, "batsman": 1}, "batsman": "MS Dhoni"}}, {"15.6": {"non_striker": "MS Dhoni", "bowler": "JD Unadkat", "runs": {"extras": 1, "total": 1, "batsman": 0}, "extras": {"wides": 1}, "batsman": "DJ Bravo"}}, {"15.7": {"non_striker": "MS Dhoni", "bowler": "JD Unadkat", "runs": {"extras": 0, "total": 1, "batsman": 1}, "batsman": "DJ Bravo"}}, {"16.1": {"non_striker": "MS Dhoni", "bowler": "JC Archer", "runs": {"extras": 0, "total": 1, "batsman": 1}, "batsman": "DJ Bravo"}}, {"16.2": {"non_striker": "DJ Bravo", "bowler": "JC Archer", "runs": {"extras": 0, "total": 4, "batsman": 4}, "batsman": "MS Dhoni"}}, {"16.3": {"non_striker": "DJ Bravo", "bowler": "JC Archer", "runs": {"extras": 0, "total": 0, "batsman": 0}, "batsman": "MS Dhoni"}}, {"16.4": {"non_striker": "DJ Bravo", "bowler": "JC Archer", "runs": {"extras": 0, "total": 1, "batsman": 1}, "batsman": "MS Dhoni"}}, {"16.5": {"non_striker": "MS Dhoni", "bowler": "JC Archer", "runs": {"extras": 0, "total": 1, "batsman": 1}, "batsman": "DJ Bravo"}}, {"16.6": {"non_striker": "DJ Bravo", "bowler": "JC Archer", "runs": {"extras": 0, "total": 0, "batsman": 0}, "batsman": "MS Dhoni"}}, {"17.1": {"non_striker": "MS Dhoni", "bowler": "DS Kulkarni", "runs": {"extras": 0, "total": 1, "batsman": 1}, "batsman": "DJ Bravo"}}, {"17.2": {"non_striker": "DJ Bravo", "bowler": "DS Kulkarni", "runs": {"extras": 0, "total": 2, "batsman": 2}, "batsman": "MS Dhoni"}}, {"17.3": {"non_striker": "DJ Bravo", "bowler": "DS Kulkarni", "runs": {"extras": 1, "total": 1, "batsman": 0}, "extras": {"wides": 1}, "batsman": "MS Dhoni"}}, {"17.4": {"non_striker": "DJ Bravo", "bowler": "DS Kulkarni", "runs": {"extras": 1, "total": 3, "batsman": 2}, "extras": {"noballs": 1}, "batsman": "MS Dhoni"}}, {"17.5": {"non_striker": "DJ Bravo", "bowler": "DS Kulkarni", "runs": {"extras": 0, "total": 6, "batsman": 6}, "batsman": "MS Dhoni"}}, {"17.6": {"non_striker": "DJ Bravo", "bowler": "DS Kulkarni", "runs": {"extras": 0, "total": 1, "batsman": 1}, "batsman": "MS Dhoni"}}, {"17.7": {"non_striker": "MS Dhoni", "bowler": "DS Kulkarni", "runs": {"extras": 0, "total": 4, "batsman": 4}, "batsman": "DJ Bravo"}}, {"17.8": {"non_striker": "MS Dhoni", "bowler": "DS Kulkarni", "runs": {"extras": 0, "total": 6, "batsman": 6}, "batsman": "DJ Bravo"}}, {"18.1": {"non_striker": "DJ Bravo", "bowler": "JC Archer", "runs": {"extras": 0, "total": 4, "batsman": 4}, "batsman": "MS Dhoni"}}, {"18.2": {"non_striker": "DJ Bravo", "bowler": "JC Archer", "runs": {"extras": 0, "total": 1, "batsman": 1}, "batsman": "MS Dhoni"}}, {"18.3": {"non_striker": "MS Dhoni", "bowler": "JC Archer", "runs": {"extras": 0, "total": 0, "batsman": 0}, "batsman": "DJ Bravo", "wicket": {"player_out": "DJ Bravo", "fielders": ["DS Kulkarni"], "kind": "caught"}}}, {"18.4": {"non_striker": "RA Jadeja", "bowler": "JC Archer", "runs": {"extras": 0, "total": 1, "batsman": 1}, "batsman": "MS Dhoni"}}, {"18.5": {"non_striker": "MS Dhoni", "bowler": "JC Archer", "runs": {"extras": 0, "total": 1, "batsman": 1}, "batsman": "RA Jadeja"}}, {"18.6": {"non_striker": "RA Jadeja", "bowler": "JC Archer", "runs": {"extras": 0, "total": 1, "batsman": 1}, "batsman": "MS Dhoni"}}, {"19.1": {"non_striker": "RA Jadeja", "bowler": "JD Unadkat", "runs": {"extras": 0, "total": 1, "batsman": 1}, "batsman": "MS Dhoni"}}, {"19.2": {"non_striker": "MS Dhoni", "bowler": "JD Unadkat", "runs": {"extras": 0, "total": 6, "batsman": 6}, "batsman": "RA Jadeja"}}, {"19.3": {"non_striker": "MS Dhoni", "bowler": "JD Unadkat", "runs": {"extras": 0, "total": 1, "batsman": 1}, "batsman": "RA Jadeja"}}, {"19.4": {"non_striker": "RA Jadeja", "bowler": "JD Unadkat", "runs": {"extras": 1, "total": 1, "batsman": 0}, "extras": {"wides": 1}, "batsman": "MS Dhoni"}}, {"19.5": {"non_striker": "RA Jadeja", "bowler": "JD Unadkat", "runs": {"extras": 0, "total": 6, "batsman": 6}, "batsman": "MS Dhoni"}}, {"19.6": {"non_striker": "RA Jadeja", "bowler": "JD Unadkat", "runs": {"extras": 0, "total": 6, "batsman": 6}, "batsman": "MS Dhoni"}}, {"19.7": {"non_striker": "RA Jadeja", "bowler": "JD Unadkat", "runs": {"extras": 1, "total": 1, "batsman": 0}, "extras": {"wides": 1}, "batsman": "MS Dhoni"}}, {"19.8": {"non_striker": "RA Jadeja", "bowler": "JD Unadkat", "runs": {"extras": 0, "total": 6, "batsman": 6}, "batsman": "MS Dhoni"}}]