[{"0.1": {"non_striker": "S Dhawan", "bowler": "B Kumar", "runs": {"extras": 0, "total": 4, "batsman": 4}, "batsman": "PP Shaw"}}, {"0.2": {"non_striker": "S Dhawan", "bowler": "B Kumar", "runs": {"extras": 0, "total": 0, "batsman": 0}, "batsman": "PP Shaw"}}, {"0.3": {"non_striker": "S Dhawan", "bowler": "B Kumar", "runs": {"extras": 0, "total": 0, "batsman": 0}, "batsman": "PP Shaw"}}, {"0.4": {"non_striker": "S Dhawan", "bowler": "B Kumar", "runs": {"extras": 0, "total": 0, "batsman": 0}, "batsman": "PP Shaw"}}, {"0.5": {"non_striker": "S Dhawan", "bowler": "B Kumar", "runs": {"extras": 0, "total": 4, "batsman": 4}, "batsman": "PP Shaw"}}, {"0.6": {"non_striker": "S Dhawan", "bowler": "B Kumar", "runs": {"extras": 0, "total": 0, "batsman": 0}, "batsman": "PP Shaw"}}, {"1.1": {"non_striker": "PP Shaw", "bowler": "Mohammad Nabi", "runs": {"extras": 0, "total": 1, "batsman": 1}, "batsman": "S Dhawan"}}, {"1.2": {"non_striker": "S Dhawan", "bowler": "Mohammad Nabi", "runs": {"extras": 0, "total": 1, "batsman": 1}, "batsman": "PP Shaw"}}, {"1.3": {"non_striker": "PP Shaw", "bowler": "Mohammad Nabi", "runs": {"extras": 0, "total": 1, "batsman": 1}, "batsman": "S Dhawan"}}, {"1.4": {"non_striker": "S Dhawan", "bowler": "Mohammad Nabi", "runs": {"extras": 0, "total": 1, "batsman": 1}, "batsman": "PP Shaw"}}, {"1.5": {"non_striker": "PP Shaw", "bowler": "Mohammad Nabi", "runs": {"extras": 0, "total": 1, "batsman": 1}, "batsman": "S Dhawan"}}, {"1.6": {"non_striker": "S Dhawan", "bowler": "Mohammad Nabi", "runs": {"extras": 0, "total": 1, "batsman": 1}, "batsman": "PP Shaw"}}, {"2.1": {"non_striker": "S Dhawan", "bowler": "B Kumar", "runs": {"extras": 0, "total": 0, "batsman": 0}, "batsman": "PP Shaw"}}, {"2.2": {"non_striker": "S Dhawan", "bowler": "B Kumar", "runs": {"extras": 0, "total": 0, "batsman": 0}, "batsman": "PP Shaw", "wicket": {"player_out": "PP Shaw", "kind": "bowled"}}}, {"2.3": {"non_striker": "S Dhawan", "bowler": "B Kumar", "runs": {"extras": 0, "total": 0, "batsman": 0}, "batsman": "SS Iyer"}}, {"2.4": {"non_striker": "S Dhawan", "bowler": "B Kumar", "runs": {"extras": 0, "total": 1, "batsman": 1}, "batsman": "SS Iyer"}}, {"2.5": {"non_striker": "SS Iyer", "bowler": "B Kumar", "runs": {"extras": 0, "total": 0, "batsman": 0}, "batsman": "S Dhawan"}}, {"2.6": {"non_striker": "SS Iyer", "bowler": "B Kumar", "runs": {"extras": 0, "total": 0, "batsman": 0}, "batsman": "S Dhawan"}}, {"3.1": {"non_striker": "S Dhawan", "bowler": "Mohammad Nabi", "runs": {"extras": 0, "total": 0, "batsman": 0}, "batsman": "SS Iyer"}}, {"3.2": {"non_striker": "S Dhawan", "bowler": "Mohammad Nabi", "runs": {"extras": 0, "total": 1, "batsman": 1}, "batsman": "SS Iyer"}}, {"3.3": {"non_striker": "SS Iyer", "bowler": "Mohammad Nabi", "runs": {"extras": 0, "total": 0, "batsman": 0}, "batsman": "S Dhawan"}}, {"3.4": {"non_striker": "SS Iyer", "bowler": "Mohammad Nabi", "runs": {"extras": 1, "total": 1, "batsman": 0}, "extras": {"legbyes": 1}, "batsman": "S Dhawan"}}, {"3.5": {"non_striker": "S Dhawan", "bowler": "Mohammad Nabi", "runs": {"extras": 0, "total": 1, "batsman": 1}, "batsman": "SS Iyer"}}, {"3.6": {"non_striker": "SS Iyer", "bowler": "Mohammad Nabi", "runs": {"extras": 0, "total": 1, "batsman": 1}, "batsman": "S Dhawan"}}, {"4.1": {"non_striker": "SS Iyer", "bowler": "S Kaul", "runs": {"extras": 0, "total": 0, "batsman": 0}, "batsman": "S Dhawan"}}, {"4.2": {"non_striker": "SS Iyer", "bowler": "S Kaul", "runs": {"extras": 0, "total": 1, "batsman": 1}, "batsman": "S Dhawan"}}, {"4.3": {"non_striker": "S Dhawan", "bowler": "S Kaul", "runs": {"extras": 0, "total": 6, "batsman": 6}, "batsman": "SS Iyer"}}, {"4.4": {"non_striker": "S Dhawan", "bowler": "S Kaul", "runs": {"extras": 0, "total": 0, "batsman": 0}, "batsman": "SS Iyer"}}, {"4.5": {"non_striker": "S Dhawan", "bowler": "S Kaul", "runs": {"extras": 0, "total": 0, "batsman": 0}, "batsman": "SS Iyer"}}, {"4.6": {"non_striker": "S Dhawan", "bowler": "S Kaul", "runs": {"extras": 0, "total": 1, "batsman": 1}, "batsman": "SS Iyer"}}, {"5.1": {"non_striker": "S Dhawan", "bowler": "Mohammad Nabi", "runs": {"extras": 0, "total": 1, "batsman": 1}, "batsman": "SS Iyer"}}, {"5.2": {"non_striker": "SS Iyer", "bowler": "Mohammad Nabi", "runs": {"extras": 0, "total": 4, "batsman": 4}, "batsman": "S Dhawan"}}, {"5.3": {"non_striker": "SS Iyer", "bowler": "Mohammad Nabi", "runs": {"extras": 0, "total": 2, "batsman": 2}, "batsman": "S Dhawan"}}, {"5.4": {"non_striker": "SS Iyer", "bowler": "Mohammad Nabi", "runs": {"extras": 0, "total": 1, "batsman": 1}, "batsman": "S Dhawan"}}, {"5.5": {"non_striker": "S Dhawan", "bowler": "Mohammad Nabi", "runs": {"extras": 0, "total": 1, "batsman": 1}, "batsman": "SS Iyer"}}, {"5.6": {"non_striker": "SS Iyer", "bowler": "Mohammad Nabi", "runs": {"extras": 0, "total": 0, "batsman": 0}, "batsman": "S Dhawan", "wicket": {"player_out": "S Dhawan", "fielders": ["Sandeep Sharma"], "kind": "caught"}}}, {"6.1": {"non_striker": "RR Pant", "bowler": "S Kaul", "runs": {"extras": 0, "total": 1, "batsman": 1}, "batsman": "SS Iyer"}}, {"6.2": {"non_striker": "SS Iyer", "bowler": "S Kaul", "runs": {"extras": 0, "total": 1, "batsman": 1}, "batsman": "RR Pant"}}, {"6.3": {"non_striker": "RR Pant", "bowler": "S Kaul", "runs": {"extras": 0, "total": 1, "batsman": 1}, "batsman": "SS Iyer"}}, {"6.4": {"non_striker": "SS Iyer", "bowler": "S Kaul", "runs": {"extras": 0, "total": 1, "batsman": 1}, "batsman": "RR Pant"}}, {"6.5": {"non_striker": "RR Pant", "bowler": "S Kaul", "runs": {"extras": 0, "total": 0, "batsman": 0}, "batsman": "SS Iyer"}}, {"6.6": {"non_striker": "RR Pant", "bowler": "S Kaul", "runs": {"extras": 0, "total": 1, "batsman": 1}, "batsman": "SS Iyer"}}, {"7.1": {"non_striker": "RR Pant", "bowler": "Rashid Khan", "runs": {"extras": 0, "total": 4, "batsman": 4}, "batsman": "SS Iyer"}}, {"7.2": {"non_striker": "RR Pant", "bowler": "Rashid Khan", "runs": {"extras": 0, "total": 0, "batsman": 0}, "batsman": "SS Iyer"}}, {"7.3": {"non_striker": "RR Pant", "bowler": "Rashid Khan", "runs": {"extras": 0, "total": 0, "batsman": 0}, "batsman": "SS Iyer"}}, {"7.4": {"non_striker": "RR Pant", "bowler": "Rashid Khan", "runs": {"extras": 0, "total": 0, "batsman": 0}, "batsman": "SS Iyer"}}, {"7.5": {"non_striker": "RR Pant", "bowler": "Rashid Khan", "runs": {"extras": 0, "total": 2, "batsman": 2}, "batsman": "SS Iyer"}}, {"7.6": {"non_striker": "RR Pant", "bowler": "Rashid Khan", "runs": {"extras": 0, "total": 0, "batsman": 0}, "batsman": "SS Iyer"}}, {"8.1": {"non_striker": "SS Iyer", "bowler": "Sandeep Sharma", "runs": {"extras": 0, "total": 1, "batsman": 1}, "batsman": "RR Pant"}}, {"8.2": {"non_striker": "RR Pant", "bowler": "Sandeep Sharma", "runs": {"extras": 0, "total": 1, "batsman": 1}, "batsman": "SS Iyer"}}, {"8.3": {"non_striker": "SS Iyer", "bowler": "Sandeep Sharma", "runs": {"extras": 0, "total": 1, "batsman": 1}, "batsman": "RR Pant"}}, {"8.4": {"non_striker": "RR Pant", "bowler": "Sandeep Sharma", "runs": {"extras": 0, "total": 1, "batsman": 1}, "batsman": "SS Iyer"}}, {"8.5": {"non_striker": "SS Iyer", "bowler": "Sandeep Sharma", "runs": {"extras": 0, "total": 0, "batsman": 0}, "batsman": "RR Pant"}}, {"8.6": {"non_striker": "SS Iyer", "bowler": "Sandeep Sharma", "runs": {"extras": 0, "total": 1, "batsman": 1}, "batsman": "RR Pant"}}, {"9.1": {"non_striker": "SS Iyer", "bowler": "Mohammad Nabi", "runs": {"extras": 0, "total": 0, "batsman": 0}, "batsman": "RR Pant", "wicket": {"player_out": "RR Pant", "fielders": ["DJ Hooda"], "kind": "caught"}}}, {"9.2": {"non_striker": "SS Iyer", "bowler": "Mohammad Nabi", "runs": {"extras": 1, "total": 1, "batsman": 0}, "extras": {"legbyes": 1}, "batsman": "R Tewatia"}}, {"9.3": {"non_striker": "R Tewatia", "bowler": "Mohammad Nabi", "runs": {"extras": 0, "total": 1, "batsman": 1}, "batsman": "SS Iyer"}}, {"9.4": {"non_striker": "SS Iyer", "bowler": "Mohammad Nabi", "runs": {"extras": 0, "total": 1, "batsman": 1}, "batsman": "R Tewatia"}}, {"9.5": {"non_striker": "R Tewatia", "bowler": "Mohammad Nabi", "runs": {"extras": 0, "total": 1, "batsman": 1}, "batsman": "SS Iyer"}}, {"9.6": {"non_striker": "SS Iyer", "bowler": "Mohammad Nabi", "runs": {"extras": 0, "total": 0, "batsman": 0}, "batsman": "R Tewatia"}}, {"10.1": {"non_striker": "R Tewatia", "bowler": "Sandeep Sharma", "runs": {"extras": 0, "total": 1, "batsman": 1}, "batsman": "SS Iyer"}}, {"10.2": {"non_striker": "SS Iyer", "bowler": "Sandeep Sharma", "runs": {"extras": 0, "total": 0, "batsman": 0}, "batsman": "R Tewatia"}}, {"10.3": {"non_striker": "SS Iyer", "bowler": "Sandeep Sharma", "runs": {"extras": 0, "total": 4, "batsman": 4}, "batsman": "R Tewatia"}}, {"10.4": {"non_striker": "SS Iyer", "bowler": "Sandeep Sharma", "runs": {"extras": 0, "total": 0, "batsman": 0}, "batsman": "R Tewatia"}}, {"10.5": {"non_striker": "SS Iyer", "bowler": "Sandeep Sharma", "runs": {"extras": 0, "total": 0, "batsman": 0}, "batsman": "R Tewatia", "wicket": {"player_out": "R Tewatia", "fielders": ["Mohammad Nabi"], "kind": "caught"}}}, {"10.6": {"non_striker": "SS Iyer", "bowler": "Sandeep Sharma", "runs": {"extras": 0, "total": 0, "batsman": 0}, "batsman": "CA Ingram"}}, {"11.1": {"non_striker": "CA Ingram", "bowler": "Rashid Khan", "runs": {"extras": 0, "total": 1, "batsman": 1}, "batsman": "SS Iyer"}}, {"11.2": {"non_striker": "SS Iyer", "bowler": "Rashid Khan", "runs": {"extras": 0, "total": 1, "batsman": 1}, "batsman": "CA Ingram"}}, {"11.3": {"non_striker": "CA Ingram", "bowler": "Rashid Khan", "runs": {"extras": 0, "total": 1, "batsman": 1}, "batsman": "SS Iyer"}}, {"11.4": {"non_striker": "SS Iyer", "bowler": "Rashid Khan", "runs": {"extras": 0, "total": 0, "batsman": 0}, "batsman": "CA Ingram"}}, {"11.5": {"non_striker": "SS Iyer", "bowler": "Rashid Khan", "runs": {"extras": 0, "total": 1, "batsman": 1}, "batsman": "CA Ingram"}}, {"11.6": {"non_striker": "CA Ingram", "bowler": "Rashid Khan", "runs": {"extras": 0, "total": 0, "batsman": 0}, "batsman": "SS Iyer"}}, {"12.1": {"non_striker": "SS Iyer", "bowler": "Sandeep Sharma", "runs": {"extras": 0, "total": 1, "batsman": 1}, "batsman": "CA Ingram"}}, {"12.2": {"non_striker": "CA Ingram", "bowler": "Sandeep Sharma", "runs": {"extras": 0, "total": 0, "batsman": 0}, "batsman": "SS Iyer"}}, {"12.3": {"non_striker": "CA Ingram", "bowler": "Sandeep Sharma", "runs": {"extras": 0, "total": 4, "batsman": 4}, "batsman": "SS Iyer"}}, {"12.4": {"non_striker": "CA Ingram", "bowler": "Sandeep Sharma", "runs": {"extras": 0, "total": 1, "batsman": 1}, "batsman": "SS Iyer"}}, {"12.5": {"non_striker": "SS Iyer", "bowler": "Sandeep Sharma", "runs": {"extras": 0, "total": 1, "batsman": 1}, "batsman": "CA Ingram"}}, {"12.6": {"non_striker": "CA Ingram", "bowler": "Sandeep Sharma", "runs": {"extras": 0, "total": 0, "batsman": 0}, "batsman": "SS Iyer"}}, {"13.1": {"non_striker": "SS Iyer", "bowler": "S Kaul", "runs": {"extras": 0, "total": 1, "batsman": 1}, "batsman": "CA Ingram"}}, {"13.2": {"non_striker": "CA Ingram", "bowler": "S Kaul", "runs": {"extras": 0, "total": 1, "batsman": 1}, "batsman": "SS Iyer"}}, {"13.3": {"non_striker": "SS Iyer", "bowler": "S Kaul", "runs": {"extras": 1, "total": 1, "batsman": 0}, "extras": {"wides": 1}, "batsman": "CA Ingram"}}, {"13.4": {"non_striker": "SS Iyer", "bowler": "S Kaul", "runs": {"extras": 0, "total": 0, "batsman": 0}, "batsman": "CA Ingram", "wicket": {"player_out": "CA Ingram", "fielders": ["MK Pandey"], "kind": "caught"}}}, {"13.5": {"non_striker": "SS Iyer", "bowler": "S Kaul", "runs": {"extras": 0, "total": 0, "batsman": 0}, "batsman": "CH Morris"}}, {"13.6": {"non_striker": "SS Iyer", "bowler": "S Kaul", "runs": {"extras": 0, "total": 4, "batsman": 4}, "batsman": "CH Morris"}}, {"13.7": {"non_striker": "SS Iyer", "bowler": "S Kaul", "runs": {"extras": 0, "total": 1, "batsman": 1}, "batsman": "CH Morris"}}, {"14.1": {"non_striker": "SS Iyer", "bowler": "Rashid Khan", "runs": {"extras": 0, "total": 0, "batsman": 0}, "batsman": "CH Morris"}}, {"14.2": {"non_striker": "SS Iyer", "bowler": "Rashid Khan", "runs": {"extras": 0, "total": 0, "batsman": 0}, "batsman": "CH Morris"}}, {"14.3": {"non_striker": "SS Iyer", "bowler": "Rashid Khan", "runs": {"extras": 0, "total": 0, "batsman": 0}, "batsman": "CH Morris"}}, {"14.4": {"non_striker": "SS Iyer", "bowler": "Rashid Khan", "runs": {"extras": 1, "total": 1, "batsman": 0}, "extras": {"legbyes": 1}, "batsman": "CH Morris"}}, {"14.5": {"non_striker": "CH Morris", "bowler": "Rashid Khan", "runs": {"extras": 0, "total": 4, "batsman": 4}, "batsman": "SS Iyer"}}, {"14.6": {"non_striker": "CH Morris", "bowler": "Rashid Khan", "runs": {"extras": 0, "total": 0, "batsman": 0}, "batsman": "SS Iyer"}}, {"15.1": {"non_striker": "SS Iyer", "bowler": "B Kumar", "runs": {"extras": 0, "total": 1, "batsman": 1}, "batsman": "CH Morris"}}, {"15.2": {"non_striker": "CH Morris", "bowler": "B Kumar", "runs": {"extras": 0, "total": 0, "batsman": 0}, "batsman": "SS Iyer"}}, {"15.3": {"non_striker": "CH Morris", "bowler": "B Kumar", "runs": {"extras": 0, "total": 2, "batsman": 2}, "batsman": "SS Iyer"}}, {"15.4": {"non_striker": "CH Morris", "bowler": "B Kumar", "runs": {"extras": 0, "total": 2, "batsman": 2}, "batsman": "SS Iyer"}}, {"15.5": {"non_striker": "CH Morris", "bowler": "B Kumar", "runs": {"extras": 0, "total": 1, "batsman": 1}, "batsman": "SS Iyer"}}, {"15.6": {"non_striker": "SS Iyer", "bowler": "B Kumar", "runs": {"extras": 0, "total": 2, "batsman": 2}, "batsman": "CH Morris"}}, {"16.1": {"non_striker": "CH Morris", "bowler": "Rashid Khan", "runs": {"extras": 0, "total": 0, "batsman": 0}, "batsman": "SS Iyer", "wicket": {"player_out": "SS Iyer", "kind": "bowled"}}}, {"16.2": {"non_striker": "CH Morris", "bowler": "Rashid Khan", "runs": {"extras": 0, "total": 1, "batsman": 1}, "batsman": "AR Patel"}}, {"16.3": {"non_striker": "AR Patel", "bowler": "Rashid Khan", "runs": {"extras": 0, "total": 1, "batsman": 1}, "batsman": "CH Morris"}}, {"16.4": {"non_striker": "CH Morris", "bowler": "Rashid Khan", "runs": {"extras": 0, "total": 1, "batsman": 1}, "batsman": "AR Patel"}}, {"16.5": {"non_striker": "AR Patel", "bowler": "Rashid Khan", "runs": {"extras": 0, "total": 1, "batsman": 1}, "batsman": "CH Morris"}}, {"16.6": {"non_striker": "CH Morris", "bowler": "Rashid Khan", "runs": {"extras": 0, "total": 0, "batsman": 0}, "batsman": "AR Patel"}}, {"17.1": {"non_striker": "AR Patel", "bowler": "Sandeep Sharma", "runs": {"extras": 0, "total": 0, "batsman": 0}, "batsman": "CH Morris"}}, {"17.2": {"non_striker": "AR Patel", "bowler": "Sandeep Sharma", "runs": {"extras": 0, "total": 6, "batsman": 6}, "batsman": "CH Morris"}}, {"17.3": {"non_striker": "AR Patel", "bowler": "Sandeep Sharma", "runs": {"extras": 0, "total": 1, "batsman": 1}, "batsman": "CH Morris"}}, {"17.4": {"non_striker": "CH Morris", "bowler": "Sandeep Sharma", "runs": {"extras": 0, "total": 0, "batsman": 0}, "batsman": "AR Patel"}}, {"17.5": {"non_striker": "CH Morris", "bowler": "Sandeep Sharma", "runs": {"extras": 0, "total": 0, "batsman": 0}, "batsman": "AR Patel"}}, {"17.6": {"non_striker": "CH Morris", "bowler": "Sandeep Sharma", "runs": {"extras": 0, "total": 1, "batsman": 1}, "batsman": "AR Patel"}}, {"18.1": {"non_striker": "CH Morris", "bowler": "B Kumar", "runs": {"extras": 0, "total": 1, "batsman": 1}, "batsman": "AR Patel"}}, {"18.2": {"non_striker": "AR Patel", "bowler": "B Kumar", "runs": {"extras": 1, "total": 1, "batsman": 0}, "extras": {"wides": 1}, "batsman": "CH Morris"}}, {"18.3": {"non_striker": "AR Patel", "bowler": "B Kumar", "runs": {"extras": 0, "total": 0, "batsman": 0}, "batsman": "CH Morris", "wicket": {"player_out": "CH Morris", "fielders": ["Mohammad Nabi"], "kind": "caught"}}}, {"18.4": {"non_striker": "K Rabada", "bowler": "B Kumar", "runs": {"extras": 0, "total": 1, "batsman": 1}, "batsman": "AR Patel"}}, {"18.5": {"non_striker": "AR Patel", "bowler": "B Kumar", "runs": {"extras": 0, "total": 2, "batsman": 2}, "batsman": "K Rabada"}}, {"18.6": {"non_striker": "AR Patel", "bowler": "B Kumar", "runs": {"extras": 0, "total": 1, "batsman": 1}, "batsman": "K Rabada"}}, {"18.7": {"non_striker": "K Rabada", "bowler": "B Kumar", "runs": {"extras": 0, "total": 4, "batsman": 4}, "batsman": "AR Patel"}}, {"19.1": {"non_striker": "AR Patel", "bowler": "S Kaul", "runs": {"extras": 0, "total": 0, "batsman": 0}, "batsman": "K Rabada"}}, {"19.2": {"non_striker": "AR Patel", "bowler": "S Kaul", "runs": {"extras": 0, "total": 0, "batsman": 0}, "batsman": "K Rabada", "wicket": {"player_out": "K Rabada", "fielders": ["B Kumar"], "kind": "caught"}}}, {"19.3": {"non_striker": "I Sharma", "bowler": "S Kaul", "runs": {"extras": 0, "total": 0, "batsman": 0}, "batsman": "AR Patel"}}, {"19.4": {"non_striker": "I Sharma", "bowler": "S Kaul", "runs": {"extras": 0, "total": 6, "batsman": 6}, "batsman": "AR Patel"}}, {"19.5": {"non_striker": "I Sharma", "bowler": "S Kaul", "runs": {"extras": 0, "total": 2, "batsman": 2}, "batsman": "AR Patel"}}, {"19.6": {"non_striker": "I Sharma", "bowler": "S Kaul", "runs": {"extras": 0, "total": 6, "batsman": 6}, "batsman": "AR Patel"}}]