[{"0.1": {"non_striker": "JC Buttler", "bowler": "B Kumar", "runs": {"extras": 0, "total": 0, "batsman": 0}, "batsman": "AM Rahane"}}, {"0.2": {"non_striker": "JC Buttler", "bowler": "B Kumar", "runs": {"extras": 0, "total": 0, "batsman": 0}, "batsman": "AM Rahane"}}, {"0.3": {"non_striker": "JC Buttler", "bowler": "B Kumar", "runs": {"extras": 0, "total": 2, "batsman": 2}, "batsman": "AM Rahane"}}, {"0.4": {"non_striker": "JC Buttler", "bowler": "B Kumar", "runs": {"extras": 0, "total": 1, "batsman": 1}, "batsman": "AM Rahane"}}, {"0.5": {"non_striker": "AM Rahane", "bowler": "B Kumar", "runs": {"extras": 0, "total": 0, "batsman": 0}, "batsman": "JC Buttler"}}, {"0.6": {"non_striker": "AM Rahane", "bowler": "B Kumar", "runs": {"extras": 0, "total": 0, "batsman": 0}, "batsman": "JC Buttler"}}, {"1.1": {"non_striker": "JC Buttler", "bowler": "Sandeep Sharma", "runs": {"extras": 0, "total": 0, "batsman": 0}, "batsman": "AM Rahane"}}, {"1.2": {"non_striker": "JC Buttler", "bowler": "Sandeep Sharma", "runs": {"extras": 0, "total": 0, "batsman": 0}, "batsman": "AM Rahane"}}, {"1.3": {"non_striker": "JC Buttler", "bowler": "Sandeep Sharma", "runs": {"extras": 0, "total": 0, "batsman": 0}, "batsman": "AM Rahane"}}, {"1.4": {"non_striker": "JC Buttler", "bowler": "Sandeep Sharma", "runs": {"extras": 0, "total": 2, "batsman": 2}, "batsman": "AM Rahane"}}, {"1.5": {"non_striker": "JC Buttler", "bowler": "Sandeep Sharma", "runs": {"extras": 0, "total": 2, "batsman": 2}, "batsman": "AM Rahane"}}, {"1.6": {"non_striker": "JC Buttler", "bowler": "Sandeep Sharma", "runs": {"extras": 0, "total": 1, "batsman": 1}, "batsman": "AM Rahane"}}, {"2.1": {"non_striker": "JC Buttler", "bowler": "B Kumar", "runs": {"extras": 0, "total": 0, "batsman": 0}, "batsman": "AM Rahane"}}, {"2.2": {"non_striker": "JC Buttler", "bowler": "B Kumar", "runs": {"extras": 0, "total": 1, "batsman": 1}, "batsman": "AM Rahane"}}, {"2.3": {"non_striker": "AM Rahane", "bowler": "B Kumar", "runs": {"extras": 0, "total": 0, "batsman": 0}, "batsman": "JC Buttler"}}, {"2.4": {"non_striker": "AM Rahane", "bowler": "B Kumar", "runs": {"extras": 1, "total": 1, "batsman": 0}, "extras": {"wides": 1}, "batsman": "JC Buttler"}}, {"2.5": {"non_striker": "AM Rahane", "bowler": "B Kumar", "runs": {"extras": 0, "total": 4, "batsman": 4}, "batsman": "JC Buttler"}}, {"2.6": {"non_striker": "AM Rahane", "bowler": "B Kumar", "runs": {"extras": 0, "total": 0, "batsman": 0}, "batsman": "JC Buttler"}}, {"2.7": {"non_striker": "AM Rahane", "bowler": "B Kumar", "runs": {"extras": 0, "total": 1, "batsman": 1}, "batsman": "JC Buttler"}}, {"3.1": {"non_striker": "AM Rahane", "bowler": "Rashid Khan", "runs": {"extras": 0, "total": 0, "batsman": 0}, "batsman": "JC Buttler"}}, {"3.2": {"non_striker": "AM Rahane", "bowler": "Rashid Khan", "runs": {"extras": 0, "total": 0, "batsman": 0}, "batsman": "JC Buttler", "wicket": {"player_out": "JC Buttler", "kind": "bowled"}}}, {"3.3": {"non_striker": "AM Rahane", "bowler": "Rashid Khan", "runs": {"extras": 0, "total": 4, "batsman": 4}, "batsman": "SV Samson"}}, {"3.4": {"non_striker": "AM Rahane", "bowler": "Rashid Khan", "runs": {"extras": 0, "total": 1, "batsman": 1}, "batsman": "SV Samson"}}, {"3.5": {"non_striker": "SV Samson", "bowler": "Rashid Khan", "runs": {"extras": 0, "total": 2, "batsman": 2}, "batsman": "AM Rahane"}}, {"3.6": {"non_striker": "SV Samson", "bowler": "Rashid Khan", "runs": {"extras": 0, "total": 0, "batsman": 0}, "batsman": "AM Rahane"}}, {"4.1": {"non_striker": "AM Rahane", "bowler": "Sandeep Sharma", "runs": {"extras": 0, "total": 0, "batsman": 0}, "batsman": "SV Samson"}}, {"4.2": {"non_striker": "AM Rahane", "bowler": "Sandeep Sharma", "runs": {"extras": 0, "total": 1, "batsman": 1}, "batsman": "SV Samson"}}, {"4.3": {"non_striker": "SV Samson", "bowler": "Sandeep Sharma", "runs": {"extras": 0, "total": 2, "batsman": 2}, "batsman": "AM Rahane"}}, {"4.4": {"non_striker": "SV Samson", "bowler": "Sandeep Sharma", "runs": {"extras": 0, "total": 4, "batsman": 4}, "batsman": "AM Rahane"}}, {"4.5": {"non_striker": "SV Samson", "bowler": "Sandeep Sharma", "runs": {"extras": 0, "total": 1, "batsman": 1}, "batsman": "AM Rahane"}}, {"4.6": {"non_striker": "AM Rahane", "bowler": "Sandeep Sharma", "runs": {"extras": 0, "total": 1, "batsman": 1}, "batsman": "SV Samson"}}, {"5.1": {"non_striker": "AM Rahane", "bowler": "S Kaul", "runs": {"extras": 0, "total": 1, "batsman": 1}, "batsman": "SV Samson"}}, {"5.2": {"non_striker": "SV Samson", "bowler": "S Kaul", "runs": {"extras": 0, "total": 0, "batsman": 0}, "batsman": "AM Rahane"}}, {"5.3": {"non_striker": "SV Samson", "bowler": "S Kaul", "runs": {"extras": 0, "total": 1, "batsman": 1}, "batsman": "AM Rahane"}}, {"5.4": {"non_striker": "AM Rahane", "bowler": "S Kaul", "runs": {"extras": 0, "total": 1, "batsman": 1}, "batsman": "SV Samson"}}, {"5.5": {"non_striker": "SV Samson", "bowler": "S Kaul", "runs": {"extras": 0, "total": 1, "batsman": 1}, "batsman": "AM Rahane"}}, {"5.6": {"non_striker": "AM Rahane", "bowler": "S Kaul", "runs": {"extras": 0, "total": 0, "batsman": 0}, "batsman": "SV Samson"}}, {"6.1": {"non_striker": "SV Samson", "bowler": "S Nadeem", "runs": {"extras": 0, "total": 1, "batsman": 1}, "batsman": "AM Rahane"}}, {"6.2": {"non_striker": "AM Rahane", "bowler": "S Nadeem", "runs": {"extras": 0, "total": 0, "batsman": 0}, "batsman": "SV Samson"}}, {"6.3": {"non_striker": "AM Rahane", "bowler": "S Nadeem", "runs": {"extras": 0, "total": 1, "batsman": 1}, "batsman": "SV Samson"}}, {"6.4": {"non_striker": "SV Samson", "bowler": "S Nadeem", "runs": {"extras": 0, "total": 1, "batsman": 1}, "batsman": "AM Rahane"}}, {"6.5": {"non_striker": "AM Rahane", "bowler": "S Nadeem", "runs": {"extras": 0, "total": 6, "batsman": 6}, "batsman": "SV Samson"}}, {"6.6": {"non_striker": "AM Rahane", "bowler": "S Nadeem", "runs": {"extras": 0, "total": 1, "batsman": 1}, "batsman": "SV Samson"}}, {"7.1": {"non_striker": "AM Rahane", "bowler": "S Kaul", "runs": {"extras": 0, "total": 0, "batsman": 0}, "batsman": "SV Samson"}}, {"7.2": {"non_striker": "AM Rahane", "bowler": "S Kaul", "runs": {"extras": 1, "total": 1, "batsman": 0}, "extras": {"wides": 1}, "batsman": "SV Samson"}}, {"7.3": {"non_striker": "AM Rahane", "bowler": "S Kaul", "runs": {"extras": 0, "total": 6, "batsman": 6}, "batsman": "SV Samson"}}, {"7.4": {"non_striker": "AM Rahane", "bowler": "S Kaul", "runs": {"extras": 0, "total": 1, "batsman": 1}, "batsman": "SV Samson"}}, {"7.5": {"non_striker": "SV Samson", "bowler": "S Kaul", "runs": {"extras": 0, "total": 1, "batsman": 1}, "batsman": "AM Rahane"}}, {"7.6": {"non_striker": "AM Rahane", "bowler": "S Kaul", "runs": {"extras": 0, "total": 1, "batsman": 1}, "batsman": "SV Samson"}}, {"7.7": {"non_striker": "SV Samson", "bowler": "S Kaul", "runs": {"extras": 0, "total": 0, "batsman": 0}, "batsman": "AM Rahane"}}, {"8.1": {"non_striker": "AM Rahane", "bowler": "Rashid Khan", "runs": {"extras": 0, "total": 1, "batsman": 1}, "batsman": "SV Samson"}}, {"8.2": {"non_striker": "SV Samson", "bowler": "Rashid Khan", "runs": {"extras": 0, "total": 1, "batsman": 1}, "batsman": "AM Rahane"}}, {"8.3": {"non_striker": "AM Rahane", "bowler": "Rashid Khan", "runs": {"extras": 0, "total": 4, "batsman": 4}, "batsman": "SV Samson"}}, {"8.4": {"non_striker": "AM Rahane", "bowler": "Rashid Khan", "runs": {"extras": 0, "total": 1, "batsman": 1}, "batsman": "SV Samson"}}, {"8.5": {"non_striker": "SV Samson", "bowler": "Rashid Khan", "runs": {"extras": 0, "total": 0, "batsman": 0}, "batsman": "AM Rahane"}}, {"8.6": {"non_striker": "SV Samson", "bowler": "Rashid Khan", "runs": {"extras": 0, "total": 0, "batsman": 0}, "batsman": "AM Rahane"}}, {"9.1": {"non_striker": "AM Rahane", "bowler": "S Nadeem", "runs": {"extras": 0, "total": 1, "batsman": 1}, "batsman": "SV Samson"}}, {"9.2": {"non_striker": "SV Samson", "bowler": "S Nadeem", "runs": {"extras": 0, "total": 1, "batsman": 1}, "batsman": "AM Rahane"}}, {"9.3": {"non_striker": "AM Rahane", "bowler": "S Nadeem", "runs": {"extras": 0, "total": 1, "batsman": 1}, "batsman": "SV Samson"}}, {"9.4": {"non_striker": "SV Samson", "bowler": "S Nadeem", "runs": {"extras": 0, "total": 2, "batsman": 2}, "batsman": "AM Rahane"}}, {"9.5": {"non_striker": "SV Samson", "bowler": "S Nadeem", "runs": {"extras": 0, "total": 6, "batsman": 6}, "batsman": "AM Rahane"}}, {"9.6": {"non_striker": "SV Samson", "bowler": "S Nadeem", "runs": {"extras": 0, "total": 2, "batsman": 2}, "batsman": "AM Rahane"}}, {"10.1": {"non_striker": "AM Rahane", "bowler": "S Kaul", "runs": {"extras": 0, "total": 4, "batsman": 4}, "batsman": "SV Samson"}}, {"10.2": {"non_striker": "AM Rahane", "bowler": "S Kaul", "runs": {"extras": 0, "total": 0, "batsman": 0}, "batsman": "SV Samson"}}, {"10.3": {"non_striker": "AM Rahane", "bowler": "S Kaul", "runs": {"extras": 1, "total": 2, "batsman": 1}, "extras": {"noballs": 1}, "batsman": "SV Samson"}}, {"10.4": {"non_striker": "SV Samson", "bowler": "S Kaul", "runs": {"extras": 0, "total": 1, "batsman": 1}, "batsman": "AM Rahane"}}, {"10.5": {"non_striker": "AM Rahane", "bowler": "S Kaul", "runs": {"extras": 0, "total": 1, "batsman": 1}, "batsman": "SV Samson"}}, {"10.6": {"non_striker": "SV Samson", "bowler": "S Kaul", "runs": {"extras": 0, "total": 4, "batsman": 4}, "batsman": "AM Rahane"}}, {"10.7": {"non_striker": "SV Samson", "bowler": "S Kaul", "runs": {"extras": 0, "total": 1, "batsman": 1}, "batsman": "AM Rahane"}}, {"11.1": {"non_striker": "SV Samson", "bowler": "V Shankar", "runs": {"extras": 0, "total": 6, "batsman": 6}, "batsman": "AM Rahane"}}, {"11.2": {"non_striker": "SV Samson", "bowler": "V Shankar", "runs": {"extras": 0, "total": 1, "batsman": 1}, "batsman": "AM Rahane"}}, {"11.3": {"non_striker": "AM Rahane", "bowler": "V Shankar", "runs": {"extras": 0, "total": 1, "batsman": 1}, "batsman": "SV Samson"}}, {"11.4": {"non_striker": "SV Samson", "bowler": "V Shankar", "runs": {"extras": 0, "total": 1, "batsman": 1}, "batsman": "AM Rahane"}}, {"11.5": {"non_striker": "AM Rahane", "bowler": "V Shankar", "runs": {"extras": 0, "total": 4, "batsman": 4}, "batsman": "SV Samson"}}, {"11.6": {"non_striker": "AM Rahane", "bowler": "V Shankar", "runs": {"extras": 0, "total": 0, "batsman": 0}, "batsman": "SV Samson"}}, {"12.1": {"non_striker": "SV Samson", "bowler": "Rashid Khan", "runs": {"extras": 0, "total": 1, "batsman": 1}, "batsman": "AM Rahane"}}, {"12.2": {"non_striker": "AM Rahane", "bowler": "Rashid Khan", "runs": {"extras": 0, "total": 0, "batsman": 0}, "batsman": "SV Samson"}}, {"12.3": {"non_striker": "AM Rahane", "bowler": "Rashid Khan", "runs": {"extras": 0, "total": 1, "batsman": 1}, "batsman": "SV Samson"}}, {"12.4": {"non_striker": "SV Samson", "bowler": "Rashid Khan", "runs": {"extras": 0, "total": 0, "batsman": 0}, "batsman": "AM Rahane"}}, {"12.5": {"non_striker": "SV Samson", "bowler": "Rashid Khan", "runs": {"extras": 0, "total": 1, "batsman": 1}, "batsman": "AM Rahane"}}, {"12.6": {"non_striker": "AM Rahane", "bowler": "Rashid Khan", "runs": {"extras": 0, "total": 1, "batsman": 1}, "batsman": "SV Samson"}}, {"13.1": {"non_striker": "AM Rahane", "bowler": "Sandeep Sharma", "runs": {"extras": 0, "total": 1, "batsman": 1}, "batsman": "SV Samson"}}, {"13.2": {"non_striker": "SV Samson", "bowler": "Sandeep Sharma", "runs": {"extras": 0, "total": 4, "batsman": 4}, "batsman": "AM Rahane"}}, {"13.3": {"non_striker": "SV Samson", "bowler": "Sandeep Sharma", "runs": {"extras": 0, "total": 2, "batsman": 2}, "batsman": "AM Rahane"}}, {"13.4": {"non_striker": "SV Samson", "bowler": "Sandeep Sharma", "runs": {"extras": 0, "total": 1, "batsman": 1}, "batsman": "AM Rahane"}}, {"13.5": {"non_striker": "AM Rahane", "bowler": "Sandeep Sharma", "runs": {"extras": 0, "total": 2, "batsman": 2}, "batsman": "SV Samson"}}, {"13.6": {"non_striker": "AM Rahane", "bowler": "Sandeep Sharma", "runs": {"extras": 0, "total": 1, "batsman": 1}, "batsman": "SV Samson"}}, {"14.1": {"non_striker": "AM Rahane", "bowler": "Rashid Khan", "runs": {"extras": 0, "total": 1, "batsman": 1}, "batsman": "SV Samson"}}, {"14.2": {"non_striker": "SV Samson", "bowler": "Rashid Khan", "runs": {"extras": 0, "total": 4, "batsman": 4}, "batsman": "AM Rahane"}}, {"14.3": {"non_striker": "SV Samson", "bowler": "Rashid Khan", "runs": {"extras": 0, "total": 0, "batsman": 0}, "batsman": "AM Rahane"}}, {"14.4": {"non_striker": "SV Samson", "bowler": "Rashid Khan", "runs": {"extras": 0, "total": 1, "batsman": 1}, "batsman": "AM Rahane"}}, {"14.5": {"non_striker": "AM Rahane", "bowler": "Rashid Khan", "runs": {"extras": 0, "total": 0, "batsman": 0}, "batsman": "SV Samson"}}, {"14.6": {"non_striker": "AM Rahane", "bowler": "Rashid Khan", "runs": {"extras": 0, "total": 0, "batsman": 0}, "batsman": "SV Samson"}}, {"15.1": {"non_striker": "SV Samson", "bowler": "S Nadeem", "runs": {"extras": 0, "total": 6, "batsman": 6}, "batsman": "AM Rahane"}}, {"15.2": {"non_striker": "SV Samson", "bowler": "S Nadeem", "runs": {"extras": 0, "total": 1, "batsman": 1}, "batsman": "AM Rahane"}}, {"15.3": {"non_striker": "AM Rahane", "bowler": "S Nadeem", "runs": {"extras": 0, "total": 4, "batsman": 4}, "batsman": "SV Samson"}}, {"15.4": {"non_striker": "AM Rahane", "bowler": "S Nadeem", "runs": {"extras": 0, "total": 1, "batsman": 1}, "batsman": "SV Samson"}}, {"15.5": {"non_striker": "SV Samson", "bowler": "S Nadeem", "runs": {"extras": 0, "total": 0, "batsman": 0}, "batsman": "AM Rahane", "wicket": {"player_out": "AM Rahane", "fielders": ["MK Pandey"], "kind": "caught"}}}, {"15.6": {"non_striker": "BA Stokes", "bowler": "S Nadeem", "runs": {"extras": 0, "total": 1, "batsman": 1}, "batsman": "SV Samson"}}, {"16.1": {"non_striker": "BA Stokes", "bowler": "S Kaul", "runs": {"extras": 0, "total": 1, "batsman": 1}, "batsman": "SV Samson"}}, {"16.2": {"non_striker": "SV Samson", "bowler": "S Kaul", "runs": {"extras": 0, "total": 0, "batsman": 0}, "batsman": "BA Stokes"}}, {"16.3": {"non_striker": "SV Samson", "bowler": "S Kaul", "runs": {"extras": 0, "total": 1, "batsman": 1}, "batsman": "BA Stokes"}}, {"16.4": {"non_striker": "BA Stokes", "bowler": "S Kaul", "runs": {"extras": 0, "total": 2, "batsman": 2}, "batsman": "SV Samson"}}, {"16.5": {"non_striker": "BA Stokes", "bowler": "S Kaul", "runs": {"extras": 0, "total": 1, "batsman": 1}, "batsman": "SV Samson"}}, {"16.6": {"non_striker": "SV Samson", "bowler": "S Kaul", "runs": {"extras": 0, "total": 0, "batsman": 0}, "batsman": "BA Stokes"}}, {"17.1": {"non_striker": "BA Stokes", "bowler": "B Kumar", "runs": {"extras": 0, "total": 6, "batsman": 6}, "batsman": "SV Samson"}}, {"17.2": {"non_striker": "BA Stokes", "bowler": "B Kumar", "runs": {"extras": 0, "total": 4, "batsman": 4}, "batsman": "SV Samson"}}, {"17.3": {"non_striker": "BA Stokes", "bowler": "B Kumar", "runs": {"extras": 0, "total": 4, "batsman": 4}, "batsman": "SV Samson"}}, {"17.4": {"non_striker": "BA Stokes", "bowler": "B Kumar", "runs": {"extras": 0, "total": 2, "batsman": 2}, "batsman": "SV Samson"}}, {"17.5": {"non_striker": "BA Stokes", "bowler": "B Kumar", "runs": {"extras": 0, "total": 4, "batsman": 4}, "batsman": "SV Samson"}}, {"17.6": {"non_striker": "BA Stokes", "bowler": "B Kumar", "runs": {"extras": 0, "total": 4, "batsman": 4}, "batsman": "SV Samson"}}, {"18.1": {"non_striker": "SV Samson", "bowler": "Sandeep Sharma", "runs": {"extras": 0, "total": 1, "batsman": 1}, "batsman": "BA Stokes"}}, {"18.2": {"non_striker": "BA Stokes", "bowler": "Sandeep Sharma", "runs": {"extras": 0, "total": 6, "batsman": 6}, "batsman": "SV Samson"}}, {"18.3": {"non_striker": "BA Stokes", "bowler": "Sandeep Sharma", "runs": {"extras": 0, "total": 2, "batsman": 2}, "batsman": "SV Samson"}}, {"18.4": {"non_striker": "BA Stokes", "bowler": "Sandeep Sharma", "runs": {"extras": 0, "total": 1, "batsman": 1}, "batsman": "SV Samson"}}, {"18.5": {"non_striker": "SV Samson", "bowler": "Sandeep Sharma", "runs": {"extras": 0, "total": 1, "batsman": 1}, "batsman": "BA Stokes"}}, {"18.6": {"non_striker": "BA Stokes", "bowler": "Sandeep Sharma", "runs": {"extras": 0, "total": 2, "batsman": 2}, "batsman": "SV Samson"}}, {"19.1": {"non_striker": "SV Samson", "bowler": "B Kumar", "runs": {"extras": 0, "total": 4, "batsman": 4}, "batsman": "BA Stokes"}}, {"19.2": {"non_striker": "SV Samson", "bowler": "B Kumar", "runs": {"extras": 0, "total": 1, "batsman": 1}, "batsman": "BA Stokes"}}, {"19.3": {"non_striker": "BA Stokes", "bowler": "B Kumar", "runs": {"extras": 0, "total": 4, "batsman": 4}, "batsman": "SV Samson"}}, {"19.4": {"non_striker": "BA Stokes", "bowler": "B Kumar", "runs": {"extras": 0, "total": 2, "batsman": 2}, "batsman": "SV Samson"}}, {"19.5": {"non_striker": "BA Stokes", "bowler": "B Kumar", "runs": {"extras": 2, "total": 2, "batsman": 0}, "extras": {"wides": 2}, "batsman": "SV Samson"}}, {"19.6": {"non_striker": "SV Samson", "bowler": "B Kumar", "runs": {"extras": 0, "total": 4, "batsman": 4}, "batsman": "BA Stokes"}}, {"19.7": {"non_striker": "SV Samson", "bowler": "B Kumar", "runs": {"extras": 0, "total": 4, "batsman": 4}, "batsman": "BA Stokes"}}]