[{"0.1": {"non_striker": "CH Gayle", "bowler": "M Prasidh Krishna", "runs": {"extras": 0, "total": 1, "batsman": 1}, "batsman": "KL Rahul"}}, {"0.2": {"non_striker": "KL Rahul", "bowler": "M Prasidh Krishna", "runs": {"extras": 0, "total": 0, "batsman": 0}, "batsman": "CH Gayle"}}, {"0.3": {"non_striker": "KL Rahul", "bowler": "M Prasidh Krishna", "runs": {"extras": 0, "total": 6, "batsman": 6}, "batsman": "CH Gayle"}}, {"0.4": {"non_striker": "KL Rahul", "bowler": "M Prasidh Krishna", "runs": {"extras": 0, "total": 0, "batsman": 0}, "batsman": "CH Gayle"}}, {"0.5": {"non_striker": "KL Rahul", "bowler": "M Prasidh Krishna", "runs": {"extras": 0, "total": 4, "batsman": 4}, "batsman": "CH Gayle"}}, {"0.6": {"non_striker": "KL Rahul", "bowler": "M Prasidh Krishna", "runs": {"extras": 0, "total": 0, "batsman": 0}, "batsman": "CH Gayle"}}, {"1.1": {"non_striker": "CH Gayle", "bowler": "LH Ferguson", "runs": {"extras": 0, "total": 0, "batsman": 0}, "batsman": "KL Rahul"}}, {"1.2": {"non_striker": "CH Gayle", "bowler": "LH Ferguson", "runs": {"extras": 0, "total": 0, "batsman": 0}, "batsman": "KL Rahul"}}, {"1.3": {"non_striker": "CH Gayle", "bowler": "LH Ferguson", "runs": {"extras": 0, "total": 0, "batsman": 0}, "batsman": "KL Rahul"}}, {"1.4": {"non_striker": "CH Gayle", "bowler": "LH Ferguson", "runs": {"extras": 0, "total": 0, "batsman": 0}, "batsman": "KL Rahul", "wicket": {"player_out": "KL Rahul", "fielders": ["Kuldeep Yadav"], "kind": "caught"}}}, {"1.5": {"non_striker": "CH Gayle", "bowler": "LH Ferguson", "runs": {"extras": 0, "total": 1, "batsman": 1}, "batsman": "MA Agarwal"}}, {"1.6": {"non_striker": "MA Agarwal", "bowler": "LH Ferguson", "runs": {"extras": 0, "total": 0, "batsman": 0}, "batsman": "CH Gayle"}}, {"2.1": {"non_striker": "CH Gayle", "bowler": "M Prasidh Krishna", "runs": {"extras": 1, "total": 1, "batsman": 0}, "extras": {"wides": 1}, "batsman": "MA Agarwal"}}, {"2.2": {"non_striker": "CH Gayle", "bowler": "M Prasidh Krishna", "runs": {"extras": 0, "total": 4, "batsman": 4}, "batsman": "MA Agarwal"}}, {"2.3": {"non_striker": "CH Gayle", "bowler": "M Prasidh Krishna", "runs": {"extras": 0, "total": 4, "batsman": 4}, "batsman": "MA Agarwal"}}, {"2.4": {"non_striker": "CH Gayle", "bowler": "M Prasidh Krishna", "runs": {"extras": 0, "total": 0, "batsman": 0}, "batsman": "MA Agarwal"}}, {"2.5": {"non_striker": "CH Gayle", "bowler": "M Prasidh Krishna", "runs": {"extras": 0, "total": 0, "batsman": 0}, "batsman": "MA Agarwal"}}, {"2.6": {"non_striker": "CH Gayle", "bowler": "M Prasidh Krishna", "runs": {"extras": 0, "total": 0, "batsman": 0}, "batsman": "MA Agarwal"}}, {"2.7": {"non_striker": "CH Gayle", "bowler": "M Prasidh Krishna", "runs": {"extras": 0, "total": 4, "batsman": 4}, "batsman": "MA Agarwal"}}, {"3.1": {"non_striker": "MA Agarwal", "bowler": "LH Ferguson", "runs": {"extras": 0, "total": 0, "batsman": 0}, "batsman": "CH Gayle"}}, {"3.2": {"non_striker": "MA Agarwal", "bowler": "LH Ferguson", "runs": {"extras": 0, "total": 0, "batsman": 0}, "batsman": "CH Gayle"}}, {"3.3": {"non_striker": "MA Agarwal", "bowler": "LH Ferguson", "runs": {"extras": 1, "total": 1, "batsman": 0}, "extras": {"wides": 1}, "batsman": "CH Gayle"}}, {"3.4": {"non_striker": "MA Agarwal", "bowler": "LH Ferguson", "runs": {"extras": 0, "total": 0, "batsman": 0}, "batsman": "CH Gayle"}}, {"3.5": {"non_striker": "MA Agarwal", "bowler": "LH Ferguson", "runs": {"extras": 0, "total": 0, "batsman": 0}, "batsman": "CH Gayle"}}, {"3.6": {"non_striker": "MA Agarwal", "bowler": "LH Ferguson", "runs": {"extras": 0, "total": 4, "batsman": 4}, "batsman": "CH Gayle"}}, {"3.7": {"non_striker": "MA Agarwal", "bowler": "LH Ferguson", "runs": {"extras": 0, "total": 6, "batsman": 6}, "batsman": "CH Gayle"}}, {"4.1": {"non_striker": "CH Gayle", "bowler": "AD Russell", "runs": {"extras": 0, "total": 1, "batsman": 1}, "batsman": "MA Agarwal"}}, {"4.2": {"non_striker": "MA Agarwal", "bowler": "AD Russell", "runs": {"extras": 0, "total": 0, "batsman": 0}, "batsman": "CH Gayle", "wicket": {"player_out": "CH Gayle", "fielders": ["M Prasidh Krishna"], "kind": "caught"}}}, {"4.3": {"non_striker": "MA Agarwal", "bowler": "AD Russell", "runs": {"extras": 0, "total": 0, "batsman": 0}, "batsman": "SN Khan"}}, {"4.4": {"non_striker": "MA Agarwal", "bowler": "AD Russell", "runs": {"extras": 0, "total": 4, "batsman": 4}, "batsman": "SN Khan"}}, {"4.5": {"non_striker": "MA Agarwal", "bowler": "AD Russell", "runs": {"extras": 0, "total": 1, "batsman": 1}, "batsman": "SN Khan"}}, {"4.6": {"non_striker": "SN Khan", "bowler": "AD Russell", "runs": {"extras": 0, "total": 1, "batsman": 1}, "batsman": "MA Agarwal"}}, {"5.1": {"non_striker": "SN Khan", "bowler": "M Prasidh Krishna", "runs": {"extras": 0, "total": 5, "batsman": 5}, "batsman": "MA Agarwal"}}, {"5.2": {"non_striker": "MA Agarwal", "bowler": "M Prasidh Krishna", "runs": {"extras": 0, "total": 0, "batsman": 0}, "batsman": "SN Khan"}}, {"5.3": {"non_striker": "MA Agarwal", "bowler": "M Prasidh Krishna", "runs": {"extras": 0, "total": 0, "batsman": 0}, "batsman": "SN Khan"}}, {"5.4": {"non_striker": "MA Agarwal", "bowler": "M Prasidh Krishna", "runs": {"extras": 0, "total": 1, "batsman": 1}, "batsman": "SN Khan"}}, {"5.5": {"non_striker": "SN Khan", "bowler": "M Prasidh Krishna", "runs": {"extras": 0, "total": 1, "batsman": 1}, "batsman": "MA Agarwal"}}, {"5.6": {"non_striker": "MA Agarwal", "bowler": "M Prasidh Krishna", "runs": {"extras": 0, "total": 1, "batsman": 1}, "batsman": "SN Khan"}}, {"6.1": {"non_striker": "MA Agarwal", "bowler": "Kuldeep Yadav", "runs": {"extras": 0, "total": 0, "batsman": 0}, "batsman": "SN Khan"}}, {"6.2": {"non_striker": "MA Agarwal", "bowler": "Kuldeep Yadav", "runs": {"extras": 0, "total": 1, "batsman": 1}, "batsman": "SN Khan"}}, {"6.3": {"non_striker": "SN Khan", "bowler": "Kuldeep Yadav", "runs": {"extras": 0, "total": 1, "batsman": 1}, "batsman": "MA Agarwal"}}, {"6.4": {"non_striker": "MA Agarwal", "bowler": "Kuldeep Yadav", "runs": {"extras": 0, "total": 0, "batsman": 0}, "batsman": "SN Khan"}}, {"6.5": {"non_striker": "MA Agarwal", "bowler": "Kuldeep Yadav", "runs": {"extras": 0, "total": 1, "batsman": 1}, "batsman": "SN Khan"}}, {"6.6": {"non_striker": "SN Khan", "bowler": "Kuldeep Yadav", "runs": {"extras": 0, "total": 1, "batsman": 1}, "batsman": "MA Agarwal"}}, {"7.1": {"non_striker": "SN Khan", "bowler": "AD Russell", "runs": {"extras": 0, "total": 1, "batsman": 1}, "batsman": "MA Agarwal"}}, {"7.2": {"non_striker": "MA Agarwal", "bowler": "AD Russell", "runs": {"extras": 0, "total": 4, "batsman": 4}, "batsman": "SN Khan"}}, {"7.3": {"non_striker": "MA Agarwal", "bowler": "AD Russell", "runs": {"extras": 0, "total": 0, "batsman": 0}, "batsman": "SN Khan", "wicket": {"player_out": "SN Khan", "fielders": ["KD Karthik"], "kind": "caught"}}}, {"7.4": {"non_striker": "DA Miller", "bowler": "AD Russell", "runs": {"extras": 0, "total": 0, "batsman": 0}, "batsman": "MA Agarwal"}}, {"7.5": {"non_striker": "DA Miller", "bowler": "AD Russell", "runs": {"extras": 0, "total": 1, "batsman": 1}, "batsman": "MA Agarwal"}}, {"7.6": {"non_striker": "MA Agarwal", "bowler": "AD Russell", "runs": {"extras": 0, "total": 0, "batsman": 0}, "batsman": "DA Miller"}}, {"8.1": {"non_striker": "DA Miller", "bowler": "Kuldeep Yadav", "runs": {"extras": 0, "total": 1, "batsman": 1}, "batsman": "MA Agarwal"}}, {"8.2": {"non_striker": "MA Agarwal", "bowler": "Kuldeep Yadav", "runs": {"extras": 0, "total": 1, "batsman": 1}, "batsman": "DA Miller"}}, {"8.3": {"non_striker": "DA Miller", "bowler": "Kuldeep Yadav", "runs": {"extras": 1, "total": 1, "batsman": 0}, "extras": {"wides": 1}, "batsman": "MA Agarwal"}}, {"8.4": {"non_striker": "DA Miller", "bowler": "Kuldeep Yadav", "runs": {"extras": 0, "total": 1, "batsman": 1}, "batsman": "MA Agarwal"}}, {"8.5": {"non_striker": "MA Agarwal", "bowler": "Kuldeep Yadav", "runs": {"extras": 0, "total": 0, "batsman": 0}, "batsman": "DA Miller"}}, {"8.6": {"non_striker": "MA Agarwal", "bowler": "Kuldeep Yadav", "runs": {"extras": 0, "total": 4, "batsman": 4}, "batsman": "DA Miller"}}, {"8.7": {"non_striker": "MA Agarwal", "bowler": "Kuldeep Yadav", "runs": {"extras": 0, "total": 1, "batsman": 1}, "batsman": "DA Miller"}}, {"9.1": {"non_striker": "MA Agarwal", "bowler": "SP Narine", "runs": {"extras": 0, "total": 0, "batsman": 0}, "batsman": "DA Miller"}}, {"9.2": {"non_striker": "MA Agarwal", "bowler": "SP Narine", "runs": {"extras": 0, "total": 0, "batsman": 0}, "batsman": "DA Miller"}}, {"9.3": {"non_striker": "MA Agarwal", "bowler": "SP Narine", "runs": {"extras": 0, "total": 1, "batsman": 1}, "batsman": "DA Miller"}}, {"9.4": {"non_striker": "DA Miller", "bowler": "SP Narine", "runs": {"extras": 0, "total": 1, "batsman": 1}, "batsman": "MA Agarwal"}}, {"9.5": {"non_striker": "MA Agarwal", "bowler": "SP Narine", "runs": {"extras": 0, "total": 1, "batsman": 1}, "batsman": "DA Miller"}}, {"9.6": {"non_striker": "DA Miller", "bowler": "SP Narine", "runs": {"extras": 0, "total": 4, "batsman": 4}, "batsman": "MA Agarwal"}}, {"10.1": {"non_striker": "MA Agarwal", "bowler": "Kuldeep Yadav", "runs": {"extras": 0, "total": 0, "batsman": 0}, "batsman": "DA Miller"}}, {"10.2": {"non_striker": "MA Agarwal", "bowler": "Kuldeep Yadav", "runs": {"extras": 0, "total": 1, "batsman": 1}, "batsman": "DA Miller"}}, {"10.3": {"non_striker": "DA Miller", "bowler": "Kuldeep Yadav", "runs": {"extras": 1, "total": 1, "batsman": 0}, "extras": {"wides": 1}, "batsman": "MA Agarwal"}}, {"10.4": {"non_striker": "DA Miller", "bowler": "Kuldeep Yadav", "runs": {"extras": 0, "total": 1, "batsman": 1}, "batsman": "MA Agarwal"}}, {"10.5": {"non_striker": "MA Agarwal", "bowler": "Kuldeep Yadav", "runs": {"extras": 0, "total": 0, "batsman": 0}, "batsman": "DA Miller"}}, {"10.6": {"non_striker": "MA Agarwal", "bowler": "Kuldeep Yadav", "runs": {"extras": 0, "total": 6, "batsman": 6}, "batsman": "DA Miller"}}, {"10.7": {"non_striker": "MA Agarwal", "bowler": "Kuldeep Yadav", "runs": {"extras": 0, "total": 1, "batsman": 1}, "batsman": "DA Miller"}}, {"11.1": {"non_striker": "MA Agarwal", "bowler": "SP Narine", "runs": {"extras": 0, "total": 0, "batsman": 0}, "batsman": "DA Miller"}}, {"11.2": {"non_striker": "MA Agarwal", "bowler": "SP Narine", "runs": {"extras": 0, "total": 6, "batsman": 6}, "batsman": "DA Miller"}}, {"11.3": {"non_striker": "MA Agarwal", "bowler": "SP Narine", "runs": {"extras": 0, "total": 4, "batsman": 4}, "batsman": "DA Miller"}}, {"11.4": {"non_striker": "MA Agarwal", "bowler": "SP Narine", "runs": {"extras": 0, "total": 1, "batsman": 1}, "batsman": "DA Miller"}}, {"11.5": {"non_striker": "DA Miller", "bowler": "SP Narine", "runs": {"extras": 0, "total": 4, "batsman": 4}, "batsman": "MA Agarwal"}}, {"11.6": {"non_striker": "DA Miller", "bowler": "SP Narine", "runs": {"extras": 0, "total": 4, "batsman": 4}, "batsman": "MA Agarwal"}}, {"12.1": {"non_striker": "MA Agarwal", "bowler": "PP Chawla", "runs": {"extras": 0, "total": 1, "batsman": 1}, "batsman": "DA Miller"}}, {"12.2": {"non_striker": "DA Miller", "bowler": "PP Chawla", "runs": {"extras": 0, "total": 6, "batsman": 6}, "batsman": "MA Agarwal"}}, {"12.3": {"non_striker": "DA Miller", "bowler": "PP Chawla", "runs": {"extras": 1, "total": 1, "batsman": 0}, "extras": {"legbyes": 1}, "batsman": "MA Agarwal"}}, {"12.4": {"non_striker": "MA Agarwal", "bowler": "PP Chawla", "runs": {"extras": 0, "total": 0, "batsman": 0}, "batsman": "DA Miller"}}, {"12.5": {"non_striker": "MA Agarwal", "bowler": "PP Chawla", "runs": {"extras": 0, "total": 0, "batsman": 0}, "batsman": "DA Miller"}}, {"12.6": {"non_striker": "MA Agarwal", "bowler": "PP Chawla", "runs": {"extras": 0, "total": 2, "batsman": 2}, "batsman": "DA Miller"}}, {"13.1": {"non_striker": "DA Miller", "bowler": "AD Russell", "runs": {"extras": 0, "total": 2, "batsman": 2}, "batsman": "MA Agarwal"}}, {"13.2": {"non_striker": "DA Miller", "bowler": "AD Russell", "runs": {"extras": 0, "total": 0, "batsman": 0}, "batsman": "MA Agarwal"}}, {"13.3": {"non_striker": "DA Miller", "bowler": "AD Russell", "runs": {"extras": 0, "total": 2, "batsman": 2}, "batsman": "MA Agarwal"}}, {"13.4": {"non_striker": "DA Miller", "bowler": "AD Russell", "runs": {"extras": 0, "total": 2, "batsman": 2}, "batsman": "MA Agarwal"}}, {"13.5": {"non_striker": "DA Miller", "bowler": "AD Russell", "runs": {"extras": 0, "total": 0, "batsman": 0}, "batsman": "MA Agarwal"}}, {"13.6": {"non_striker": "DA Miller", "bowler": "AD Russell", "runs": {"extras": 0, "total": 2, "batsman": 2}, "batsman": "MA Agarwal"}}, {"14.1": {"non_striker": "MA Agarwal", "bowler": "Kuldeep Yadav", "runs": {"extras": 0, "total": 0, "batsman": 0}, "batsman": "DA Miller"}}, {"14.2": {"non_striker": "MA Agarwal", "bowler": "Kuldeep Yadav", "runs": {"extras": 0, "total": 1, "batsman": 1}, "batsman": "DA Miller"}}, {"14.3": {"non_striker": "DA Miller", "bowler": "Kuldeep Yadav", "runs": {"extras": 0, "total": 2, "batsman": 2}, "batsman": "MA Agarwal"}}, {"14.4": {"non_striker": "DA Miller", "bowler": "Kuldeep Yadav", "runs": {"extras": 0, "total": 1, "batsman": 1}, "batsman": "MA Agarwal"}}, {"14.5": {"non_striker": "MA Agarwal", "bowler": "Kuldeep Yadav", "runs": {"extras": 0, "total": 4, "batsman": 4}, "batsman": "DA Miller"}}, {"14.6": {"non_striker": "MA Agarwal", "bowler": "Kuldeep Yadav", "runs": {"extras": 0, "total": 1, "batsman": 1}, "batsman": "DA Miller"}}, {"15.1": {"non_striker": "MA Agarwal", "bowler": "PP Chawla", "runs": {"extras": 0, "total": 1, "batsman": 1}, "batsman": "DA Miller"}}, {"15.2": {"non_striker": "DA Miller", "bowler": "PP Chawla", "runs": {"extras": 0, "total": 0, "batsman": 0}, "batsman": "MA Agarwal", "wicket": {"player_out": "MA Agarwal", "kind": "bowled"}}}, {"15.3": {"non_striker": "DA Miller", "bowler": "PP Chawla", "runs": {"extras": 0, "total": 1, "batsman": 1}, "batsman": "Mandeep Singh"}}, {"15.4": {"non_striker": "Mandeep Singh", "bowler": "PP Chawla", "runs": {"extras": 0, "total": 1, "batsman": 1}, "batsman": "DA Miller"}}, {"15.5": {"non_striker": "DA Miller", "bowler": "PP Chawla", "runs": {"extras": 0, "total": 1, "batsman": 1}, "batsman": "Mandeep Singh"}}, {"15.6": {"non_striker": "Mandeep Singh", "bowler": "PP Chawla", "runs": {"extras": 0, "total": 0, "batsman": 0}, "batsman": "DA Miller"}}, {"16.1": {"non_striker": "DA Miller", "bowler": "LH Ferguson", "runs": {"extras": 0, "total": 6, "batsman": 6}, "batsman": "Mandeep Singh"}}, {"16.2": {"non_striker": "DA Miller", "bowler": "LH Ferguson", "runs": {"extras": 0, "total": 1, "batsman": 1}, "batsman": "Mandeep Singh"}}, {"16.3": {"non_striker": "Mandeep Singh", "bowler": "LH Ferguson", "runs": {"extras": 0, "total": 4, "batsman": 4}, "batsman": "DA Miller"}}, {"16.4": {"non_striker": "Mandeep Singh", "bowler": "LH Ferguson", "runs": {"extras": 0, "total": 1, "batsman": 1}, "batsman": "DA Miller"}}, {"16.5": {"non_striker": "DA Miller", "bowler": "LH Ferguson", "runs": {"extras": 0, "total": 2, "batsman": 2}, "batsman": "Mandeep Singh"}}, {"16.6": {"non_striker": "DA Miller", "bowler": "LH Ferguson", "runs": {"extras": 0, "total": 1, "batsman": 1}, "batsman": "Mandeep Singh"}}, {"17.1": {"non_striker": "DA Miller", "bowler": "M Prasidh Krishna", "runs": {"extras": 0, "total": 0, "batsman": 0}, "batsman": "Mandeep Singh"}}, {"17.2": {"non_striker": "DA Miller", "bowler": "M Prasidh Krishna", "runs": {"extras": 0, "total": 1, "batsman": 1}, "batsman": "Mandeep Singh"}}, {"17.3": {"non_striker": "Mandeep Singh", "bowler": "M Prasidh Krishna", "runs": {"extras": 0, "total": 4, "batsman": 4}, "batsman": "DA Miller"}}, {"17.4": {"non_striker": "Mandeep Singh", "bowler": "M Prasidh Krishna", "runs": {"extras": 0, "total": 0, "batsman": 0}, "batsman": "DA Miller"}}, {"17.5": {"non_striker": "Mandeep Singh", "bowler": "M Prasidh Krishna", "runs": {"extras": 0, "total": 1, "batsman": 1}, "batsman": "DA Miller"}}, {"17.6": {"non_striker": "DA Miller", "bowler": "M Prasidh Krishna", "runs": {"extras": 0, "total": 4, "batsman": 4}, "batsman": "Mandeep Singh"}}, {"18.1": {"non_striker": "Mandeep Singh", "bowler": "LH Ferguson", "runs": {"extras": 1, "total": 1, "batsman": 0}, "extras": {"wides": 1}, "batsman": "DA Miller"}}, {"18.2": {"non_striker": "Mandeep Singh", "bowler": "LH Ferguson", "runs": {"extras": 0, "total": 1, "batsman": 1}, "batsman": "DA Miller"}}, {"18.3": {"non_striker": "DA Miller", "bowler": "LH Ferguson", "runs": {"extras": 0, "total": 4, "batsman": 4}, "batsman": "Mandeep Singh"}}, {"18.4": {"non_striker": "DA Miller", "bowler": "LH Ferguson", "runs": {"extras": 0, "total": 1, "batsman": 1}, "batsman": "Mandeep Singh"}}, {"18.5": {"non_striker": "Mandeep Singh", "bowler": "LH Ferguson", "runs": {"extras": 0, "total": 2, "batsman": 2}, "batsman": "DA Miller"}}, {"18.6": {"non_striker": "Mandeep Singh", "bowler": "LH Ferguson", "runs": {"extras": 0, "total": 6, "batsman": 6}, "batsman": "DA Miller"}}, {"18.7": {"non_striker": "Mandeep Singh", "bowler": "LH Ferguson", "runs": {"extras": 0, "total": 0, "batsman": 0}, "batsman": "DA Miller"}}, {"19.1": {"non_striker": "DA Miller", "bowler": "PP Chawla", "runs": {"extras": 0, "total": 4, "batsman": 4}, "batsman": "Mandeep Singh"}}, {"19.2": {"non_striker": "DA Miller", "bowler": "PP Chawla", "runs": {"extras": 0, "total": 2, "batsman": 2}, "batsman": "Mandeep Singh"}}, {"19.3": {"non_striker": "DA Miller", "bowler": "PP Chawla", "runs": {"extras": 0, "total": 4, "batsman": 4}, "batsman": "Mandeep Singh"}}, {"19.4": {"non_striker": "DA Miller", "bowler": "PP Chawla", "runs": {"extras": 0, "total": 1, "batsman": 1}, "batsman": "Mandeep Singh"}}, {"19.5": {"non_striker": "Mandeep Singh", "bowler": "PP Chawla", "runs": {"extras": 0, "total": 2, "batsman": 2}, "batsman": "DA Miller"}}, {"19.6": {"non_striker": "Mandeep Singh", "bowler": "PP Chawla", "runs": {"extras": 0, "total": 0, "batsman": 0}, "batsman": "DA Miller"}}]