[{"0.1": {"non_striker": "S Dhawan", "bowler": "M Prasidh Krishna", "runs": {"extras": 0, "total": 0, "batsman": 0}, "batsman": "PP Shaw"}}, {"0.2": {"non_striker": "S Dhawan", "bowler": "M Prasidh Krishna", "runs": {"extras": 0, "total": 0, "batsman": 0}, "batsman": "PP Shaw"}}, {"0.3": {"non_striker": "S Dhawan", "bowler": "M Prasidh Krishna", "runs": {"extras": 0, "total": 1, "batsman": 1}, "batsman": "PP Shaw"}}, {"0.4": {"non_striker": "PP Shaw", "bowler": "M Prasidh Krishna", "runs": {"extras": 0, "total": 0, "batsman": 0}, "batsman": "S Dhawan"}}, {"0.5": {"non_striker": "PP Shaw", "bowler": "M Prasidh Krishna", "runs": {"extras": 0, "total": 1, "batsman": 1}, "batsman": "S Dhawan"}}, {"0.6": {"non_striker": "S Dhawan", "bowler": "M Prasidh Krishna", "runs": {"extras": 0, "total": 4, "batsman": 4}, "batsman": "PP Shaw"}}, {"1.1": {"non_striker": "PP Shaw", "bowler": "LH Ferguson", "runs": {"extras": 0, "total": 0, "batsman": 0}, "batsman": "S Dhawan"}}, {"1.2": {"non_striker": "PP Shaw", "bowler": "LH Ferguson", "runs": {"extras": 0, "total": 1, "batsman": 1}, "batsman": "S Dhawan"}}, {"1.3": {"non_striker": "S Dhawan", "bowler": "LH Ferguson", "runs": {"extras": 0, "total": 0, "batsman": 0}, "batsman": "PP Shaw"}}, {"1.4": {"non_striker": "S Dhawan", "bowler": "LH Ferguson", "runs": {"extras": 0, "total": 4, "batsman": 4}, "batsman": "PP Shaw"}}, {"1.5": {"non_striker": "S Dhawan", "bowler": "LH Ferguson", "runs": {"extras": 0, "total": 1, "batsman": 1}, "batsman": "PP Shaw"}}, {"1.6": {"non_striker": "PP Shaw", "bowler": "LH Ferguson", "runs": {"extras": 0, "total": 4, "batsman": 4}, "batsman": "S Dhawan"}}, {"2.1": {"non_striker": "S Dhawan", "bowler": "PP Chawla", "runs": {"extras": 0, "total": 1, "batsman": 1}, "batsman": "PP Shaw"}}, {"2.2": {"non_striker": "PP Shaw", "bowler": "PP Chawla", "runs": {"extras": 0, "total": 4, "batsman": 4}, "batsman": "S Dhawan"}}, {"2.3": {"non_striker": "PP Shaw", "bowler": "PP Chawla", "runs": {"extras": 0, "total": 6, "batsman": 6}, "batsman": "S Dhawan"}}, {"2.4": {"non_striker": "PP Shaw", "bowler": "PP Chawla", "runs": {"extras": 0, "total": 0, "batsman": 0}, "batsman": "S Dhawan", "wicket": {"player_out": "S Dhawan", "fielders": ["AD Russell"], "kind": "caught"}}}, {"2.5": {"non_striker": "PP Shaw", "bowler": "PP Chawla", "runs": {"extras": 0, "total": 0, "batsman": 0}, "batsman": "SS Iyer"}}, {"2.6": {"non_striker": "PP Shaw", "bowler": "PP Chawla", "runs": {"extras": 0, "total": 0, "batsman": 0}, "batsman": "SS Iyer"}}, {"3.1": {"non_striker": "SS Iyer", "bowler": "AD Russell", "runs": {"extras": 0, "total": 0, "batsman": 0}, "batsman": "PP Shaw"}}, {"3.2": {"non_striker": "SS Iyer", "bowler": "AD Russell", "runs": {"extras": 0, "total": 1, "batsman": 1}, "batsman": "PP Shaw"}}, {"3.3": {"non_striker": "PP Shaw", "bowler": "AD Russell", "runs": {"extras": 0, "total": 0, "batsman": 0}, "batsman": "SS Iyer"}}, {"3.4": {"non_striker": "PP Shaw", "bowler": "AD Russell", "runs": {"extras": 0, "total": 0, "batsman": 0}, "batsman": "SS Iyer"}}, {"3.5": {"non_striker": "PP Shaw", "bowler": "AD Russell", "runs": {"extras": 0, "total": 0, "batsman": 0}, "batsman": "SS Iyer"}}, {"3.6": {"non_striker": "PP Shaw", "bowler": "AD Russell", "runs": {"extras": 0, "total": 1, "batsman": 1}, "batsman": "SS Iyer"}}, {"4.1": {"non_striker": "PP Shaw", "bowler": "M Prasidh Krishna", "runs": {"extras": 0, "total": 0, "batsman": 0}, "batsman": "SS Iyer"}}, {"4.2": {"non_striker": "PP Shaw", "bowler": "M Prasidh Krishna", "runs": {"extras": 0, "total": 1, "batsman": 1}, "batsman": "SS Iyer"}}, {"4.3": {"non_striker": "SS Iyer", "bowler": "M Prasidh Krishna", "runs": {"extras": 0, "total": 0, "batsman": 0}, "batsman": "PP Shaw"}}, {"4.4": {"non_striker": "SS Iyer", "bowler": "M Prasidh Krishna", "runs": {"extras": 0, "total": 1, "batsman": 1}, "batsman": "PP Shaw"}}, {"4.5": {"non_striker": "PP Shaw", "bowler": "M Prasidh Krishna", "runs": {"extras": 1, "total": 1, "batsman": 0}, "extras": {"wides": 1}, "batsman": "SS Iyer"}}, {"4.6": {"non_striker": "PP Shaw", "bowler": "M Prasidh Krishna", "runs": {"extras": 0, "total": 1, "batsman": 1}, "batsman": "SS Iyer"}}, {"4.7": {"non_striker": "SS Iyer", "bowler": "M Prasidh Krishna", "runs": {"extras": 0, "total": 0, "batsman": 0}, "batsman": "PP Shaw"}}, {"5.1": {"non_striker": "PP Shaw", "bowler": "AD Russell", "runs": {"extras": 0, "total": 1, "batsman": 1}, "batsman": "SS Iyer"}}, {"5.2": {"non_striker": "SS Iyer", "bowler": "AD Russell", "runs": {"extras": 0, "total": 4, "batsman": 4}, "batsman": "PP Shaw"}}, {"5.3": {"non_striker": "SS Iyer", "bowler": "AD Russell", "runs": {"extras": 0, "total": 6, "batsman": 6}, "batsman": "PP Shaw"}}, {"5.4": {"non_striker": "SS Iyer", "bowler": "AD Russell", "runs": {"extras": 0, "total": 0, "batsman": 0}, "batsman": "PP Shaw"}}, {"5.5": {"non_striker": "SS Iyer", "bowler": "AD Russell", "runs": {"extras": 0, "total": 1, "batsman": 1}, "batsman": "PP Shaw"}}, {"5.6": {"non_striker": "PP Shaw", "bowler": "AD Russell", "runs": {"extras": 0, "total": 0, "batsman": 0}, "batsman": "SS Iyer"}}, {"6.1": {"non_striker": "SS Iyer", "bowler": "PP Chawla", "runs": {"extras": 0, "total": 1, "batsman": 1}, "batsman": "PP Shaw"}}, {"6.2": {"non_striker": "PP Shaw", "bowler": "PP Chawla", "runs": {"extras": 0, "total": 1, "batsman": 1}, "batsman": "SS Iyer"}}, {"6.3": {"non_striker": "SS Iyer", "bowler": "PP Chawla", "runs": {"extras": 0, "total": 1, "batsman": 1}, "batsman": "PP Shaw"}}, {"6.4": {"non_striker": "PP Shaw", "bowler": "PP Chawla", "runs": {"extras": 0, "total": 1, "batsman": 1}, "batsman": "SS Iyer"}}, {"6.5": {"non_striker": "SS Iyer", "bowler": "PP Chawla", "runs": {"extras": 0, "total": 1, "batsman": 1}, "batsman": "PP Shaw"}}, {"6.6": {"non_striker": "PP Shaw", "bowler": "PP Chawla", "runs": {"extras": 0, "total": 1, "batsman": 1}, "batsman": "SS Iyer"}}, {"7.1": {"non_striker": "PP Shaw", "bowler": "Kuldeep Yadav", "runs": {"extras": 0, "total": 0, "batsman": 0}, "batsman": "SS Iyer"}}, {"7.2": {"non_striker": "PP Shaw", "bowler": "Kuldeep Yadav", "runs": {"extras": 0, "total": 1, "batsman": 1}, "batsman": "SS Iyer"}}, {"7.3": {"non_striker": "SS Iyer", "bowler": "Kuldeep Yadav", "runs": {"extras": 0, "total": 1, "batsman": 1}, "batsman": "PP Shaw"}}, {"7.4": {"non_striker": "PP Shaw", "bowler": "Kuldeep Yadav", "runs": {"extras": 0, "total": 4, "batsman": 4}, "batsman": "SS Iyer"}}, {"7.5": {"non_striker": "PP Shaw", "bowler": "Kuldeep Yadav", "runs": {"extras": 0, "total": 1, "batsman": 1}, "batsman": "SS Iyer"}}, {"7.6": {"non_striker": "SS Iyer", "bowler": "Kuldeep Yadav", "runs": {"extras": 0, "total": 6, "batsman": 6}, "batsman": "PP Shaw"}}, {"8.1": {"non_striker": "PP Shaw", "bowler": "PP Chawla", "runs": {"extras": 0, "total": 1, "batsman": 1}, "batsman": "SS Iyer"}}, {"8.2": {"non_striker": "SS Iyer", "bowler": "PP Chawla", "runs": {"extras": 0, "total": 1, "batsman": 1}, "batsman": "PP Shaw"}}, {"8.3": {"non_striker": "PP Shaw", "bowler": "PP Chawla", "runs": {"extras": 0, "total": 6, "batsman": 6}, "batsman": "SS Iyer"}}, {"8.4": {"non_striker": "PP Shaw", "bowler": "PP Chawla", "runs": {"extras": 0, "total": 1, "batsman": 1}, "batsman": "SS Iyer"}}, {"8.5": {"non_striker": "SS Iyer", "bowler": "PP Chawla", "runs": {"extras": 0, "total": 1, "batsman": 1}, "batsman": "PP Shaw"}}, {"8.6": {"non_striker": "PP Shaw", "bowler": "PP Chawla", "runs": {"extras": 0, "total": 1, "batsman": 1}, "batsman": "SS Iyer"}}, {"9.1": {"non_striker": "PP Shaw", "bowler": "LH Ferguson", "runs": {"extras": 0, "total": 0, "batsman": 0}, "batsman": "SS Iyer"}}, {"9.2": {"non_striker": "PP Shaw", "bowler": "LH Ferguson", "runs": {"extras": 0, "total": 4, "batsman": 4}, "batsman": "SS Iyer"}}, {"9.3": {"non_striker": "PP Shaw", "bowler": "LH Ferguson", "runs": {"extras": 0, "total": 0, "batsman": 0}, "batsman": "SS Iyer"}}, {"9.4": {"non_striker": "PP Shaw", "bowler": "LH Ferguson", "runs": {"extras": 1, "total": 1, "batsman": 0}, "extras": {"wides": 1}, "batsman": "SS Iyer"}}, {"9.5": {"non_striker": "PP Shaw", "bowler": "LH Ferguson", "runs": {"extras": 0, "total": 1, "batsman": 1}, "batsman": "SS Iyer"}}, {"9.6": {"non_striker": "SS Iyer", "bowler": "LH Ferguson", "runs": {"extras": 0, "total": 0, "batsman": 0}, "batsman": "PP Shaw"}}, {"9.7": {"non_striker": "SS Iyer", "bowler": "LH Ferguson", "runs": {"extras": 0, "total": 1, "batsman": 1}, "batsman": "PP Shaw"}}, {"10.1": {"non_striker": "SS Iyer", "bowler": "Kuldeep Yadav", "runs": {"extras": 0, "total": 1, "batsman": 1}, "batsman": "PP Shaw"}}, {"10.2": {"non_striker": "PP Shaw", "bowler": "Kuldeep Yadav", "runs": {"extras": 0, "total": 6, "batsman": 6}, "batsman": "SS Iyer"}}, {"10.3": {"non_striker": "PP Shaw", "bowler": "Kuldeep Yadav", "runs": {"extras": 0, "total": 1, "batsman": 1}, "batsman": "SS Iyer"}}, {"10.4": {"non_striker": "SS Iyer", "bowler": "Kuldeep Yadav", "runs": {"extras": 0, "total": 6, "batsman": 6}, "batsman": "PP Shaw"}}, {"10.5": {"non_striker": "SS Iyer", "bowler": "Kuldeep Yadav", "runs": {"extras": 0, "total": 2, "batsman": 2}, "batsman": "PP Shaw"}}, {"10.6": {"non_striker": "SS Iyer", "bowler": "Kuldeep Yadav", "runs": {"extras": 0, "total": 4, "batsman": 4}, "batsman": "PP Shaw"}}, {"11.1": {"non_striker": "PP Shaw", "bowler": "AD Russell", "runs": {"extras": 0, "total": 1, "batsman": 1}, "batsman": "SS Iyer"}}, {"11.2": {"non_striker": "SS Iyer", "bowler": "AD Russell", "runs": {"extras": 0, "total": 4, "batsman": 4}, "batsman": "PP Shaw"}}, {"11.3": {"non_striker": "SS Iyer", "bowler": "AD Russell", "runs": {"extras": 0, "total": 1, "batsman": 1}, "batsman": "PP Shaw"}}, {"11.4": {"non_striker": "PP Shaw", "bowler": "AD Russell", "runs": {"extras": 0, "total": 4, "batsman": 4}, "batsman": "SS Iyer"}}, {"11.5": {"non_striker": "PP Shaw", "bowler": "AD Russell", "runs": {"extras": 0, "total": 4, "batsman": 4}, "batsman": "SS Iyer"}}, {"11.6": {"non_striker": "PP Shaw", "bowler": "AD Russell", "runs": {"extras": 0, "total": 0, "batsman": 0}, "batsman": "SS Iyer", "wicket": {"player_out": "SS Iyer", "fielders": ["Shubman Gill"], "kind": "caught"}}}, {"12.1": {"non_striker": "RR Pant", "bowler": "N Rana", "runs": {"extras": 0, "total": 4, "batsman": 4}, "batsman": "PP Shaw"}}, {"12.2": {"non_striker": "RR Pant", "bowler": "N Rana", "runs": {"extras": 0, "total": 1, "batsman": 1}, "batsman": "PP Shaw"}}, {"12.3": {"non_striker": "PP Shaw", "bowler": "N Rana", "runs": {"extras": 0, "total": 0, "batsman": 0}, "batsman": "RR Pant"}}, {"12.4": {"non_striker": "PP Shaw", "bowler": "N Rana", "runs": {"extras": 1, "total": 1, "batsman": 0}, "extras": {"legbyes": 1}, "batsman": "RR Pant"}}, {"12.5": {"non_striker": "RR Pant", "bowler": "N Rana", "runs": {"extras": 0, "total": 1, "batsman": 1}, "batsman": "PP Shaw"}}, {"12.6": {"non_striker": "PP Shaw", "bowler": "N Rana", "runs": {"extras": 0, "total": 2, "batsman": 2}, "batsman": "RR Pant"}}, {"13.1": {"non_striker": "RR Pant", "bowler": "M Prasidh Krishna", "runs": {"extras": 0, "total": 0, "batsman": 0}, "batsman": "PP Shaw"}}, {"13.2": {"non_striker": "RR Pant", "bowler": "M Prasidh Krishna", "runs": {"extras": 0, "total": 1, "batsman": 1}, "batsman": "PP Shaw"}}, {"13.3": {"non_striker": "PP Shaw", "bowler": "M Prasidh Krishna", "runs": {"extras": 0, "total": 1, "batsman": 1}, "batsman": "RR Pant"}}, {"13.4": {"non_striker": "RR Pant", "bowler": "M Prasidh Krishna", "runs": {"extras": 0, "total": 1, "batsman": 1}, "batsman": "PP Shaw"}}, {"13.5": {"non_striker": "PP Shaw", "bowler": "M Prasidh Krishna", "runs": {"extras": 0, "total": 4, "batsman": 4}, "batsman": "RR Pant"}}, {"13.6": {"non_striker": "PP Shaw", "bowler": "M Prasidh Krishna", "runs": {"extras": 0, "total": 0, "batsman": 0}, "batsman": "RR Pant"}}, {"14.1": {"non_striker": "RR Pant", "bowler": "PP Chawla", "runs": {"extras": 0, "total": 1, "batsman": 1}, "batsman": "PP Shaw"}}, {"14.2": {"non_striker": "PP Shaw", "bowler": "PP Chawla", "runs": {"extras": 0, "total": 0, "batsman": 0}, "batsman": "RR Pant"}}, {"14.3": {"non_striker": "PP Shaw", "bowler": "PP Chawla", "runs": {"extras": 0, "total": 0, "batsman": 0}, "batsman": "RR Pant"}}, {"14.4": {"non_striker": "PP Shaw", "bowler": "PP Chawla", "runs": {"extras": 0, "total": 1, "batsman": 1}, "batsman": "RR Pant"}}, {"14.5": {"non_striker": "RR Pant", "bowler": "PP Chawla", "runs": {"extras": 0, "total": 4, "batsman": 4}, "batsman": "PP Shaw"}}, {"14.6": {"non_striker": "RR Pant", "bowler": "PP Chawla", "runs": {"extras": 0, "total": 2, "batsman": 2}, "batsman": "PP Shaw"}}, {"15.1": {"non_striker": "PP Shaw", "bowler": "LH Ferguson", "runs": {"extras": 0, "total": 1, "batsman": 1}, "batsman": "RR Pant"}}, {"15.2": {"non_striker": "RR Pant", "bowler": "LH Ferguson", "runs": {"extras": 0, "total": 4, "batsman": 4}, "batsman": "PP Shaw"}}, {"15.3": {"non_striker": "RR Pant", "bowler": "LH Ferguson", "runs": {"extras": 0, "total": 0, "batsman": 0}, "batsman": "PP Shaw"}}, {"15.4": {"non_striker": "RR Pant", "bowler": "LH Ferguson", "runs": {"extras": 0, "total": 4, "batsman": 4}, "batsman": "PP Shaw"}}, {"15.5": {"non_striker": "RR Pant", "bowler": "LH Ferguson", "runs": {"extras": 0, "total": 2, "batsman": 2}, "batsman": "PP Shaw"}}, {"15.6": {"non_striker": "RR Pant", "bowler": "LH Ferguson", "runs": {"extras": 0, "total": 1, "batsman": 1}, "batsman": "PP Shaw"}}, {"16.1": {"non_striker": "RR Pant", "bowler": "M Prasidh Krishna", "runs": {"extras": 0, "total": 4, "batsman": 4}, "batsman": "PP Shaw"}}, {"16.2": {"non_striker": "RR Pant", "bowler": "M Prasidh Krishna", "runs": {"extras": 0, "total": 2, "batsman": 2}, "batsman": "PP Shaw"}}, {"16.3": {"non_striker": "RR Pant", "bowler": "M Prasidh Krishna", "runs": {"extras": 0, "total": 4, "batsman": 4}, "batsman": "PP Shaw"}}, {"16.4": {"non_striker": "RR Pant", "bowler": "M Prasidh Krishna", "runs": {"extras": 0, "total": 4, "batsman": 4}, "batsman": "PP Shaw"}}, {"16.5": {"non_striker": "RR Pant", "bowler": "M Prasidh Krishna", "runs": {"extras": 0, "total": 1, "batsman": 1}, "batsman": "PP Shaw"}}, {"16.6": {"non_striker": "PP Shaw", "bowler": "M Prasidh Krishna", "runs": {"extras": 0, "total": 1, "batsman": 1}, "batsman": "RR Pant"}}, {"17.1": {"non_striker": "PP Shaw", "bowler": "Kuldeep Yadav", "runs": {"extras": 0, "total": 1, "batsman": 1}, "batsman": "RR Pant"}}, {"17.2": {"non_striker": "RR Pant", "bowler": "Kuldeep Yadav", "runs": {"extras": 0, "total": 1, "batsman": 1}, "batsman": "PP Shaw"}}, {"17.3": {"non_striker": "PP Shaw", "bowler": "Kuldeep Yadav", "runs": {"extras": 0, "total": 0, "batsman": 0}, "batsman": "RR Pant"}}, {"17.4": {"non_striker": "PP Shaw", "bowler": "Kuldeep Yadav", "runs": {"extras": 0, "total": 0, "batsman": 0}, "batsman": "RR Pant"}}, {"17.5": {"non_striker": "PP Shaw", "bowler": "Kuldeep Yadav", "runs": {"extras": 0, "total": 0, "batsman": 0}, "batsman": "RR Pant", "wicket": {"player_out": "RR Pant", "fielders": ["PP Chawla"], "kind": "caught"}}}, {"17.6": {"non_striker": "CA Ingram", "bowler": "Kuldeep Yadav", "runs": {"extras": 0, "total": 1, "batsman": 1}, "batsman": "PP Shaw"}}, {"18.1": {"non_striker": "CA Ingram", "bowler": "LH Ferguson", "runs": {"extras": 1, "total": 1, "batsman": 0}, "extras": {"wides": 1}, "batsman": "PP Shaw"}}, {"18.2": {"non_striker": "CA Ingram", "bowler": "LH Ferguson", "runs": {"extras": 0, "total": 1, "batsman": 1}, "batsman": "PP Shaw"}}, {"18.3": {"non_striker": "PP Shaw", "bowler": "LH Ferguson", "runs": {"extras": 0, "total": 1, "batsman": 1}, "batsman": "CA Ingram"}}, {"18.4": {"non_striker": "CA Ingram", "bowler": "LH Ferguson", "runs": {"extras": 0, "total": 0, "batsman": 0}, "batsman": "PP Shaw", "wicket": {"player_out": "PP Shaw", "fielders": ["KD Karthik"], "kind": "caught"}}}, {"18.5": {"non_striker": "GH Vihari", "bowler": "LH Ferguson", "runs": {"extras": 0, "total": 4, "batsman": 4}, "batsman": "CA Ingram"}}, {"18.6": {"non_striker": "GH Vihari", "bowler": "LH Ferguson", "runs": {"extras": 0, "total": 1, "batsman": 1}, "batsman": "CA Ingram"}}, {"18.7": {"non_striker": "CA Ingram", "bowler": "LH Ferguson", "runs": {"extras": 0, "total": 1, "batsman": 1}, "batsman": "GH Vihari"}}, {"19.1": {"non_striker": "CA Ingram", "bowler": "Kuldeep Yadav", "runs": {"extras": 0, "total": 1, "batsman": 1}, "batsman": "GH Vihari"}}, {"19.2": {"non_striker": "GH Vihari", "bowler": "Kuldeep Yadav", "runs": {"extras": 0, "total": 2, "batsman": 2}, "batsman": "CA Ingram"}}, {"19.3": {"non_striker": "GH Vihari", "bowler": "Kuldeep Yadav", "runs": {"extras": 0, "total": 0, "batsman": 0}, "batsman": "CA Ingram"}}, {"19.4": {"non_striker": "GH Vihari", "bowler": "Kuldeep Yadav", "runs": {"extras": 0, "total": 1, "batsman": 1}, "batsman": "CA Ingram"}}, {"19.5": {"non_striker": "CA Ingram", "bowler": "Kuldeep Yadav", "runs": {"extras": 0, "total": 0, "batsman": 0}, "batsman": "GH Vihari", "wicket": {"player_out": "GH Vihari", "fielders": ["Shubman Gill"], "kind": "caught"}}}, {"19.6": {"non_striker": "HV Patel", "bowler": "Kuldeep Yadav", "runs": {"extras": 0, "total": 1, "batsman": 1}, "batsman": "CA Ingram", "wicket": {"player_out": "CA Ingram", "kind": "run out"}}}]