[{"0.1": {"non_striker": "S Dhawan", "bowler": "R Ashwin", "runs": {"extras": 0, "total": 0, "batsman": 0}, "batsman": "PP Shaw", "wicket": {"player_out": "PP Shaw", "fielders": ["KL Rahul"], "kind": "caught"}}}, {"0.2": {"non_striker": "S Dhawan", "bowler": "R Ashwin", "runs": {"extras": 0, "total": 1, "batsman": 1}, "batsman": "SS Iyer"}}, {"0.3": {"non_striker": "SS Iyer", "bowler": "R Ashwin", "runs": {"extras": 0, "total": 0, "batsman": 0}, "batsman": "S Dhawan"}}, {"0.4": {"non_striker": "SS Iyer", "bowler": "R Ashwin", "runs": {"extras": 1, "total": 1, "batsman": 0}, "extras": {"wides": 1}, "batsman": "S Dhawan"}}, {"0.5": {"non_striker": "SS Iyer", "bowler": "R Ashwin", "runs": {"extras": 0, "total": 4, "batsman": 4}, "batsman": "S Dhawan"}}, {"0.6": {"non_striker": "SS Iyer", "bowler": "R Ashwin", "runs": {"extras": 0, "total": 1, "batsman": 1}, "batsman": "S Dhawan"}}, {"0.7": {"non_striker": "S Dhawan", "bowler": "R Ashwin", "runs": {"extras": 0, "total": 0, "batsman": 0}, "batsman": "SS Iyer"}}, {"1.1": {"non_striker": "SS Iyer", "bowler": "SM Curran", "runs": {"extras": 0, "total": 0, "batsman": 0}, "batsman": "S Dhawan"}}, {"1.2": {"non_striker": "SS Iyer", "bowler": "SM Curran", "runs": {"extras": 0, "total": 2, "batsman": 2}, "batsman": "S Dhawan"}}, {"1.3": {"non_striker": "SS Iyer", "bowler": "SM Curran", "runs": {"extras": 1, "total": 1, "batsman": 0}, "extras": {"legbyes": 1}, "batsman": "S Dhawan"}}, {"1.4": {"non_striker": "S Dhawan", "bowler": "SM Curran", "runs": {"extras": 0, "total": 4, "batsman": 4}, "batsman": "SS Iyer"}}, {"1.5": {"non_striker": "S Dhawan", "bowler": "SM Curran", "runs": {"extras": 0, "total": 1, "batsman": 1}, "batsman": "SS Iyer"}}, {"1.6": {"non_striker": "SS Iyer", "bowler": "SM Curran", "runs": {"extras": 1, "total": 1, "batsman": 0}, "extras": {"legbyes": 1}, "batsman": "S Dhawan"}}, {"2.1": {"non_striker": "SS Iyer", "bowler": "R Ashwin", "runs": {"extras": 0, "total": 0, "batsman": 0}, "batsman": "S Dhawan"}}, {"2.2": {"non_striker": "SS Iyer", "bowler": "R Ashwin", "runs": {"extras": 1, "total": 1, "batsman": 0}, "extras": {"wides": 1}, "batsman": "S Dhawan"}}, {"2.3": {"non_striker": "SS Iyer", "bowler": "R Ashwin", "runs": {"extras": 0, "total": 0, "batsman": 0}, "batsman": "S Dhawan"}}, {"2.4": {"non_striker": "SS Iyer", "bowler": "R Ashwin", "runs": {"extras": 0, "total": 1, "batsman": 1}, "batsman": "S Dhawan"}}, {"2.5": {"non_striker": "S Dhawan", "bowler": "R Ashwin", "runs": {"extras": 1, "total": 1, "batsman": 0}, "extras": {"wides": 1}, "batsman": "SS Iyer"}}, {"2.6": {"non_striker": "S Dhawan", "bowler": "R Ashwin", "runs": {"extras": 0, "total": 1, "batsman": 1}, "batsman": "SS Iyer"}}, {"2.7": {"non_striker": "SS Iyer", "bowler": "R Ashwin", "runs": {"extras": 0, "total": 4, "batsman": 4}, "batsman": "S Dhawan"}}, {"2.8": {"non_striker": "SS Iyer", "bowler": "R Ashwin", "runs": {"extras": 0, "total": 1, "batsman": 1}, "batsman": "S Dhawan"}}, {"3.1": {"non_striker": "SS Iyer", "bowler": "Mohammed Shami", "runs": {"extras": 0, "total": 1, "batsman": 1}, "batsman": "S Dhawan"}}, {"3.2": {"non_striker": "S Dhawan", "bowler": "Mohammed Shami", "runs": {"extras": 0, "total": 0, "batsman": 0}, "batsman": "SS Iyer"}}, {"3.3": {"non_striker": "S Dhawan", "bowler": "Mohammed Shami", "runs": {"extras": 0, "total": 1, "batsman": 1}, "batsman": "SS Iyer"}}, {"3.4": {"non_striker": "SS Iyer", "bowler": "Mohammed Shami", "runs": {"extras": 0, "total": 2, "batsman": 2}, "batsman": "S Dhawan"}}, {"3.5": {"non_striker": "SS Iyer", "bowler": "Mohammed Shami", "runs": {"extras": 0, "total": 1, "batsman": 1}, "batsman": "S Dhawan"}}, {"3.6": {"non_striker": "S Dhawan", "bowler": "Mohammed Shami", "runs": {"extras": 0, "total": 1, "batsman": 1}, "batsman": "SS Iyer"}}, {"4.1": {"non_striker": "S Dhawan", "bowler": "GC Viljoen", "runs": {"extras": 0, "total": 4, "batsman": 4}, "batsman": "SS Iyer"}}, {"4.2": {"non_striker": "S Dhawan", "bowler": "GC Viljoen", "runs": {"extras": 0, "total": 4, "batsman": 4}, "batsman": "SS Iyer"}}, {"4.3": {"non_striker": "S Dhawan", "bowler": "GC Viljoen", "runs": {"extras": 0, "total": 0, "batsman": 0}, "batsman": "SS Iyer"}}, {"4.4": {"non_striker": "S Dhawan", "bowler": "GC Viljoen", "runs": {"extras": 0, "total": 0, "batsman": 0}, "batsman": "SS Iyer"}}, {"4.5": {"non_striker": "S Dhawan", "bowler": "GC Viljoen", "runs": {"extras": 0, "total": 0, "batsman": 0}, "batsman": "SS Iyer"}}, {"4.6": {"non_striker": "S Dhawan", "bowler": "GC Viljoen", "runs": {"extras": 0, "total": 0, "batsman": 0}, "batsman": "SS Iyer"}}, {"5.1": {"non_striker": "SS Iyer", "bowler": "Mohammed Shami", "runs": {"extras": 0, "total": 0, "batsman": 0}, "batsman": "S Dhawan"}}, {"5.2": {"non_striker": "SS Iyer", "bowler": "Mohammed Shami", "runs": {"extras": 0, "total": 4, "batsman": 4}, "batsman": "S Dhawan"}}, {"5.3": {"non_striker": "SS Iyer", "bowler": "Mohammed Shami", "runs": {"extras": 0, "total": 1, "batsman": 1}, "batsman": "S Dhawan"}}, {"5.4": {"non_striker": "S Dhawan", "bowler": "Mohammed Shami", "runs": {"extras": 0, "total": 4, "batsman": 4}, "batsman": "SS Iyer"}}, {"5.5": {"non_striker": "S Dhawan", "bowler": "Mohammed Shami", "runs": {"extras": 0, "total": 0, "batsman": 0}, "batsman": "SS Iyer"}}, {"5.6": {"non_striker": "S Dhawan", "bowler": "Mohammed Shami", "runs": {"extras": 0, "total": 1, "batsman": 1}, "batsman": "SS Iyer"}}, {"6.1": {"non_striker": "S Dhawan", "bowler": "Mujeeb Ur Rahman", "runs": {"extras": 0, "total": 0, "batsman": 0}, "batsman": "SS Iyer"}}, {"6.2": {"non_striker": "S Dhawan", "bowler": "Mujeeb Ur Rahman", "runs": {"extras": 0, "total": 1, "batsman": 1}, "batsman": "SS Iyer"}}, {"6.3": {"non_striker": "SS Iyer", "bowler": "Mujeeb Ur Rahman", "runs": {"extras": 0, "total": 1, "batsman": 1}, "batsman": "S Dhawan"}}, {"6.4": {"non_striker": "S Dhawan", "bowler": "Mujeeb Ur Rahman", "runs": {"extras": 1, "total": 1, "batsman": 0}, "extras": {"wides": 1}, "batsman": "SS Iyer"}}, {"6.5": {"non_striker": "S Dhawan", "bowler": "Mujeeb Ur Rahman", "runs": {"extras": 0, "total": 1, "batsman": 1}, "batsman": "SS Iyer"}}, {"6.6": {"non_striker": "SS Iyer", "bowler": "Mujeeb Ur Rahman", "runs": {"extras": 0, "total": 4, "batsman": 4}, "batsman": "S Dhawan"}}, {"6.7": {"non_striker": "SS Iyer", "bowler": "Mujeeb Ur Rahman", "runs": {"extras": 0, "total": 0, "batsman": 0}, "batsman": "S Dhawan"}}, {"7.1": {"non_striker": "S Dhawan", "bowler": "GC Viljoen", "runs": {"extras": 0, "total": 4, "batsman": 4}, "batsman": "SS Iyer"}}, {"7.2": {"non_striker": "S Dhawan", "bowler": "GC Viljoen", "runs": {"extras": 0, "total": 0, "batsman": 0}, "batsman": "SS Iyer", "wicket": {"player_out": "SS Iyer", "kind": "bowled"}}}, {"7.3": {"non_striker": "S Dhawan", "bowler": "GC Viljoen", "runs": {"extras": 0, "total": 0, "batsman": 0}, "batsman": "RR Pant"}}, {"7.4": {"non_striker": "S Dhawan", "bowler": "GC Viljoen", "runs": {"extras": 4, "total": 4, "batsman": 0}, "extras": {"legbyes": 4}, "batsman": "RR Pant"}}, {"7.5": {"non_striker": "S Dhawan", "bowler": "GC Viljoen", "runs": {"extras": 0, "total": 2, "batsman": 2}, "batsman": "RR Pant"}}, {"7.6": {"non_striker": "S Dhawan", "bowler": "GC Viljoen", "runs": {"extras": 0, "total": 0, "batsman": 0}, "batsman": "RR Pant"}}, {"8.1": {"non_striker": "RR Pant", "bowler": "Mujeeb Ur Rahman", "runs": {"extras": 0, "total": 1, "batsman": 1}, "batsman": "S Dhawan"}}, {"8.2": {"non_striker": "S Dhawan", "bowler": "Mujeeb Ur Rahman", "runs": {"extras": 0, "total": 4, "batsman": 4}, "batsman": "RR Pant"}}, {"8.3": {"non_striker": "S Dhawan", "bowler": "Mujeeb Ur Rahman", "runs": {"extras": 0, "total": 2, "batsman": 2}, "batsman": "RR Pant"}}, {"8.4": {"non_striker": "S Dhawan", "bowler": "Mujeeb Ur Rahman", "runs": {"extras": 0, "total": 1, "batsman": 1}, "batsman": "RR Pant"}}, {"8.5": {"non_striker": "RR Pant", "bowler": "Mujeeb Ur Rahman", "runs": {"extras": 0, "total": 1, "batsman": 1}, "batsman": "S Dhawan"}}, {"8.6": {"non_striker": "S Dhawan", "bowler": "Mujeeb Ur Rahman", "runs": {"extras": 0, "total": 1, "batsman": 1}, "batsman": "RR Pant"}}, {"9.1": {"non_striker": "S Dhawan", "bowler": "R Ashwin", "runs": {"extras": 0, "total": 2, "batsman": 2}, "batsman": "RR Pant"}}, {"9.2": {"non_striker": "S Dhawan", "bowler": "R Ashwin", "runs": {"extras": 0, "total": 1, "batsman": 1}, "batsman": "RR Pant"}}, {"9.3": {"non_striker": "RR Pant", "bowler": "R Ashwin", "runs": {"extras": 0, "total": 1, "batsman": 1}, "batsman": "S Dhawan"}}, {"9.4": {"non_striker": "S Dhawan", "bowler": "R Ashwin", "runs": {"extras": 0, "total": 1, "batsman": 1}, "batsman": "RR Pant"}}, {"9.5": {"non_striker": "RR Pant", "bowler": "R Ashwin", "runs": {"extras": 0, "total": 0, "batsman": 0}, "batsman": "S Dhawan", "wicket": {"player_out": "S Dhawan", "kind": "lbw"}}}, {"9.6": {"non_striker": "RR Pant", "bowler": "R Ashwin", "runs": {"extras": 0, "total": 1, "batsman": 1}, "batsman": "CA Ingram"}}, {"10.1": {"non_striker": "RR Pant", "bowler": "Mujeeb Ur Rahman", "runs": {"extras": 0, "total": 1, "batsman": 1}, "batsman": "CA Ingram"}}, {"10.2": {"non_striker": "CA Ingram", "bowler": "Mujeeb Ur Rahman", "runs": {"extras": 0, "total": 1, "batsman": 1}, "batsman": "RR Pant"}}, {"10.3": {"non_striker": "RR Pant", "bowler": "Mujeeb Ur Rahman", "runs": {"extras": 0, "total": 0, "batsman": 0}, "batsman": "CA Ingram"}}, {"10.4": {"non_striker": "RR Pant", "bowler": "Mujeeb Ur Rahman", "runs": {"extras": 0, "total": 4, "batsman": 4}, "batsman": "CA Ingram"}}, {"10.5": {"non_striker": "RR Pant", "bowler": "Mujeeb Ur Rahman", "runs": {"extras": 0, "total": 0, "batsman": 0}, "batsman": "CA Ingram"}}, {"10.6": {"non_striker": "RR Pant", "bowler": "Mujeeb Ur Rahman", "runs": {"extras": 0, "total": 1, "batsman": 1}, "batsman": "CA Ingram"}}, {"11.1": {"non_striker": "RR Pant", "bowler": "M Ashwin", "runs": {"extras": 0, "total": 0, "batsman": 0}, "batsman": "CA Ingram"}}, {"11.2": {"non_striker": "RR Pant", "bowler": "M Ashwin", "runs": {"extras": 0, "total": 1, "batsman": 1}, "batsman": "CA Ingram"}}, {"11.3": {"non_striker": "CA Ingram", "bowler": "M Ashwin", "runs": {"extras": 0, "total": 0, "batsman": 0}, "batsman": "RR Pant"}}, {"11.4": {"non_striker": "CA Ingram", "bowler": "M Ashwin", "runs": {"extras": 0, "total": 1, "batsman": 1}, "batsman": "RR Pant"}}, {"11.5": {"non_striker": "RR Pant", "bowler": "M Ashwin", "runs": {"extras": 0, "total": 4, "batsman": 4}, "batsman": "CA Ingram"}}, {"11.6": {"non_striker": "RR Pant", "bowler": "M Ashwin", "runs": {"extras": 0, "total": 2, "batsman": 2}, "batsman": "CA Ingram"}}, {"12.1": {"non_striker": "CA Ingram", "bowler": "GC Viljoen", "runs": {"extras": 0, "total": 1, "batsman": 1}, "batsman": "RR Pant"}}, {"12.2": {"non_striker": "RR Pant", "bowler": "GC Viljoen", "runs": {"extras": 0, "total": 0, "batsman": 0}, "batsman": "CA Ingram"}}, {"12.3": {"non_striker": "RR Pant", "bowler": "GC Viljoen", "runs": {"extras": 0, "total": 2, "batsman": 2}, "batsman": "CA Ingram"}}, {"12.4": {"non_striker": "RR Pant", "bowler": "GC Viljoen", "runs": {"extras": 0, "total": 4, "batsman": 4}, "batsman": "CA Ingram"}}, {"12.5": {"non_striker": "RR Pant", "bowler": "GC Viljoen", "runs": {"extras": 0, "total": 0, "batsman": 0}, "batsman": "CA Ingram"}}, {"12.6": {"non_striker": "RR Pant", "bowler": "GC Viljoen", "runs": {"extras": 0, "total": 1, "batsman": 1}, "batsman": "CA Ingram"}}, {"13.1": {"non_striker": "RR Pant", "bowler": "M Ashwin", "runs": {"extras": 0, "total": 1, "batsman": 1}, "batsman": "CA Ingram"}}, {"13.2": {"non_striker": "CA Ingram", "bowler": "M Ashwin", "runs": {"extras": 0, "total": 4, "batsman": 4}, "batsman": "RR Pant"}}, {"13.3": {"non_striker": "CA Ingram", "bowler": "M Ashwin", "runs": {"extras": 0, "total": 1, "batsman": 1}, "batsman": "RR Pant"}}, {"13.4": {"non_striker": "RR Pant", "bowler": "M Ashwin", "runs": {"extras": 0, "total": 0, "batsman": 0}, "batsman": "CA Ingram"}}, {"13.5": {"non_striker": "RR Pant", "bowler": "M Ashwin", "runs": {"extras": 0, "total": 4, "batsman": 4}, "batsman": "CA Ingram"}}, {"13.6": {"non_striker": "RR Pant", "bowler": "M Ashwin", "runs": {"extras": 0, "total": 1, "batsman": 1}, "batsman": "CA Ingram"}}, {"14.1": {"non_striker": "RR Pant", "bowler": "Mujeeb Ur Rahman", "runs": {"extras": 0, "total": 0, "batsman": 0}, "batsman": "CA Ingram"}}, {"14.2": {"non_striker": "RR Pant", "bowler": "Mujeeb Ur Rahman", "runs": {"extras": 0, "total": 6, "batsman": 6}, "batsman": "CA Ingram"}}, {"14.3": {"non_striker": "RR Pant", "bowler": "Mujeeb Ur Rahman", "runs": {"extras": 0, "total": 1, "batsman": 1}, "batsman": "CA Ingram"}}, {"14.4": {"non_striker": "CA Ingram", "bowler": "Mujeeb Ur Rahman", "runs": {"extras": 0, "total": 0, "batsman": 0}, "batsman": "RR Pant"}}, {"14.5": {"non_striker": "CA Ingram", "bowler": "Mujeeb Ur Rahman", "runs": {"extras": 0, "total": 4, "batsman": 4}, "batsman": "RR Pant"}}, {"14.6": {"non_striker": "CA Ingram", "bowler": "Mujeeb Ur Rahman", "runs": {"extras": 0, "total": 0, "batsman": 0}, "batsman": "RR Pant"}}, {"15.1": {"non_striker": "RR Pant", "bowler": "R Ashwin", "runs": {"extras": 0, "total": 1, "batsman": 1}, "batsman": "CA Ingram"}}, {"15.2": {"non_striker": "CA Ingram", "bowler": "R Ashwin", "runs": {"extras": 0, "total": 6, "batsman": 6}, "batsman": "RR Pant"}}, {"15.3": {"non_striker": "CA Ingram", "bowler": "R Ashwin", "runs": {"extras": 0, "total": 0, "batsman": 0}, "batsman": "RR Pant"}}, {"15.4": {"non_striker": "CA Ingram", "bowler": "R Ashwin", "runs": {"extras": 0, "total": 0, "batsman": 0}, "batsman": "RR Pant"}}, {"15.5": {"non_striker": "CA Ingram", "bowler": "R Ashwin", "runs": {"extras": 0, "total": 1, "batsman": 1}, "batsman": "RR Pant"}}, {"15.6": {"non_striker": "RR Pant", "bowler": "R Ashwin", "runs": {"extras": 0, "total": 1, "batsman": 1}, "batsman": "CA Ingram"}}, {"16.1": {"non_striker": "RR Pant", "bowler": "Mohammed Shami", "runs": {"extras": 0, "total": 0, "batsman": 0}, "batsman": "CA Ingram"}}, {"16.2": {"non_striker": "RR Pant", "bowler": "Mohammed Shami", "runs": {"extras": 0, "total": 1, "batsman": 1}, "batsman": "CA Ingram"}}, {"16.3": {"non_striker": "CA Ingram", "bowler": "Mohammed Shami", "runs": {"extras": 0, "total": 6, "batsman": 6}, "batsman": "RR Pant"}}, {"16.4": {"non_striker": "CA Ingram", "bowler": "Mohammed Shami", "runs": {"extras": 0, "total": 0, "batsman": 0}, "batsman": "RR Pant", "wicket": {"player_out": "RR Pant", "kind": "bowled"}}}, {"16.5": {"non_striker": "CA Ingram", "bowler": "Mohammed Shami", "runs": {"extras": 0, "total": 0, "batsman": 0}, "batsman": "CH Morris", "wicket": {"player_out": "CH Morris", "kind": "run out"}}}, {"16.6": {"non_striker": "GH Vihari", "bowler": "Mohammed Shami", "runs": {"extras": 0, "total": 0, "batsman": 0}, "batsman": "CA Ingram"}}, {"17.1": {"non_striker": "CA Ingram", "bowler": "SM Curran", "runs": {"extras": 0, "total": 1, "batsman": 1}, "batsman": "GH Vihari"}}, {"17.2": {"non_striker": "GH Vihari", "bowler": "SM Curran", "runs": {"extras": 0, "total": 1, "batsman": 1}, "batsman": "CA Ingram"}}, {"17.3": {"non_striker": "CA Ingram", "bowler": "SM Curran", "runs": {"extras": 0, "total": 1, "batsman": 1}, "batsman": "GH Vihari"}}, {"17.4": {"non_striker": "GH Vihari", "bowler": "SM Curran", "runs": {"extras": 0, "total": 0, "batsman": 0}, "batsman": "CA Ingram", "wicket": {"player_out": "CA Ingram", "fielders": ["KK Nair (sub)"], "kind": "caught"}}}, {"17.5": {"non_striker": "GH Vihari", "bowler": "SM Curran", "runs": {"extras": 0, "total": 0, "batsman": 0}, "batsman": "HV Patel"}}, {"17.6": {"non_striker": "GH Vihari", "bowler": "SM Curran", "runs": {"extras": 1, "total": 1, "batsman": 0}, "extras": {"wides": 1}, "batsman": "HV Patel"}}, {"17.7": {"non_striker": "GH Vihari", "bowler": "SM Curran", "runs": {"extras": 0, "total": 0, "batsman": 0}, "batsman": "HV Patel", "wicket": {"player_out": "HV Patel", "fielders": ["KL Rahul"], "kind": "caught"}}}, {"18.1": {"non_striker": "K Rabada", "bowler": "Mohammed Shami", "runs": {"extras": 0, "total": 0, "batsman": 0}, "batsman": "GH Vihari"}}, {"18.2": {"non_striker": "K Rabada", "bowler": "Mohammed Shami", "runs": {"extras": 0, "total": 0, "batsman": 0}, "batsman": "GH Vihari"}}, {"18.3": {"non_striker": "K Rabada", "bowler": "Mohammed Shami", "runs": {"extras": 0, "total": 0, "batsman": 0}, "batsman": "GH Vihari", "wicket": {"player_out": "GH Vihari", "fielders": ["SM Curran"], "kind": "bowled"}}}, {"18.4": {"non_striker": "K Rabada", "bowler": "Mohammed Shami", "runs": {"extras": 0, "total": 0, "batsman": 0}, "batsman": "Avesh Khan"}}, {"18.5": {"non_striker": "K Rabada", "bowler": "Mohammed Shami", "runs": {"extras": 0, "total": 4, "batsman": 4}, "batsman": "Avesh Khan"}}, {"18.6": {"non_striker": "K Rabada", "bowler": "Mohammed Shami", "runs": {"extras": 0, "total": 0, "batsman": 0}, "batsman": "Avesh Khan"}}, {"19.1": {"non_striker": "Avesh Khan", "bowler": "SM Curran", "runs": {"extras": 0, "total": 0, "batsman": 0}, "batsman": "K Rabada", "wicket": {"player_out": "K Rabada", "kind": "bowled"}}}, {"19.2": {"non_striker": "Avesh Khan", "bowler": "SM Curran", "runs": {"extras": 0, "total": 0, "batsman": 0}, "batsman": "S Lamichhane", "wicket": {"player_out": "S Lamichhane", "kind": "bowled"}}}]