[{"0.1": {"non_striker": "SR Watson", "bowler": "TA Boult", "runs": {"extras": 0, "total": 0, "batsman": 0}, "batsman": "F du Plessis"}}, {"0.2": {"non_striker": "SR Watson", "bowler": "TA Boult", "runs": {"extras": 0, "total": 0, "batsman": 0}, "batsman": "F du Plessis"}}, {"0.3": {"non_striker": "SR Watson", "bowler": "TA Boult", "runs": {"extras": 0, "total": 0, "batsman": 0}, "batsman": "F du Plessis"}}, {"0.4": {"non_striker": "SR Watson", "bowler": "TA Boult", "runs": {"extras": 0, "total": 0, "batsman": 0}, "batsman": "F du Plessis"}}, {"0.5": {"non_striker": "SR Watson", "bowler": "TA Boult", "runs": {"extras": 0, "total": 1, "batsman": 1}, "batsman": "F du Plessis"}}, {"0.6": {"non_striker": "F du Plessis", "bowler": "TA Boult", "runs": {"extras": 0, "total": 0, "batsman": 0}, "batsman": "SR Watson"}}, {"1.1": {"non_striker": "SR Watson", "bowler": "J Suchith", "runs": {"extras": 0, "total": 0, "batsman": 0}, "batsman": "F du Plessis"}}, {"1.2": {"non_striker": "SR Watson", "bowler": "J Suchith", "runs": {"extras": 0, "total": 1, "batsman": 1}, "batsman": "F du Plessis"}}, {"1.3": {"non_striker": "F du Plessis", "bowler": "J Suchith", "runs": {"extras": 0, "total": 0, "batsman": 0}, "batsman": "SR Watson"}}, {"1.4": {"non_striker": "F du Plessis", "bowler": "J Suchith", "runs": {"extras": 0, "total": 0, "batsman": 0}, "batsman": "SR Watson"}}, {"1.5": {"non_striker": "F du Plessis", "bowler": "J Suchith", "runs": {"extras": 0, "total": 0, "batsman": 0}, "batsman": "SR Watson"}}, {"1.6": {"non_striker": "F du Plessis", "bowler": "J Suchith", "runs": {"extras": 0, "total": 0, "batsman": 0}, "batsman": "SR Watson"}}, {"2.1": {"non_striker": "SR Watson", "bowler": "TA Boult", "runs": {"extras": 0, "total": 0, "batsman": 0}, "batsman": "F du Plessis"}}, {"2.2": {"non_striker": "SR Watson", "bowler": "TA Boult", "runs": {"extras": 0, "total": 0, "batsman": 0}, "batsman": "F du Plessis"}}, {"2.3": {"non_striker": "SR Watson", "bowler": "TA Boult", "runs": {"extras": 0, "total": 1, "batsman": 1}, "batsman": "F du Plessis"}}, {"2.4": {"non_striker": "F du Plessis", "bowler": "TA Boult", "runs": {"extras": 0, "total": 0, "batsman": 0}, "batsman": "SR Watson"}}, {"2.5": {"non_striker": "F du Plessis", "bowler": "TA Boult", "runs": {"extras": 0, "total": 0, "batsman": 0}, "batsman": "SR Watson"}}, {"2.6": {"non_striker": "F du Plessis", "bowler": "TA Boult", "runs": {"extras": 0, "total": 0, "batsman": 0}, "batsman": "SR Watson"}}, {"3.1": {"non_striker": "SR Watson", "bowler": "J Suchith", "runs": {"extras": 0, "total": 1, "batsman": 1}, "batsman": "F du Plessis"}}, {"3.2": {"non_striker": "F du Plessis", "bowler": "J Suchith", "runs": {"extras": 0, "total": 0, "batsman": 0}, "batsman": "SR Watson", "wicket": {"player_out": "SR Watson", "fielders": ["AR Patel"], "kind": "caught"}}}, {"3.3": {"non_striker": "SK Raina", "bowler": "J Suchith", "runs": {"extras": 0, "total": 1, "batsman": 1}, "batsman": "F du Plessis"}}, {"3.4": {"non_striker": "F du Plessis", "bowler": "J Suchith", "runs": {"extras": 0, "total": 1, "batsman": 1}, "batsman": "SK Raina"}}, {"3.5": {"non_striker": "SK Raina", "bowler": "J Suchith", "runs": {"extras": 0, "total": 1, "batsman": 1}, "batsman": "F du Plessis"}}, {"3.6": {"non_striker": "F du Plessis", "bowler": "J Suchith", "runs": {"extras": 0, "total": 0, "batsman": 0}, "batsman": "SK Raina"}}, {"4.1": {"non_striker": "SK Raina", "bowler": "CH Morris", "runs": {"extras": 0, "total": 0, "batsman": 0}, "batsman": "F du Plessis"}}, {"4.2": {"non_striker": "SK Raina", "bowler": "CH Morris", "runs": {"extras": 0, "total": 4, "batsman": 4}, "batsman": "F du Plessis"}}, {"4.3": {"non_striker": "SK Raina", "bowler": "CH Morris", "runs": {"extras": 0, "total": 0, "batsman": 0}, "batsman": "F du Plessis"}}, {"4.4": {"non_striker": "SK Raina", "bowler": "CH Morris", "runs": {"extras": 1, "total": 1, "batsman": 0}, "extras": {"wides": 1}, "batsman": "F du Plessis"}}, {"4.5": {"non_striker": "SK Raina", "bowler": "CH Morris", "runs": {"extras": 0, "total": 1, "batsman": 1}, "batsman": "F du Plessis"}}, {"4.6": {"non_striker": "F du Plessis", "bowler": "CH Morris", "runs": {"extras": 0, "total": 0, "batsman": 0}, "batsman": "SK Raina"}}, {"4.7": {"non_striker": "F du Plessis", "bowler": "CH Morris", "runs": {"extras": 0, "total": 4, "batsman": 4}, "batsman": "SK Raina"}}, {"5.1": {"non_striker": "SK Raina", "bowler": "AR Patel", "runs": {"extras": 0, "total": 0, "batsman": 0}, "batsman": "F du Plessis"}}, {"5.2": {"non_striker": "SK Raina", "bowler": "AR Patel", "runs": {"extras": 0, "total": 0, "batsman": 0}, "batsman": "F du Plessis"}}, {"5.3": {"non_striker": "SK Raina", "bowler": "AR Patel", "runs": {"extras": 0, "total": 1, "batsman": 1}, "batsman": "F du Plessis"}}, {"5.4": {"non_striker": "F du Plessis", "bowler": "AR Patel", "runs": {"extras": 0, "total": 4, "batsman": 4}, "batsman": "SK Raina"}}, {"5.5": {"non_striker": "F du Plessis", "bowler": "AR Patel", "runs": {"extras": 0, "total": 4, "batsman": 4}, "batsman": "SK Raina"}}, {"5.6": {"non_striker": "F du Plessis", "bowler": "AR Patel", "runs": {"extras": 0, "total": 1, "batsman": 1}, "batsman": "SK Raina"}}, {"6.1": {"non_striker": "F du Plessis", "bowler": "J Suchith", "runs": {"extras": 0, "total": 4, "batsman": 4}, "batsman": "SK Raina"}}, {"6.2": {"non_striker": "F du Plessis", "bowler": "J Suchith", "runs": {"extras": 0, "total": 2, "batsman": 2}, "batsman": "SK Raina"}}, {"6.3": {"non_striker": "F du Plessis", "bowler": "J Suchith", "runs": {"extras": 0, "total": 0, "batsman": 0}, "batsman": "SK Raina"}}, {"6.4": {"non_striker": "F du Plessis", "bowler": "J Suchith", "runs": {"extras": 0, "total": 1, "batsman": 1}, "batsman": "SK Raina"}}, {"6.5": {"non_striker": "SK Raina", "bowler": "J Suchith", "runs": {"extras": 0, "total": 1, "batsman": 1}, "batsman": "F du Plessis"}}, {"6.6": {"non_striker": "F du Plessis", "bowler": "J Suchith", "runs": {"extras": 0, "total": 1, "batsman": 1}, "batsman": "SK Raina"}}, {"7.1": {"non_striker": "F du Plessis", "bowler": "A Mishra", "runs": {"extras": 0, "total": 1, "batsman": 1}, "batsman": "SK Raina"}}, {"7.2": {"non_striker": "SK Raina", "bowler": "A Mishra", "runs": {"extras": 0, "total": 1, "batsman": 1}, "batsman": "F du Plessis"}}, {"7.3": {"non_striker": "F du Plessis", "bowler": "A Mishra", "runs": {"extras": 0, "total": 1, "batsman": 1}, "batsman": "SK Raina"}}, {"7.4": {"non_striker": "SK Raina", "bowler": "A Mishra", "runs": {"extras": 0, "total": 0, "batsman": 0}, "batsman": "F du Plessis"}}, {"7.5": {"non_striker": "SK Raina", "bowler": "A Mishra", "runs": {"extras": 0, "total": 1, "batsman": 1}, "batsman": "F du Plessis"}}, {"7.6": {"non_striker": "F du Plessis", "bowler": "A Mishra", "runs": {"extras": 0, "total": 1, "batsman": 1}, "batsman": "SK Raina"}}, {"8.1": {"non_striker": "F du Plessis", "bowler": "CH Morris", "runs": {"extras": 0, "total": 0, "batsman": 0}, "batsman": "SK Raina"}}, {"8.2": {"non_striker": "F du Plessis", "bowler": "CH Morris", "runs": {"extras": 0, "total": 4, "batsman": 4}, "batsman": "SK Raina"}}, {"8.3": {"non_striker": "F du Plessis", "bowler": "CH Morris", "runs": {"extras": 0, "total": 0, "batsman": 0}, "batsman": "SK Raina"}}, {"8.4": {"non_striker": "F du Plessis", "bowler": "CH Morris", "runs": {"extras": 0, "total": 1, "batsman": 1}, "batsman": "SK Raina"}}, {"8.5": {"non_striker": "SK Raina", "bowler": "CH Morris", "runs": {"extras": 0, "total": 4, "batsman": 4}, "batsman": "F du Plessis"}}, {"8.6": {"non_striker": "SK Raina", "bowler": "CH Morris", "runs": {"extras": 0, "total": 0, "batsman": 0}, "batsman": "F du Plessis"}}, {"9.1": {"non_striker": "F du Plessis", "bowler": "A Mishra", "runs": {"extras": 0, "total": 1, "batsman": 1}, "batsman": "SK Raina"}}, {"9.2": {"non_striker": "SK Raina", "bowler": "A Mishra", "runs": {"extras": 0, "total": 0, "batsman": 0}, "batsman": "F du Plessis"}}, {"9.3": {"non_striker": "SK Raina", "bowler": "A Mishra", "runs": {"extras": 0, "total": 1, "batsman": 1}, "batsman": "F du Plessis"}}, {"9.4": {"non_striker": "F du Plessis", "bowler": "A Mishra", "runs": {"extras": 0, "total": 0, "batsman": 0}, "batsman": "SK Raina"}}, {"9.5": {"non_striker": "F du Plessis", "bowler": "A Mishra", "runs": {"extras": 0, "total": 1, "batsman": 1}, "batsman": "SK Raina"}}, {"9.6": {"non_striker": "SK Raina", "bowler": "A Mishra", "runs": {"extras": 0, "total": 0, "batsman": 0}, "batsman": "F du Plessis"}}, {"10.1": {"non_striker": "F du Plessis", "bowler": "SE Rutherford", "runs": {"extras": 0, "total": 1, "batsman": 1}, "batsman": "SK Raina"}}, {"10.2": {"non_striker": "SK Raina", "bowler": "SE Rutherford", "runs": {"extras": 0, "total": 1, "batsman": 1}, "batsman": "F du Plessis"}}, {"10.3": {"non_striker": "F du Plessis", "bowler": "SE Rutherford", "runs": {"extras": 0, "total": 2, "batsman": 2}, "batsman": "SK Raina"}}, {"10.4": {"non_striker": "F du Plessis", "bowler": "SE Rutherford", "runs": {"extras": 1, "total": 1, "batsman": 0}, "extras": {"wides": 1}, "batsman": "SK Raina"}}, {"10.5": {"non_striker": "F du Plessis", "bowler": "SE Rutherford", "runs": {"extras": 0, "total": 1, "batsman": 1}, "batsman": "SK Raina"}}, {"10.6": {"non_striker": "SK Raina", "bowler": "SE Rutherford", "runs": {"extras": 0, "total": 1, "batsman": 1}, "batsman": "F du Plessis"}}, {"10.7": {"non_striker": "F du Plessis", "bowler": "SE Rutherford", "runs": {"extras": 0, "total": 1, "batsman": 1}, "batsman": "SK Raina"}}, {"11.1": {"non_striker": "F du Plessis", "bowler": "A Mishra", "runs": {"extras": 0, "total": 0, "batsman": 0}, "batsman": "SK Raina"}}, {"11.2": {"non_striker": "F du Plessis", "bowler": "A Mishra", "runs": {"extras": 0, "total": 1, "batsman": 1}, "batsman": "SK Raina"}}, {"11.3": {"non_striker": "SK Raina", "bowler": "A Mishra", "runs": {"extras": 0, "total": 2, "batsman": 2}, "batsman": "F du Plessis"}}, {"11.4": {"non_striker": "SK Raina", "bowler": "A Mishra", "runs": {"extras": 0, "total": 0, "batsman": 0}, "batsman": "F du Plessis"}}, {"11.5": {"non_striker": "SK Raina", "bowler": "A Mishra", "runs": {"extras": 0, "total": 1, "batsman": 1}, "batsman": "F du Plessis"}}, {"11.6": {"non_striker": "F du Plessis", "bowler": "A Mishra", "runs": {"extras": 0, "total": 4, "batsman": 4}, "batsman": "SK Raina"}}, {"12.1": {"non_striker": "SK Raina", "bowler": "SE Rutherford", "runs": {"extras": 1, "total": 1, "batsman": 0}, "extras": {"legbyes": 1}, "batsman": "F du Plessis"}}, {"12.2": {"non_striker": "F du Plessis", "bowler": "SE Rutherford", "runs": {"extras": 0, "total": 1, "batsman": 1}, "batsman": "SK Raina"}}, {"12.3": {"non_striker": "SK Raina", "bowler": "SE Rutherford", "runs": {"extras": 1, "total": 1, "batsman": 0}, "extras": {"wides": 1}, "batsman": "F du Plessis"}}, {"12.4": {"non_striker": "SK Raina", "bowler": "SE Rutherford", "runs": {"extras": 0, "total": 6, "batsman": 6}, "batsman": "F du Plessis"}}, {"12.5": {"non_striker": "SK Raina", "bowler": "SE Rutherford", "runs": {"extras": 0, "total": 1, "batsman": 1}, "batsman": "F du Plessis"}}, {"12.6": {"non_striker": "F du Plessis", "bowler": "SE Rutherford", "runs": {"extras": 0, "total": 1, "batsman": 1}, "batsman": "SK Raina"}}, {"12.7": {"non_striker": "SK Raina", "bowler": "SE Rutherford", "runs": {"extras": 0, "total": 1, "batsman": 1}, "batsman": "F du Plessis"}}, {"13.1": {"non_striker": "SK Raina", "bowler": "AR Patel", "runs": {"extras": 0, "total": 0, "batsman": 0}, "batsman": "F du Plessis"}}, {"13.2": {"non_striker": "SK Raina", "bowler": "AR Patel", "runs": {"extras": 0, "total": 6, "batsman": 6}, "batsman": "F du Plessis"}}, {"13.3": {"non_striker": "SK Raina", "bowler": "AR Patel", "runs": {"extras": 0, "total": 0, "batsman": 0}, "batsman": "F du Plessis", "wicket": {"player_out": "F du Plessis", "fielders": ["S Dhawan"], "kind": "caught"}}}, {"13.4": {"non_striker": "MS Dhoni", "bowler": "AR Patel", "runs": {"extras": 0, "total": 1, "batsman": 1}, "batsman": "SK Raina"}}, {"13.5": {"non_striker": "SK Raina", "bowler": "AR Patel", "runs": {"extras": 0, "total": 0, "batsman": 0}, "batsman": "MS Dhoni"}}, {"13.6": {"non_striker": "SK Raina", "bowler": "AR Patel", "runs": {"extras": 0, "total": 0, "batsman": 0}, "batsman": "MS Dhoni"}}, {"14.1": {"non_striker": "MS Dhoni", "bowler": "J Suchith", "runs": {"extras": 0, "total": 4, "batsman": 4}, "batsman": "SK Raina"}}, {"14.2": {"non_striker": "MS Dhoni", "bowler": "J Suchith", "runs": {"extras": 0, "total": 4, "batsman": 4}, "batsman": "SK Raina"}}, {"14.3": {"non_striker": "MS Dhoni", "bowler": "J Suchith", "runs": {"extras": 0, "total": 6, "batsman": 6}, "batsman": "SK Raina"}}, {"14.4": {"non_striker": "MS Dhoni", "bowler": "J Suchith", "runs": {"extras": 0, "total": 0, "batsman": 0}, "batsman": "SK Raina"}}, {"14.5": {"non_striker": "MS Dhoni", "bowler": "J Suchith", "runs": {"extras": 0, "total": 0, "batsman": 0}, "batsman": "SK Raina", "wicket": {"player_out": "SK Raina", "fielders": ["S Dhawan"], "kind": "caught"}}}, {"14.6": {"non_striker": "RA Jadeja", "bowler": "J Suchith", "runs": {"extras": 0, "total": 0, "batsman": 0}, "batsman": "MS Dhoni"}}, {"15.1": {"non_striker": "MS Dhoni", "bowler": "AR Patel", "runs": {"extras": 0, "total": 1, "batsman": 1}, "batsman": "RA Jadeja"}}, {"15.2": {"non_striker": "RA Jadeja", "bowler": "AR Patel", "runs": {"extras": 0, "total": 1, "batsman": 1}, "batsman": "MS Dhoni"}}, {"15.3": {"non_striker": "MS Dhoni", "bowler": "AR Patel", "runs": {"extras": 0, "total": 1, "batsman": 1}, "batsman": "RA Jadeja"}}, {"15.4": {"non_striker": "RA Jadeja", "bowler": "AR Patel", "runs": {"extras": 0, "total": 1, "batsman": 1}, "batsman": "MS Dhoni"}}, {"15.5": {"non_striker": "MS Dhoni", "bowler": "AR Patel", "runs": {"extras": 0, "total": 6, "batsman": 6}, "batsman": "RA Jadeja"}}, {"15.6": {"non_striker": "MS Dhoni", "bowler": "AR Patel", "runs": {"extras": 0, "total": 4, "batsman": 4}, "batsman": "RA Jadeja"}}, {"16.1": {"non_striker": "RA Jadeja", "bowler": "CH Morris", "runs": {"extras": 0, "total": 0, "batsman": 0}, "batsman": "MS Dhoni"}}, {"16.2": {"non_striker": "RA Jadeja", "bowler": "CH Morris", "runs": {"extras": 0, "total": 0, "batsman": 0}, "batsman": "MS Dhoni"}}, {"16.3": {"non_striker": "RA Jadeja", "bowler": "CH Morris", "runs": {"extras": 0, "total": 4, "batsman": 4}, "batsman": "MS Dhoni"}}, {"16.4": {"non_striker": "RA Jadeja", "bowler": "CH Morris", "runs": {"extras": 0, "total": 1, "batsman": 1}, "batsman": "MS Dhoni"}}, {"16.5": {"non_striker": "MS Dhoni", "bowler": "CH Morris", "runs": {"extras": 0, "total": 4, "batsman": 4}, "batsman": "RA Jadeja"}}, {"16.6": {"non_striker": "MS Dhoni", "bowler": "CH Morris", "runs": {"extras": 0, "total": 1, "batsman": 1}, "batsman": "RA Jadeja"}}, {"17.1": {"non_striker": "MS Dhoni", "bowler": "TA Boult", "runs": {"extras": 0, "total": 1, "batsman": 1}, "batsman": "RA Jadeja"}}, {"17.2": {"non_striker": "RA Jadeja", "bowler": "TA Boult", "runs": {"extras": 0, "total": 4, "batsman": 4}, "batsman": "MS Dhoni"}}, {"17.3": {"non_striker": "RA Jadeja", "bowler": "TA Boult", "runs": {"extras": 0, "total": 1, "batsman": 1}, "batsman": "MS Dhoni"}}, {"17.4": {"non_striker": "MS Dhoni", "bowler": "TA Boult", "runs": {"extras": 0, "total": 1, "batsman": 1}, "batsman": "RA Jadeja"}}, {"17.5": {"non_striker": "RA Jadeja", "bowler": "TA Boult", "runs": {"extras": 0, "total": 1, "batsman": 1}, "batsman": "MS Dhoni"}}, {"17.6": {"non_striker": "MS Dhoni", "bowler": "TA Boult", "runs": {"extras": 0, "total": 6, "batsman": 6}, "batsman": "RA Jadeja"}}, {"18.1": {"non_striker": "RA Jadeja", "bowler": "CH Morris", "runs": {"extras": 0, "total": 4, "batsman": 4}, "batsman": "MS Dhoni"}}, {"18.2": {"non_striker": "RA Jadeja", "bowler": "CH Morris", "runs": {"extras": 0, "total": 1, "batsman": 1}, "batsman": "MS Dhoni"}}, {"18.3": {"non_striker": "MS Dhoni", "bowler": "CH Morris", "runs": {"extras": 0, "total": 0, "batsman": 0}, "batsman": "RA Jadeja", "wicket": {"player_out": "RA Jadeja", "kind": "caught and bowled"}}}, {"18.4": {"non_striker": "MS Dhoni", "bowler": "CH Morris", "runs": {"extras": 0, "total": 4, "batsman": 4}, "batsman": "AT Rayudu"}}, {"18.5": {"non_striker": "MS Dhoni", "bowler": "CH Morris", "runs": {"extras": 0, "total": 1, "batsman": 1}, "batsman": "AT Rayudu"}}, {"18.6": {"non_striker": "AT Rayudu", "bowler": "CH Morris", "runs": {"extras": 1, "total": 7, "batsman": 6}, "extras": {"noballs": 1}, "batsman": "MS Dhoni"}}, {"18.7": {"non_striker": "AT Rayudu", "bowler": "CH Morris", "runs": {"extras": 0, "total": 1, "batsman": 1}, "batsman": "MS Dhoni"}}, {"19.1": {"non_striker": "AT Rayudu", "bowler": "TA Boult", "runs": {"extras": 0, "total": 0, "batsman": 0}, "batsman": "MS Dhoni"}}, {"19.2": {"non_striker": "AT Rayudu", "bowler": "TA Boult", "runs": {"extras": 0, "total": 2, "batsman": 2}, "batsman": "MS Dhoni"}}, {"19.3": {"non_striker": "AT Rayudu", "bowler": "TA Boult", "runs": {"extras": 0, "total": 4, "batsman": 4}, "batsman": "MS Dhoni"}}, {"19.4": {"non_striker": "AT Rayudu", "bowler": "TA Boult", "runs": {"extras": 0, "total": 1, "batsman": 1}, "batsman": "MS Dhoni"}}, {"19.5": {"non_striker": "MS Dhoni", "bowler": "TA Boult", "runs": {"extras": 2, "total": 2, "batsman": 0}, "extras": {"wides": 2}, "batsman": "AT Rayudu"}}, {"19.6": {"non_striker": "AT Rayudu", "bowler": "TA Boult", "runs": {"extras": 0, "total": 6, "batsman": 6}, "batsman": "MS Dhoni"}}, {"19.7": {"non_striker": "AT Rayudu", "bowler": "TA Boult", "runs": {"extras": 0, "total": 6, "batsman": 6}, "batsman": "MS Dhoni"}}]