[{"0.1": {"non_striker": "RG Sharma", "bowler": "STR Binny", "runs": {"extras": 0, "total": 0, "batsman": 0}, "batsman": "Q de Kock"}}, {"0.2": {"non_striker": "RG Sharma", "bowler": "STR Binny", "runs": {"extras": 0, "total": 2, "batsman": 2}, "batsman": "Q de Kock"}}, {"0.3": {"non_striker": "RG Sharma", "bowler": "STR Binny", "runs": {"extras": 0, "total": 0, "batsman": 0}, "batsman": "Q de Kock"}}, {"0.4": {"non_striker": "RG Sharma", "bowler": "STR Binny", "runs": {"extras": 0, "total": 1, "batsman": 1}, "batsman": "Q de Kock"}}, {"0.5": {"non_striker": "Q de Kock", "bowler": "STR Binny", "runs": {"extras": 0, "total": 0, "batsman": 0}, "batsman": "RG Sharma"}}, {"0.6": {"non_striker": "Q de Kock", "bowler": "STR Binny", "runs": {"extras": 0, "total": 0, "batsman": 0}, "batsman": "RG Sharma"}}, {"1.1": {"non_striker": "RG Sharma", "bowler": "DS Kulkarni", "runs": {"extras": 0, "total": 0, "batsman": 0}, "batsman": "Q de Kock"}}, {"1.2": {"non_striker": "RG Sharma", "bowler": "DS Kulkarni", "runs": {"extras": 0, "total": 1, "batsman": 1}, "batsman": "Q de Kock"}}, {"1.3": {"non_striker": "Q de Kock", "bowler": "DS Kulkarni", "runs": {"extras": 0, "total": 0, "batsman": 0}, "batsman": "RG Sharma"}}, {"1.4": {"non_striker": "Q de Kock", "bowler": "DS Kulkarni", "runs": {"extras": 0, "total": 1, "batsman": 1}, "batsman": "RG Sharma"}}, {"1.5": {"non_striker": "RG Sharma", "bowler": "DS Kulkarni", "runs": {"extras": 0, "total": 1, "batsman": 1}, "batsman": "Q de Kock"}}, {"1.6": {"non_striker": "Q de Kock", "bowler": "DS Kulkarni", "runs": {"extras": 0, "total": 0, "batsman": 0}, "batsman": "RG Sharma"}}, {"2.1": {"non_striker": "RG Sharma", "bowler": "S Gopal", "runs": {"extras": 0, "total": 1, "batsman": 1}, "batsman": "Q de Kock"}}, {"2.2": {"non_striker": "Q de Kock", "bowler": "S Gopal", "runs": {"extras": 0, "total": 4, "batsman": 4}, "batsman": "RG Sharma"}}, {"2.3": {"non_striker": "Q de Kock", "bowler": "S Gopal", "runs": {"extras": 0, "total": 0, "batsman": 0}, "batsman": "RG Sharma", "wicket": {"player_out": "RG Sharma", "kind": "caught and bowled"}}}, {"2.4": {"non_striker": "Q de Kock", "bowler": "S Gopal", "runs": {"extras": 0, "total": 1, "batsman": 1}, "batsman": "SA Yadav"}}, {"2.5": {"non_striker": "SA Yadav", "bowler": "S Gopal", "runs": {"extras": 0, "total": 0, "batsman": 0}, "batsman": "Q de Kock"}}, {"2.6": {"non_striker": "SA Yadav", "bowler": "S Gopal", "runs": {"extras": 0, "total": 1, "batsman": 1}, "batsman": "Q de Kock"}}, {"3.1": {"non_striker": "SA Yadav", "bowler": "DS Kulkarni", "runs": {"extras": 0, "total": 4, "batsman": 4}, "batsman": "Q de Kock"}}, {"3.2": {"non_striker": "SA Yadav", "bowler": "DS Kulkarni", "runs": {"extras": 0, "total": 4, "batsman": 4}, "batsman": "Q de Kock"}}, {"3.3": {"non_striker": "SA Yadav", "bowler": "DS Kulkarni", "runs": {"extras": 0, "total": 4, "batsman": 4}, "batsman": "Q de Kock"}}, {"3.4": {"non_striker": "SA Yadav", "bowler": "DS Kulkarni", "runs": {"extras": 0, "total": 6, "batsman": 6}, "batsman": "Q de Kock"}}, {"3.5": {"non_striker": "SA Yadav", "bowler": "DS Kulkarni", "runs": {"extras": 0, "total": 1, "batsman": 1}, "batsman": "Q de Kock"}}, {"3.6": {"non_striker": "Q de Kock", "bowler": "DS Kulkarni", "runs": {"extras": 0, "total": 0, "batsman": 0}, "batsman": "SA Yadav"}}, {"4.1": {"non_striker": "SA Yadav", "bowler": "JC Archer", "runs": {"extras": 0, "total": 0, "batsman": 0}, "batsman": "Q de Kock"}}, {"4.2": {"non_striker": "SA Yadav", "bowler": "JC Archer", "runs": {"extras": 0, "total": 0, "batsman": 0}, "batsman": "Q de Kock"}}, {"4.3": {"non_striker": "SA Yadav", "bowler": "JC Archer", "runs": {"extras": 0, "total": 0, "batsman": 0}, "batsman": "Q de Kock"}}, {"4.4": {"non_striker": "SA Yadav", "bowler": "JC Archer", "runs": {"extras": 0, "total": 2, "batsman": 2}, "batsman": "Q de Kock"}}, {"4.5": {"non_striker": "SA Yadav", "bowler": "JC Archer", "runs": {"extras": 0, "total": 4, "batsman": 4}, "batsman": "Q de Kock"}}, {"4.6": {"non_striker": "SA Yadav", "bowler": "JC Archer", "runs": {"extras": 0, "total": 0, "batsman": 0}, "batsman": "Q de Kock"}}, {"5.1": {"non_striker": "Q de Kock", "bowler": "JD Unadkat", "runs": {"extras": 1, "total": 1, "batsman": 0}, "extras": {"legbyes": 1}, "batsman": "SA Yadav"}}, {"5.2": {"non_striker": "SA Yadav", "bowler": "JD Unadkat", "runs": {"extras": 0, "total": 1, "batsman": 1}, "batsman": "Q de Kock"}}, {"5.3": {"non_striker": "Q de Kock", "bowler": "JD Unadkat", "runs": {"extras": 0, "total": 0, "batsman": 0}, "batsman": "SA Yadav"}}, {"5.4": {"non_striker": "Q de Kock", "bowler": "JD Unadkat", "runs": {"extras": 0, "total": 0, "batsman": 0}, "batsman": "SA Yadav"}}, {"5.5": {"non_striker": "Q de Kock", "bowler": "JD Unadkat", "runs": {"extras": 1, "total": 1, "batsman": 0}, "extras": {"wides": 1}, "batsman": "SA Yadav"}}, {"5.6": {"non_striker": "Q de Kock", "bowler": "JD Unadkat", "runs": {"extras": 4, "total": 4, "batsman": 0}, "extras": {"legbyes": 4}, "batsman": "SA Yadav"}}, {"5.7": {"non_striker": "Q de Kock", "bowler": "JD Unadkat", "runs": {"extras": 0, "total": 1, "batsman": 1}, "batsman": "SA Yadav"}}, {"6.1": {"non_striker": "Q de Kock", "bowler": "R Parag", "runs": {"extras": 0, "total": 2, "batsman": 2}, "batsman": "SA Yadav"}}, {"6.2": {"non_striker": "Q de Kock", "bowler": "R Parag", "runs": {"extras": 0, "total": 0, "batsman": 0}, "batsman": "SA Yadav"}}, {"6.3": {"non_striker": "Q de Kock", "bowler": "R Parag", "runs": {"extras": 0, "total": 1, "batsman": 1}, "batsman": "SA Yadav"}}, {"6.4": {"non_striker": "SA Yadav", "bowler": "R Parag", "runs": {"extras": 0, "total": 2, "batsman": 2}, "batsman": "Q de Kock"}}, {"6.5": {"non_striker": "SA Yadav", "bowler": "R Parag", "runs": {"extras": 0, "total": 1, "batsman": 1}, "batsman": "Q de Kock"}}, {"6.6": {"non_striker": "Q de Kock", "bowler": "R Parag", "runs": {"extras": 0, "total": 1, "batsman": 1}, "batsman": "SA Yadav"}}, {"7.1": {"non_striker": "Q de Kock", "bowler": "STR Binny", "runs": {"extras": 0, "total": 1, "batsman": 1}, "batsman": "SA Yadav"}}, {"7.2": {"non_striker": "SA Yadav", "bowler": "STR Binny", "runs": {"extras": 0, "total": 0, "batsman": 0}, "batsman": "Q de Kock"}}, {"7.3": {"non_striker": "SA Yadav", "bowler": "STR Binny", "runs": {"extras": 0, "total": 1, "batsman": 1}, "batsman": "Q de Kock"}}, {"7.4": {"non_striker": "Q de Kock", "bowler": "STR Binny", "runs": {"extras": 0, "total": 2, "batsman": 2}, "batsman": "SA Yadav"}}, {"7.5": {"non_striker": "Q de Kock", "bowler": "STR Binny", "runs": {"extras": 0, "total": 1, "batsman": 1}, "batsman": "SA Yadav"}}, {"7.6": {"non_striker": "SA Yadav", "bowler": "STR Binny", "runs": {"extras": 0, "total": 4, "batsman": 4}, "batsman": "Q de Kock"}}, {"8.1": {"non_striker": "Q de Kock", "bowler": "R Parag", "runs": {"extras": 0, "total": 0, "batsman": 0}, "batsman": "SA Yadav"}}, {"8.2": {"non_striker": "Q de Kock", "bowler": "R Parag", "runs": {"extras": 0, "total": 6, "batsman": 6}, "batsman": "SA Yadav"}}, {"8.3": {"non_striker": "Q de Kock", "bowler": "R Parag", "runs": {"extras": 0, "total": 1, "batsman": 1}, "batsman": "SA Yadav"}}, {"8.4": {"non_striker": "SA Yadav", "bowler": "R Parag", "runs": {"extras": 0, "total": 1, "batsman": 1}, "batsman": "Q de Kock"}}, {"8.5": {"non_striker": "Q de Kock", "bowler": "R Parag", "runs": {"extras": 0, "total": 1, "batsman": 1}, "batsman": "SA Yadav"}}, {"8.6": {"non_striker": "SA Yadav", "bowler": "R Parag", "runs": {"extras": 0, "total": 1, "batsman": 1}, "batsman": "Q de Kock"}}, {"9.1": {"non_striker": "SA Yadav", "bowler": "DS Kulkarni", "runs": {"extras": 0, "total": 2, "batsman": 2}, "batsman": "Q de Kock"}}, {"9.2": {"non_striker": "SA Yadav", "bowler": "DS Kulkarni", "runs": {"extras": 0, "total": 0, "batsman": 0}, "batsman": "Q de Kock"}}, {"9.3": {"non_striker": "SA Yadav", "bowler": "DS Kulkarni", "runs": {"extras": 0, "total": 1, "batsman": 1}, "batsman": "Q de Kock"}}, {"9.4": {"non_striker": "Q de Kock", "bowler": "DS Kulkarni", "runs": {"extras": 0, "total": 1, "batsman": 1}, "batsman": "SA Yadav"}}, {"9.5": {"non_striker": "SA Yadav", "bowler": "DS Kulkarni", "runs": {"extras": 1, "total": 1, "batsman": 0}, "extras": {"wides": 1}, "batsman": "Q de Kock"}}, {"9.6": {"non_striker": "SA Yadav", "bowler": "DS Kulkarni", "runs": {"extras": 0, "total": 0, "batsman": 0}, "batsman": "Q de Kock"}}, {"9.7": {"non_striker": "SA Yadav", "bowler": "DS Kulkarni", "runs": {"extras": 0, "total": 4, "batsman": 4}, "batsman": "Q de Kock"}}, {"10.1": {"non_striker": "Q de Kock", "bowler": "S Gopal", "runs": {"extras": 0, "total": 1, "batsman": 1}, "batsman": "SA Yadav"}}, {"10.2": {"non_striker": "SA Yadav", "bowler": "S Gopal", "runs": {"extras": 0, "total": 1, "batsman": 1}, "batsman": "Q de Kock"}}, {"10.3": {"non_striker": "Q de Kock", "bowler": "S Gopal", "runs": {"extras": 0, "total": 1, "batsman": 1}, "batsman": "SA Yadav"}}, {"10.4": {"non_striker": "SA Yadav", "bowler": "S Gopal", "runs": {"extras": 0, "total": 1, "batsman": 1}, "batsman": "Q de Kock"}}, {"10.5": {"non_striker": "Q de Kock", "bowler": "S Gopal", "runs": {"extras": 0, "total": 0, "batsman": 0}, "batsman": "SA Yadav"}}, {"10.6": {"non_striker": "Q de Kock", "bowler": "S Gopal", "runs": {"extras": 0, "total": 2, "batsman": 2}, "batsman": "SA Yadav"}}, {"11.1": {"non_striker": "SA Yadav", "bowler": "JD Unadkat", "runs": {"extras": 0, "total": 0, "batsman": 0}, "batsman": "Q de Kock"}}, {"11.2": {"non_striker": "SA Yadav", "bowler": "JD Unadkat", "runs": {"extras": 0, "total": 1, "batsman": 1}, "batsman": "Q de Kock"}}, {"11.3": {"non_striker": "Q de Kock", "bowler": "JD Unadkat", "runs": {"extras": 0, "total": 1, "batsman": 1}, "batsman": "SA Yadav"}}, {"11.4": {"non_striker": "SA Yadav", "bowler": "JD Unadkat", "runs": {"extras": 0, "total": 6, "batsman": 6}, "batsman": "Q de Kock"}}, {"11.5": {"non_striker": "SA Yadav", "bowler": "JD Unadkat", "runs": {"extras": 0, "total": 1, "batsman": 1}, "batsman": "Q de Kock"}}, {"11.6": {"non_striker": "Q de Kock", "bowler": "JD Unadkat", "runs": {"extras": 0, "total": 1, "batsman": 1}, "batsman": "SA Yadav"}}, {"12.1": {"non_striker": "Q de Kock", "bowler": "S Gopal", "runs": {"extras": 0, "total": 1, "batsman": 1}, "batsman": "SA Yadav"}}, {"12.2": {"non_striker": "SA Yadav", "bowler": "S Gopal", "runs": {"extras": 0, "total": 0, "batsman": 0}, "batsman": "Q de Kock"}}, {"12.3": {"non_striker": "SA Yadav", "bowler": "S Gopal", "runs": {"extras": 0, "total": 1, "batsman": 1}, "batsman": "Q de Kock"}}, {"12.4": {"non_striker": "Q de Kock", "bowler": "S Gopal", "runs": {"extras": 0, "total": 1, "batsman": 1}, "batsman": "SA Yadav"}}, {"12.5": {"non_striker": "SA Yadav", "bowler": "S Gopal", "runs": {"extras": 0, "total": 1, "batsman": 1}, "batsman": "Q de Kock"}}, {"12.6": {"non_striker": "Q de Kock", "bowler": "S Gopal", "runs": {"extras": 0, "total": 1, "batsman": 1}, "batsman": "SA Yadav"}}, {"13.1": {"non_striker": "Q de Kock", "bowler": "STR Binny", "runs": {"extras": 0, "total": 0, "batsman": 0}, "batsman": "SA Yadav"}}, {"13.2": {"non_striker": "Q de Kock", "bowler": "STR Binny", "runs": {"extras": 0, "total": 0, "batsman": 0}, "batsman": "SA Yadav"}}, {"13.3": {"non_striker": "Q de Kock", "bowler": "STR Binny", "runs": {"extras": 0, "total": 4, "batsman": 4}, "batsman": "SA Yadav"}}, {"13.4": {"non_striker": "Q de Kock", "bowler": "STR Binny", "runs": {"extras": 0, "total": 2, "batsman": 2}, "batsman": "SA Yadav"}}, {"13.5": {"non_striker": "Q de Kock", "bowler": "STR Binny", "runs": {"extras": 0, "total": 0, "batsman": 0}, "batsman": "SA Yadav", "wicket": {"player_out": "SA Yadav", "fielders": ["DS Kulkarni"], "kind": "caught"}}}, {"13.6": {"non_striker": "HH Pandya", "bowler": "STR Binny", "runs": {"extras": 0, "total": 1, "batsman": 1}, "batsman": "Q de Kock"}}, {"14.1": {"non_striker": "HH Pandya", "bowler": "S Gopal", "runs": {"extras": 0, "total": 2, "batsman": 2}, "batsman": "Q de Kock"}}, {"14.2": {"non_striker": "HH Pandya", "bowler": "S Gopal", "runs": {"extras": 0, "total": 0, "batsman": 0}, "batsman": "Q de Kock"}}, {"14.3": {"non_striker": "HH Pandya", "bowler": "S Gopal", "runs": {"extras": 0, "total": 0, "batsman": 0}, "batsman": "Q de Kock", "wicket": {"player_out": "Q de Kock", "fielders": ["BA Stokes"], "kind": "caught"}}}, {"14.4": {"non_striker": "KA Pollard", "bowler": "S Gopal", "runs": {"extras": 0, "total": 0, "batsman": 0}, "batsman": "HH Pandya"}}, {"14.5": {"non_striker": "KA Pollard", "bowler": "S Gopal", "runs": {"extras": 0, "total": 1, "batsman": 1}, "batsman": "HH Pandya"}}, {"14.6": {"non_striker": "HH Pandya", "bowler": "S Gopal", "runs": {"extras": 0, "total": 0, "batsman": 0}, "batsman": "KA Pollard"}}, {"15.1": {"non_striker": "KA Pollard", "bowler": "JC Archer", "runs": {"extras": 0, "total": 0, "batsman": 0}, "batsman": "HH Pandya"}}, {"15.2": {"non_striker": "KA Pollard", "bowler": "JC Archer", "runs": {"extras": 0, "total": 0, "batsman": 0}, "batsman": "HH Pandya"}}, {"15.3": {"non_striker": "KA Pollard", "bowler": "JC Archer", "runs": {"extras": 0, "total": 1, "batsman": 1}, "batsman": "HH Pandya"}}, {"15.4": {"non_striker": "HH Pandya", "bowler": "JC Archer", "runs": {"extras": 0, "total": 0, "batsman": 0}, "batsman": "KA Pollard"}}, {"15.5": {"non_striker": "HH Pandya", "bowler": "JC Archer", "runs": {"extras": 0, "total": 1, "batsman": 1}, "batsman": "KA Pollard"}}, {"15.6": {"non_striker": "KA Pollard", "bowler": "JC Archer", "runs": {"extras": 0, "total": 0, "batsman": 0}, "batsman": "HH Pandya"}}, {"16.1": {"non_striker": "HH Pandya", "bowler": "JD Unadkat", "runs": {"extras": 0, "total": 2, "batsman": 2}, "batsman": "KA Pollard"}}, {"16.2": {"non_striker": "HH Pandya", "bowler": "JD Unadkat", "runs": {"extras": 0, "total": 1, "batsman": 1}, "batsman": "KA Pollard"}}, {"16.3": {"non_striker": "KA Pollard", "bowler": "JD Unadkat", "runs": {"extras": 0, "total": 1, "batsman": 1}, "batsman": "HH Pandya"}}, {"16.4": {"non_striker": "HH Pandya", "bowler": "JD Unadkat", "runs": {"extras": 0, "total": 6, "batsman": 6}, "batsman": "KA Pollard"}}, {"16.5": {"non_striker": "HH Pandya", "bowler": "JD Unadkat", "runs": {"extras": 0, "total": 0, "batsman": 0}, "batsman": "KA Pollard", "wicket": {"player_out": "KA Pollard", "kind": "bowled"}}}, {"16.6": {"non_striker": "HH Pandya", "bowler": "JD Unadkat", "runs": {"extras": 0, "total": 4, "batsman": 4}, "batsman": "BCJ Cutting"}}, {"17.1": {"non_striker": "BCJ Cutting", "bowler": "JC Archer", "runs": {"extras": 0, "total": 4, "batsman": 4}, "batsman": "HH Pandya"}}, {"17.2": {"non_striker": "BCJ Cutting", "bowler": "JC Archer", "runs": {"extras": 0, "total": 1, "batsman": 1}, "batsman": "HH Pandya"}}, {"17.3": {"non_striker": "HH Pandya", "bowler": "JC Archer", "runs": {"extras": 0, "total": 0, "batsman": 0}, "batsman": "BCJ Cutting"}}, {"17.4": {"non_striker": "HH Pandya", "bowler": "JC Archer", "runs": {"extras": 0, "total": 0, "batsman": 0}, "batsman": "BCJ Cutting"}}, {"17.5": {"non_striker": "HH Pandya", "bowler": "JC Archer", "runs": {"extras": 0, "total": 0, "batsman": 0}, "batsman": "BCJ Cutting"}}, {"17.6": {"non_striker": "HH Pandya", "bowler": "JC Archer", "runs": {"extras": 0, "total": 0, "batsman": 0}, "batsman": "BCJ Cutting"}}, {"18.1": {"non_striker": "BCJ Cutting", "bowler": "JD Unadkat", "runs": {"extras": 1, "total": 1, "batsman": 0}, "extras": {"wides": 1}, "batsman": "HH Pandya"}}, {"18.2": {"non_striker": "BCJ Cutting", "bowler": "JD Unadkat", "runs": {"extras": 0, "total": 2, "batsman": 2}, "batsman": "HH Pandya"}}, {"18.3": {"non_striker": "BCJ Cutting", "bowler": "JD Unadkat", "runs": {"extras": 0, "total": 4, "batsman": 4}, "batsman": "HH Pandya"}}, {"18.4": {"non_striker": "BCJ Cutting", "bowler": "JD Unadkat", "runs": {"extras": 1, "total": 1, "batsman": 0}, "extras": {"wides": 1}, "batsman": "HH Pandya"}}, {"18.5": {"non_striker": "BCJ Cutting", "bowler": "JD Unadkat", "runs": {"extras": 0, "total": 2, "batsman": 2}, "batsman": "HH Pandya"}}, {"18.6": {"non_striker": "BCJ Cutting", "bowler": "JD Unadkat", "runs": {"extras": 0, "total": 6, "batsman": 6}, "batsman": "HH Pandya"}}, {"18.7": {"non_striker": "BCJ Cutting", "bowler": "JD Unadkat", "runs": {"extras": 0, "total": 1, "batsman": 1}, "batsman": "HH Pandya"}}, {"18.8": {"non_striker": "HH Pandya", "bowler": "JD Unadkat", "runs": {"extras": 0, "total": 2, "batsman": 2}, "batsman": "BCJ Cutting"}}, {"19.1": {"non_striker": "BCJ Cutting", "bowler": "JC Archer", "runs": {"extras": 0, "total": 0, "batsman": 0}, "batsman": "HH Pandya", "wicket": {"player_out": "HH Pandya", "kind": "lbw"}}}, {"19.2": {"non_striker": "BCJ Cutting", "bowler": "JC Archer", "runs": {"extras": 0, "total": 1, "batsman": 1}, "batsman": "KH Pandya"}}, {"19.3": {"non_striker": "KH Pandya", "bowler": "JC Archer", "runs": {"extras": 0, "total": 1, "batsman": 1}, "batsman": "BCJ Cutting"}}, {"19.4": {"non_striker": "BCJ Cutting", "bowler": "JC Archer", "runs": {"extras": 0, "total": 1, "batsman": 1}, "batsman": "KH Pandya"}}, {"19.5": {"non_striker": "KH Pandya", "bowler": "JC Archer", "runs": {"extras": 0, "total": 0, "batsman": 0}, "batsman": "BCJ Cutting"}}, {"19.6": {"non_striker": "KH Pandya", "bowler": "JC Archer", "runs": {"extras": 0, "total": 6, "batsman": 6}, "batsman": "BCJ Cutting"}}]