[{"0.1": {"non_striker": "Q de Kock", "bowler": "B Kumar", "runs": {"extras": 0, "total": 0, "batsman": 0}, "batsman": "RG Sharma"}}, {"0.2": {"non_striker": "Q de Kock", "bowler": "B Kumar", "runs": {"extras": 0, "total": 0, "batsman": 0}, "batsman": "RG Sharma"}}, {"0.3": {"non_striker": "Q de Kock", "bowler": "B Kumar", "runs": {"extras": 0, "total": 0, "batsman": 0}, "batsman": "RG Sharma"}}, {"0.4": {"non_striker": "Q de Kock", "bowler": "B Kumar", "runs": {"extras": 0, "total": 0, "batsman": 0}, "batsman": "RG Sharma"}}, {"0.5": {"non_striker": "Q de Kock", "bowler": "B Kumar", "runs": {"extras": 0, "total": 0, "batsman": 0}, "batsman": "RG Sharma"}}, {"0.6": {"non_striker": "Q de Kock", "bowler": "B Kumar", "runs": {"extras": 0, "total": 1, "batsman": 1}, "batsman": "RG Sharma"}}, {"1.1": {"non_striker": "Q de Kock", "bowler": "Sandeep Sharma", "runs": {"extras": 0, "total": 0, "batsman": 0}, "batsman": "RG Sharma"}}, {"1.2": {"non_striker": "Q de Kock", "bowler": "Sandeep Sharma", "runs": {"extras": 0, "total": 6, "batsman": 6}, "batsman": "RG Sharma"}}, {"1.3": {"non_striker": "Q de Kock", "bowler": "Sandeep Sharma", "runs": {"extras": 0, "total": 1, "batsman": 1}, "batsman": "RG Sharma"}}, {"1.4": {"non_striker": "RG Sharma", "bowler": "Sandeep Sharma", "runs": {"extras": 0, "total": 1, "batsman": 1}, "batsman": "Q de Kock"}}, {"1.5": {"non_striker": "Q de Kock", "bowler": "Sandeep Sharma", "runs": {"extras": 0, "total": 0, "batsman": 0}, "batsman": "RG Sharma"}}, {"1.6": {"non_striker": "Q de Kock", "bowler": "Sandeep Sharma", "runs": {"extras": 0, "total": 1, "batsman": 1}, "batsman": "RG Sharma"}}, {"2.1": {"non_striker": "Q de Kock", "bowler": "B Kumar", "runs": {"extras": 0, "total": 1, "batsman": 1}, "batsman": "RG Sharma"}}, {"2.2": {"non_striker": "RG Sharma", "bowler": "B Kumar", "runs": {"extras": 0, "total": 0, "batsman": 0}, "batsman": "Q de Kock"}}, {"2.3": {"non_striker": "RG Sharma", "bowler": "B Kumar", "runs": {"extras": 0, "total": 0, "batsman": 0}, "batsman": "Q de Kock"}}, {"2.4": {"non_striker": "RG Sharma", "bowler": "B Kumar", "runs": {"extras": 0, "total": 6, "batsman": 6}, "batsman": "Q de Kock"}}, {"2.5": {"non_striker": "RG Sharma", "bowler": "B Kumar", "runs": {"extras": 0, "total": 2, "batsman": 2}, "batsman": "Q de Kock"}}, {"2.6": {"non_striker": "RG Sharma", "bowler": "B Kumar", "runs": {"extras": 0, "total": 0, "batsman": 0}, "batsman": "Q de Kock"}}, {"3.1": {"non_striker": "Q de Kock", "bowler": "Mohammad Nabi", "runs": {"extras": 0, "total": 1, "batsman": 1}, "batsman": "RG Sharma"}}, {"3.2": {"non_striker": "RG Sharma", "bowler": "Mohammad Nabi", "runs": {"extras": 0, "total": 0, "batsman": 0}, "batsman": "Q de Kock"}}, {"3.3": {"non_striker": "RG Sharma", "bowler": "Mohammad Nabi", "runs": {"extras": 0, "total": 1, "batsman": 1}, "batsman": "Q de Kock"}}, {"3.4": {"non_striker": "Q de Kock", "bowler": "Mohammad Nabi", "runs": {"extras": 0, "total": 0, "batsman": 0}, "batsman": "RG Sharma", "wicket": {"player_out": "RG Sharma", "fielders": ["DJ Hooda"], "kind": "caught"}}}, {"3.5": {"non_striker": "Q de Kock", "bowler": "Mohammad Nabi", "runs": {"extras": 0, "total": 0, "batsman": 0}, "batsman": "SA Yadav"}}, {"3.6": {"non_striker": "Q de Kock", "bowler": "Mohammad Nabi", "runs": {"extras": 0, "total": 1, "batsman": 1}, "batsman": "SA Yadav"}}, {"4.1": {"non_striker": "Q de Kock", "bowler": "Sandeep Sharma", "runs": {"extras": 0, "total": 4, "batsman": 4}, "batsman": "SA Yadav"}}, {"4.2": {"non_striker": "Q de Kock", "bowler": "Sandeep Sharma", "runs": {"extras": 0, "total": 0, "batsman": 0}, "batsman": "SA Yadav"}}, {"4.3": {"non_striker": "Q de Kock", "bowler": "Sandeep Sharma", "runs": {"extras": 0, "total": 0, "batsman": 0}, "batsman": "SA Yadav"}}, {"4.4": {"non_striker": "Q de Kock", "bowler": "Sandeep Sharma", "runs": {"extras": 0, "total": 0, "batsman": 0}, "batsman": "SA Yadav"}}, {"4.5": {"non_striker": "Q de Kock", "bowler": "Sandeep Sharma", "runs": {"extras": 0, "total": 2, "batsman": 2}, "batsman": "SA Yadav"}}, {"4.6": {"non_striker": "Q de Kock", "bowler": "Sandeep Sharma", "runs": {"extras": 0, "total": 0, "batsman": 0}, "batsman": "SA Yadav", "wicket": {"player_out": "SA Yadav", "kind": "lbw"}}}, {"5.1": {"non_striker": "Ishan Kishan", "bowler": "Mohammad Nabi", "runs": {"extras": 0, "total": 1, "batsman": 1}, "batsman": "Q de Kock"}}, {"5.2": {"non_striker": "Q de Kock", "bowler": "Mohammad Nabi", "runs": {"extras": 0, "total": 0, "batsman": 0}, "batsman": "Ishan Kishan"}}, {"5.3": {"non_striker": "Q de Kock", "bowler": "Mohammad Nabi", "runs": {"extras": 0, "total": 1, "batsman": 1}, "batsman": "Ishan Kishan"}}, {"5.4": {"non_striker": "Ishan Kishan", "bowler": "Mohammad Nabi", "runs": {"extras": 0, "total": 0, "batsman": 0}, "batsman": "Q de Kock"}}, {"5.5": {"non_striker": "Ishan Kishan", "bowler": "Mohammad Nabi", "runs": {"extras": 0, "total": 0, "batsman": 0}, "batsman": "Q de Kock"}}, {"5.6": {"non_striker": "Ishan Kishan", "bowler": "Mohammad Nabi", "runs": {"extras": 0, "total": 0, "batsman": 0}, "batsman": "Q de Kock"}}, {"6.1": {"non_striker": "Q de Kock", "bowler": "YK Pathan", "runs": {"extras": 0, "total": 1, "batsman": 1}, "batsman": "Ishan Kishan"}}, {"6.2": {"non_striker": "Ishan Kishan", "bowler": "YK Pathan", "runs": {"extras": 0, "total": 4, "batsman": 4}, "batsman": "Q de Kock"}}, {"6.3": {"non_striker": "Ishan Kishan", "bowler": "YK Pathan", "runs": {"extras": 0, "total": 1, "batsman": 1}, "batsman": "Q de Kock"}}, {"6.4": {"non_striker": "Q de Kock", "bowler": "YK Pathan", "runs": {"extras": 0, "total": 1, "batsman": 1}, "batsman": "Ishan Kishan"}}, {"6.5": {"non_striker": "Ishan Kishan", "bowler": "YK Pathan", "runs": {"extras": 0, "total": 1, "batsman": 1}, "batsman": "Q de Kock"}}, {"6.6": {"non_striker": "Q de Kock", "bowler": "YK Pathan", "runs": {"extras": 0, "total": 0, "batsman": 0}, "batsman": "Ishan Kishan"}}, {"7.1": {"non_striker": "Ishan Kishan", "bowler": "Mohammad Nabi", "runs": {"extras": 0, "total": 1, "batsman": 1}, "batsman": "Q de Kock"}}, {"7.2": {"non_striker": "Q de Kock", "bowler": "Mohammad Nabi", "runs": {"extras": 0, "total": 1, "batsman": 1}, "batsman": "Ishan Kishan"}}, {"7.3": {"non_striker": "Ishan Kishan", "bowler": "Mohammad Nabi", "runs": {"extras": 0, "total": 1, "batsman": 1}, "batsman": "Q de Kock"}}, {"7.4": {"non_striker": "Q de Kock", "bowler": "Mohammad Nabi", "runs": {"extras": 0, "total": 0, "batsman": 0}, "batsman": "Ishan Kishan"}}, {"7.5": {"non_striker": "Q de Kock", "bowler": "Mohammad Nabi", "runs": {"extras": 0, "total": 0, "batsman": 0}, "batsman": "Ishan Kishan"}}, {"7.6": {"non_striker": "Q de Kock", "bowler": "Mohammad Nabi", "runs": {"extras": 0, "total": 1, "batsman": 1}, "batsman": "Ishan Kishan"}}, {"8.1": {"non_striker": "Q de Kock", "bowler": "S Kaul", "runs": {"extras": 0, "total": 1, "batsman": 1}, "batsman": "Ishan Kishan"}}, {"8.2": {"non_striker": "Ishan Kishan", "bowler": "S Kaul", "runs": {"extras": 0, "total": 0, "batsman": 0}, "batsman": "Q de Kock", "wicket": {"player_out": "Q de Kock", "fielders": ["DJ Hooda"], "kind": "caught"}}}, {"8.3": {"non_striker": "Ishan Kishan", "bowler": "S Kaul", "runs": {"extras": 0, "total": 0, "batsman": 0}, "batsman": "KH Pandya"}}, {"8.4": {"non_striker": "Ishan Kishan", "bowler": "S Kaul", "runs": {"extras": 0, "total": 1, "batsman": 1}, "batsman": "KH Pandya"}}, {"8.5": {"non_striker": "KH Pandya", "bowler": "S Kaul", "runs": {"extras": 0, "total": 4, "batsman": 4}, "batsman": "Ishan Kishan"}}, {"8.6": {"non_striker": "KH Pandya", "bowler": "S Kaul", "runs": {"extras": 0, "total": 0, "batsman": 0}, "batsman": "Ishan Kishan"}}, {"9.1": {"non_striker": "Ishan Kishan", "bowler": "Mohammad Nabi", "runs": {"extras": 0, "total": 2, "batsman": 2}, "batsman": "KH Pandya"}}, {"9.2": {"non_striker": "Ishan Kishan", "bowler": "Mohammad Nabi", "runs": {"extras": 0, "total": 0, "batsman": 0}, "batsman": "KH Pandya"}}, {"9.3": {"non_striker": "Ishan Kishan", "bowler": "Mohammad Nabi", "runs": {"extras": 0, "total": 1, "batsman": 1}, "batsman": "KH Pandya"}}, {"9.4": {"non_striker": "KH Pandya", "bowler": "Mohammad Nabi", "runs": {"extras": 0, "total": 1, "batsman": 1}, "batsman": "Ishan Kishan"}}, {"9.5": {"non_striker": "Ishan Kishan", "bowler": "Mohammad Nabi", "runs": {"extras": 0, "total": 0, "batsman": 0}, "batsman": "KH Pandya"}}, {"9.6": {"non_striker": "Ishan Kishan", "bowler": "Mohammad Nabi", "runs": {"extras": 0, "total": 0, "batsman": 0}, "batsman": "KH Pandya"}}, {"10.1": {"non_striker": "KH Pandya", "bowler": "Rashid Khan", "runs": {"extras": 0, "total": 1, "batsman": 1}, "batsman": "Ishan Kishan"}}, {"10.2": {"non_striker": "Ishan Kishan", "bowler": "Rashid Khan", "runs": {"extras": 0, "total": 0, "batsman": 0}, "batsman": "KH Pandya"}}, {"10.3": {"non_striker": "Ishan Kishan", "bowler": "Rashid Khan", "runs": {"extras": 0, "total": 0, "batsman": 0}, "batsman": "KH Pandya"}}, {"10.4": {"non_striker": "Ishan Kishan", "bowler": "Rashid Khan", "runs": {"extras": 0, "total": 0, "batsman": 0}, "batsman": "KH Pandya"}}, {"10.5": {"non_striker": "Ishan Kishan", "bowler": "Rashid Khan", "runs": {"extras": 3, "total": 3, "batsman": 0}, "extras": {"wides": 3}, "batsman": "KH Pandya"}}, {"10.6": {"non_striker": "Ishan Kishan", "bowler": "Rashid Khan", "runs": {"extras": 0, "total": 1, "batsman": 1}, "batsman": "KH Pandya"}}, {"10.7": {"non_striker": "KH Pandya", "bowler": "Rashid Khan", "runs": {"extras": 0, "total": 4, "batsman": 4}, "batsman": "Ishan Kishan"}}, {"11.1": {"non_striker": "Ishan Kishan", "bowler": "S Kaul", "runs": {"extras": 0, "total": 1, "batsman": 1}, "batsman": "KH Pandya"}}, {"11.2": {"non_striker": "KH Pandya", "bowler": "S Kaul", "runs": {"extras": 0, "total": 0, "batsman": 0}, "batsman": "Ishan Kishan"}}, {"11.3": {"non_striker": "KH Pandya", "bowler": "S Kaul", "runs": {"extras": 0, "total": 1, "batsman": 1}, "batsman": "Ishan Kishan"}}, {"11.4": {"non_striker": "Ishan Kishan", "bowler": "S Kaul", "runs": {"extras": 0, "total": 0, "batsman": 0}, "batsman": "KH Pandya", "wicket": {"player_out": "KH Pandya", "fielders": ["JM Bairstow"], "kind": "caught"}}}, {"11.5": {"non_striker": "Ishan Kishan", "bowler": "S Kaul", "runs": {"extras": 0, "total": 1, "batsman": 1}, "batsman": "KA Pollard"}}, {"11.6": {"non_striker": "KA Pollard", "bowler": "S Kaul", "runs": {"extras": 0, "total": 0, "batsman": 0}, "batsman": "Ishan Kishan"}}, {"12.1": {"non_striker": "Ishan Kishan", "bowler": "Rashid Khan", "runs": {"extras": 0, "total": 0, "batsman": 0}, "batsman": "KA Pollard"}}, {"12.2": {"non_striker": "Ishan Kishan", "bowler": "Rashid Khan", "runs": {"extras": 0, "total": 1, "batsman": 1}, "batsman": "KA Pollard"}}, {"12.3": {"non_striker": "KA Pollard", "bowler": "Rashid Khan", "runs": {"extras": 0, "total": 0, "batsman": 0}, "batsman": "Ishan Kishan"}}, {"12.4": {"non_striker": "KA Pollard", "bowler": "Rashid Khan", "runs": {"extras": 0, "total": 0, "batsman": 0}, "batsman": "Ishan Kishan"}}, {"12.5": {"non_striker": "KA Pollard", "bowler": "Rashid Khan", "runs": {"extras": 0, "total": 0, "batsman": 0}, "batsman": "Ishan Kishan", "wicket": {"player_out": "Ishan Kishan", "kind": "run out"}}}, {"12.6": {"non_striker": "KA Pollard", "bowler": "Rashid Khan", "runs": {"extras": 0, "total": 2, "batsman": 2}, "batsman": "HH Pandya"}}, {"13.1": {"non_striker": "HH Pandya", "bowler": "S Kaul", "runs": {"extras": 0, "total": 1, "batsman": 1}, "batsman": "KA Pollard"}}, {"13.2": {"non_striker": "KA Pollard", "bowler": "S Kaul", "runs": {"extras": 0, "total": 0, "batsman": 0}, "batsman": "HH Pandya"}}, {"13.3": {"non_striker": "KA Pollard", "bowler": "S Kaul", "runs": {"extras": 0, "total": 2, "batsman": 2}, "batsman": "HH Pandya"}}, {"13.4": {"non_striker": "KA Pollard", "bowler": "S Kaul", "runs": {"extras": 0, "total": 0, "batsman": 0}, "batsman": "HH Pandya"}}, {"13.5": {"non_striker": "KA Pollard", "bowler": "S Kaul", "runs": {"extras": 0, "total": 1, "batsman": 1}, "batsman": "HH Pandya"}}, {"13.6": {"non_striker": "HH Pandya", "bowler": "S Kaul", "runs": {"extras": 0, "total": 1, "batsman": 1}, "batsman": "KA Pollard"}}, {"14.1": {"non_striker": "HH Pandya", "bowler": "Rashid Khan", "runs": {"extras": 0, "total": 0, "batsman": 0}, "batsman": "KA Pollard"}}, {"14.2": {"non_striker": "HH Pandya", "bowler": "Rashid Khan", "runs": {"extras": 0, "total": 1, "batsman": 1}, "batsman": "KA Pollard"}}, {"14.3": {"non_striker": "KA Pollard", "bowler": "Rashid Khan", "runs": {"extras": 0, "total": 0, "batsman": 0}, "batsman": "HH Pandya"}}, {"14.4": {"non_striker": "KA Pollard", "bowler": "Rashid Khan", "runs": {"extras": 0, "total": 0, "batsman": 0}, "batsman": "HH Pandya"}}, {"14.5": {"non_striker": "KA Pollard", "bowler": "Rashid Khan", "runs": {"extras": 0, "total": 1, "batsman": 1}, "batsman": "HH Pandya"}}, {"14.6": {"non_striker": "HH Pandya", "bowler": "Rashid Khan", "runs": {"extras": 0, "total": 1, "batsman": 1}, "batsman": "KA Pollard"}}, {"15.1": {"non_striker": "HH Pandya", "bowler": "Sandeep Sharma", "runs": {"extras": 0, "total": 1, "batsman": 1}, "batsman": "KA Pollard"}}, {"15.2": {"non_striker": "KA Pollard", "bowler": "Sandeep Sharma", "runs": {"extras": 0, "total": 1, "batsman": 1}, "batsman": "HH Pandya"}}, {"15.3": {"non_striker": "HH Pandya", "bowler": "Sandeep Sharma", "runs": {"extras": 0, "total": 1, "batsman": 1}, "batsman": "KA Pollard"}}, {"15.4": {"non_striker": "KA Pollard", "bowler": "Sandeep Sharma", "runs": {"extras": 0, "total": 0, "batsman": 0}, "batsman": "HH Pandya"}}, {"15.5": {"non_striker": "KA Pollard", "bowler": "Sandeep Sharma", "runs": {"extras": 0, "total": 1, "batsman": 1}, "batsman": "HH Pandya"}}, {"15.6": {"non_striker": "HH Pandya", "bowler": "Sandeep Sharma", "runs": {"extras": 1, "total": 1, "batsman": 0}, "extras": {"wides": 1}, "batsman": "KA Pollard"}}, {"15.7": {"non_striker": "HH Pandya", "bowler": "Sandeep Sharma", "runs": {"extras": 0, "total": 0, "batsman": 0}, "batsman": "KA Pollard"}}, {"16.1": {"non_striker": "KA Pollard", "bowler": "Rashid Khan", "runs": {"extras": 0, "total": 6, "batsman": 6}, "batsman": "HH Pandya"}}, {"16.2": {"non_striker": "KA Pollard", "bowler": "Rashid Khan", "runs": {"extras": 0, "total": 0, "batsman": 0}, "batsman": "HH Pandya"}}, {"16.3": {"non_striker": "KA Pollard", "bowler": "Rashid Khan", "runs": {"extras": 0, "total": 0, "batsman": 0}, "batsman": "HH Pandya", "wicket": {"player_out": "HH Pandya", "fielders": ["V Shankar"], "kind": "caught"}}}, {"16.4": {"non_striker": "KA Pollard", "bowler": "Rashid Khan", "runs": {"extras": 0, "total": 4, "batsman": 4}, "batsman": "RD Chahar"}}, {"16.5": {"non_striker": "KA Pollard", "bowler": "Rashid Khan", "runs": {"extras": 0, "total": 0, "batsman": 0}, "batsman": "RD Chahar"}}, {"16.6": {"non_striker": "KA Pollard", "bowler": "Rashid Khan", "runs": {"extras": 0, "total": 2, "batsman": 2}, "batsman": "RD Chahar"}}, {"17.1": {"non_striker": "RD Chahar", "bowler": "B Kumar", "runs": {"extras": 0, "total": 0, "batsman": 0}, "batsman": "KA Pollard"}}, {"17.2": {"non_striker": "RD Chahar", "bowler": "B Kumar", "runs": {"extras": 0, "total": 1, "batsman": 1}, "batsman": "KA Pollard"}}, {"17.3": {"non_striker": "KA Pollard", "bowler": "B Kumar", "runs": {"extras": 0, "total": 4, "batsman": 4}, "batsman": "RD Chahar"}}, {"17.4": {"non_striker": "KA Pollard", "bowler": "B Kumar", "runs": {"extras": 0, "total": 0, "batsman": 0}, "batsman": "RD Chahar"}}, {"17.5": {"non_striker": "KA Pollard", "bowler": "B Kumar", "runs": {"extras": 0, "total": 0, "batsman": 0}, "batsman": "RD Chahar"}}, {"17.6": {"non_striker": "KA Pollard", "bowler": "B Kumar", "runs": {"extras": 0, "total": 0, "batsman": 0}, "batsman": "RD Chahar", "wicket": {"player_out": "RD Chahar", "fielders": ["JM Bairstow"], "kind": "caught"}}}, {"18.1": {"non_striker": "AS Joseph", "bowler": "S Kaul", "runs": {"extras": 0, "total": 6, "batsman": 6}, "batsman": "KA Pollard"}}, {"18.2": {"non_striker": "AS Joseph", "bowler": "S Kaul", "runs": {"extras": 0, "total": 0, "batsman": 0}, "batsman": "KA Pollard"}}, {"18.3": {"non_striker": "AS Joseph", "bowler": "S Kaul", "runs": {"extras": 0, "total": 6, "batsman": 6}, "batsman": "KA Pollard"}}, {"18.4": {"non_striker": "AS Joseph", "bowler": "S Kaul", "runs": {"extras": 1, "total": 1, "batsman": 0}, "extras": {"noballs": 1}, "batsman": "KA Pollard"}}, {"18.5": {"non_striker": "AS Joseph", "bowler": "S Kaul", "runs": {"extras": 0, "total": 6, "batsman": 6}, "batsman": "KA Pollard"}}, {"18.6": {"non_striker": "AS Joseph", "bowler": "S Kaul", "runs": {"extras": 0, "total": 0, "batsman": 0}, "batsman": "KA Pollard"}}, {"18.7": {"non_striker": "AS Joseph", "bowler": "S Kaul", "runs": {"extras": 0, "total": 1, "batsman": 1}, "batsman": "KA Pollard"}}, {"19.1": {"non_striker": "AS Joseph", "bowler": "B Kumar", "runs": {"extras": 1, "total": 1, "batsman": 0}, "extras": {"wides": 1}, "batsman": "KA Pollard"}}, {"19.2": {"non_striker": "AS Joseph", "bowler": "B Kumar", "runs": {"extras": 0, "total": 4, "batsman": 4}, "batsman": "KA Pollard"}}, {"19.3": {"non_striker": "AS Joseph", "bowler": "B Kumar", "runs": {"extras": 0, "total": 2, "batsman": 2}, "batsman": "KA Pollard"}}, {"19.4": {"non_striker": "AS Joseph", "bowler": "B Kumar", "runs": {"extras": 0, "total": 0, "batsman": 0}, "batsman": "KA Pollard"}}, {"19.5": {"non_striker": "AS Joseph", "bowler": "B Kumar", "runs": {"extras": 0, "total": 2, "batsman": 2}, "batsman": "KA Pollard"}}, {"19.6": {"non_striker": "AS Joseph", "bowler": "B Kumar", "runs": {"extras": 0, "total": 6, "batsman": 6}, "batsman": "KA Pollard"}}, {"19.7": {"non_striker": "AS Joseph", "bowler": "B Kumar", "runs": {"extras": 0, "total": 4, "batsman": 4}, "batsman": "KA Pollard"}}]