[{"0.1": {"non_striker": "SP Narine", "bowler": "B Kumar", "runs": {"extras": 1, "total": 1, "batsman": 0}, "extras": {"wides": 1}, "batsman": "CA Lynn"}}, {"0.2": {"non_striker": "SP Narine", "bowler": "B Kumar", "runs": {"extras": 0, "total": 0, "batsman": 0}, "batsman": "CA Lynn"}}, {"0.3": {"non_striker": "SP Narine", "bowler": "B Kumar", "runs": {"extras": 0, "total": 0, "batsman": 0}, "batsman": "CA Lynn"}}, {"0.4": {"non_striker": "SP Narine", "bowler": "B Kumar", "runs": {"extras": 0, "total": 4, "batsman": 4}, "batsman": "CA Lynn"}}, {"0.5": {"non_striker": "SP Narine", "bowler": "B Kumar", "runs": {"extras": 0, "total": 1, "batsman": 1}, "batsman": "CA Lynn"}}, {"0.6": {"non_striker": "CA Lynn", "bowler": "B Kumar", "runs": {"extras": 0, "total": 0, "batsman": 0}, "batsman": "SP Narine"}}, {"0.7": {"non_striker": "CA Lynn", "bowler": "B Kumar", "runs": {"extras": 0, "total": 4, "batsman": 4}, "batsman": "SP Narine"}}, {"1.1": {"non_striker": "SP Narine", "bowler": "S Nadeem", "runs": {"extras": 0, "total": 4, "batsman": 4}, "batsman": "CA Lynn"}}, {"1.2": {"non_striker": "SP Narine", "bowler": "S Nadeem", "runs": {"extras": 0, "total": 1, "batsman": 1}, "batsman": "CA Lynn"}}, {"1.3": {"non_striker": "CA Lynn", "bowler": "S Nadeem", "runs": {"extras": 0, "total": 6, "batsman": 6}, "batsman": "SP Narine"}}, {"1.4": {"non_striker": "CA Lynn", "bowler": "S Nadeem", "runs": {"extras": 0, "total": 1, "batsman": 1}, "batsman": "SP Narine"}}, {"1.5": {"non_striker": "SP Narine", "bowler": "S Nadeem", "runs": {"extras": 0, "total": 0, "batsman": 0}, "batsman": "CA Lynn"}}, {"1.6": {"non_striker": "SP Narine", "bowler": "S Nadeem", "runs": {"extras": 0, "total": 6, "batsman": 6}, "batsman": "CA Lynn"}}, {"2.1": {"non_striker": "CA Lynn", "bowler": "KK Ahmed", "runs": {"extras": 0, "total": 6, "batsman": 6}, "batsman": "SP Narine"}}, {"2.2": {"non_striker": "CA Lynn", "bowler": "KK Ahmed", "runs": {"extras": 0, "total": 4, "batsman": 4}, "batsman": "SP Narine"}}, {"2.3": {"non_striker": "CA Lynn", "bowler": "KK Ahmed", "runs": {"extras": 0, "total": 4, "batsman": 4}, "batsman": "SP Narine"}}, {"2.4": {"non_striker": "CA Lynn", "bowler": "KK Ahmed", "runs": {"extras": 0, "total": 0, "batsman": 0}, "batsman": "SP Narine", "wicket": {"player_out": "SP Narine", "kind": "bowled"}}}, {"2.5": {"non_striker": "CA Lynn", "bowler": "KK Ahmed", "runs": {"extras": 0, "total": 1, "batsman": 1}, "batsman": "Shubman Gill"}}, {"2.6": {"non_striker": "Shubman Gill", "bowler": "KK Ahmed", "runs": {"extras": 0, "total": 1, "batsman": 1}, "batsman": "CA Lynn"}}, {"3.1": {"non_striker": "Shubman Gill", "bowler": "Sandeep Sharma", "runs": {"extras": 0, "total": 1, "batsman": 1}, "batsman": "CA Lynn"}}, {"3.2": {"non_striker": "CA Lynn", "bowler": "Sandeep Sharma", "runs": {"extras": 0, "total": 1, "batsman": 1}, "batsman": "Shubman Gill"}}, {"3.3": {"non_striker": "Shubman Gill", "bowler": "Sandeep Sharma", "runs": {"extras": 0, "total": 1, "batsman": 1}, "batsman": "CA Lynn"}}, {"3.4": {"non_striker": "CA Lynn", "bowler": "Sandeep Sharma", "runs": {"extras": 0, "total": 1, "batsman": 1}, "batsman": "Shubman Gill"}}, {"3.5": {"non_striker": "Shubman Gill", "bowler": "Sandeep Sharma", "runs": {"extras": 0, "total": 0, "batsman": 0}, "batsman": "CA Lynn"}}, {"3.6": {"non_striker": "Shubman Gill", "bowler": "Sandeep Sharma", "runs": {"extras": 0, "total": 1, "batsman": 1}, "batsman": "CA Lynn"}}, {"4.1": {"non_striker": "Shubman Gill", "bowler": "KK Ahmed", "runs": {"extras": 0, "total": 1, "batsman": 1}, "batsman": "CA Lynn"}}, {"4.2": {"non_striker": "CA Lynn", "bowler": "KK Ahmed", "runs": {"extras": 0, "total": 0, "batsman": 0}, "batsman": "Shubman Gill", "wicket": {"player_out": "Shubman Gill", "fielders": ["V Shankar"], "kind": "caught"}}}, {"4.3": {"non_striker": "CA Lynn", "bowler": "KK Ahmed", "runs": {"extras": 0, "total": 1, "batsman": 1}, "batsman": "N Rana"}}, {"4.4": {"non_striker": "N Rana", "bowler": "KK Ahmed", "runs": {"extras": 0, "total": 1, "batsman": 1}, "batsman": "CA Lynn"}}, {"4.5": {"non_striker": "CA Lynn", "bowler": "KK Ahmed", "runs": {"extras": 0, "total": 0, "batsman": 0}, "batsman": "N Rana"}}, {"4.6": {"non_striker": "CA Lynn", "bowler": "KK Ahmed", "runs": {"extras": 0, "total": 1, "batsman": 1}, "batsman": "N Rana"}}, {"5.1": {"non_striker": "CA Lynn", "bowler": "Sandeep Sharma", "runs": {"extras": 0, "total": 0, "batsman": 0}, "batsman": "N Rana"}}, {"5.2": {"non_striker": "CA Lynn", "bowler": "Sandeep Sharma", "runs": {"extras": 0, "total": 1, "batsman": 1}, "batsman": "N Rana"}}, {"5.3": {"non_striker": "N Rana", "bowler": "Sandeep Sharma", "runs": {"extras": 0, "total": 1, "batsman": 1}, "batsman": "CA Lynn"}}, {"5.4": {"non_striker": "CA Lynn", "bowler": "Sandeep Sharma", "runs": {"extras": 0, "total": 4, "batsman": 4}, "batsman": "N Rana"}}, {"5.5": {"non_striker": "CA Lynn", "bowler": "Sandeep Sharma", "runs": {"extras": 0, "total": 0, "batsman": 0}, "batsman": "N Rana"}}, {"5.6": {"non_striker": "CA Lynn", "bowler": "Sandeep Sharma", "runs": {"extras": 0, "total": 2, "batsman": 2}, "batsman": "N Rana"}}, {"6.1": {"non_striker": "N Rana", "bowler": "S Nadeem", "runs": {"extras": 0, "total": 0, "batsman": 0}, "batsman": "CA Lynn"}}, {"6.2": {"non_striker": "N Rana", "bowler": "S Nadeem", "runs": {"extras": 0, "total": 0, "batsman": 0}, "batsman": "CA Lynn"}}, {"6.3": {"non_striker": "N Rana", "bowler": "S Nadeem", "runs": {"extras": 0, "total": 1, "batsman": 1}, "batsman": "CA Lynn"}}, {"6.4": {"non_striker": "CA Lynn", "bowler": "S Nadeem", "runs": {"extras": 0, "total": 1, "batsman": 1}, "batsman": "N Rana"}}, {"6.5": {"non_striker": "N Rana", "bowler": "S Nadeem", "runs": {"extras": 0, "total": 1, "batsman": 1}, "batsman": "CA Lynn"}}, {"6.6": {"non_striker": "CA Lynn", "bowler": "S Nadeem", "runs": {"extras": 0, "total": 1, "batsman": 1}, "batsman": "N Rana"}}, {"7.1": {"non_striker": "CA Lynn", "bowler": "B Kumar", "runs": {"extras": 0, "total": 0, "batsman": 0}, "batsman": "N Rana", "wicket": {"player_out": "N Rana", "fielders": ["JM Bairstow"], "kind": "caught"}}}, {"7.2": {"non_striker": "CA Lynn", "bowler": "B Kumar", "runs": {"extras": 0, "total": 1, "batsman": 1}, "batsman": "KD Karthik"}}, {"7.3": {"non_striker": "KD Karthik", "bowler": "B Kumar", "runs": {"extras": 0, "total": 0, "batsman": 0}, "batsman": "CA Lynn"}}, {"7.4": {"non_striker": "KD Karthik", "bowler": "B Kumar", "runs": {"extras": 0, "total": 1, "batsman": 1}, "batsman": "CA Lynn"}}, {"7.5": {"non_striker": "CA Lynn", "bowler": "B Kumar", "runs": {"extras": 0, "total": 4, "batsman": 4}, "batsman": "KD Karthik"}}, {"7.6": {"non_striker": "CA Lynn", "bowler": "B Kumar", "runs": {"extras": 0, "total": 0, "batsman": 0}, "batsman": "KD Karthik"}}, {"8.1": {"non_striker": "KD Karthik", "bowler": "S Nadeem", "runs": {"extras": 0, "total": 1, "batsman": 1}, "batsman": "CA Lynn"}}, {"8.2": {"non_striker": "CA Lynn", "bowler": "S Nadeem", "runs": {"extras": 0, "total": 1, "batsman": 1}, "batsman": "KD Karthik", "wicket": {"player_out": "KD Karthik", "kind": "run out"}}}, {"8.3": {"non_striker": "CA Lynn", "bowler": "S Nadeem", "runs": {"extras": 0, "total": 0, "batsman": 0}, "batsman": "RK Singh"}}, {"8.4": {"non_striker": "CA Lynn", "bowler": "S Nadeem", "runs": {"extras": 0, "total": 1, "batsman": 1}, "batsman": "RK Singh"}}, {"8.5": {"non_striker": "RK Singh", "bowler": "S Nadeem", "runs": {"extras": 0, "total": 0, "batsman": 0}, "batsman": "CA Lynn"}}, {"8.6": {"non_striker": "RK Singh", "bowler": "S Nadeem", "runs": {"extras": 1, "total": 1, "batsman": 0}, "extras": {"legbyes": 1}, "batsman": "CA Lynn"}}, {"9.1": {"non_striker": "RK Singh", "bowler": "Rashid Khan", "runs": {"extras": 0, "total": 0, "batsman": 0}, "batsman": "CA Lynn"}}, {"9.2": {"non_striker": "RK Singh", "bowler": "Rashid Khan", "runs": {"extras": 0, "total": 2, "batsman": 2}, "batsman": "CA Lynn"}}, {"9.3": {"non_striker": "RK Singh", "bowler": "Rashid Khan", "runs": {"extras": 0, "total": 1, "batsman": 1}, "batsman": "CA Lynn"}}, {"9.4": {"non_striker": "CA Lynn", "bowler": "Rashid Khan", "runs": {"extras": 0, "total": 1, "batsman": 1}, "batsman": "RK Singh"}}, {"9.5": {"non_striker": "RK Singh", "bowler": "Rashid Khan", "runs": {"extras": 0, "total": 1, "batsman": 1}, "batsman": "CA Lynn"}}, {"9.6": {"non_striker": "CA Lynn", "bowler": "Rashid Khan", "runs": {"extras": 0, "total": 0, "batsman": 0}, "batsman": "RK Singh"}}, {"10.1": {"non_striker": "RK Singh", "bowler": "S Nadeem", "runs": {"extras": 0, "total": 0, "batsman": 0}, "batsman": "CA Lynn"}}, {"10.2": {"non_striker": "RK Singh", "bowler": "S Nadeem", "runs": {"extras": 0, "total": 1, "batsman": 1}, "batsman": "CA Lynn"}}, {"10.3": {"non_striker": "CA Lynn", "bowler": "S Nadeem", "runs": {"extras": 0, "total": 1, "batsman": 1}, "batsman": "RK Singh"}}, {"10.4": {"non_striker": "RK Singh", "bowler": "S Nadeem", "runs": {"extras": 0, "total": 1, "batsman": 1}, "batsman": "CA Lynn"}}, {"10.5": {"non_striker": "CA Lynn", "bowler": "S Nadeem", "runs": {"extras": 0, "total": 1, "batsman": 1}, "batsman": "RK Singh"}}, {"10.6": {"non_striker": "RK Singh", "bowler": "S Nadeem", "runs": {"extras": 0, "total": 1, "batsman": 1}, "batsman": "CA Lynn"}}, {"11.1": {"non_striker": "RK Singh", "bowler": "Sandeep Sharma", "runs": {"extras": 0, "total": 2, "batsman": 2}, "batsman": "CA Lynn"}}, {"11.2": {"non_striker": "RK Singh", "bowler": "Sandeep Sharma", "runs": {"extras": 0, "total": 4, "batsman": 4}, "batsman": "CA Lynn"}}, {"11.3": {"non_striker": "RK Singh", "bowler": "Sandeep Sharma", "runs": {"extras": 0, "total": 1, "batsman": 1}, "batsman": "CA Lynn"}}, {"11.4": {"non_striker": "CA Lynn", "bowler": "Sandeep Sharma", "runs": {"extras": 0, "total": 0, "batsman": 0}, "batsman": "RK Singh"}}, {"11.5": {"non_striker": "CA Lynn", "bowler": "Sandeep Sharma", "runs": {"extras": 0, "total": 6, "batsman": 6}, "batsman": "RK Singh"}}, {"11.6": {"non_striker": "CA Lynn", "bowler": "Sandeep Sharma", "runs": {"extras": 0, "total": 1, "batsman": 1}, "batsman": "RK Singh"}}, {"12.1": {"non_striker": "CA Lynn", "bowler": "Rashid Khan", "runs": {"extras": 0, "total": 0, "batsman": 0}, "batsman": "RK Singh"}}, {"12.2": {"non_striker": "CA Lynn", "bowler": "Rashid Khan", "runs": {"extras": 0, "total": 0, "batsman": 0}, "batsman": "RK Singh"}}, {"12.3": {"non_striker": "CA Lynn", "bowler": "Rashid Khan", "runs": {"extras": 0, "total": 0, "batsman": 0}, "batsman": "RK Singh"}}, {"12.4": {"non_striker": "CA Lynn", "bowler": "Rashid Khan", "runs": {"extras": 0, "total": 1, "batsman": 1}, "batsman": "RK Singh"}}, {"12.5": {"non_striker": "RK Singh", "bowler": "Rashid Khan", "runs": {"extras": 0, "total": 1, "batsman": 1}, "batsman": "CA Lynn"}}, {"12.6": {"non_striker": "CA Lynn", "bowler": "Rashid Khan", "runs": {"extras": 0, "total": 2, "batsman": 2}, "batsman": "RK Singh"}}, {"13.1": {"non_striker": "RK Singh", "bowler": "KK Ahmed", "runs": {"extras": 1, "total": 1, "batsman": 0}, "extras": {"wides": 1}, "batsman": "CA Lynn"}}, {"13.2": {"non_striker": "RK Singh", "bowler": "KK Ahmed", "runs": {"extras": 1, "total": 1, "batsman": 0}, "extras": {"wides": 1}, "batsman": "CA Lynn"}}, {"13.3": {"non_striker": "RK Singh", "bowler": "KK Ahmed", "runs": {"extras": 0, "total": 1, "batsman": 1}, "batsman": "CA Lynn"}}, {"13.4": {"non_striker": "CA Lynn", "bowler": "KK Ahmed", "runs": {"extras": 0, "total": 1, "batsman": 1}, "batsman": "RK Singh"}}, {"13.5": {"non_striker": "RK Singh", "bowler": "KK Ahmed", "runs": {"extras": 0, "total": 1, "batsman": 1}, "batsman": "CA Lynn"}}, {"13.6": {"non_striker": "CA Lynn", "bowler": "KK Ahmed", "runs": {"extras": 0, "total": 0, "batsman": 0}, "batsman": "RK Singh"}}, {"13.7": {"non_striker": "CA Lynn", "bowler": "KK Ahmed", "runs": {"extras": 0, "total": 1, "batsman": 1}, "batsman": "RK Singh"}}, {"13.8": {"non_striker": "RK Singh", "bowler": "KK Ahmed", "runs": {"extras": 0, "total": 0, "batsman": 0}, "batsman": "CA Lynn"}}, {"14.1": {"non_striker": "CA Lynn", "bowler": "B Kumar", "runs": {"extras": 0, "total": 4, "batsman": 4}, "batsman": "RK Singh"}}, {"14.2": {"non_striker": "CA Lynn", "bowler": "B Kumar", "runs": {"extras": 0, "total": 0, "batsman": 0}, "batsman": "RK Singh"}}, {"14.3": {"non_striker": "CA Lynn", "bowler": "B Kumar", "runs": {"extras": 0, "total": 0, "batsman": 0}, "batsman": "RK Singh"}}, {"14.4": {"non_striker": "CA Lynn", "bowler": "B Kumar", "runs": {"extras": 0, "total": 1, "batsman": 1}, "batsman": "RK Singh"}}, {"14.5": {"non_striker": "RK Singh", "bowler": "B Kumar", "runs": {"extras": 0, "total": 1, "batsman": 1}, "batsman": "CA Lynn"}}, {"14.6": {"non_striker": "CA Lynn", "bowler": "B Kumar", "runs": {"extras": 0, "total": 1, "batsman": 1}, "batsman": "RK Singh"}}, {"15.1": {"non_striker": "CA Lynn", "bowler": "Sandeep Sharma", "runs": {"extras": 0, "total": 2, "batsman": 2}, "batsman": "RK Singh"}}, {"15.2": {"non_striker": "CA Lynn", "bowler": "Sandeep Sharma", "runs": {"extras": 0, "total": 6, "batsman": 6}, "batsman": "RK Singh"}}, {"15.3": {"non_striker": "CA Lynn", "bowler": "Sandeep Sharma", "runs": {"extras": 0, "total": 0, "batsman": 0}, "batsman": "RK Singh", "wicket": {"player_out": "RK Singh", "fielders": ["Rashid Khan"], "kind": "caught"}}}, {"15.4": {"non_striker": "CA Lynn", "bowler": "Sandeep Sharma", "runs": {"extras": 0, "total": 0, "batsman": 0}, "batsman": "AD Russell"}}, {"15.5": {"non_striker": "CA Lynn", "bowler": "Sandeep Sharma", "runs": {"extras": 0, "total": 1, "batsman": 1}, "batsman": "AD Russell"}}, {"15.6": {"non_striker": "AD Russell", "bowler": "Sandeep Sharma", "runs": {"extras": 0, "total": 1, "batsman": 1}, "batsman": "CA Lynn"}}, {"16.1": {"non_striker": "AD Russell", "bowler": "KK Ahmed", "runs": {"extras": 0, "total": 1, "batsman": 1}, "batsman": "CA Lynn"}}, {"16.2": {"non_striker": "CA Lynn", "bowler": "KK Ahmed", "runs": {"extras": 1, "total": 1, "batsman": 0}, "extras": {"wides": 1}, "batsman": "AD Russell"}}, {"16.3": {"non_striker": "CA Lynn", "bowler": "KK Ahmed", "runs": {"extras": 0, "total": 1, "batsman": 1}, "batsman": "AD Russell"}}, {"16.4": {"non_striker": "AD Russell", "bowler": "KK Ahmed", "runs": {"extras": 0, "total": 0, "batsman": 0}, "batsman": "CA Lynn"}}, {"16.5": {"non_striker": "AD Russell", "bowler": "KK Ahmed", "runs": {"extras": 0, "total": 4, "batsman": 4}, "batsman": "CA Lynn"}}, {"16.6": {"non_striker": "AD Russell", "bowler": "KK Ahmed", "runs": {"extras": 0, "total": 0, "batsman": 0}, "batsman": "CA Lynn"}}, {"16.7": {"non_striker": "AD Russell", "bowler": "KK Ahmed", "runs": {"extras": 0, "total": 0, "batsman": 0}, "batsman": "CA Lynn", "wicket": {"player_out": "CA Lynn", "fielders": ["KS Williamson"], "kind": "caught"}}}, {"17.1": {"non_striker": "PP Chawla", "bowler": "Rashid Khan", "runs": {"extras": 0, "total": 1, "batsman": 1}, "batsman": "AD Russell"}}, {"17.2": {"non_striker": "AD Russell", "bowler": "Rashid Khan", "runs": {"extras": 0, "total": 0, "batsman": 0}, "batsman": "PP Chawla"}}, {"17.3": {"non_striker": "AD Russell", "bowler": "Rashid Khan", "runs": {"extras": 0, "total": 0, "batsman": 0}, "batsman": "PP Chawla"}}, {"17.4": {"non_striker": "AD Russell", "bowler": "Rashid Khan", "runs": {"extras": 0, "total": 0, "batsman": 0}, "batsman": "PP Chawla"}}, {"17.5": {"non_striker": "AD Russell", "bowler": "Rashid Khan", "runs": {"extras": 0, "total": 0, "batsman": 0}, "batsman": "PP Chawla"}}, {"17.6": {"non_striker": "AD Russell", "bowler": "Rashid Khan", "runs": {"extras": 0, "total": 0, "batsman": 0}, "batsman": "PP Chawla"}}, {"18.1": {"non_striker": "PP Chawla", "bowler": "B Kumar", "runs": {"extras": 0, "total": 0, "batsman": 0}, "batsman": "AD Russell"}}, {"18.2": {"non_striker": "PP Chawla", "bowler": "B Kumar", "runs": {"extras": 0, "total": 6, "batsman": 6}, "batsman": "AD Russell"}}, {"18.3": {"non_striker": "PP Chawla", "bowler": "B Kumar", "runs": {"extras": 0, "total": 0, "batsman": 0}, "batsman": "AD Russell"}}, {"18.4": {"non_striker": "PP Chawla", "bowler": "B Kumar", "runs": {"extras": 0, "total": 6, "batsman": 6}, "batsman": "AD Russell"}}, {"18.5": {"non_striker": "PP Chawla", "bowler": "B Kumar", "runs": {"extras": 0, "total": 0, "batsman": 0}, "batsman": "AD Russell", "wicket": {"player_out": "AD Russell", "fielders": ["Rashid Khan"], "kind": "caught"}}}, {"18.6": {"non_striker": "PP Chawla", "bowler": "B Kumar", "runs": {"extras": 0, "total": 0, "batsman": 0}, "batsman": "Y Prithvi Raj"}}, {"19.1": {"non_striker": "Y Prithvi Raj", "bowler": "Rashid Khan", "runs": {"extras": 0, "total": 4, "batsman": 4}, "batsman": "PP Chawla"}}, {"19.2": {"non_striker": "Y Prithvi Raj", "bowler": "Rashid Khan", "runs": {"extras": 0, "total": 0, "batsman": 0}, "batsman": "PP Chawla"}}, {"19.3": {"non_striker": "Y Prithvi Raj", "bowler": "Rashid Khan", "runs": {"extras": 0, "total": 0, "batsman": 0}, "batsman": "PP Chawla", "wicket": {"player_out": "PP Chawla", "fielders": ["JM Bairstow"], "kind": "caught"}}}, {"19.4": {"non_striker": "Y Prithvi Raj", "bowler": "Rashid Khan", "runs": {"extras": 0, "total": 2, "batsman": 2}, "batsman": "KC Cariappa"}}, {"19.5": {"non_striker": "Y Prithvi Raj", "bowler": "Rashid Khan", "runs": {"extras": 0, "total": 6, "batsman": 6}, "batsman": "KC Cariappa"}}, {"19.6": {"non_striker": "Y Prithvi Raj", "bowler": "Rashid Khan", "runs": {"extras": 0, "total": 1, "batsman": 1}, "batsman": "KC Cariappa"}}]