[{"0.1": {"non_striker": "SP Narine", "bowler": "DL Chahar", "runs": {"extras": 0, "total": 0, "batsman": 0}, "batsman": "CA Lynn"}}, {"0.2": {"non_striker": "SP Narine", "bowler": "DL Chahar", "runs": {"extras": 0, "total": 0, "batsman": 0}, "batsman": "CA Lynn"}}, {"0.3": {"non_striker": "SP Narine", "bowler": "DL Chahar", "runs": {"extras": 0, "total": 0, "batsman": 0}, "batsman": "CA Lynn"}}, {"0.4": {"non_striker": "SP Narine", "bowler": "DL Chahar", "runs": {"extras": 0, "total": 4, "batsman": 4}, "batsman": "CA Lynn"}}, {"0.5": {"non_striker": "SP Narine", "bowler": "DL Chahar", "runs": {"extras": 0, "total": 4, "batsman": 4}, "batsman": "CA Lynn"}}, {"0.6": {"non_striker": "SP Narine", "bowler": "DL Chahar", "runs": {"extras": 0, "total": 0, "batsman": 0}, "batsman": "CA Lynn"}}, {"1.1": {"non_striker": "CA Lynn", "bowler": "SN Thakur", "runs": {"extras": 0, "total": 0, "batsman": 0}, "batsman": "SP Narine"}}, {"1.2": {"non_striker": "CA Lynn", "bowler": "SN Thakur", "runs": {"extras": 1, "total": 1, "batsman": 0}, "extras": {"legbyes": 1}, "batsman": "SP Narine"}}, {"1.3": {"non_striker": "SP Narine", "bowler": "SN Thakur", "runs": {"extras": 0, "total": 0, "batsman": 0}, "batsman": "CA Lynn"}}, {"1.4": {"non_striker": "SP Narine", "bowler": "SN Thakur", "runs": {"extras": 0, "total": 0, "batsman": 0}, "batsman": "CA Lynn"}}, {"1.5": {"non_striker": "SP Narine", "bowler": "SN Thakur", "runs": {"extras": 0, "total": 0, "batsman": 0}, "batsman": "CA Lynn"}}, {"1.6": {"non_striker": "SP Narine", "bowler": "SN Thakur", "runs": {"extras": 0, "total": 1, "batsman": 1}, "batsman": "CA Lynn"}}, {"2.1": {"non_striker": "SP Narine", "bowler": "DL Chahar", "runs": {"extras": 0, "total": 4, "batsman": 4}, "batsman": "CA Lynn"}}, {"2.2": {"non_striker": "SP Narine", "bowler": "DL Chahar", "runs": {"extras": 0, "total": 6, "batsman": 6}, "batsman": "CA Lynn"}}, {"2.3": {"non_striker": "SP Narine", "bowler": "DL Chahar", "runs": {"extras": 0, "total": 4, "batsman": 4}, "batsman": "CA Lynn"}}, {"2.4": {"non_striker": "SP Narine", "bowler": "DL Chahar", "runs": {"extras": 0, "total": 0, "batsman": 0}, "batsman": "CA Lynn"}}, {"2.5": {"non_striker": "SP Narine", "bowler": "DL Chahar", "runs": {"extras": 0, "total": 0, "batsman": 0}, "batsman": "CA Lynn"}}, {"2.6": {"non_striker": "SP Narine", "bowler": "DL Chahar", "runs": {"extras": 0, "total": 0, "batsman": 0}, "batsman": "CA Lynn"}}, {"3.1": {"non_striker": "CA Lynn", "bowler": "SN Thakur", "runs": {"extras": 0, "total": 1, "batsman": 1}, "batsman": "SP Narine"}}, {"3.2": {"non_striker": "SP Narine", "bowler": "SN Thakur", "runs": {"extras": 0, "total": 4, "batsman": 4}, "batsman": "CA Lynn"}}, {"3.3": {"non_striker": "SP Narine", "bowler": "SN Thakur", "runs": {"extras": 0, "total": 0, "batsman": 0}, "batsman": "CA Lynn"}}, {"3.4": {"non_striker": "SP Narine", "bowler": "SN Thakur", "runs": {"extras": 0, "total": 0, "batsman": 0}, "batsman": "CA Lynn"}}, {"3.5": {"non_striker": "SP Narine", "bowler": "SN Thakur", "runs": {"extras": 0, "total": 0, "batsman": 0}, "batsman": "CA Lynn"}}, {"3.6": {"non_striker": "SP Narine", "bowler": "SN Thakur", "runs": {"extras": 0, "total": 4, "batsman": 4}, "batsman": "CA Lynn"}}, {"4.1": {"non_striker": "CA Lynn", "bowler": "MJ Santner", "runs": {"extras": 0, "total": 0, "batsman": 0}, "batsman": "SP Narine"}}, {"4.2": {"non_striker": "CA Lynn", "bowler": "MJ Santner", "runs": {"extras": 0, "total": 0, "batsman": 0}, "batsman": "SP Narine"}}, {"4.3": {"non_striker": "CA Lynn", "bowler": "MJ Santner", "runs": {"extras": 3, "total": 3, "batsman": 0}, "extras": {"wides": 3}, "batsman": "SP Narine"}}, {"4.4": {"non_striker": "CA Lynn", "bowler": "MJ Santner", "runs": {"extras": 0, "total": 1, "batsman": 1}, "batsman": "SP Narine"}}, {"4.5": {"non_striker": "SP Narine", "bowler": "MJ Santner", "runs": {"extras": 0, "total": 1, "batsman": 1}, "batsman": "CA Lynn"}}, {"4.6": {"non_striker": "CA Lynn", "bowler": "MJ Santner", "runs": {"extras": 0, "total": 0, "batsman": 0}, "batsman": "SP Narine", "wicket": {"player_out": "SP Narine", "fielders": ["F du Plessis"], "kind": "caught"}}}, {"4.7": {"non_striker": "CA Lynn", "bowler": "MJ Santner", "runs": {"extras": 0, "total": 0, "batsman": 0}, "batsman": "N Rana"}}, {"5.1": {"non_striker": "N Rana", "bowler": "RA Jadeja", "runs": {"extras": 0, "total": 0, "batsman": 0}, "batsman": "CA Lynn"}}, {"5.2": {"non_striker": "N Rana", "bowler": "RA Jadeja", "runs": {"extras": 0, "total": 1, "batsman": 1}, "batsman": "CA Lynn"}}, {"5.3": {"non_striker": "CA Lynn", "bowler": "RA Jadeja", "runs": {"extras": 0, "total": 4, "batsman": 4}, "batsman": "N Rana"}}, {"5.4": {"non_striker": "CA Lynn", "bowler": "RA Jadeja", "runs": {"extras": 0, "total": 1, "batsman": 1}, "batsman": "N Rana"}}, {"5.5": {"non_striker": "N Rana", "bowler": "RA Jadeja", "runs": {"extras": 0, "total": 4, "batsman": 4}, "batsman": "CA Lynn"}}, {"5.6": {"non_striker": "N Rana", "bowler": "RA Jadeja", "runs": {"extras": 0, "total": 1, "batsman": 1}, "batsman": "CA Lynn"}}, {"6.1": {"non_striker": "N Rana", "bowler": "MJ Santner", "runs": {"extras": 0, "total": 0, "batsman": 0}, "batsman": "CA Lynn"}}, {"6.2": {"non_striker": "N Rana", "bowler": "MJ Santner", "runs": {"extras": 0, "total": 1, "batsman": 1}, "batsman": "CA Lynn"}}, {"6.3": {"non_striker": "CA Lynn", "bowler": "MJ Santner", "runs": {"extras": 0, "total": 1, "batsman": 1}, "batsman": "N Rana"}}, {"6.4": {"non_striker": "N Rana", "bowler": "MJ Santner", "runs": {"extras": 0, "total": 6, "batsman": 6}, "batsman": "CA Lynn"}}, {"6.5": {"non_striker": "N Rana", "bowler": "MJ Santner", "runs": {"extras": 0, "total": 0, "batsman": 0}, "batsman": "CA Lynn"}}, {"6.6": {"non_striker": "N Rana", "bowler": "MJ Santner", "runs": {"extras": 0, "total": 1, "batsman": 1}, "batsman": "CA Lynn"}}, {"7.1": {"non_striker": "N Rana", "bowler": "RA Jadeja", "runs": {"extras": 0, "total": 1, "batsman": 1}, "batsman": "CA Lynn"}}, {"7.2": {"non_striker": "CA Lynn", "bowler": "RA Jadeja", "runs": {"extras": 0, "total": 1, "batsman": 1}, "batsman": "N Rana"}}, {"7.3": {"non_striker": "N Rana", "bowler": "RA Jadeja", "runs": {"extras": 1, "total": 1, "batsman": 0}, "extras": {"wides": 1}, "batsman": "CA Lynn"}}, {"7.4": {"non_striker": "N Rana", "bowler": "RA Jadeja", "runs": {"extras": 0, "total": 1, "batsman": 1}, "batsman": "CA Lynn"}}, {"7.5": {"non_striker": "CA Lynn", "bowler": "RA Jadeja", "runs": {"extras": 0, "total": 4, "batsman": 4}, "batsman": "N Rana"}}, {"7.6": {"non_striker": "CA Lynn", "bowler": "RA Jadeja", "runs": {"extras": 0, "total": 1, "batsman": 1}, "batsman": "N Rana"}}, {"7.7": {"non_striker": "N Rana", "bowler": "RA Jadeja", "runs": {"extras": 0, "total": 0, "batsman": 0}, "batsman": "CA Lynn"}}, {"8.1": {"non_striker": "CA Lynn", "bowler": "Imran Tahir", "runs": {"extras": 0, "total": 0, "batsman": 0}, "batsman": "N Rana"}}, {"8.2": {"non_striker": "CA Lynn", "bowler": "Imran Tahir", "runs": {"extras": 0, "total": 1, "batsman": 1}, "batsman": "N Rana"}}, {"8.3": {"non_striker": "N Rana", "bowler": "Imran Tahir", "runs": {"extras": 0, "total": 1, "batsman": 1}, "batsman": "CA Lynn"}}, {"8.4": {"non_striker": "CA Lynn", "bowler": "Imran Tahir", "runs": {"extras": 0, "total": 1, "batsman": 1}, "batsman": "N Rana"}}, {"8.5": {"non_striker": "N Rana", "bowler": "Imran Tahir", "runs": {"extras": 0, "total": 1, "batsman": 1}, "batsman": "CA Lynn"}}, {"8.6": {"non_striker": "CA Lynn", "bowler": "Imran Tahir", "runs": {"extras": 0, "total": 0, "batsman": 0}, "batsman": "N Rana"}}, {"9.1": {"non_striker": "N Rana", "bowler": "RA Jadeja", "runs": {"extras": 0, "total": 1, "batsman": 1}, "batsman": "CA Lynn"}}, {"9.2": {"non_striker": "CA Lynn", "bowler": "RA Jadeja", "runs": {"extras": 0, "total": 4, "batsman": 4}, "batsman": "N Rana"}}, {"9.3": {"non_striker": "CA Lynn", "bowler": "RA Jadeja", "runs": {"extras": 0, "total": 0, "batsman": 0}, "batsman": "N Rana"}}, {"9.4": {"non_striker": "CA Lynn", "bowler": "RA Jadeja", "runs": {"extras": 0, "total": 0, "batsman": 0}, "batsman": "N Rana"}}, {"9.5": {"non_striker": "CA Lynn", "bowler": "RA Jadeja", "runs": {"extras": 0, "total": 0, "batsman": 0}, "batsman": "N Rana"}}, {"9.6": {"non_striker": "CA Lynn", "bowler": "RA Jadeja", "runs": {"extras": 0, "total": 1, "batsman": 1}, "batsman": "N Rana"}}, {"10.1": {"non_striker": "CA Lynn", "bowler": "Imran Tahir", "runs": {"extras": 0, "total": 2, "batsman": 2}, "batsman": "N Rana"}}, {"10.2": {"non_striker": "CA Lynn", "bowler": "Imran Tahir", "runs": {"extras": 0, "total": 0, "batsman": 0}, "batsman": "N Rana", "wicket": {"player_out": "N Rana", "fielders": ["F du Plessis"], "kind": "caught"}}}, {"10.3": {"non_striker": "RV Uthappa", "bowler": "Imran Tahir", "runs": {"extras": 0, "total": 1, "batsman": 1}, "batsman": "CA Lynn"}}, {"10.4": {"non_striker": "CA Lynn", "bowler": "Imran Tahir", "runs": {"extras": 0, "total": 0, "batsman": 0}, "batsman": "RV Uthappa", "wicket": {"player_out": "RV Uthappa", "fielders": ["F du Plessis"], "kind": "caught"}}}, {"10.5": {"non_striker": "KD Karthik", "bowler": "Imran Tahir", "runs": {"extras": 0, "total": 0, "batsman": 0}, "batsman": "CA Lynn"}}, {"10.6": {"non_striker": "KD Karthik", "bowler": "Imran Tahir", "runs": {"extras": 0, "total": 1, "batsman": 1}, "batsman": "CA Lynn"}}, {"11.1": {"non_striker": "KD Karthik", "bowler": "DL Chahar", "runs": {"extras": 0, "total": 0, "batsman": 0}, "batsman": "CA Lynn"}}, {"11.2": {"non_striker": "KD Karthik", "bowler": "DL Chahar", "runs": {"extras": 0, "total": 1, "batsman": 1}, "batsman": "CA Lynn"}}, {"11.3": {"non_striker": "CA Lynn", "bowler": "DL Chahar", "runs": {"extras": 0, "total": 1, "batsman": 1}, "batsman": "KD Karthik"}}, {"11.4": {"non_striker": "KD Karthik", "bowler": "DL Chahar", "runs": {"extras": 0, "total": 6, "batsman": 6}, "batsman": "CA Lynn"}}, {"11.5": {"non_striker": "KD Karthik", "bowler": "DL Chahar", "runs": {"extras": 0, "total": 1, "batsman": 1}, "batsman": "CA Lynn"}}, {"11.6": {"non_striker": "CA Lynn", "bowler": "DL Chahar", "runs": {"extras": 0, "total": 1, "batsman": 1}, "batsman": "KD Karthik"}}, {"12.1": {"non_striker": "CA Lynn", "bowler": "MJ Santner", "runs": {"extras": 0, "total": 2, "batsman": 2}, "batsman": "KD Karthik"}}, {"12.2": {"non_striker": "CA Lynn", "bowler": "MJ Santner", "runs": {"extras": 2, "total": 2, "batsman": 0}, "extras": {"wides": 2}, "batsman": "KD Karthik"}}, {"12.3": {"non_striker": "KD Karthik", "bowler": "MJ Santner", "runs": {"extras": 0, "total": 1, "batsman": 1}, "batsman": "CA Lynn"}}, {"12.4": {"non_striker": "CA Lynn", "bowler": "MJ Santner", "runs": {"extras": 0, "total": 0, "batsman": 0}, "batsman": "KD Karthik"}}, {"12.5": {"non_striker": "CA Lynn", "bowler": "MJ Santner", "runs": {"extras": 0, "total": 1, "batsman": 1}, "batsman": "KD Karthik"}}, {"12.6": {"non_striker": "KD Karthik", "bowler": "MJ Santner", "runs": {"extras": 0, "total": 1, "batsman": 1}, "batsman": "CA Lynn"}}, {"12.7": {"non_striker": "CA Lynn", "bowler": "MJ Santner", "runs": {"extras": 0, "total": 0, "batsman": 0}, "batsman": "KD Karthik"}}, {"13.1": {"non_striker": "KD Karthik", "bowler": "RA Jadeja", "runs": {"extras": 0, "total": 6, "batsman": 6}, "batsman": "CA Lynn"}}, {"13.2": {"non_striker": "KD Karthik", "bowler": "RA Jadeja", "runs": {"extras": 0, "total": 6, "batsman": 6}, "batsman": "CA Lynn"}}, {"13.3": {"non_striker": "KD Karthik", "bowler": "RA Jadeja", "runs": {"extras": 0, "total": 6, "batsman": 6}, "batsman": "CA Lynn"}}, {"13.4": {"non_striker": "KD Karthik", "bowler": "RA Jadeja", "runs": {"extras": 0, "total": 1, "batsman": 1}, "batsman": "CA Lynn"}}, {"13.5": {"non_striker": "CA Lynn", "bowler": "RA Jadeja", "runs": {"extras": 0, "total": 0, "batsman": 0}, "batsman": "KD Karthik"}}, {"13.6": {"non_striker": "CA Lynn", "bowler": "RA Jadeja", "runs": {"extras": 0, "total": 4, "batsman": 4}, "batsman": "KD Karthik"}}, {"14.1": {"non_striker": "KD Karthik", "bowler": "Imran Tahir", "runs": {"extras": 1, "total": 1, "batsman": 0}, "extras": {"wides": 1}, "batsman": "CA Lynn"}}, {"14.2": {"non_striker": "KD Karthik", "bowler": "Imran Tahir", "runs": {"extras": 0, "total": 0, "batsman": 0}, "batsman": "CA Lynn", "wicket": {"player_out": "CA Lynn", "fielders": ["SN Thakur"], "kind": "caught"}}}, {"14.3": {"non_striker": "KD Karthik", "bowler": "Imran Tahir", "runs": {"extras": 0, "total": 4, "batsman": 4}, "batsman": "AD Russell"}}, {"14.4": {"non_striker": "KD Karthik", "bowler": "Imran Tahir", "runs": {"extras": 0, "total": 0, "batsman": 0}, "batsman": "AD Russell"}}, {"14.5": {"non_striker": "KD Karthik", "bowler": "Imran Tahir", "runs": {"extras": 0, "total": 6, "batsman": 6}, "batsman": "AD Russell"}}, {"14.6": {"non_striker": "KD Karthik", "bowler": "Imran Tahir", "runs": {"extras": 0, "total": 0, "batsman": 0}, "batsman": "AD Russell", "wicket": {"player_out": "AD Russell", "fielders": ["DR Shorey (sub)"], "kind": "caught"}}}, {"14.7": {"non_striker": "KD Karthik", "bowler": "Imran Tahir", "runs": {"extras": 0, "total": 1, "batsman": 1}, "batsman": "Shubman Gill"}}, {"15.1": {"non_striker": "KD Karthik", "bowler": "MJ Santner", "runs": {"extras": 0, "total": 1, "batsman": 1}, "batsman": "Shubman Gill"}}, {"15.2": {"non_striker": "Shubman Gill", "bowler": "MJ Santner", "runs": {"extras": 0, "total": 1, "batsman": 1}, "batsman": "KD Karthik"}}, {"15.3": {"non_striker": "KD Karthik", "bowler": "MJ Santner", "runs": {"extras": 0, "total": 1, "batsman": 1}, "batsman": "Shubman Gill"}}, {"15.4": {"non_striker": "Shubman Gill", "bowler": "MJ Santner", "runs": {"extras": 0, "total": 4, "batsman": 4}, "batsman": "KD Karthik"}}, {"15.5": {"non_striker": "Shubman Gill", "bowler": "MJ Santner", "runs": {"extras": 0, "total": 1, "batsman": 1}, "batsman": "KD Karthik"}}, {"15.6": {"non_striker": "KD Karthik", "bowler": "MJ Santner", "runs": {"extras": 0, "total": 1, "batsman": 1}, "batsman": "Shubman Gill"}}, {"16.1": {"non_striker": "KD Karthik", "bowler": "Imran Tahir", "runs": {"extras": 0, "total": 2, "batsman": 2}, "batsman": "Shubman Gill"}}, {"16.2": {"non_striker": "KD Karthik", "bowler": "Imran Tahir", "runs": {"extras": 0, "total": 0, "batsman": 0}, "batsman": "Shubman Gill"}}, {"16.3": {"non_striker": "KD Karthik", "bowler": "Imran Tahir", "runs": {"extras": 0, "total": 1, "batsman": 1}, "batsman": "Shubman Gill"}}, {"16.4": {"non_striker": "Shubman Gill", "bowler": "Imran Tahir", "runs": {"extras": 0, "total": 2, "batsman": 2}, "batsman": "KD Karthik"}}, {"16.5": {"non_striker": "Shubman Gill", "bowler": "Imran Tahir", "runs": {"extras": 0, "total": 1, "batsman": 1}, "batsman": "KD Karthik"}}, {"16.6": {"non_striker": "KD Karthik", "bowler": "Imran Tahir", "runs": {"extras": 0, "total": 1, "batsman": 1}, "batsman": "Shubman Gill"}}, {"17.1": {"non_striker": "KD Karthik", "bowler": "SN Thakur", "runs": {"extras": 0, "total": 1, "batsman": 1}, "batsman": "Shubman Gill"}}, {"17.2": {"non_striker": "Shubman Gill", "bowler": "SN Thakur", "runs": {"extras": 0, "total": 0, "batsman": 0}, "batsman": "KD Karthik", "wicket": {"player_out": "KD Karthik", "fielders": ["F du Plessis"], "kind": "caught"}}}, {"17.3": {"non_striker": "PP Chawla", "bowler": "SN Thakur", "runs": {"extras": 0, "total": 1, "batsman": 1}, "batsman": "Shubman Gill"}}, {"17.4": {"non_striker": "Shubman Gill", "bowler": "SN Thakur", "runs": {"extras": 0, "total": 1, "batsman": 1}, "batsman": "PP Chawla"}}, {"17.5": {"non_striker": "PP Chawla", "bowler": "SN Thakur", "runs": {"extras": 0, "total": 0, "batsman": 0}, "batsman": "Shubman Gill"}}, {"17.6": {"non_striker": "PP Chawla", "bowler": "SN Thakur", "runs": {"extras": 0, "total": 1, "batsman": 1}, "batsman": "Shubman Gill"}}, {"18.1": {"non_striker": "PP Chawla", "bowler": "DL Chahar", "runs": {"extras": 0, "total": 0, "batsman": 0}, "batsman": "Shubman Gill"}}, {"18.2": {"non_striker": "PP Chawla", "bowler": "DL Chahar", "runs": {"extras": 0, "total": 1, "batsman": 1}, "batsman": "Shubman Gill"}}, {"18.3": {"non_striker": "Shubman Gill", "bowler": "DL Chahar", "runs": {"extras": 0, "total": 1, "batsman": 1}, "batsman": "PP Chawla"}}, {"18.4": {"non_striker": "PP Chawla", "bowler": "DL Chahar", "runs": {"extras": 0, "total": 0, "batsman": 0}, "batsman": "Shubman Gill"}}, {"18.5": {"non_striker": "PP Chawla", "bowler": "DL Chahar", "runs": {"extras": 0, "total": 1, "batsman": 1}, "batsman": "Shubman Gill"}}, {"18.6": {"non_striker": "Shubman Gill", "bowler": "DL Chahar", "runs": {"extras": 0, "total": 1, "batsman": 1}, "batsman": "PP Chawla"}}, {"19.1": {"non_striker": "Shubman Gill", "bowler": "SN Thakur", "runs": {"extras": 1, "total": 1, "batsman": 0}, "extras": {"wides": 1}, "batsman": "PP Chawla"}}, {"19.2": {"non_striker": "Shubman Gill", "bowler": "SN Thakur", "runs": {"extras": 0, "total": 1, "batsman": 1}, "batsman": "PP Chawla"}}, {"19.3": {"non_striker": "PP Chawla", "bowler": "SN Thakur", "runs": {"extras": 0, "total": 0, "batsman": 0}, "batsman": "Shubman Gill"}}, {"19.4": {"non_striker": "PP Chawla", "bowler": "SN Thakur", "runs": {"extras": 0, "total": 2, "batsman": 2}, "batsman": "Shubman Gill"}}, {"19.5": {"non_striker": "PP Chawla", "bowler": "SN Thakur", "runs": {"extras": 0, "total": 0, "batsman": 0}, "batsman": "Shubman Gill"}}, {"19.6": {"non_striker": "PP Chawla", "bowler": "SN Thakur", "runs": {"extras": 0, "total": 0, "batsman": 0}, "batsman": "Shubman Gill", "wicket": {"player_out": "Shubman Gill", "fielders": ["RA Jadeja"], "kind": "caught"}}}, {"19.7": {"non_striker": "Kuldeep Yadav", "bowler": "SN Thakur", "runs": {"extras": 0, "total": 0, "batsman": 0}, "batsman": "PP Chawla", "wicket": {"player_out": "Kuldeep Yadav", "kind": "run out"}}}]