[{"0.1": {"non_striker": "RG Sharma", "bowler": "S Sandeep Warrier", "runs": {"extras": 0, "total": 0, "batsman": 0}, "batsman": "Q de Kock"}}, {"0.2": {"non_striker": "RG Sharma", "bowler": "S Sandeep Warrier", "runs": {"extras": 1, "total": 1, "batsman": 0}, "extras": {"legbyes": 1}, "batsman": "Q de Kock"}}, {"0.3": {"non_striker": "Q de Kock", "bowler": "S Sandeep Warrier", "runs": {"extras": 0, "total": 0, "batsman": 0}, "batsman": "RG Sharma"}}, {"0.4": {"non_striker": "Q de Kock", "bowler": "S Sandeep Warrier", "runs": {"extras": 0, "total": 4, "batsman": 4}, "batsman": "RG Sharma"}}, {"0.5": {"non_striker": "Q de Kock", "bowler": "S Sandeep Warrier", "runs": {"extras": 0, "total": 0, "batsman": 0}, "batsman": "RG Sharma"}}, {"0.6": {"non_striker": "Q de Kock", "bowler": "S Sandeep Warrier", "runs": {"extras": 0, "total": 4, "batsman": 4}, "batsman": "RG Sharma"}}, {"1.1": {"non_striker": "RG Sharma", "bowler": "SP Narine", "runs": {"extras": 0, "total": 0, "batsman": 0}, "batsman": "Q de Kock"}}, {"1.2": {"non_striker": "RG Sharma", "bowler": "SP Narine", "runs": {"extras": 0, "total": 0, "batsman": 0}, "batsman": "Q de Kock", "wicket": {"player_out": "Q de Kock", "fielders": ["AD Russell"], "kind": "caught"}}}, {"1.3": {"non_striker": "E Lewis", "bowler": "SP Narine", "runs": {"extras": 0, "total": 0, "batsman": 0}, "batsman": "RG Sharma"}}, {"1.4": {"non_striker": "E Lewis", "bowler": "SP Narine", "runs": {"extras": 0, "total": 4, "batsman": 4}, "batsman": "RG Sharma"}}, {"1.5": {"non_striker": "E Lewis", "bowler": "SP Narine", "runs": {"extras": 0, "total": 0, "batsman": 0}, "batsman": "RG Sharma"}}, {"1.6": {"non_striker": "E Lewis", "bowler": "SP Narine", "runs": {"extras": 0, "total": 0, "batsman": 0}, "batsman": "RG Sharma"}}, {"2.1": {"non_striker": "RG Sharma", "bowler": "S Sandeep Warrier", "runs": {"extras": 0, "total": 0, "batsman": 0}, "batsman": "E Lewis"}}, {"2.2": {"non_striker": "RG Sharma", "bowler": "S Sandeep Warrier", "runs": {"extras": 0, "total": 0, "batsman": 0}, "batsman": "E Lewis"}}, {"2.3": {"non_striker": "RG Sharma", "bowler": "S Sandeep Warrier", "runs": {"extras": 0, "total": 0, "batsman": 0}, "batsman": "E Lewis"}}, {"2.4": {"non_striker": "RG Sharma", "bowler": "S Sandeep Warrier", "runs": {"extras": 0, "total": 0, "batsman": 0}, "batsman": "E Lewis"}}, {"2.5": {"non_striker": "RG Sharma", "bowler": "S Sandeep Warrier", "runs": {"extras": 0, "total": 6, "batsman": 6}, "batsman": "E Lewis"}}, {"2.6": {"non_striker": "RG Sharma", "bowler": "S Sandeep Warrier", "runs": {"extras": 0, "total": 1, "batsman": 1}, "batsman": "E Lewis"}}, {"3.1": {"non_striker": "RG Sharma", "bowler": "HF Gurney", "runs": {"extras": 0, "total": 0, "batsman": 0}, "batsman": "E Lewis"}}, {"3.2": {"non_striker": "RG Sharma", "bowler": "HF Gurney", "runs": {"extras": 0, "total": 1, "batsman": 1}, "batsman": "E Lewis"}}, {"3.3": {"non_striker": "E Lewis", "bowler": "HF Gurney", "runs": {"extras": 0, "total": 0, "batsman": 0}, "batsman": "RG Sharma", "wicket": {"player_out": "RG Sharma", "kind": "lbw"}}}, {"3.4": {"non_striker": "E Lewis", "bowler": "HF Gurney", "runs": {"extras": 0, "total": 0, "batsman": 0}, "batsman": "SA Yadav"}}, {"3.5": {"non_striker": "E Lewis", "bowler": "HF Gurney", "runs": {"extras": 0, "total": 0, "batsman": 0}, "batsman": "SA Yadav"}}, {"3.6": {"non_striker": "E Lewis", "bowler": "HF Gurney", "runs": {"extras": 0, "total": 0, "batsman": 0}, "batsman": "SA Yadav"}}, {"4.1": {"non_striker": "SA Yadav", "bowler": "S Sandeep Warrier", "runs": {"extras": 0, "total": 0, "batsman": 0}, "batsman": "E Lewis"}}, {"4.2": {"non_striker": "SA Yadav", "bowler": "S Sandeep Warrier", "runs": {"extras": 0, "total": 0, "batsman": 0}, "batsman": "E Lewis"}}, {"4.3": {"non_striker": "SA Yadav", "bowler": "S Sandeep Warrier", "runs": {"extras": 0, "total": 1, "batsman": 1}, "batsman": "E Lewis"}}, {"4.4": {"non_striker": "E Lewis", "bowler": "S Sandeep Warrier", "runs": {"extras": 0, "total": 6, "batsman": 6}, "batsman": "SA Yadav"}}, {"4.5": {"non_striker": "E Lewis", "bowler": "S Sandeep Warrier", "runs": {"extras": 0, "total": 1, "batsman": 1}, "batsman": "SA Yadav"}}, {"4.6": {"non_striker": "SA Yadav", "bowler": "S Sandeep Warrier", "runs": {"extras": 0, "total": 0, "batsman": 0}, "batsman": "E Lewis"}}, {"5.1": {"non_striker": "E Lewis", "bowler": "HF Gurney", "runs": {"extras": 0, "total": 4, "batsman": 4}, "batsman": "SA Yadav"}}, {"5.2": {"non_striker": "E Lewis", "bowler": "HF Gurney", "runs": {"extras": 0, "total": 1, "batsman": 1}, "batsman": "SA Yadav"}}, {"5.3": {"non_striker": "SA Yadav", "bowler": "HF Gurney", "runs": {"extras": 0, "total": 1, "batsman": 1}, "batsman": "E Lewis"}}, {"5.4": {"non_striker": "E Lewis", "bowler": "HF Gurney", "runs": {"extras": 0, "total": 1, "batsman": 1}, "batsman": "SA Yadav"}}, {"5.5": {"non_striker": "SA Yadav", "bowler": "HF Gurney", "runs": {"extras": 0, "total": 4, "batsman": 4}, "batsman": "E Lewis"}}, {"5.6": {"non_striker": "SA Yadav", "bowler": "HF Gurney", "runs": {"extras": 0, "total": 1, "batsman": 1}, "batsman": "E Lewis"}}, {"6.1": {"non_striker": "SA Yadav", "bowler": "AD Russell", "runs": {"extras": 0, "total": 0, "batsman": 0}, "batsman": "E Lewis", "wicket": {"player_out": "E Lewis", "fielders": ["KD Karthik"], "kind": "caught"}}}, {"6.2": {"non_striker": "SA Yadav", "bowler": "AD Russell", "runs": {"extras": 0, "total": 0, "batsman": 0}, "batsman": "KA Pollard"}}, {"6.3": {"non_striker": "SA Yadav", "bowler": "AD Russell", "runs": {"extras": 0, "total": 0, "batsman": 0}, "batsman": "KA Pollard"}}, {"6.4": {"non_striker": "SA Yadav", "bowler": "AD Russell", "runs": {"extras": 0, "total": 0, "batsman": 0}, "batsman": "KA Pollard"}}, {"6.5": {"non_striker": "SA Yadav", "bowler": "AD Russell", "runs": {"extras": 0, "total": 1, "batsman": 1}, "batsman": "KA Pollard"}}, {"6.6": {"non_striker": "KA Pollard", "bowler": "AD Russell", "runs": {"extras": 0, "total": 4, "batsman": 4}, "batsman": "SA Yadav"}}, {"7.1": {"non_striker": "SA Yadav", "bowler": "S Sandeep Warrier", "runs": {"extras": 0, "total": 1, "batsman": 1}, "batsman": "KA Pollard"}}, {"7.2": {"non_striker": "KA Pollard", "bowler": "S Sandeep Warrier", "runs": {"extras": 0, "total": 1, "batsman": 1}, "batsman": "SA Yadav"}}, {"7.3": {"non_striker": "SA Yadav", "bowler": "S Sandeep Warrier", "runs": {"extras": 0, "total": 1, "batsman": 1}, "batsman": "KA Pollard"}}, {"7.4": {"non_striker": "KA Pollard", "bowler": "S Sandeep Warrier", "runs": {"extras": 0, "total": 1, "batsman": 1}, "batsman": "SA Yadav"}}, {"7.5": {"non_striker": "SA Yadav", "bowler": "S Sandeep Warrier", "runs": {"extras": 0, "total": 1, "batsman": 1}, "batsman": "KA Pollard"}}, {"7.6": {"non_striker": "KA Pollard", "bowler": "S Sandeep Warrier", "runs": {"extras": 0, "total": 1, "batsman": 1}, "batsman": "SA Yadav"}}, {"8.1": {"non_striker": "KA Pollard", "bowler": "AD Russell", "runs": {"extras": 0, "total": 6, "batsman": 6}, "batsman": "SA Yadav"}}, {"8.2": {"non_striker": "KA Pollard", "bowler": "AD Russell", "runs": {"extras": 0, "total": 0, "batsman": 0}, "batsman": "SA Yadav", "wicket": {"player_out": "SA Yadav", "fielders": ["KD Karthik"], "kind": "caught"}}}, {"8.3": {"non_striker": "HH Pandya", "bowler": "AD Russell", "runs": {"extras": 0, "total": 1, "batsman": 1}, "batsman": "KA Pollard"}}, {"8.4": {"non_striker": "KA Pollard", "bowler": "AD Russell", "runs": {"extras": 0, "total": 1, "batsman": 1}, "batsman": "HH Pandya"}}, {"8.5": {"non_striker": "HH Pandya", "bowler": "AD Russell", "runs": {"extras": 0, "total": 0, "batsman": 0}, "batsman": "KA Pollard"}}, {"8.6": {"non_striker": "HH Pandya", "bowler": "AD Russell", "runs": {"extras": 0, "total": 0, "batsman": 0}, "batsman": "KA Pollard"}}, {"9.1": {"non_striker": "KA Pollard", "bowler": "PP Chawla", "runs": {"extras": 0, "total": 6, "batsman": 6}, "batsman": "HH Pandya"}}, {"9.2": {"non_striker": "KA Pollard", "bowler": "PP Chawla", "runs": {"extras": 0, "total": 0, "batsman": 0}, "batsman": "HH Pandya"}}, {"9.3": {"non_striker": "KA Pollard", "bowler": "PP Chawla", "runs": {"extras": 0, "total": 6, "batsman": 6}, "batsman": "HH Pandya"}}, {"9.4": {"non_striker": "KA Pollard", "bowler": "PP Chawla", "runs": {"extras": 1, "total": 1, "batsman": 0}, "extras": {"legbyes": 1}, "batsman": "HH Pandya"}}, {"9.5": {"non_striker": "HH Pandya", "bowler": "PP Chawla", "runs": {"extras": 0, "total": 4, "batsman": 4}, "batsman": "KA Pollard"}}, {"9.6": {"non_striker": "HH Pandya", "bowler": "PP Chawla", "runs": {"extras": 0, "total": 1, "batsman": 1}, "batsman": "KA Pollard"}}, {"10.1": {"non_striker": "HH Pandya", "bowler": "SP Narine", "runs": {"extras": 0, "total": 4, "batsman": 4}, "batsman": "KA Pollard"}}, {"10.2": {"non_striker": "HH Pandya", "bowler": "SP Narine", "runs": {"extras": 0, "total": 1, "batsman": 1}, "batsman": "KA Pollard"}}, {"10.3": {"non_striker": "KA Pollard", "bowler": "SP Narine", "runs": {"extras": 0, "total": 6, "batsman": 6}, "batsman": "HH Pandya"}}, {"10.4": {"non_striker": "KA Pollard", "bowler": "SP Narine", "runs": {"extras": 0, "total": 1, "batsman": 1}, "batsman": "HH Pandya"}}, {"10.5": {"non_striker": "HH Pandya", "bowler": "SP Narine", "runs": {"extras": 0, "total": 1, "batsman": 1}, "batsman": "KA Pollard"}}, {"10.6": {"non_striker": "KA Pollard", "bowler": "SP Narine", "runs": {"extras": 0, "total": 1, "batsman": 1}, "batsman": "HH Pandya"}}, {"11.1": {"non_striker": "KA Pollard", "bowler": "PP Chawla", "runs": {"extras": 0, "total": 6, "batsman": 6}, "batsman": "HH Pandya"}}, {"11.2": {"non_striker": "KA Pollard", "bowler": "PP Chawla", "runs": {"extras": 0, "total": 1, "batsman": 1}, "batsman": "HH Pandya"}}, {"11.3": {"non_striker": "HH Pandya", "bowler": "PP Chawla", "runs": {"extras": 0, "total": 1, "batsman": 1}, "batsman": "KA Pollard"}}, {"11.4": {"non_striker": "KA Pollard", "bowler": "PP Chawla", "runs": {"extras": 0, "total": 1, "batsman": 1}, "batsman": "HH Pandya"}}, {"11.5": {"non_striker": "HH Pandya", "bowler": "PP Chawla", "runs": {"extras": 0, "total": 1, "batsman": 1}, "batsman": "KA Pollard"}}, {"11.6": {"non_striker": "KA Pollard", "bowler": "PP Chawla", "runs": {"extras": 0, "total": 6, "batsman": 6}, "batsman": "HH Pandya"}}, {"12.1": {"non_striker": "HH Pandya", "bowler": "HF Gurney", "runs": {"extras": 0, "total": 1, "batsman": 1}, "batsman": "KA Pollard"}}, {"12.2": {"non_striker": "KA Pollard", "bowler": "HF Gurney", "runs": {"extras": 0, "total": 6, "batsman": 6}, "batsman": "HH Pandya"}}, {"12.3": {"non_striker": "KA Pollard", "bowler": "HF Gurney", "runs": {"extras": 0, "total": 1, "batsman": 1}, "batsman": "HH Pandya"}}, {"12.4": {"non_striker": "HH Pandya", "bowler": "HF Gurney", "runs": {"extras": 0, "total": 1, "batsman": 1}, "batsman": "KA Pollard"}}, {"12.5": {"non_striker": "KA Pollard", "bowler": "HF Gurney", "runs": {"extras": 0, "total": 4, "batsman": 4}, "batsman": "HH Pandya"}}, {"12.6": {"non_striker": "KA Pollard", "bowler": "HF Gurney", "runs": {"extras": 0, "total": 0, "batsman": 0}, "batsman": "HH Pandya"}}, {"13.1": {"non_striker": "HH Pandya", "bowler": "SP Narine", "runs": {"extras": 0, "total": 0, "batsman": 0}, "batsman": "KA Pollard"}}, {"13.2": {"non_striker": "HH Pandya", "bowler": "SP Narine", "runs": {"extras": 0, "total": 0, "batsman": 0}, "batsman": "KA Pollard", "wicket": {"player_out": "KA Pollard", "fielders": ["N Rana"], "kind": "caught"}}}, {"13.3": {"non_striker": "KH Pandya", "bowler": "SP Narine", "runs": {"extras": 0, "total": 6, "batsman": 6}, "batsman": "HH Pandya"}}, {"13.4": {"non_striker": "KH Pandya", "bowler": "SP Narine", "runs": {"extras": 0, "total": 4, "batsman": 4}, "batsman": "HH Pandya"}}, {"13.5": {"non_striker": "KH Pandya", "bowler": "SP Narine", "runs": {"extras": 0, "total": 1, "batsman": 1}, "batsman": "HH Pandya"}}, {"13.6": {"non_striker": "HH Pandya", "bowler": "SP Narine", "runs": {"extras": 0, "total": 1, "batsman": 1}, "batsman": "KH Pandya"}}, {"14.1": {"non_striker": "HH Pandya", "bowler": "AD Russell", "runs": {"extras": 0, "total": 2, "batsman": 2}, "batsman": "KH Pandya"}}, {"14.2": {"non_striker": "HH Pandya", "bowler": "AD Russell", "runs": {"extras": 0, "total": 1, "batsman": 1}, "batsman": "KH Pandya"}}, {"14.3": {"non_striker": "KH Pandya", "bowler": "AD Russell", "runs": {"extras": 0, "total": 1, "batsman": 1}, "batsman": "HH Pandya"}}, {"14.4": {"non_striker": "HH Pandya", "bowler": "AD Russell", "runs": {"extras": 0, "total": 1, "batsman": 1}, "batsman": "KH Pandya"}}, {"14.5": {"non_striker": "KH Pandya", "bowler": "AD Russell", "runs": {"extras": 0, "total": 1, "batsman": 1}, "batsman": "HH Pandya"}}, {"14.6": {"non_striker": "HH Pandya", "bowler": "AD Russell", "runs": {"extras": 0, "total": 1, "batsman": 1}, "batsman": "KH Pandya"}}, {"15.1": {"non_striker": "HH Pandya", "bowler": "PP Chawla", "runs": {"extras": 0, "total": 6, "batsman": 6}, "batsman": "KH Pandya"}}, {"15.2": {"non_striker": "HH Pandya", "bowler": "PP Chawla", "runs": {"extras": 0, "total": 1, "batsman": 1}, "batsman": "KH Pandya"}}, {"15.3": {"non_striker": "KH Pandya", "bowler": "PP Chawla", "runs": {"extras": 4, "total": 4, "batsman": 0}, "extras": {"byes": 4}, "batsman": "HH Pandya"}}, {"15.4": {"non_striker": "KH Pandya", "bowler": "PP Chawla", "runs": {"extras": 0, "total": 4, "batsman": 4}, "batsman": "HH Pandya"}}, {"15.5": {"non_striker": "KH Pandya", "bowler": "PP Chawla", "runs": {"extras": 0, "total": 4, "batsman": 4}, "batsman": "HH Pandya"}}, {"15.6": {"non_striker": "KH Pandya", "bowler": "PP Chawla", "runs": {"extras": 0, "total": 1, "batsman": 1}, "batsman": "HH Pandya"}}, {"16.1": {"non_striker": "KH Pandya", "bowler": "SP Narine", "runs": {"extras": 0, "total": 4, "batsman": 4}, "batsman": "HH Pandya"}}, {"16.2": {"non_striker": "KH Pandya", "bowler": "SP Narine", "runs": {"extras": 0, "total": 6, "batsman": 6}, "batsman": "HH Pandya"}}, {"16.3": {"non_striker": "KH Pandya", "bowler": "SP Narine", "runs": {"extras": 0, "total": 0, "batsman": 0}, "batsman": "HH Pandya"}}, {"16.4": {"non_striker": "KH Pandya", "bowler": "SP Narine", "runs": {"extras": 0, "total": 1, "batsman": 1}, "batsman": "HH Pandya"}}, {"16.5": {"non_striker": "HH Pandya", "bowler": "SP Narine", "runs": {"extras": 0, "total": 1, "batsman": 1}, "batsman": "KH Pandya"}}, {"16.6": {"non_striker": "KH Pandya", "bowler": "SP Narine", "runs": {"extras": 0, "total": 2, "batsman": 2}, "batsman": "HH Pandya"}}, {"17.1": {"non_striker": "HH Pandya", "bowler": "HF Gurney", "runs": {"extras": 0, "total": 0, "batsman": 0}, "batsman": "KH Pandya"}}, {"17.2": {"non_striker": "HH Pandya", "bowler": "HF Gurney", "runs": {"extras": 0, "total": 1, "batsman": 1}, "batsman": "KH Pandya"}}, {"17.3": {"non_striker": "KH Pandya", "bowler": "HF Gurney", "runs": {"extras": 0, "total": 6, "batsman": 6}, "batsman": "HH Pandya"}}, {"17.4": {"non_striker": "KH Pandya", "bowler": "HF Gurney", "runs": {"extras": 0, "total": 4, "batsman": 4}, "batsman": "HH Pandya"}}, {"17.5": {"non_striker": "KH Pandya", "bowler": "HF Gurney", "runs": {"extras": 0, "total": 0, "batsman": 0}, "batsman": "HH Pandya"}}, {"17.6": {"non_striker": "KH Pandya", "bowler": "HF Gurney", "runs": {"extras": 0, "total": 0, "batsman": 0}, "batsman": "HH Pandya", "wicket": {"player_out": "HH Pandya", "fielders": ["AD Russell"], "kind": "caught"}}}, {"18.1": {"non_striker": "BB Sran", "bowler": "AD Russell", "runs": {"extras": 0, "total": 2, "batsman": 2}, "batsman": "KH Pandya"}}, {"18.2": {"non_striker": "BB Sran", "bowler": "AD Russell", "runs": {"extras": 0, "total": 0, "batsman": 0}, "batsman": "KH Pandya"}}, {"18.3": {"non_striker": "BB Sran", "bowler": "AD Russell", "runs": {"extras": 0, "total": 0, "batsman": 0}, "batsman": "KH Pandya"}}, {"18.4": {"non_striker": "BB Sran", "bowler": "AD Russell", "runs": {"extras": 0, "total": 1, "batsman": 1}, "batsman": "KH Pandya"}}, {"18.5": {"non_striker": "KH Pandya", "bowler": "AD Russell", "runs": {"extras": 0, "total": 2, "batsman": 2}, "batsman": "BB Sran"}}, {"18.6": {"non_striker": "KH Pandya", "bowler": "AD Russell", "runs": {"extras": 0, "total": 0, "batsman": 0}, "batsman": "BB Sran"}}, {"19.1": {"non_striker": "BB Sran", "bowler": "PP Chawla", "runs": {"extras": 0, "total": 0, "batsman": 0}, "batsman": "KH Pandya"}}, {"19.2": {"non_striker": "BB Sran", "bowler": "PP Chawla", "runs": {"extras": 0, "total": 0, "batsman": 0}, "batsman": "KH Pandya"}}, {"19.3": {"non_striker": "BB Sran", "bowler": "PP Chawla", "runs": {"extras": 0, "total": 6, "batsman": 6}, "batsman": "KH Pandya"}}, {"19.4": {"non_striker": "BB Sran", "bowler": "PP Chawla", "runs": {"extras": 0, "total": 0, "batsman": 0}, "batsman": "KH Pandya", "wicket": {"player_out": "KH Pandya", "kind": "caught and bowled"}}}, {"19.5": {"non_striker": "BB Sran", "bowler": "PP Chawla", "runs": {"extras": 0, "total": 1, "batsman": 1}, "batsman": "RD Chahar"}}, {"19.6": {"non_striker": "RD Chahar", "bowler": "PP Chawla", "runs": {"extras": 0, "total": 1, "batsman": 1}, "batsman": "BB Sran"}}]