[{"0.1": {"non_striker": "JM Bairstow", "bowler": "DL Chahar", "runs": {"extras": 0, "total": 1, "batsman": 1}, "batsman": "DA Warner"}}, {"0.2": {"non_striker": "DA Warner", "bowler": "DL Chahar", "runs": {"extras": 0, "total": 4, "batsman": 4}, "batsman": "JM Bairstow"}}, {"0.3": {"non_striker": "DA Warner", "bowler": "DL Chahar", "runs": {"extras": 0, "total": 1, "batsman": 1}, "batsman": "JM Bairstow"}}, {"0.4": {"non_striker": "JM Bairstow", "bowler": "DL Chahar", "runs": {"extras": 0, "total": 2, "batsman": 2}, "batsman": "DA Warner"}}, {"0.5": {"non_striker": "JM Bairstow", "bowler": "DL Chahar", "runs": {"extras": 0, "total": 0, "batsman": 0}, "batsman": "DA Warner"}}, {"0.6": {"non_striker": "JM Bairstow", "bowler": "DL Chahar", "runs": {"extras": 0, "total": 2, "batsman": 2}, "batsman": "DA Warner"}}, {"1.1": {"non_striker": "DA Warner", "bowler": "SN Thakur", "runs": {"extras": 0, "total": 4, "batsman": 4}, "batsman": "JM Bairstow"}}, {"1.2": {"non_striker": "DA Warner", "bowler": "SN Thakur", "runs": {"extras": 0, "total": 1, "batsman": 1}, "batsman": "JM Bairstow"}}, {"1.3": {"non_striker": "JM Bairstow", "bowler": "SN Thakur", "runs": {"extras": 0, "total": 4, "batsman": 4}, "batsman": "DA Warner"}}, {"1.4": {"non_striker": "JM Bairstow", "bowler": "SN Thakur", "runs": {"extras": 0, "total": 0, "batsman": 0}, "batsman": "DA Warner"}}, {"1.5": {"non_striker": "JM Bairstow", "bowler": "SN Thakur", "runs": {"extras": 0, "total": 0, "batsman": 0}, "batsman": "DA Warner"}}, {"1.6": {"non_striker": "JM Bairstow", "bowler": "SN Thakur", "runs": {"extras": 1, "total": 1, "batsman": 0}, "extras": {"wides": 1}, "batsman": "DA Warner"}}, {"1.7": {"non_striker": "JM Bairstow", "bowler": "SN Thakur", "runs": {"extras": 0, "total": 1, "batsman": 1}, "batsman": "DA Warner"}}, {"2.1": {"non_striker": "JM Bairstow", "bowler": "DL Chahar", "runs": {"extras": 0, "total": 1, "batsman": 1}, "batsman": "DA Warner"}}, {"2.2": {"non_striker": "DA Warner", "bowler": "DL Chahar", "runs": {"extras": 0, "total": 1, "batsman": 1}, "batsman": "JM Bairstow"}}, {"2.3": {"non_striker": "JM Bairstow", "bowler": "DL Chahar", "runs": {"extras": 0, "total": 4, "batsman": 4}, "batsman": "DA Warner"}}, {"2.4": {"non_striker": "JM Bairstow", "bowler": "DL Chahar", "runs": {"extras": 0, "total": 4, "batsman": 4}, "batsman": "DA Warner"}}, {"2.5": {"non_striker": "JM Bairstow", "bowler": "DL Chahar", "runs": {"extras": 0, "total": 1, "batsman": 1}, "batsman": "DA Warner"}}, {"2.6": {"non_striker": "DA Warner", "bowler": "DL Chahar", "runs": {"extras": 0, "total": 0, "batsman": 0}, "batsman": "JM Bairstow"}}, {"3.1": {"non_striker": "JM Bairstow", "bowler": "SN Thakur", "runs": {"extras": 0, "total": 0, "batsman": 0}, "batsman": "DA Warner"}}, {"3.2": {"non_striker": "JM Bairstow", "bowler": "SN Thakur", "runs": {"extras": 0, "total": 1, "batsman": 1}, "batsman": "DA Warner"}}, {"3.3": {"non_striker": "DA Warner", "bowler": "SN Thakur", "runs": {"extras": 0, "total": 3, "batsman": 3}, "batsman": "JM Bairstow"}}, {"3.4": {"non_striker": "JM Bairstow", "bowler": "SN Thakur", "runs": {"extras": 0, "total": 0, "batsman": 0}, "batsman": "DA Warner"}}, {"3.5": {"non_striker": "JM Bairstow", "bowler": "SN Thakur", "runs": {"extras": 0, "total": 4, "batsman": 4}, "batsman": "DA Warner"}}, {"3.6": {"non_striker": "JM Bairstow", "bowler": "SN Thakur", "runs": {"extras": 0, "total": 4, "batsman": 4}, "batsman": "DA Warner"}}, {"4.1": {"non_striker": "DA Warner", "bowler": "Imran Tahir", "runs": {"extras": 0, "total": 1, "batsman": 1}, "batsman": "JM Bairstow"}}, {"4.2": {"non_striker": "JM Bairstow", "bowler": "Imran Tahir", "runs": {"extras": 0, "total": 4, "batsman": 4}, "batsman": "DA Warner"}}, {"4.3": {"non_striker": "JM Bairstow", "bowler": "Imran Tahir", "runs": {"extras": 0, "total": 4, "batsman": 4}, "batsman": "DA Warner"}}, {"4.4": {"non_striker": "JM Bairstow", "bowler": "Imran Tahir", "runs": {"extras": 0, "total": 4, "batsman": 4}, "batsman": "DA Warner"}}, {"4.5": {"non_striker": "JM Bairstow", "bowler": "Imran Tahir", "runs": {"extras": 0, "total": 1, "batsman": 1}, "batsman": "DA Warner"}}, {"4.6": {"non_striker": "DA Warner", "bowler": "Imran Tahir", "runs": {"extras": 0, "total": 0, "batsman": 0}, "batsman": "JM Bairstow"}}, {"5.1": {"non_striker": "JM Bairstow", "bowler": "DL Chahar", "runs": {"extras": 0, "total": 0, "batsman": 0}, "batsman": "DA Warner"}}, {"5.2": {"non_striker": "JM Bairstow", "bowler": "DL Chahar", "runs": {"extras": 0, "total": 4, "batsman": 4}, "batsman": "DA Warner"}}, {"5.3": {"non_striker": "JM Bairstow", "bowler": "DL Chahar", "runs": {"extras": 0, "total": 4, "batsman": 4}, "batsman": "DA Warner"}}, {"5.4": {"non_striker": "JM Bairstow", "bowler": "DL Chahar", "runs": {"extras": 0, "total": 0, "batsman": 0}, "batsman": "DA Warner", "wicket": {"player_out": "DA Warner", "fielders": ["F du Plessis"], "kind": "caught"}}}, {"5.5": {"non_striker": "JM Bairstow", "bowler": "DL Chahar", "runs": {"extras": 0, "total": 2, "batsman": 2}, "batsman": "KS Williamson"}}, {"5.6": {"non_striker": "JM Bairstow", "bowler": "DL Chahar", "runs": {"extras": 0, "total": 0, "batsman": 0}, "batsman": "KS Williamson"}}, {"6.1": {"non_striker": "KS Williamson", "bowler": "Imran Tahir", "runs": {"extras": 0, "total": 0, "batsman": 0}, "batsman": "JM Bairstow"}}, {"6.2": {"non_striker": "KS Williamson", "bowler": "Imran Tahir", "runs": {"extras": 0, "total": 1, "batsman": 1}, "batsman": "JM Bairstow"}}, {"6.3": {"non_striker": "JM Bairstow", "bowler": "Imran Tahir", "runs": {"extras": 0, "total": 0, "batsman": 0}, "batsman": "KS Williamson"}}, {"6.4": {"non_striker": "JM Bairstow", "bowler": "Imran Tahir", "runs": {"extras": 0, "total": 1, "batsman": 1}, "batsman": "KS Williamson"}}, {"6.5": {"non_striker": "KS Williamson", "bowler": "Imran Tahir", "runs": {"extras": 0, "total": 1, "batsman": 1}, "batsman": "JM Bairstow"}}, {"6.6": {"non_striker": "JM Bairstow", "bowler": "Imran Tahir", "runs": {"extras": 0, "total": 0, "batsman": 0}, "batsman": "KS Williamson", "wicket": {"player_out": "KS Williamson", "kind": "caught and bowled"}}}, {"7.1": {"non_striker": "V Shankar", "bowler": "RA Jadeja", "runs": {"extras": 0, "total": 1, "batsman": 1}, "batsman": "JM Bairstow"}}, {"7.2": {"non_striker": "JM Bairstow", "bowler": "RA Jadeja", "runs": {"extras": 0, "total": 1, "batsman": 1}, "batsman": "V Shankar"}}, {"7.3": {"non_striker": "V Shankar", "bowler": "RA Jadeja", "runs": {"extras": 0, "total": 0, "batsman": 0}, "batsman": "JM Bairstow"}}, {"7.4": {"non_striker": "V Shankar", "bowler": "RA Jadeja", "runs": {"extras": 0, "total": 0, "batsman": 0}, "batsman": "JM Bairstow"}}, {"7.5": {"non_striker": "V Shankar", "bowler": "RA Jadeja", "runs": {"extras": 0, "total": 1, "batsman": 1}, "batsman": "JM Bairstow"}}, {"7.6": {"non_striker": "JM Bairstow", "bowler": "RA Jadeja", "runs": {"extras": 0, "total": 1, "batsman": 1}, "batsman": "V Shankar"}}, {"8.1": {"non_striker": "JM Bairstow", "bowler": "Imran Tahir", "runs": {"extras": 0, "total": 1, "batsman": 1}, "batsman": "V Shankar"}}, {"8.2": {"non_striker": "V Shankar", "bowler": "Imran Tahir", "runs": {"extras": 0, "total": 0, "batsman": 0}, "batsman": "JM Bairstow"}}, {"8.3": {"non_striker": "V Shankar", "bowler": "Imran Tahir", "runs": {"extras": 0, "total": 0, "batsman": 0}, "batsman": "JM Bairstow"}}, {"8.4": {"non_striker": "V Shankar", "bowler": "Imran Tahir", "runs": {"extras": 0, "total": 0, "batsman": 0}, "batsman": "JM Bairstow"}}, {"8.5": {"non_striker": "V Shankar", "bowler": "Imran Tahir", "runs": {"extras": 0, "total": 1, "batsman": 1}, "batsman": "JM Bairstow"}}, {"8.6": {"non_striker": "JM Bairstow", "bowler": "Imran Tahir", "runs": {"extras": 0, "total": 0, "batsman": 0}, "batsman": "V Shankar"}}, {"9.1": {"non_striker": "V Shankar", "bowler": "RA Jadeja", "runs": {"extras": 0, "total": 0, "batsman": 0}, "batsman": "JM Bairstow"}}, {"9.2": {"non_striker": "V Shankar", "bowler": "RA Jadeja", "runs": {"extras": 0, "total": 2, "batsman": 2}, "batsman": "JM Bairstow"}}, {"9.3": {"non_striker": "V Shankar", "bowler": "RA Jadeja", "runs": {"extras": 0, "total": 4, "batsman": 4}, "batsman": "JM Bairstow"}}, {"9.4": {"non_striker": "V Shankar", "bowler": "RA Jadeja", "runs": {"extras": 0, "total": 2, "batsman": 2}, "batsman": "JM Bairstow"}}, {"9.5": {"non_striker": "V Shankar", "bowler": "RA Jadeja", "runs": {"extras": 0, "total": 0, "batsman": 0}, "batsman": "JM Bairstow"}}, {"9.6": {"non_striker": "V Shankar", "bowler": "RA Jadeja", "runs": {"extras": 0, "total": 0, "batsman": 0}, "batsman": "JM Bairstow"}}, {"10.1": {"non_striker": "JM Bairstow", "bowler": "KV Sharma", "runs": {"extras": 0, "total": 1, "batsman": 1}, "batsman": "V Shankar"}}, {"10.2": {"non_striker": "V Shankar", "bowler": "KV Sharma", "runs": {"extras": 0, "total": 6, "batsman": 6}, "batsman": "JM Bairstow"}}, {"10.3": {"non_striker": "V Shankar", "bowler": "KV Sharma", "runs": {"extras": 0, "total": 0, "batsman": 0}, "batsman": "JM Bairstow"}}, {"10.4": {"non_striker": "V Shankar", "bowler": "KV Sharma", "runs": {"extras": 0, "total": 6, "batsman": 6}, "batsman": "JM Bairstow"}}, {"10.5": {"non_striker": "V Shankar", "bowler": "KV Sharma", "runs": {"extras": 0, "total": 1, "batsman": 1}, "batsman": "JM Bairstow"}}, {"10.6": {"non_striker": "JM Bairstow", "bowler": "KV Sharma", "runs": {"extras": 0, "total": 1, "batsman": 1}, "batsman": "V Shankar"}}, {"11.1": {"non_striker": "JM Bairstow", "bowler": "RA Jadeja", "runs": {"extras": 0, "total": 0, "batsman": 0}, "batsman": "V Shankar"}}, {"11.2": {"non_striker": "JM Bairstow", "bowler": "RA Jadeja", "runs": {"extras": 0, "total": 1, "batsman": 1}, "batsman": "V Shankar"}}, {"11.3": {"non_striker": "V Shankar", "bowler": "RA Jadeja", "runs": {"extras": 0, "total": 1, "batsman": 1}, "batsman": "JM Bairstow"}}, {"11.4": {"non_striker": "JM Bairstow", "bowler": "RA Jadeja", "runs": {"extras": 0, "total": 1, "batsman": 1}, "batsman": "V Shankar"}}, {"11.5": {"non_striker": "V Shankar", "bowler": "RA Jadeja", "runs": {"extras": 0, "total": 1, "batsman": 1}, "batsman": "JM Bairstow"}}, {"11.6": {"non_striker": "JM Bairstow", "bowler": "RA Jadeja", "runs": {"extras": 0, "total": 0, "batsman": 0}, "batsman": "V Shankar"}}, {"12.1": {"non_striker": "V Shankar", "bowler": "Imran Tahir", "runs": {"extras": 0, "total": 1, "batsman": 1}, "batsman": "JM Bairstow"}}, {"12.2": {"non_striker": "JM Bairstow", "bowler": "Imran Tahir", "runs": {"extras": 0, "total": 0, "batsman": 0}, "batsman": "V Shankar", "wicket": {"player_out": "V Shankar", "fielders": ["SW Billings"], "kind": "caught"}}}, {"12.3": {"non_striker": "JM Bairstow", "bowler": "Imran Tahir", "runs": {"extras": 0, "total": 0, "batsman": 0}, "batsman": "DJ Hooda"}}, {"12.4": {"non_striker": "JM Bairstow", "bowler": "Imran Tahir", "runs": {"extras": 0, "total": 0, "batsman": 0}, "batsman": "DJ Hooda"}}, {"12.5": {"non_striker": "JM Bairstow", "bowler": "Imran Tahir", "runs": {"extras": 0, "total": 0, "batsman": 0}, "batsman": "DJ Hooda"}}, {"12.6": {"non_striker": "JM Bairstow", "bowler": "Imran Tahir", "runs": {"extras": 0, "total": 0, "batsman": 0}, "batsman": "DJ Hooda"}}, {"13.1": {"non_striker": "DJ Hooda", "bowler": "RA Jadeja", "runs": {"extras": 0, "total": 2, "batsman": 2}, "batsman": "JM Bairstow"}}, {"13.2": {"non_striker": "DJ Hooda", "bowler": "RA Jadeja", "runs": {"extras": 0, "total": 1, "batsman": 1}, "batsman": "JM Bairstow"}}, {"13.3": {"non_striker": "JM Bairstow", "bowler": "RA Jadeja", "runs": {"extras": 0, "total": 1, "batsman": 1}, "batsman": "DJ Hooda"}}, {"13.4": {"non_striker": "DJ Hooda", "bowler": "RA Jadeja", "runs": {"extras": 0, "total": 1, "batsman": 1}, "batsman": "JM Bairstow"}}, {"13.5": {"non_striker": "JM Bairstow", "bowler": "RA Jadeja", "runs": {"extras": 0, "total": 0, "batsman": 0}, "batsman": "DJ Hooda"}}, {"13.6": {"non_striker": "JM Bairstow", "bowler": "RA Jadeja", "runs": {"extras": 0, "total": 1, "batsman": 1}, "batsman": "DJ Hooda"}}, {"14.1": {"non_striker": "JM Bairstow", "bowler": "KV Sharma", "runs": {"extras": 0, "total": 0, "batsman": 0}, "batsman": "DJ Hooda"}}, {"14.2": {"non_striker": "JM Bairstow", "bowler": "KV Sharma", "runs": {"extras": 0, "total": 1, "batsman": 1}, "batsman": "DJ Hooda"}}, {"14.3": {"non_striker": "DJ Hooda", "bowler": "KV Sharma", "runs": {"extras": 0, "total": 1, "batsman": 1}, "batsman": "JM Bairstow"}}, {"14.4": {"non_striker": "JM Bairstow", "bowler": "KV Sharma", "runs": {"extras": 0, "total": 1, "batsman": 1}, "batsman": "DJ Hooda"}}, {"14.5": {"non_striker": "DJ Hooda", "bowler": "KV Sharma", "runs": {"extras": 0, "total": 0, "batsman": 0}, "batsman": "JM Bairstow"}}, {"14.6": {"non_striker": "DJ Hooda", "bowler": "KV Sharma", "runs": {"extras": 0, "total": 2, "batsman": 2}, "batsman": "JM Bairstow"}}, {"15.1": {"non_striker": "JM Bairstow", "bowler": "SN Thakur", "runs": {"extras": 0, "total": 1, "batsman": 1}, "batsman": "DJ Hooda"}}, {"15.2": {"non_striker": "DJ Hooda", "bowler": "SN Thakur", "runs": {"extras": 1, "total": 1, "batsman": 0}, "extras": {"wides": 1}, "batsman": "JM Bairstow"}}, {"15.3": {"non_striker": "DJ Hooda", "bowler": "SN Thakur", "runs": {"extras": 0, "total": 1, "batsman": 1}, "batsman": "JM Bairstow"}}, {"15.4": {"non_striker": "JM Bairstow", "bowler": "SN Thakur", "runs": {"extras": 0, "total": 1, "batsman": 1}, "batsman": "DJ Hooda"}}, {"15.5": {"non_striker": "DJ Hooda", "bowler": "SN Thakur", "runs": {"extras": 1, "total": 1, "batsman": 0}, "extras": {"wides": 1}, "batsman": "JM Bairstow"}}, {"15.6": {"non_striker": "DJ Hooda", "bowler": "SN Thakur", "runs": {"extras": 0, "total": 1, "batsman": 1}, "batsman": "JM Bairstow"}}, {"15.7": {"non_striker": "JM Bairstow", "bowler": "SN Thakur", "runs": {"extras": 0, "total": 1, "batsman": 1}, "batsman": "DJ Hooda"}}, {"15.8": {"non_striker": "DJ Hooda", "bowler": "SN Thakur", "runs": {"extras": 0, "total": 1, "batsman": 1}, "batsman": "JM Bairstow"}}, {"16.1": {"non_striker": "DJ Hooda", "bowler": "KV Sharma", "runs": {"extras": 0, "total": 1, "batsman": 1}, "batsman": "JM Bairstow"}}, {"16.2": {"non_striker": "JM Bairstow", "bowler": "KV Sharma", "runs": {"extras": 0, "total": 2, "batsman": 2}, "batsman": "DJ Hooda"}}, {"16.3": {"non_striker": "JM Bairstow", "bowler": "KV Sharma", "runs": {"extras": 0, "total": 4, "batsman": 4}, "batsman": "DJ Hooda"}}, {"16.4": {"non_striker": "JM Bairstow", "bowler": "KV Sharma", "runs": {"extras": 0, "total": 0, "batsman": 0}, "batsman": "DJ Hooda", "wicket": {"player_out": "DJ Hooda", "fielders": ["F du Plessis"], "kind": "caught"}}}, {"16.5": {"non_striker": "YK Pathan", "bowler": "KV Sharma", "runs": {"extras": 0, "total": 6, "batsman": 6}, "batsman": "JM Bairstow"}}]