[{"0.1": {"non_striker": "SV Samson", "bowler": "CR Brathwaite", "runs": {"extras": 0, "total": 0, "batsman": 0}, "batsman": "AM Rahane"}}, {"0.2": {"non_striker": "SV Samson", "bowler": "CR Brathwaite", "runs": {"extras": 0, "total": 0, "batsman": 0}, "batsman": "AM Rahane"}}, {"0.3": {"non_striker": "SV Samson", "bowler": "CR Brathwaite", "runs": {"extras": 0, "total": 0, "batsman": 0}, "batsman": "AM Rahane"}}, {"0.4": {"non_striker": "SV Samson", "bowler": "CR Brathwaite", "runs": {"extras": 0, "total": 4, "batsman": 4}, "batsman": "AM Rahane"}}, {"0.5": {"non_striker": "SV Samson", "bowler": "CR Brathwaite", "runs": {"extras": 0, "total": 1, "batsman": 1}, "batsman": "AM Rahane"}}, {"0.6": {"non_striker": "AM Rahane", "bowler": "CR Brathwaite", "runs": {"extras": 0, "total": 0, "batsman": 0}, "batsman": "SV Samson"}}, {"1.1": {"non_striker": "SV Samson", "bowler": "M Prasidh Krishna", "runs": {"extras": 0, "total": 0, "batsman": 0}, "batsman": "AM Rahane"}}, {"1.2": {"non_striker": "SV Samson", "bowler": "M Prasidh Krishna", "runs": {"extras": 0, "total": 4, "batsman": 4}, "batsman": "AM Rahane"}}, {"1.3": {"non_striker": "SV Samson", "bowler": "M Prasidh Krishna", "runs": {"extras": 0, "total": 1, "batsman": 1}, "batsman": "AM Rahane"}}, {"1.4": {"non_striker": "AM Rahane", "bowler": "M Prasidh Krishna", "runs": {"extras": 0, "total": 6, "batsman": 6}, "batsman": "SV Samson"}}, {"1.5": {"non_striker": "AM Rahane", "bowler": "M Prasidh Krishna", "runs": {"extras": 0, "total": 0, "batsman": 0}, "batsman": "SV Samson"}}, {"1.6": {"non_striker": "AM Rahane", "bowler": "M Prasidh Krishna", "runs": {"extras": 0, "total": 1, "batsman": 1}, "batsman": "SV Samson"}}, {"2.1": {"non_striker": "AM Rahane", "bowler": "AD Russell", "runs": {"extras": 0, "total": 1, "batsman": 1}, "batsman": "SV Samson"}}, {"2.2": {"non_striker": "SV Samson", "bowler": "AD Russell", "runs": {"extras": 0, "total": 4, "batsman": 4}, "batsman": "AM Rahane"}}, {"2.3": {"non_striker": "SV Samson", "bowler": "AD Russell", "runs": {"extras": 0, "total": 0, "batsman": 0}, "batsman": "AM Rahane"}}, {"2.4": {"non_striker": "SV Samson", "bowler": "AD Russell", "runs": {"extras": 0, "total": 1, "batsman": 1}, "batsman": "AM Rahane"}}, {"2.5": {"non_striker": "AM Rahane", "bowler": "AD Russell", "runs": {"extras": 0, "total": 6, "batsman": 6}, "batsman": "SV Samson"}}, {"2.6": {"non_striker": "AM Rahane", "bowler": "AD Russell", "runs": {"extras": 0, "total": 1, "batsman": 1}, "batsman": "SV Samson"}}, {"3.1": {"non_striker": "AM Rahane", "bowler": "SP Narine", "runs": {"extras": 0, "total": 1, "batsman": 1}, "batsman": "SV Samson"}}, {"3.2": {"non_striker": "SV Samson", "bowler": "SP Narine", "runs": {"extras": 0, "total": 1, "batsman": 1}, "batsman": "AM Rahane"}}, {"3.3": {"non_striker": "AM Rahane", "bowler": "SP Narine", "runs": {"extras": 0, "total": 1, "batsman": 1}, "batsman": "SV Samson"}}, {"3.4": {"non_striker": "SV Samson", "bowler": "SP Narine", "runs": {"extras": 0, "total": 1, "batsman": 1}, "batsman": "AM Rahane"}}, {"3.5": {"non_striker": "AM Rahane", "bowler": "SP Narine", "runs": {"extras": 0, "total": 0, "batsman": 0}, "batsman": "SV Samson"}}, {"3.6": {"non_striker": "AM Rahane", "bowler": "SP Narine", "runs": {"extras": 0, "total": 2, "batsman": 2}, "batsman": "SV Samson"}}, {"4.1": {"non_striker": "SV Samson", "bowler": "Y Prithvi Raj", "runs": {"extras": 0, "total": 0, "batsman": 0}, "batsman": "AM Rahane"}}, {"4.2": {"non_striker": "SV Samson", "bowler": "Y Prithvi Raj", "runs": {"extras": 0, "total": 6, "batsman": 6}, "batsman": "AM Rahane"}}, {"4.3": {"non_striker": "SV Samson", "bowler": "Y Prithvi Raj", "runs": {"extras": 0, "total": 4, "batsman": 4}, "batsman": "AM Rahane"}}, {"4.4": {"non_striker": "SV Samson", "bowler": "Y Prithvi Raj", "runs": {"extras": 0, "total": 4, "batsman": 4}, "batsman": "AM Rahane"}}, {"4.5": {"non_striker": "SV Samson", "bowler": "Y Prithvi Raj", "runs": {"extras": 0, "total": 2, "batsman": 2}, "batsman": "AM Rahane"}}, {"4.6": {"non_striker": "SV Samson", "bowler": "Y Prithvi Raj", "runs": {"extras": 0, "total": 1, "batsman": 1}, "batsman": "AM Rahane"}}, {"5.1": {"non_striker": "SV Samson", "bowler": "SP Narine", "runs": {"extras": 0, "total": 0, "batsman": 0}, "batsman": "AM Rahane"}}, {"5.2": {"non_striker": "SV Samson", "bowler": "SP Narine", "runs": {"extras": 0, "total": 0, "batsman": 0}, "batsman": "AM Rahane", "wicket": {"player_out": "AM Rahane", "kind": "lbw"}}}, {"5.3": {"non_striker": "SV Samson", "bowler": "SP Narine", "runs": {"extras": 0, "total": 1, "batsman": 1}, "batsman": "SPD Smith"}}, {"5.4": {"non_striker": "SPD Smith", "bowler": "SP Narine", "runs": {"extras": 0, "total": 1, "batsman": 1}, "batsman": "SV Samson"}}, {"5.5": {"non_striker": "SV Samson", "bowler": "SP Narine", "runs": {"extras": 0, "total": 0, "batsman": 0}, "batsman": "SPD Smith"}}, {"5.6": {"non_striker": "SV Samson", "bowler": "SP Narine", "runs": {"extras": 0, "total": 0, "batsman": 0}, "batsman": "SPD Smith"}}, {"6.1": {"non_striker": "SPD Smith", "bowler": "PP Chawla", "runs": {"extras": 0, "total": 0, "batsman": 0}, "batsman": "SV Samson"}}, {"6.2": {"non_striker": "SPD Smith", "bowler": "PP Chawla", "runs": {"extras": 0, "total": 2, "batsman": 2}, "batsman": "SV Samson"}}, {"6.3": {"non_striker": "SPD Smith", "bowler": "PP Chawla", "runs": {"extras": 0, "total": 0, "batsman": 0}, "batsman": "SV Samson", "wicket": {"player_out": "SV Samson", "kind": "bowled"}}}, {"6.4": {"non_striker": "SPD Smith", "bowler": "PP Chawla", "runs": {"extras": 0, "total": 1, "batsman": 1}, "batsman": "BA Stokes"}}, {"6.5": {"non_striker": "BA Stokes", "bowler": "PP Chawla", "runs": {"extras": 0, "total": 1, "batsman": 1}, "batsman": "SPD Smith"}}, {"6.6": {"non_striker": "SPD Smith", "bowler": "PP Chawla", "runs": {"extras": 0, "total": 4, "batsman": 4}, "batsman": "BA Stokes"}}, {"7.1": {"non_striker": "BA Stokes", "bowler": "SP Narine", "runs": {"extras": 0, "total": 0, "batsman": 0}, "batsman": "SPD Smith"}}, {"7.2": {"non_striker": "BA Stokes", "bowler": "SP Narine", "runs": {"extras": 0, "total": 0, "batsman": 0}, "batsman": "SPD Smith", "wicket": {"player_out": "SPD Smith", "kind": "bowled"}}}, {"7.3": {"non_striker": "BA Stokes", "bowler": "SP Narine", "runs": {"extras": 0, "total": 0, "batsman": 0}, "batsman": "R Parag"}}, {"7.4": {"non_striker": "BA Stokes", "bowler": "SP Narine", "runs": {"extras": 0, "total": 0, "batsman": 0}, "batsman": "R Parag"}}, {"7.5": {"non_striker": "BA Stokes", "bowler": "SP Narine", "runs": {"extras": 0, "total": 0, "batsman": 0}, "batsman": "R Parag"}}, {"7.6": {"non_striker": "BA Stokes", "bowler": "SP Narine", "runs": {"extras": 0, "total": 2, "batsman": 2}, "batsman": "R Parag"}}, {"8.1": {"non_striker": "R Parag", "bowler": "PP Chawla", "runs": {"extras": 0, "total": 0, "batsman": 0}, "batsman": "BA Stokes"}}, {"8.2": {"non_striker": "R Parag", "bowler": "PP Chawla", "runs": {"extras": 0, "total": 1, "batsman": 1}, "batsman": "BA Stokes"}}, {"8.3": {"non_striker": "BA Stokes", "bowler": "PP Chawla", "runs": {"extras": 0, "total": 0, "batsman": 0}, "batsman": "R Parag"}}, {"8.4": {"non_striker": "BA Stokes", "bowler": "PP Chawla", "runs": {"extras": 0, "total": 1, "batsman": 1}, "batsman": "R Parag"}}, {"8.5": {"non_striker": "R Parag", "bowler": "PP Chawla", "runs": {"extras": 0, "total": 0, "batsman": 0}, "batsman": "BA Stokes"}}, {"8.6": {"non_striker": "R Parag", "bowler": "PP Chawla", "runs": {"extras": 0, "total": 0, "batsman": 0}, "batsman": "BA Stokes"}}, {"9.1": {"non_striker": "BA Stokes", "bowler": "Y Prithvi Raj", "runs": {"extras": 1, "total": 1, "batsman": 0}, "extras": {"wides": 1}, "batsman": "R Parag"}}, {"9.2": {"non_striker": "BA Stokes", "bowler": "Y Prithvi Raj", "runs": {"extras": 0, "total": 1, "batsman": 1}, "batsman": "R Parag"}}, {"9.3": {"non_striker": "R Parag", "bowler": "Y Prithvi Raj", "runs": {"extras": 0, "total": 0, "batsman": 0}, "batsman": "BA Stokes"}}, {"9.4": {"non_striker": "R Parag", "bowler": "Y Prithvi Raj", "runs": {"extras": 0, "total": 4, "batsman": 4}, "batsman": "BA Stokes"}}, {"9.5": {"non_striker": "R Parag", "bowler": "Y Prithvi Raj", "runs": {"extras": 0, "total": 1, "batsman": 1}, "batsman": "BA Stokes"}}, {"9.6": {"non_striker": "BA Stokes", "bowler": "Y Prithvi Raj", "runs": {"extras": 0, "total": 0, "batsman": 0}, "batsman": "R Parag"}}, {"9.7": {"non_striker": "BA Stokes", "bowler": "Y Prithvi Raj", "runs": {"extras": 0, "total": 4, "batsman": 4}, "batsman": "R Parag"}}, {"10.1": {"non_striker": "R Parag", "bowler": "PP Chawla", "runs": {"extras": 0, "total": 0, "batsman": 0}, "batsman": "BA Stokes", "wicket": {"player_out": "BA Stokes", "fielders": ["AD Russell"], "kind": "caught"}}}, {"10.2": {"non_striker": "STR Binny", "bowler": "PP Chawla", "runs": {"extras": 0, "total": 1, "batsman": 1}, "batsman": "R Parag"}}, {"10.3": {"non_striker": "R Parag", "bowler": "PP Chawla", "runs": {"extras": 0, "total": 0, "batsman": 0}, "batsman": "STR Binny"}}, {"10.4": {"non_striker": "R Parag", "bowler": "PP Chawla", "runs": {"extras": 0, "total": 0, "batsman": 0}, "batsman": "STR Binny"}}, {"10.5": {"non_striker": "R Parag", "bowler": "PP Chawla", "runs": {"extras": 0, "total": 6, "batsman": 6}, "batsman": "STR Binny"}}, {"10.6": {"non_striker": "R Parag", "bowler": "PP Chawla", "runs": {"extras": 0, "total": 0, "batsman": 0}, "batsman": "STR Binny"}}, {"11.1": {"non_striker": "STR Binny", "bowler": "CR Brathwaite", "runs": {"extras": 1, "total": 1, "batsman": 0}, "extras": {"wides": 1}, "batsman": "R Parag"}}, {"11.2": {"non_striker": "STR Binny", "bowler": "CR Brathwaite", "runs": {"extras": 1, "total": 1, "batsman": 0}, "extras": {"wides": 1}, "batsman": "R Parag"}}, {"11.3": {"non_striker": "STR Binny", "bowler": "CR Brathwaite", "runs": {"extras": 0, "total": 1, "batsman": 1}, "batsman": "R Parag"}}, {"11.4": {"non_striker": "R Parag", "bowler": "CR Brathwaite", "runs": {"extras": 0, "total": 0, "batsman": 0}, "batsman": "STR Binny"}}, {"11.5": {"non_striker": "R Parag", "bowler": "CR Brathwaite", "runs": {"extras": 0, "total": 0, "batsman": 0}, "batsman": "STR Binny"}}, {"11.6": {"non_striker": "R Parag", "bowler": "CR Brathwaite", "runs": {"extras": 0, "total": 2, "batsman": 2}, "batsman": "STR Binny"}}, {"11.7": {"non_striker": "R Parag", "bowler": "CR Brathwaite", "runs": {"extras": 1, "total": 1, "batsman": 0}, "extras": {"wides": 1}, "batsman": "STR Binny"}}, {"11.8": {"non_striker": "R Parag", "bowler": "CR Brathwaite", "runs": {"extras": 0, "total": 1, "batsman": 1}, "batsman": "STR Binny"}}, {"11.9": {"non_striker": "STR Binny", "bowler": "CR Brathwaite", "runs": {"extras": 0, "total": 4, "batsman": 4}, "batsman": "R Parag"}}, {"12.1": {"non_striker": "R Parag", "bowler": "PP Chawla", "runs": {"extras": 0, "total": 2, "batsman": 2}, "batsman": "STR Binny"}}, {"12.2": {"non_striker": "R Parag", "bowler": "PP Chawla", "runs": {"extras": 0, "total": 0, "batsman": 0}, "batsman": "STR Binny"}}, {"12.3": {"non_striker": "R Parag", "bowler": "PP Chawla", "runs": {"extras": 0, "total": 0, "batsman": 0}, "batsman": "STR Binny", "wicket": {"player_out": "STR Binny", "fielders": ["RK Singh"], "kind": "caught"}}}, {"12.4": {"non_striker": "R Parag", "bowler": "PP Chawla", "runs": {"extras": 0, "total": 1, "batsman": 1}, "batsman": "S Gopal"}}, {"12.5": {"non_striker": "S Gopal", "bowler": "PP Chawla", "runs": {"extras": 0, "total": 0, "batsman": 0}, "batsman": "R Parag"}}, {"12.6": {"non_striker": "S Gopal", "bowler": "PP Chawla", "runs": {"extras": 0, "total": 0, "batsman": 0}, "batsman": "R Parag"}}, {"13.1": {"non_striker": "R Parag", "bowler": "AD Russell", "runs": {"extras": 0, "total": 0, "batsman": 0}, "batsman": "S Gopal"}}, {"13.2": {"non_striker": "R Parag", "bowler": "AD Russell", "runs": {"extras": 0, "total": 1, "batsman": 1}, "batsman": "S Gopal"}}, {"13.3": {"non_striker": "S Gopal", "bowler": "AD Russell", "runs": {"extras": 0, "total": 4, "batsman": 4}, "batsman": "R Parag"}}, {"13.4": {"non_striker": "S Gopal", "bowler": "AD Russell", "runs": {"extras": 0, "total": 0, "batsman": 0}, "batsman": "R Parag"}}, {"13.5": {"non_striker": "S Gopal", "bowler": "AD Russell", "runs": {"extras": 0, "total": 1, "batsman": 1}, "batsman": "R Parag"}}, {"13.6": {"non_striker": "R Parag", "bowler": "AD Russell", "runs": {"extras": 0, "total": 4, "batsman": 4}, "batsman": "S Gopal"}}, {"14.1": {"non_striker": "S Gopal", "bowler": "N Rana", "runs": {"extras": 0, "total": 0, "batsman": 0}, "batsman": "R Parag"}}, {"14.2": {"non_striker": "S Gopal", "bowler": "N Rana", "runs": {"extras": 0, "total": 1, "batsman": 1}, "batsman": "R Parag"}}, {"14.3": {"non_striker": "R Parag", "bowler": "N Rana", "runs": {"extras": 0, "total": 0, "batsman": 0}, "batsman": "S Gopal"}}, {"14.4": {"non_striker": "R Parag", "bowler": "N Rana", "runs": {"extras": 0, "total": 4, "batsman": 4}, "batsman": "S Gopal"}}, {"14.5": {"non_striker": "R Parag", "bowler": "N Rana", "runs": {"extras": 0, "total": 4, "batsman": 4}, "batsman": "S Gopal"}}, {"14.6": {"non_striker": "R Parag", "bowler": "N Rana", "runs": {"extras": 0, "total": 4, "batsman": 4}, "batsman": "S Gopal"}}, {"15.1": {"non_striker": "S Gopal", "bowler": "M Prasidh Krishna", "runs": {"extras": 0, "total": 1, "batsman": 1}, "batsman": "R Parag"}}, {"15.2": {"non_striker": "R Parag", "bowler": "M Prasidh Krishna", "runs": {"extras": 0, "total": 0, "batsman": 0}, "batsman": "S Gopal", "wicket": {"player_out": "S Gopal", "fielders": ["Shubman Gill"], "kind": "caught"}}}, {"15.3": {"non_striker": "JC Archer", "bowler": "M Prasidh Krishna", "runs": {"extras": 0, "total": 1, "batsman": 1}, "batsman": "R Parag"}}, {"15.4": {"non_striker": "R Parag", "bowler": "M Prasidh Krishna", "runs": {"extras": 0, "total": 0, "batsman": 0}, "batsman": "JC Archer"}}, {"15.5": {"non_striker": "R Parag", "bowler": "M Prasidh Krishna", "runs": {"extras": 1, "total": 1, "batsman": 0}, "extras": {"wides": 1}, "batsman": "JC Archer"}}, {"15.6": {"non_striker": "R Parag", "bowler": "M Prasidh Krishna", "runs": {"extras": 0, "total": 4, "batsman": 4}, "batsman": "JC Archer"}}, {"15.7": {"non_striker": "R Parag", "bowler": "M Prasidh Krishna", "runs": {"extras": 0, "total": 1, "batsman": 1}, "batsman": "JC Archer"}}, {"16.1": {"non_striker": "R Parag", "bowler": "SP Narine", "runs": {"extras": 0, "total": 6, "batsman": 6}, "batsman": "JC Archer"}}, {"16.2": {"non_striker": "R Parag", "bowler": "SP Narine", "runs": {"extras": 0, "total": 1, "batsman": 1}, "batsman": "JC Archer"}}, {"16.3": {"non_striker": "JC Archer", "bowler": "SP Narine", "runs": {"extras": 0, "total": 2, "batsman": 2}, "batsman": "R Parag"}}, {"16.4": {"non_striker": "JC Archer", "bowler": "SP Narine", "runs": {"extras": 0, "total": 4, "batsman": 4}, "batsman": "R Parag"}}, {"16.5": {"non_striker": "JC Archer", "bowler": "SP Narine", "runs": {"extras": 0, "total": 1, "batsman": 1}, "batsman": "R Parag"}}, {"16.6": {"non_striker": "R Parag", "bowler": "SP Narine", "runs": {"extras": 0, "total": 1, "batsman": 1}, "batsman": "JC Archer"}}, {"17.1": {"non_striker": "R Parag", "bowler": "M Prasidh Krishna", "runs": {"extras": 0, "total": 1, "batsman": 1}, "batsman": "JC Archer"}}, {"17.2": {"non_striker": "JC Archer", "bowler": "M Prasidh Krishna", "runs": {"extras": 0, "total": 1, "batsman": 1}, "batsman": "R Parag"}}, {"17.3": {"non_striker": "R Parag", "bowler": "M Prasidh Krishna", "runs": {"extras": 0, "total": 1, "batsman": 1}, "batsman": "JC Archer"}}, {"17.4": {"non_striker": "JC Archer", "bowler": "M Prasidh Krishna", "runs": {"extras": 0, "total": 4, "batsman": 4}, "batsman": "R Parag"}}, {"17.5": {"non_striker": "JC Archer", "bowler": "M Prasidh Krishna", "runs": {"extras": 0, "total": 0, "batsman": 0}, "batsman": "R Parag"}}, {"17.6": {"non_striker": "JC Archer", "bowler": "M Prasidh Krishna", "runs": {"extras": 0, "total": 6, "batsman": 6}, "batsman": "R Parag"}}, {"18.1": {"non_striker": "R Parag", "bowler": "AD Russell", "runs": {"extras": 0, "total": 1, "batsman": 1}, "batsman": "JC Archer"}}, {"18.2": {"non_striker": "JC Archer", "bowler": "AD Russell", "runs": {"extras": 0, "total": 1, "batsman": 1}, "batsman": "R Parag"}}, {"18.3": {"non_striker": "R Parag", "bowler": "AD Russell", "runs": {"extras": 0, "total": 1, "batsman": 1}, "batsman": "JC Archer"}}, {"18.4": {"non_striker": "JC Archer", "bowler": "AD Russell", "runs": {"extras": 0, "total": 6, "batsman": 6}, "batsman": "R Parag"}}, {"18.5": {"non_striker": "JC Archer", "bowler": "AD Russell", "runs": {"extras": 0, "total": 0, "batsman": 0}, "batsman": "R Parag", "wicket": {"player_out": "R Parag", "kind": "hit wicket"}}}, {"18.6": {"non_striker": "JC Archer", "bowler": "AD Russell", "runs": {"extras": 0, "total": 0, "batsman": 0}, "batsman": "JD Unadkat"}}, {"19.1": {"non_striker": "JD Unadkat", "bowler": "M Prasidh Krishna", "runs": {"extras": 0, "total": 4, "batsman": 4}, "batsman": "JC Archer"}}, {"19.2": {"non_striker": "JD Unadkat", "bowler": "M Prasidh Krishna", "runs": {"extras": 0, "total": 6, "batsman": 6}, "batsman": "JC Archer"}}]