[{"0.1": {"non_striker": "JM Bairstow", "bowler": "HF Gurney", "runs": {"extras": 0, "total": 1, "batsman": 1}, "batsman": "DA Warner"}}, {"0.2": {"non_striker": "DA Warner", "bowler": "HF Gurney", "runs": {"extras": 0, "total": 1, "batsman": 1}, "batsman": "JM Bairstow"}}, {"0.3": {"non_striker": "JM Bairstow", "bowler": "HF Gurney", "runs": {"extras": 0, "total": 0, "batsman": 0}, "batsman": "DA Warner"}}, {"0.4": {"non_striker": "JM Bairstow", "bowler": "HF Gurney", "runs": {"extras": 1, "total": 1, "batsman": 0}, "extras": {"wides": 1}, "batsman": "DA Warner"}}, {"0.5": {"non_striker": "JM Bairstow", "bowler": "HF Gurney", "runs": {"extras": 0, "total": 2, "batsman": 2}, "batsman": "DA Warner"}}, {"0.6": {"non_striker": "JM Bairstow", "bowler": "HF Gurney", "runs": {"extras": 0, "total": 0, "batsman": 0}, "batsman": "DA Warner"}}, {"0.7": {"non_striker": "JM Bairstow", "bowler": "HF Gurney", "runs": {"extras": 0, "total": 1, "batsman": 1}, "batsman": "DA Warner"}}, {"1.1": {"non_striker": "JM Bairstow", "bowler": "Y Prithvi Raj", "runs": {"extras": 0, "total": 0, "batsman": 0}, "batsman": "DA Warner"}}, {"1.2": {"non_striker": "JM Bairstow", "bowler": "Y Prithvi Raj", "runs": {"extras": 0, "total": 6, "batsman": 6}, "batsman": "DA Warner"}}, {"1.3": {"non_striker": "JM Bairstow", "bowler": "Y Prithvi Raj", "runs": {"extras": 0, "total": 1, "batsman": 1}, "batsman": "DA Warner"}}, {"1.4": {"non_striker": "DA Warner", "bowler": "Y Prithvi Raj", "runs": {"extras": 0, "total": 0, "batsman": 0}, "batsman": "JM Bairstow"}}, {"1.5": {"non_striker": "DA Warner", "bowler": "Y Prithvi Raj", "runs": {"extras": 0, "total": 4, "batsman": 4}, "batsman": "JM Bairstow"}}, {"1.6": {"non_striker": "DA Warner", "bowler": "Y Prithvi Raj", "runs": {"extras": 1, "total": 1, "batsman": 0}, "extras": {"wides": 1}, "batsman": "JM Bairstow"}}, {"1.7": {"non_striker": "DA Warner", "bowler": "Y Prithvi Raj", "runs": {"extras": 0, "total": 4, "batsman": 4}, "batsman": "JM Bairstow"}}, {"2.1": {"non_striker": "JM Bairstow", "bowler": "HF Gurney", "runs": {"extras": 0, "total": 4, "batsman": 4}, "batsman": "DA Warner"}}, {"2.2": {"non_striker": "JM Bairstow", "bowler": "HF Gurney", "runs": {"extras": 0, "total": 1, "batsman": 1}, "batsman": "DA Warner"}}, {"2.3": {"non_striker": "DA Warner", "bowler": "HF Gurney", "runs": {"extras": 0, "total": 1, "batsman": 1}, "batsman": "JM Bairstow"}}, {"2.4": {"non_striker": "JM Bairstow", "bowler": "HF Gurney", "runs": {"extras": 0, "total": 1, "batsman": 1}, "batsman": "DA Warner"}}, {"2.5": {"non_striker": "DA Warner", "bowler": "HF Gurney", "runs": {"extras": 0, "total": 1, "batsman": 1}, "batsman": "JM Bairstow"}}, {"2.6": {"non_striker": "JM Bairstow", "bowler": "HF Gurney", "runs": {"extras": 0, "total": 2, "batsman": 2}, "batsman": "DA Warner"}}, {"3.1": {"non_striker": "DA Warner", "bowler": "PP Chawla", "runs": {"extras": 0, "total": 0, "batsman": 0}, "batsman": "JM Bairstow"}}, {"3.2": {"non_striker": "DA Warner", "bowler": "PP Chawla", "runs": {"extras": 0, "total": 0, "batsman": 0}, "batsman": "JM Bairstow"}}, {"3.3": {"non_striker": "DA Warner", "bowler": "PP Chawla", "runs": {"extras": 0, "total": 4, "batsman": 4}, "batsman": "JM Bairstow"}}, {"3.4": {"non_striker": "DA Warner", "bowler": "PP Chawla", "runs": {"extras": 0, "total": 0, "batsman": 0}, "batsman": "JM Bairstow"}}, {"3.5": {"non_striker": "DA Warner", "bowler": "PP Chawla", "runs": {"extras": 0, "total": 6, "batsman": 6}, "batsman": "JM Bairstow"}}, {"3.6": {"non_striker": "DA Warner", "bowler": "PP Chawla", "runs": {"extras": 0, "total": 1, "batsman": 1}, "batsman": "JM Bairstow"}}, {"4.1": {"non_striker": "DA Warner", "bowler": "SP Narine", "runs": {"extras": 0, "total": 1, "batsman": 1}, "batsman": "JM Bairstow"}}, {"4.2": {"non_striker": "JM Bairstow", "bowler": "SP Narine", "runs": {"extras": 0, "total": 0, "batsman": 0}, "batsman": "DA Warner"}}, {"4.3": {"non_striker": "JM Bairstow", "bowler": "SP Narine", "runs": {"extras": 0, "total": 6, "batsman": 6}, "batsman": "DA Warner"}}, {"4.4": {"non_striker": "JM Bairstow", "bowler": "SP Narine", "runs": {"extras": 0, "total": 0, "batsman": 0}, "batsman": "DA Warner"}}, {"4.5": {"non_striker": "JM Bairstow", "bowler": "SP Narine", "runs": {"extras": 1, "total": 1, "batsman": 0}, "extras": {"byes": 1}, "batsman": "DA Warner"}}, {"4.6": {"non_striker": "DA Warner", "bowler": "SP Narine", "runs": {"extras": 0, "total": 1, "batsman": 1}, "batsman": "JM Bairstow"}}, {"5.1": {"non_striker": "DA Warner", "bowler": "KC Cariappa", "runs": {"extras": 1, "total": 1, "batsman": 0}, "extras": {"wides": 1}, "batsman": "JM Bairstow"}}, {"5.2": {"non_striker": "DA Warner", "bowler": "KC Cariappa", "runs": {"extras": 0, "total": 1, "batsman": 1}, "batsman": "JM Bairstow"}}, {"5.3": {"non_striker": "JM Bairstow", "bowler": "KC Cariappa", "runs": {"extras": 0, "total": 2, "batsman": 2}, "batsman": "DA Warner"}}, {"5.4": {"non_striker": "JM Bairstow", "bowler": "KC Cariappa", "runs": {"extras": 0, "total": 6, "batsman": 6}, "batsman": "DA Warner"}}, {"5.5": {"non_striker": "JM Bairstow", "bowler": "KC Cariappa", "runs": {"extras": 0, "total": 4, "batsman": 4}, "batsman": "DA Warner"}}, {"5.6": {"non_striker": "JM Bairstow", "bowler": "KC Cariappa", "runs": {"extras": 0, "total": 6, "batsman": 6}, "batsman": "DA Warner"}}, {"5.7": {"non_striker": "JM Bairstow", "bowler": "KC Cariappa", "runs": {"extras": 0, "total": 0, "batsman": 0}, "batsman": "DA Warner"}}, {"6.1": {"non_striker": "DA Warner", "bowler": "AD Russell", "runs": {"extras": 0, "total": 1, "batsman": 1}, "batsman": "JM Bairstow"}}, {"6.2": {"non_striker": "JM Bairstow", "bowler": "AD Russell", "runs": {"extras": 0, "total": 1, "batsman": 1}, "batsman": "DA Warner"}}, {"6.3": {"non_striker": "DA Warner", "bowler": "AD Russell", "runs": {"extras": 0, "total": 4, "batsman": 4}, "batsman": "JM Bairstow"}}, {"6.4": {"non_striker": "DA Warner", "bowler": "AD Russell", "runs": {"extras": 0, "total": 0, "batsman": 0}, "batsman": "JM Bairstow"}}, {"6.5": {"non_striker": "DA Warner", "bowler": "AD Russell", "runs": {"extras": 0, "total": 1, "batsman": 1}, "batsman": "JM Bairstow"}}, {"6.6": {"non_striker": "JM Bairstow", "bowler": "AD Russell", "runs": {"extras": 0, "total": 1, "batsman": 1}, "batsman": "DA Warner"}}, {"7.1": {"non_striker": "JM Bairstow", "bowler": "PP Chawla", "runs": {"extras": 0, "total": 1, "batsman": 1}, "batsman": "DA Warner"}}, {"7.2": {"non_striker": "DA Warner", "bowler": "PP Chawla", "runs": {"extras": 0, "total": 1, "batsman": 1}, "batsman": "JM Bairstow"}}, {"7.3": {"non_striker": "JM Bairstow", "bowler": "PP Chawla", "runs": {"extras": 0, "total": 1, "batsman": 1}, "batsman": "DA Warner"}}, {"7.4": {"non_striker": "DA Warner", "bowler": "PP Chawla", "runs": {"extras": 0, "total": 0, "batsman": 0}, "batsman": "JM Bairstow"}}, {"7.5": {"non_striker": "DA Warner", "bowler": "PP Chawla", "runs": {"extras": 0, "total": 4, "batsman": 4}, "batsman": "JM Bairstow"}}, {"7.6": {"non_striker": "DA Warner", "bowler": "PP Chawla", "runs": {"extras": 0, "total": 1, "batsman": 1}, "batsman": "JM Bairstow"}}, {"8.1": {"non_striker": "DA Warner", "bowler": "KC Cariappa", "runs": {"extras": 0, "total": 6, "batsman": 6}, "batsman": "JM Bairstow"}}, {"8.2": {"non_striker": "DA Warner", "bowler": "KC Cariappa", "runs": {"extras": 0, "total": 4, "batsman": 4}, "batsman": "JM Bairstow"}}, {"8.3": {"non_striker": "DA Warner", "bowler": "KC Cariappa", "runs": {"extras": 0, "total": 1, "batsman": 1}, "batsman": "JM Bairstow"}}, {"8.4": {"non_striker": "JM Bairstow", "bowler": "KC Cariappa", "runs": {"extras": 0, "total": 1, "batsman": 1}, "batsman": "DA Warner"}}, {"8.5": {"non_striker": "DA Warner", "bowler": "KC Cariappa", "runs": {"extras": 0, "total": 1, "batsman": 1}, "batsman": "JM Bairstow"}}, {"8.6": {"non_striker": "JM Bairstow", "bowler": "KC Cariappa", "runs": {"extras": 0, "total": 1, "batsman": 1}, "batsman": "DA Warner"}}, {"9.1": {"non_striker": "JM Bairstow", "bowler": "SP Narine", "runs": {"extras": 0, "total": 2, "batsman": 2}, "batsman": "DA Warner"}}, {"9.2": {"non_striker": "JM Bairstow", "bowler": "SP Narine", "runs": {"extras": 0, "total": 1, "batsman": 1}, "batsman": "DA Warner"}}, {"9.3": {"non_striker": "DA Warner", "bowler": "SP Narine", "runs": {"extras": 0, "total": 1, "batsman": 1}, "batsman": "JM Bairstow"}}, {"9.4": {"non_striker": "JM Bairstow", "bowler": "SP Narine", "runs": {"extras": 1, "total": 1, "batsman": 0}, "extras": {"legbyes": 1}, "batsman": "DA Warner"}}, {"9.5": {"non_striker": "DA Warner", "bowler": "SP Narine", "runs": {"extras": 0, "total": 0, "batsman": 0}, "batsman": "JM Bairstow"}}, {"9.6": {"non_striker": "DA Warner", "bowler": "SP Narine", "runs": {"extras": 0, "total": 2, "batsman": 2}, "batsman": "JM Bairstow"}}, {"10.1": {"non_striker": "JM Bairstow", "bowler": "Y Prithvi Raj", "runs": {"extras": 0, "total": 1, "batsman": 1}, "batsman": "DA Warner"}}, {"10.2": {"non_striker": "DA Warner", "bowler": "Y Prithvi Raj", "runs": {"extras": 0, "total": 1, "batsman": 1}, "batsman": "JM Bairstow"}}, {"10.3": {"non_striker": "JM Bairstow", "bowler": "Y Prithvi Raj", "runs": {"extras": 0, "total": 1, "batsman": 1}, "batsman": "DA Warner"}}, {"10.4": {"non_striker": "DA Warner", "bowler": "Y Prithvi Raj", "runs": {"extras": 0, "total": 0, "batsman": 0}, "batsman": "JM Bairstow"}}, {"10.5": {"non_striker": "DA Warner", "bowler": "Y Prithvi Raj", "runs": {"extras": 0, "total": 1, "batsman": 1}, "batsman": "JM Bairstow"}}, {"10.6": {"non_striker": "JM Bairstow", "bowler": "Y Prithvi Raj", "runs": {"extras": 0, "total": 1, "batsman": 1}, "batsman": "DA Warner"}}, {"11.1": {"non_striker": "JM Bairstow", "bowler": "SP Narine", "runs": {"extras": 0, "total": 1, "batsman": 1}, "batsman": "DA Warner"}}, {"11.2": {"non_striker": "DA Warner", "bowler": "SP Narine", "runs": {"extras": 0, "total": 1, "batsman": 1}, "batsman": "JM Bairstow"}}, {"11.3": {"non_striker": "JM Bairstow", "bowler": "SP Narine", "runs": {"extras": 0, "total": 1, "batsman": 1}, "batsman": "DA Warner"}}, {"11.4": {"non_striker": "DA Warner", "bowler": "SP Narine", "runs": {"extras": 0, "total": 3, "batsman": 3}, "batsman": "JM Bairstow"}}, {"11.5": {"non_striker": "JM Bairstow", "bowler": "SP Narine", "runs": {"extras": 0, "total": 4, "batsman": 4}, "batsman": "DA Warner"}}, {"11.6": {"non_striker": "JM Bairstow", "bowler": "SP Narine", "runs": {"extras": 0, "total": 6, "batsman": 6}, "batsman": "DA Warner"}}, {"12.1": {"non_striker": "DA Warner", "bowler": "Y Prithvi Raj", "runs": {"extras": 0, "total": 1, "batsman": 1}, "batsman": "JM Bairstow"}}, {"12.2": {"non_striker": "JM Bairstow", "bowler": "Y Prithvi Raj", "runs": {"extras": 0, "total": 0, "batsman": 0}, "batsman": "DA Warner", "wicket": {"player_out": "DA Warner", "kind": "bowled"}}}, {"12.3": {"non_striker": "JM Bairstow", "bowler": "Y Prithvi Raj", "runs": {"extras": 0, "total": 0, "batsman": 0}, "batsman": "KS Williamson"}}, {"12.4": {"non_striker": "JM Bairstow", "bowler": "Y Prithvi Raj", "runs": {"extras": 0, "total": 2, "batsman": 2}, "batsman": "KS Williamson"}}, {"12.5": {"non_striker": "JM Bairstow", "bowler": "Y Prithvi Raj", "runs": {"extras": 1, "total": 1, "batsman": 0}, "extras": {"wides": 1}, "batsman": "KS Williamson"}}, {"12.6": {"non_striker": "JM Bairstow", "bowler": "Y Prithvi Raj", "runs": {"extras": 0, "total": 3, "batsman": 3}, "batsman": "KS Williamson"}}, {"12.7": {"non_striker": "KS Williamson", "bowler": "Y Prithvi Raj", "runs": {"extras": 0, "total": 1, "batsman": 1}, "batsman": "JM Bairstow"}}, {"13.1": {"non_striker": "KS Williamson", "bowler": "SP Narine", "runs": {"extras": 0, "total": 1, "batsman": 1}, "batsman": "JM Bairstow"}}, {"13.2": {"non_striker": "JM Bairstow", "bowler": "SP Narine", "runs": {"extras": 0, "total": 0, "batsman": 0}, "batsman": "KS Williamson"}}, {"13.3": {"non_striker": "JM Bairstow", "bowler": "SP Narine", "runs": {"extras": 0, "total": 0, "batsman": 0}, "batsman": "KS Williamson"}}, {"13.4": {"non_striker": "JM Bairstow", "bowler": "SP Narine", "runs": {"extras": 0, "total": 1, "batsman": 1}, "batsman": "KS Williamson"}}, {"13.5": {"non_striker": "KS Williamson", "bowler": "SP Narine", "runs": {"extras": 0, "total": 1, "batsman": 1}, "batsman": "JM Bairstow"}}, {"13.6": {"non_striker": "JM Bairstow", "bowler": "SP Narine", "runs": {"extras": 0, "total": 1, "batsman": 1}, "batsman": "KS Williamson"}}, {"14.1": {"non_striker": "JM Bairstow", "bowler": "PP Chawla", "runs": {"extras": 0, "total": 0, "batsman": 0}, "batsman": "KS Williamson"}}, {"14.2": {"non_striker": "JM Bairstow", "bowler": "PP Chawla", "runs": {"extras": 0, "total": 1, "batsman": 1}, "batsman": "KS Williamson"}}, {"14.3": {"non_striker": "KS Williamson", "bowler": "PP Chawla", "runs": {"extras": 0, "total": 2, "batsman": 2}, "batsman": "JM Bairstow"}}, {"14.4": {"non_striker": "KS Williamson", "bowler": "PP Chawla", "runs": {"extras": 0, "total": 4, "batsman": 4}, "batsman": "JM Bairstow"}}, {"14.5": {"non_striker": "KS Williamson", "bowler": "PP Chawla", "runs": {"extras": 0, "total": 6, "batsman": 6}, "batsman": "JM Bairstow"}}, {"14.6": {"non_striker": "KS Williamson", "bowler": "PP Chawla", "runs": {"extras": 0, "total": 6, "batsman": 6}, "batsman": "JM Bairstow"}}]