[{"0.1": {"non_striker": "JM Bairstow", "bowler": "JP Behrendorff", "runs": {"extras": 0, "total": 2, "batsman": 2}, "batsman": "DA Warner"}}, {"0.2": {"non_striker": "JM Bairstow", "bowler": "JP Behrendorff", "runs": {"extras": 0, "total": 1, "batsman": 1}, "batsman": "DA Warner"}}, {"0.3": {"non_striker": "DA Warner", "bowler": "JP Behrendorff", "runs": {"extras": 0, "total": 0, "batsman": 0}, "batsman": "JM Bairstow"}}, {"0.4": {"non_striker": "DA Warner", "bowler": "JP Behrendorff", "runs": {"extras": 0, "total": 0, "batsman": 0}, "batsman": "JM Bairstow"}}, {"0.5": {"non_striker": "DA Warner", "bowler": "JP Behrendorff", "runs": {"extras": 0, "total": 4, "batsman": 4}, "batsman": "JM Bairstow"}}, {"0.6": {"non_striker": "DA Warner", "bowler": "JP Behrendorff", "runs": {"extras": 0, "total": 1, "batsman": 1}, "batsman": "JM Bairstow"}}, {"1.1": {"non_striker": "DA Warner", "bowler": "JJ Bumrah", "runs": {"extras": 0, "total": 2, "batsman": 2}, "batsman": "JM Bairstow"}}, {"1.2": {"non_striker": "DA Warner", "bowler": "JJ Bumrah", "runs": {"extras": 0, "total": 0, "batsman": 0}, "batsman": "JM Bairstow"}}, {"1.3": {"non_striker": "DA Warner", "bowler": "JJ Bumrah", "runs": {"extras": 0, "total": 1, "batsman": 1}, "batsman": "JM Bairstow"}}, {"1.4": {"non_striker": "JM Bairstow", "bowler": "JJ Bumrah", "runs": {"extras": 0, "total": 0, "batsman": 0}, "batsman": "DA Warner"}}, {"1.5": {"non_striker": "JM Bairstow", "bowler": "JJ Bumrah", "runs": {"extras": 0, "total": 2, "batsman": 2}, "batsman": "DA Warner"}}, {"1.6": {"non_striker": "JM Bairstow", "bowler": "JJ Bumrah", "runs": {"extras": 0, "total": 1, "batsman": 1}, "batsman": "DA Warner"}}, {"2.1": {"non_striker": "JM Bairstow", "bowler": "JP Behrendorff", "runs": {"extras": 0, "total": 4, "batsman": 4}, "batsman": "DA Warner"}}, {"2.2": {"non_striker": "JM Bairstow", "bowler": "JP Behrendorff", "runs": {"extras": 0, "total": 0, "batsman": 0}, "batsman": "DA Warner"}}, {"2.3": {"non_striker": "JM Bairstow", "bowler": "JP Behrendorff", "runs": {"extras": 0, "total": 0, "batsman": 0}, "batsman": "DA Warner"}}, {"2.4": {"non_striker": "JM Bairstow", "bowler": "JP Behrendorff", "runs": {"extras": 0, "total": 1, "batsman": 1}, "batsman": "DA Warner"}}, {"2.5": {"non_striker": "DA Warner", "bowler": "JP Behrendorff", "runs": {"extras": 0, "total": 4, "batsman": 4}, "batsman": "JM Bairstow"}}, {"2.6": {"non_striker": "DA Warner", "bowler": "JP Behrendorff", "runs": {"extras": 0, "total": 4, "batsman": 4}, "batsman": "JM Bairstow"}}, {"3.1": {"non_striker": "JM Bairstow", "bowler": "RD Chahar", "runs": {"extras": 0, "total": 0, "batsman": 0}, "batsman": "DA Warner"}}, {"3.2": {"non_striker": "JM Bairstow", "bowler": "RD Chahar", "runs": {"extras": 1, "total": 1, "batsman": 0}, "extras": {"wides": 1}, "batsman": "DA Warner"}}, {"3.3": {"non_striker": "JM Bairstow", "bowler": "RD Chahar", "runs": {"extras": 0, "total": 4, "batsman": 4}, "batsman": "DA Warner"}}, {"3.4": {"non_striker": "JM Bairstow", "bowler": "RD Chahar", "runs": {"extras": 1, "total": 1, "batsman": 0}, "extras": {"legbyes": 1}, "batsman": "DA Warner"}}, {"3.5": {"non_striker": "DA Warner", "bowler": "RD Chahar", "runs": {"extras": 0, "total": 0, "batsman": 0}, "batsman": "JM Bairstow", "wicket": {"player_out": "JM Bairstow", "fielders": ["JJ Bumrah"], "kind": "caught"}}}, {"3.6": {"non_striker": "DA Warner", "bowler": "RD Chahar", "runs": {"extras": 0, "total": 0, "batsman": 0}, "batsman": "V Shankar"}}, {"3.7": {"non_striker": "DA Warner", "bowler": "RD Chahar", "runs": {"extras": 0, "total": 0, "batsman": 0}, "batsman": "V Shankar"}}, {"4.1": {"non_striker": "V Shankar", "bowler": "AS Joseph", "runs": {"extras": 0, "total": 0, "batsman": 0}, "batsman": "DA Warner", "wicket": {"player_out": "DA Warner", "kind": "bowled"}}}, {"4.2": {"non_striker": "V Shankar", "bowler": "AS Joseph", "runs": {"extras": 0, "total": 0, "batsman": 0}, "batsman": "MK Pandey"}}, {"4.3": {"non_striker": "V Shankar", "bowler": "AS Joseph", "runs": {"extras": 0, "total": 0, "batsman": 0}, "batsman": "MK Pandey"}}, {"4.4": {"non_striker": "V Shankar", "bowler": "AS Joseph", "runs": {"extras": 0, "total": 0, "batsman": 0}, "batsman": "MK Pandey"}}, {"4.5": {"non_striker": "V Shankar", "bowler": "AS Joseph", "runs": {"extras": 0, "total": 0, "batsman": 0}, "batsman": "MK Pandey"}}, {"4.6": {"non_striker": "V Shankar", "bowler": "AS Joseph", "runs": {"extras": 0, "total": 0, "batsman": 0}, "batsman": "MK Pandey"}}, {"5.1": {"non_striker": "MK Pandey", "bowler": "RD Chahar", "runs": {"extras": 0, "total": 1, "batsman": 1}, "batsman": "V Shankar"}}, {"5.2": {"non_striker": "V Shankar", "bowler": "RD Chahar", "runs": {"extras": 0, "total": 1, "batsman": 1}, "batsman": "MK Pandey"}}, {"5.3": {"non_striker": "MK Pandey", "bowler": "RD Chahar", "runs": {"extras": 0, "total": 0, "batsman": 0}, "batsman": "V Shankar"}}, {"5.4": {"non_striker": "MK Pandey", "bowler": "RD Chahar", "runs": {"extras": 0, "total": 4, "batsman": 4}, "batsman": "V Shankar"}}, {"5.5": {"non_striker": "MK Pandey", "bowler": "RD Chahar", "runs": {"extras": 0, "total": 0, "batsman": 0}, "batsman": "V Shankar"}}, {"5.6": {"non_striker": "MK Pandey", "bowler": "RD Chahar", "runs": {"extras": 0, "total": 0, "batsman": 0}, "batsman": "V Shankar"}}, {"6.1": {"non_striker": "V Shankar", "bowler": "AS Joseph", "runs": {"extras": 0, "total": 2, "batsman": 2}, "batsman": "MK Pandey"}}, {"6.2": {"non_striker": "V Shankar", "bowler": "AS Joseph", "runs": {"extras": 0, "total": 1, "batsman": 1}, "batsman": "MK Pandey"}}, {"6.3": {"non_striker": "MK Pandey", "bowler": "AS Joseph", "runs": {"extras": 0, "total": 0, "batsman": 0}, "batsman": "V Shankar"}}, {"6.4": {"non_striker": "MK Pandey", "bowler": "AS Joseph", "runs": {"extras": 0, "total": 0, "batsman": 0}, "batsman": "V Shankar"}}, {"6.5": {"non_striker": "MK Pandey", "bowler": "AS Joseph", "runs": {"extras": 0, "total": 0, "batsman": 0}, "batsman": "V Shankar", "wicket": {"player_out": "V Shankar", "fielders": ["HH Pandya"], "kind": "caught"}}}, {"6.6": {"non_striker": "MK Pandey", "bowler": "AS Joseph", "runs": {"extras": 0, "total": 1, "batsman": 1}, "batsman": "DJ Hooda"}}, {"7.1": {"non_striker": "MK Pandey", "bowler": "KH Pandya", "runs": {"extras": 0, "total": 1, "batsman": 1}, "batsman": "DJ Hooda"}}, {"7.2": {"non_striker": "DJ Hooda", "bowler": "KH Pandya", "runs": {"extras": 0, "total": 1, "batsman": 1}, "batsman": "MK Pandey"}}, {"7.3": {"non_striker": "MK Pandey", "bowler": "KH Pandya", "runs": {"extras": 0, "total": 0, "batsman": 0}, "batsman": "DJ Hooda"}}, {"7.4": {"non_striker": "MK Pandey", "bowler": "KH Pandya", "runs": {"extras": 0, "total": 1, "batsman": 1}, "batsman": "DJ Hooda"}}, {"7.5": {"non_striker": "DJ Hooda", "bowler": "KH Pandya", "runs": {"extras": 0, "total": 0, "batsman": 0}, "batsman": "MK Pandey"}}, {"7.6": {"non_striker": "DJ Hooda", "bowler": "KH Pandya", "runs": {"extras": 0, "total": 1, "batsman": 1}, "batsman": "MK Pandey"}}, {"8.1": {"non_striker": "DJ Hooda", "bowler": "HH Pandya", "runs": {"extras": 0, "total": 2, "batsman": 2}, "batsman": "MK Pandey"}}, {"8.2": {"non_striker": "DJ Hooda", "bowler": "HH Pandya", "runs": {"extras": 0, "total": 1, "batsman": 1}, "batsman": "MK Pandey"}}, {"8.3": {"non_striker": "MK Pandey", "bowler": "HH Pandya", "runs": {"extras": 0, "total": 1, "batsman": 1}, "batsman": "DJ Hooda"}}, {"8.4": {"non_striker": "DJ Hooda", "bowler": "HH Pandya", "runs": {"extras": 0, "total": 1, "batsman": 1}, "batsman": "MK Pandey"}}, {"8.5": {"non_striker": "MK Pandey", "bowler": "HH Pandya", "runs": {"extras": 0, "total": 1, "batsman": 1}, "batsman": "DJ Hooda"}}, {"8.6": {"non_striker": "DJ Hooda", "bowler": "HH Pandya", "runs": {"extras": 0, "total": 1, "batsman": 1}, "batsman": "MK Pandey"}}, {"9.1": {"non_striker": "DJ Hooda", "bowler": "KH Pandya", "runs": {"extras": 0, "total": 1, "batsman": 1}, "batsman": "MK Pandey"}}, {"9.2": {"non_striker": "MK Pandey", "bowler": "KH Pandya", "runs": {"extras": 0, "total": 1, "batsman": 1}, "batsman": "DJ Hooda"}}, {"9.3": {"non_striker": "DJ Hooda", "bowler": "KH Pandya", "runs": {"extras": 0, "total": 2, "batsman": 2}, "batsman": "MK Pandey"}}, {"9.4": {"non_striker": "DJ Hooda", "bowler": "KH Pandya", "runs": {"extras": 0, "total": 0, "batsman": 0}, "batsman": "MK Pandey"}}, {"9.5": {"non_striker": "DJ Hooda", "bowler": "KH Pandya", "runs": {"extras": 0, "total": 1, "batsman": 1}, "batsman": "MK Pandey"}}, {"9.6": {"non_striker": "MK Pandey", "bowler": "KH Pandya", "runs": {"extras": 0, "total": 0, "batsman": 0}, "batsman": "DJ Hooda"}}, {"10.1": {"non_striker": "DJ Hooda", "bowler": "JP Behrendorff", "runs": {"extras": 0, "total": 1, "batsman": 1}, "batsman": "MK Pandey"}}, {"10.2": {"non_striker": "MK Pandey", "bowler": "JP Behrendorff", "runs": {"extras": 0, "total": 1, "batsman": 1}, "batsman": "DJ Hooda"}}, {"10.3": {"non_striker": "DJ Hooda", "bowler": "JP Behrendorff", "runs": {"extras": 0, "total": 0, "batsman": 0}, "batsman": "MK Pandey", "wicket": {"player_out": "MK Pandey", "fielders": ["RG Sharma"], "kind": "caught"}}}, {"10.4": {"non_striker": "DJ Hooda", "bowler": "JP Behrendorff", "runs": {"extras": 0, "total": 0, "batsman": 0}, "batsman": "YK Pathan"}}, {"10.5": {"non_striker": "DJ Hooda", "bowler": "JP Behrendorff", "runs": {"extras": 0, "total": 0, "batsman": 0}, "batsman": "YK Pathan"}}, {"10.6": {"non_striker": "DJ Hooda", "bowler": "JP Behrendorff", "runs": {"extras": 0, "total": 0, "batsman": 0}, "batsman": "YK Pathan"}}, {"11.1": {"non_striker": "YK Pathan", "bowler": "RD Chahar", "runs": {"extras": 0, "total": 1, "batsman": 1}, "batsman": "DJ Hooda"}}, {"11.2": {"non_striker": "DJ Hooda", "bowler": "RD Chahar", "runs": {"extras": 0, "total": 0, "batsman": 0}, "batsman": "YK Pathan", "wicket": {"player_out": "YK Pathan", "fielders": ["Ishan Kishan"], "kind": "caught"}}}, {"11.3": {"non_striker": "Mohammad Nabi", "bowler": "RD Chahar", "runs": {"extras": 0, "total": 4, "batsman": 4}, "batsman": "DJ Hooda"}}, {"11.4": {"non_striker": "Mohammad Nabi", "bowler": "RD Chahar", "runs": {"extras": 0, "total": 1, "batsman": 1}, "batsman": "DJ Hooda"}}, {"11.5": {"non_striker": "DJ Hooda", "bowler": "RD Chahar", "runs": {"extras": 0, "total": 1, "batsman": 1}, "batsman": "Mohammad Nabi"}}, {"11.6": {"non_striker": "Mohammad Nabi", "bowler": "RD Chahar", "runs": {"extras": 0, "total": 0, "batsman": 0}, "batsman": "DJ Hooda"}}, {"12.1": {"non_striker": "DJ Hooda", "bowler": "JP Behrendorff", "runs": {"extras": 0, "total": 1, "batsman": 1}, "batsman": "Mohammad Nabi"}}, {"12.2": {"non_striker": "Mohammad Nabi", "bowler": "JP Behrendorff", "runs": {"extras": 0, "total": 0, "batsman": 0}, "batsman": "DJ Hooda"}}, {"12.3": {"non_striker": "Mohammad Nabi", "bowler": "JP Behrendorff", "runs": {"extras": 0, "total": 2, "batsman": 2}, "batsman": "DJ Hooda"}}, {"12.4": {"non_striker": "Mohammad Nabi", "bowler": "JP Behrendorff", "runs": {"extras": 0, "total": 0, "batsman": 0}, "batsman": "DJ Hooda"}}, {"12.5": {"non_striker": "Mohammad Nabi", "bowler": "JP Behrendorff", "runs": {"extras": 0, "total": 0, "batsman": 0}, "batsman": "DJ Hooda"}}, {"12.6": {"non_striker": "Mohammad Nabi", "bowler": "JP Behrendorff", "runs": {"extras": 0, "total": 2, "batsman": 2}, "batsman": "DJ Hooda"}}, {"13.1": {"non_striker": "DJ Hooda", "bowler": "RD Chahar", "runs": {"extras": 0, "total": 0, "batsman": 0}, "batsman": "Mohammad Nabi"}}, {"13.2": {"non_striker": "DJ Hooda", "bowler": "RD Chahar", "runs": {"extras": 0, "total": 0, "batsman": 0}, "batsman": "Mohammad Nabi"}}, {"13.3": {"non_striker": "DJ Hooda", "bowler": "RD Chahar", "runs": {"extras": 0, "total": 1, "batsman": 1}, "batsman": "Mohammad Nabi"}}, {"13.4": {"non_striker": "Mohammad Nabi", "bowler": "RD Chahar", "runs": {"extras": 0, "total": 1, "batsman": 1}, "batsman": "DJ Hooda"}}, {"13.5": {"non_striker": "DJ Hooda", "bowler": "RD Chahar", "runs": {"extras": 0, "total": 1, "batsman": 1}, "batsman": "Mohammad Nabi"}}, {"13.6": {"non_striker": "Mohammad Nabi", "bowler": "RD Chahar", "runs": {"extras": 0, "total": 0, "batsman": 0}, "batsman": "DJ Hooda"}}, {"14.1": {"non_striker": "DJ Hooda", "bowler": "JJ Bumrah", "runs": {"extras": 0, "total": 0, "batsman": 0}, "batsman": "Mohammad Nabi"}}, {"14.2": {"non_striker": "DJ Hooda", "bowler": "JJ Bumrah", "runs": {"extras": 0, "total": 1, "batsman": 1}, "batsman": "Mohammad Nabi"}}, {"14.3": {"non_striker": "Mohammad Nabi", "bowler": "JJ Bumrah", "runs": {"extras": 0, "total": 1, "batsman": 1}, "batsman": "DJ Hooda"}}, {"14.4": {"non_striker": "DJ Hooda", "bowler": "JJ Bumrah", "runs": {"extras": 0, "total": 0, "batsman": 0}, "batsman": "Mohammad Nabi"}}, {"14.5": {"non_striker": "DJ Hooda", "bowler": "JJ Bumrah", "runs": {"extras": 0, "total": 0, "batsman": 0}, "batsman": "Mohammad Nabi"}}, {"14.6": {"non_striker": "DJ Hooda", "bowler": "JJ Bumrah", "runs": {"extras": 0, "total": 6, "batsman": 6}, "batsman": "Mohammad Nabi"}}, {"15.1": {"non_striker": "Mohammad Nabi", "bowler": "AS Joseph", "runs": {"extras": 0, "total": 0, "batsman": 0}, "batsman": "DJ Hooda"}}, {"15.2": {"non_striker": "Mohammad Nabi", "bowler": "AS Joseph", "runs": {"extras": 1, "total": 1, "batsman": 0}, "extras": {"wides": 1}, "batsman": "DJ Hooda"}}, {"15.3": {"non_striker": "Mohammad Nabi", "bowler": "AS Joseph", "runs": {"extras": 0, "total": 1, "batsman": 1}, "batsman": "DJ Hooda"}}, {"15.4": {"non_striker": "DJ Hooda", "bowler": "AS Joseph", "runs": {"extras": 1, "total": 1, "batsman": 0}, "extras": {"byes": 1}, "batsman": "Mohammad Nabi"}}, {"15.5": {"non_striker": "Mohammad Nabi", "bowler": "AS Joseph", "runs": {"extras": 1, "total": 1, "batsman": 0}, "extras": {"wides": 1}, "batsman": "DJ Hooda"}}, {"15.6": {"non_striker": "Mohammad Nabi", "bowler": "AS Joseph", "runs": {"extras": 0, "total": 0, "batsman": 0}, "batsman": "DJ Hooda", "wicket": {"player_out": "DJ Hooda", "kind": "bowled"}}}, {"15.7": {"non_striker": "Mohammad Nabi", "bowler": "AS Joseph", "runs": {"extras": 0, "total": 0, "batsman": 0}, "batsman": "Rashid Khan", "wicket": {"player_out": "Rashid Khan", "kind": "caught and bowled"}}}, {"15.8": {"non_striker": "Mohammad Nabi", "bowler": "AS Joseph", "runs": {"extras": 1, "total": 1, "batsman": 0}, "extras": {"legbyes": 1}, "batsman": "B Kumar"}}, {"16.1": {"non_striker": "Mohammad Nabi", "bowler": "JJ Bumrah", "runs": {"extras": 0, "total": 0, "batsman": 0}, "batsman": "B Kumar"}}, {"16.2": {"non_striker": "Mohammad Nabi", "bowler": "JJ Bumrah", "runs": {"extras": 0, "total": 1, "batsman": 1}, "batsman": "B Kumar"}}, {"16.3": {"non_striker": "B Kumar", "bowler": "JJ Bumrah", "runs": {"extras": 0, "total": 0, "batsman": 0}, "batsman": "Mohammad Nabi"}}, {"16.4": {"non_striker": "B Kumar", "bowler": "JJ Bumrah", "runs": {"extras": 0, "total": 0, "batsman": 0}, "batsman": "Mohammad Nabi", "wicket": {"player_out": "Mohammad Nabi", "fielders": ["RG Sharma"], "kind": "caught"}}}, {"16.5": {"non_striker": "S Kaul", "bowler": "JJ Bumrah", "runs": {"extras": 0, "total": 0, "batsman": 0}, "batsman": "B Kumar"}}, {"16.6": {"non_striker": "S Kaul", "bowler": "JJ Bumrah", "runs": {"extras": 0, "total": 1, "batsman": 1}, "batsman": "B Kumar"}}, {"17.1": {"non_striker": "S Kaul", "bowler": "AS Joseph", "runs": {"extras": 0, "total": 0, "batsman": 0}, "batsman": "B Kumar", "wicket": {"player_out": "B Kumar", "kind": "bowled"}}}, {"17.2": {"non_striker": "S Kaul", "bowler": "AS Joseph", "runs": {"extras": 0, "total": 4, "batsman": 4}, "batsman": "Sandeep Sharma"}}, {"17.3": {"non_striker": "S Kaul", "bowler": "AS Joseph", "runs": {"extras": 0, "total": 1, "batsman": 1}, "batsman": "Sandeep Sharma"}}, {"17.4": {"non_striker": "Sandeep Sharma", "bowler": "AS Joseph", "runs": {"extras": 0, "total": 0, "batsman": 0}, "batsman": "S Kaul", "wicket": {"player_out": "S Kaul", "fielders": ["Q de Kock"], "kind": "caught"}}}]