[{"0.1": {"non_striker": "Q de Kock", "bowler": "DL Chahar", "runs": {"extras": 0, "total": 4, "batsman": 4}, "batsman": "RG Sharma"}}, {"0.2": {"non_striker": "Q de Kock", "bowler": "DL Chahar", "runs": {"extras": 0, "total": 1, "batsman": 1}, "batsman": "RG Sharma"}}, {"0.3": {"non_striker": "RG Sharma", "bowler": "DL Chahar", "runs": {"extras": 0, "total": 0, "batsman": 0}, "batsman": "Q de Kock"}}, {"0.4": {"non_striker": "RG Sharma", "bowler": "DL Chahar", "runs": {"extras": 0, "total": 3, "batsman": 3}, "batsman": "Q de Kock"}}, {"0.5": {"non_striker": "Q de Kock", "bowler": "DL Chahar", "runs": {"extras": 0, "total": 0, "batsman": 0}, "batsman": "RG Sharma"}}, {"0.6": {"non_striker": "Q de Kock", "bowler": "DL Chahar", "runs": {"extras": 0, "total": 1, "batsman": 1}, "batsman": "RG Sharma"}}, {"1.1": {"non_striker": "Q de Kock", "bowler": "Harbhajan Singh", "runs": {"extras": 0, "total": 1, "batsman": 1}, "batsman": "RG Sharma"}}, {"1.2": {"non_striker": "RG Sharma", "bowler": "Harbhajan Singh", "runs": {"extras": 0, "total": 0, "batsman": 0}, "batsman": "Q de Kock"}}, {"1.3": {"non_striker": "RG Sharma", "bowler": "Harbhajan Singh", "runs": {"extras": 0, "total": 1, "batsman": 1}, "batsman": "Q de Kock"}}, {"1.4": {"non_striker": "Q de Kock", "bowler": "Harbhajan Singh", "runs": {"extras": 0, "total": 1, "batsman": 1}, "batsman": "RG Sharma"}}, {"1.5": {"non_striker": "RG Sharma", "bowler": "Harbhajan Singh", "runs": {"extras": 0, "total": 1, "batsman": 1}, "batsman": "Q de Kock"}}, {"1.6": {"non_striker": "Q de Kock", "bowler": "Harbhajan Singh", "runs": {"extras": 0, "total": 0, "batsman": 0}, "batsman": "RG Sharma"}}, {"2.1": {"non_striker": "RG Sharma", "bowler": "DL Chahar", "runs": {"extras": 0, "total": 6, "batsman": 6}, "batsman": "Q de Kock"}}, {"2.2": {"non_striker": "RG Sharma", "bowler": "DL Chahar", "runs": {"extras": 0, "total": 4, "batsman": 4}, "batsman": "Q de Kock"}}, {"2.3": {"non_striker": "RG Sharma", "bowler": "DL Chahar", "runs": {"extras": 0, "total": 0, "batsman": 0}, "batsman": "Q de Kock"}}, {"2.4": {"non_striker": "RG Sharma", "bowler": "DL Chahar", "runs": {"extras": 1, "total": 1, "batsman": 0}, "extras": {"wides": 1}, "batsman": "Q de Kock"}}, {"2.5": {"non_striker": "RG Sharma", "bowler": "DL Chahar", "runs": {"extras": 0, "total": 0, "batsman": 0}, "batsman": "Q de Kock", "wicket": {"player_out": "Q de Kock", "fielders": ["AT Rayudu"], "kind": "caught"}}}, {"2.6": {"non_striker": "RG Sharma", "bowler": "DL Chahar", "runs": {"extras": 0, "total": 0, "batsman": 0}, "batsman": "E Lewis"}}, {"2.7": {"non_striker": "RG Sharma", "bowler": "DL Chahar", "runs": {"extras": 0, "total": 0, "batsman": 0}, "batsman": "E Lewis"}}, {"3.1": {"non_striker": "E Lewis", "bowler": "Harbhajan Singh", "runs": {"extras": 0, "total": 0, "batsman": 0}, "batsman": "RG Sharma"}}, {"3.2": {"non_striker": "E Lewis", "bowler": "Harbhajan Singh", "runs": {"extras": 0, "total": 1, "batsman": 1}, "batsman": "RG Sharma"}}, {"3.3": {"non_striker": "RG Sharma", "bowler": "Harbhajan Singh", "runs": {"extras": 0, "total": 0, "batsman": 0}, "batsman": "E Lewis"}}, {"3.4": {"non_striker": "RG Sharma", "bowler": "Harbhajan Singh", "runs": {"extras": 0, "total": 0, "batsman": 0}, "batsman": "E Lewis"}}, {"3.5": {"non_striker": "RG Sharma", "bowler": "Harbhajan Singh", "runs": {"extras": 0, "total": 0, "batsman": 0}, "batsman": "E Lewis"}}, {"3.6": {"non_striker": "RG Sharma", "bowler": "Harbhajan Singh", "runs": {"extras": 0, "total": 0, "batsman": 0}, "batsman": "E Lewis"}}, {"4.1": {"non_striker": "E Lewis", "bowler": "DL Chahar", "runs": {"extras": 0, "total": 1, "batsman": 1}, "batsman": "RG Sharma"}}, {"4.2": {"non_striker": "RG Sharma", "bowler": "DL Chahar", "runs": {"extras": 0, "total": 4, "batsman": 4}, "batsman": "E Lewis"}}, {"4.3": {"non_striker": "RG Sharma", "bowler": "DL Chahar", "runs": {"extras": 0, "total": 4, "batsman": 4}, "batsman": "E Lewis"}}, {"4.4": {"non_striker": "RG Sharma", "bowler": "DL Chahar", "runs": {"extras": 0, "total": 1, "batsman": 1}, "batsman": "E Lewis"}}, {"4.5": {"non_striker": "E Lewis", "bowler": "DL Chahar", "runs": {"extras": 0, "total": 2, "batsman": 2}, "batsman": "RG Sharma"}}, {"4.6": {"non_striker": "E Lewis", "bowler": "DL Chahar", "runs": {"extras": 0, "total": 4, "batsman": 4}, "batsman": "RG Sharma"}}, {"5.1": {"non_striker": "RG Sharma", "bowler": "Harbhajan Singh", "runs": {"extras": 0, "total": 3, "batsman": 3}, "batsman": "E Lewis"}}, {"5.2": {"non_striker": "E Lewis", "bowler": "Harbhajan Singh", "runs": {"extras": 0, "total": 0, "batsman": 0}, "batsman": "RG Sharma"}}, {"5.3": {"non_striker": "E Lewis", "bowler": "Harbhajan Singh", "runs": {"extras": 0, "total": 1, "batsman": 1}, "batsman": "RG Sharma"}}, {"5.4": {"non_striker": "RG Sharma", "bowler": "Harbhajan Singh", "runs": {"extras": 0, "total": 0, "batsman": 0}, "batsman": "E Lewis"}}, {"5.5": {"non_striker": "RG Sharma", "bowler": "Harbhajan Singh", "runs": {"extras": 0, "total": 0, "batsman": 0}, "batsman": "E Lewis"}}, {"5.6": {"non_striker": "RG Sharma", "bowler": "Harbhajan Singh", "runs": {"extras": 0, "total": 0, "batsman": 0}, "batsman": "E Lewis"}}, {"6.1": {"non_striker": "E Lewis", "bowler": "Imran Tahir", "runs": {"extras": 0, "total": 1, "batsman": 1}, "batsman": "RG Sharma"}}, {"6.2": {"non_striker": "RG Sharma", "bowler": "Imran Tahir", "runs": {"extras": 0, "total": 1, "batsman": 1}, "batsman": "E Lewis"}}, {"6.3": {"non_striker": "E Lewis", "bowler": "Imran Tahir", "runs": {"extras": 0, "total": 1, "batsman": 1}, "batsman": "RG Sharma"}}, {"6.4": {"non_striker": "RG Sharma", "bowler": "Imran Tahir", "runs": {"extras": 1, "total": 1, "batsman": 0}, "extras": {"legbyes": 1}, "batsman": "E Lewis"}}, {"6.5": {"non_striker": "E Lewis", "bowler": "Imran Tahir", "runs": {"extras": 0, "total": 1, "batsman": 1}, "batsman": "RG Sharma"}}, {"6.6": {"non_striker": "RG Sharma", "bowler": "Imran Tahir", "runs": {"extras": 0, "total": 1, "batsman": 1}, "batsman": "E Lewis"}}, {"7.1": {"non_striker": "RG Sharma", "bowler": "Harbhajan Singh", "runs": {"extras": 0, "total": 1, "batsman": 1}, "batsman": "E Lewis"}}, {"7.2": {"non_striker": "E Lewis", "bowler": "Harbhajan Singh", "runs": {"extras": 0, "total": 6, "batsman": 6}, "batsman": "RG Sharma"}}, {"7.3": {"non_striker": "E Lewis", "bowler": "Harbhajan Singh", "runs": {"extras": 0, "total": 0, "batsman": 0}, "batsman": "RG Sharma"}}, {"7.4": {"non_striker": "E Lewis", "bowler": "Harbhajan Singh", "runs": {"extras": 0, "total": 6, "batsman": 6}, "batsman": "RG Sharma"}}, {"7.5": {"non_striker": "E Lewis", "bowler": "Harbhajan Singh", "runs": {"extras": 0, "total": 1, "batsman": 1}, "batsman": "RG Sharma"}}, {"7.6": {"non_striker": "RG Sharma", "bowler": "Harbhajan Singh", "runs": {"extras": 0, "total": 0, "batsman": 0}, "batsman": "E Lewis"}}, {"8.1": {"non_striker": "E Lewis", "bowler": "Imran Tahir", "runs": {"extras": 0, "total": 1, "batsman": 1}, "batsman": "RG Sharma"}}, {"8.2": {"non_striker": "RG Sharma", "bowler": "Imran Tahir", "runs": {"extras": 0, "total": 1, "batsman": 1}, "batsman": "E Lewis"}}, {"8.3": {"non_striker": "E Lewis", "bowler": "Imran Tahir", "runs": {"extras": 0, "total": 1, "batsman": 1}, "batsman": "RG Sharma"}}, {"8.4": {"non_striker": "RG Sharma", "bowler": "Imran Tahir", "runs": {"extras": 0, "total": 6, "batsman": 6}, "batsman": "E Lewis"}}, {"8.5": {"non_striker": "RG Sharma", "bowler": "Imran Tahir", "runs": {"extras": 0, "total": 4, "batsman": 4}, "batsman": "E Lewis"}}, {"8.6": {"non_striker": "RG Sharma", "bowler": "Imran Tahir", "runs": {"extras": 0, "total": 1, "batsman": 1}, "batsman": "E Lewis"}}, {"9.1": {"non_striker": "RG Sharma", "bowler": "DJ Bravo", "runs": {"extras": 0, "total": 0, "batsman": 0}, "batsman": "E Lewis"}}, {"9.2": {"non_striker": "RG Sharma", "bowler": "DJ Bravo", "runs": {"extras": 0, "total": 0, "batsman": 0}, "batsman": "E Lewis"}}, {"9.3": {"non_striker": "RG Sharma", "bowler": "DJ Bravo", "runs": {"extras": 1, "total": 1, "batsman": 0}, "extras": {"wides": 1}, "batsman": "E Lewis"}}, {"9.4": {"non_striker": "RG Sharma", "bowler": "DJ Bravo", "runs": {"extras": 0, "total": 1, "batsman": 1}, "batsman": "E Lewis"}}, {"9.5": {"non_striker": "E Lewis", "bowler": "DJ Bravo", "runs": {"extras": 0, "total": 1, "batsman": 1}, "batsman": "RG Sharma"}}, {"9.6": {"non_striker": "RG Sharma", "bowler": "DJ Bravo", "runs": {"extras": 0, "total": 1, "batsman": 1}, "batsman": "E Lewis"}}, {"9.7": {"non_striker": "E Lewis", "bowler": "DJ Bravo", "runs": {"extras": 0, "total": 1, "batsman": 1}, "batsman": "RG Sharma"}}, {"10.1": {"non_striker": "E Lewis", "bowler": "MJ Santner", "runs": {"extras": 0, "total": 0, "batsman": 0}, "batsman": "RG Sharma"}}, {"10.2": {"non_striker": "E Lewis", "bowler": "MJ Santner", "runs": {"extras": 0, "total": 2, "batsman": 2}, "batsman": "RG Sharma"}}, {"10.3": {"non_striker": "E Lewis", "bowler": "MJ Santner", "runs": {"extras": 0, "total": 0, "batsman": 0}, "batsman": "RG Sharma"}}, {"10.4": {"non_striker": "E Lewis", "bowler": "MJ Santner", "runs": {"extras": 0, "total": 4, "batsman": 4}, "batsman": "RG Sharma"}}, {"10.5": {"non_striker": "E Lewis", "bowler": "MJ Santner", "runs": {"extras": 0, "total": 1, "batsman": 1}, "batsman": "RG Sharma"}}, {"10.6": {"non_striker": "RG Sharma", "bowler": "MJ Santner", "runs": {"extras": 0, "total": 1, "batsman": 1}, "batsman": "E Lewis"}}, {"11.1": {"non_striker": "RG Sharma", "bowler": "DJ Bravo", "runs": {"extras": 0, "total": 1, "batsman": 1}, "batsman": "E Lewis"}}, {"11.2": {"non_striker": "E Lewis", "bowler": "DJ Bravo", "runs": {"extras": 0, "total": 1, "batsman": 1}, "batsman": "RG Sharma"}}, {"11.3": {"non_striker": "RG Sharma", "bowler": "DJ Bravo", "runs": {"extras": 0, "total": 1, "batsman": 1}, "batsman": "E Lewis"}}, {"11.4": {"non_striker": "E Lewis", "bowler": "DJ Bravo", "runs": {"extras": 0, "total": 0, "batsman": 0}, "batsman": "RG Sharma"}}, {"11.5": {"non_striker": "E Lewis", "bowler": "DJ Bravo", "runs": {"extras": 0, "total": 4, "batsman": 4}, "batsman": "RG Sharma"}}, {"11.6": {"non_striker": "E Lewis", "bowler": "DJ Bravo", "runs": {"extras": 0, "total": 0, "batsman": 0}, "batsman": "RG Sharma"}}, {"12.1": {"non_striker": "RG Sharma", "bowler": "MJ Santner", "runs": {"extras": 0, "total": 0, "batsman": 0}, "batsman": "E Lewis", "wicket": {"player_out": "E Lewis", "fielders": ["DJ Bravo"], "kind": "caught"}}}, {"12.2": {"non_striker": "KH Pandya", "bowler": "MJ Santner", "runs": {"extras": 0, "total": 0, "batsman": 0}, "batsman": "RG Sharma"}}, {"12.3": {"non_striker": "KH Pandya", "bowler": "MJ Santner", "runs": {"extras": 0, "total": 0, "batsman": 0}, "batsman": "RG Sharma"}}, {"12.4": {"non_striker": "KH Pandya", "bowler": "MJ Santner", "runs": {"extras": 0, "total": 1, "batsman": 1}, "batsman": "RG Sharma"}}, {"12.5": {"non_striker": "RG Sharma", "bowler": "MJ Santner", "runs": {"extras": 0, "total": 0, "batsman": 0}, "batsman": "KH Pandya"}}, {"12.6": {"non_striker": "RG Sharma", "bowler": "MJ Santner", "runs": {"extras": 0, "total": 1, "batsman": 1}, "batsman": "KH Pandya"}}, {"13.1": {"non_striker": "RG Sharma", "bowler": "Imran Tahir", "runs": {"extras": 0, "total": 0, "batsman": 0}, "batsman": "KH Pandya", "wicket": {"player_out": "KH Pandya", "fielders": ["MJ Santner"], "kind": "caught"}}}, {"13.2": {"non_striker": "HH Pandya", "bowler": "Imran Tahir", "runs": {"extras": 0, "total": 1, "batsman": 1}, "batsman": "RG Sharma"}}, {"13.3": {"non_striker": "RG Sharma", "bowler": "Imran Tahir", "runs": {"extras": 0, "total": 1, "batsman": 1}, "batsman": "HH Pandya"}}, {"13.4": {"non_striker": "HH Pandya", "bowler": "Imran Tahir", "runs": {"extras": 0, "total": 0, "batsman": 0}, "batsman": "RG Sharma"}}, {"13.5": {"non_striker": "HH Pandya", "bowler": "Imran Tahir", "runs": {"extras": 0, "total": 0, "batsman": 0}, "batsman": "RG Sharma"}}, {"13.6": {"non_striker": "HH Pandya", "bowler": "Imran Tahir", "runs": {"extras": 0, "total": 0, "batsman": 0}, "batsman": "RG Sharma"}}, {"14.1": {"non_striker": "RG Sharma", "bowler": "MJ Santner", "runs": {"extras": 0, "total": 0, "batsman": 0}, "batsman": "HH Pandya"}}, {"14.2": {"non_striker": "RG Sharma", "bowler": "MJ Santner", "runs": {"extras": 0, "total": 0, "batsman": 0}, "batsman": "HH Pandya"}}, {"14.3": {"non_striker": "RG Sharma", "bowler": "MJ Santner", "runs": {"extras": 0, "total": 0, "batsman": 0}, "batsman": "HH Pandya"}}, {"14.4": {"non_striker": "RG Sharma", "bowler": "MJ Santner", "runs": {"extras": 0, "total": 1, "batsman": 1}, "batsman": "HH Pandya"}}, {"14.5": {"non_striker": "HH Pandya", "bowler": "MJ Santner", "runs": {"extras": 0, "total": 0, "batsman": 0}, "batsman": "RG Sharma"}}, {"14.6": {"non_striker": "HH Pandya", "bowler": "MJ Santner", "runs": {"extras": 0, "total": 1, "batsman": 1}, "batsman": "RG Sharma"}}, {"15.1": {"non_striker": "HH Pandya", "bowler": "Imran Tahir", "runs": {"extras": 0, "total": 4, "batsman": 4}, "batsman": "RG Sharma"}}, {"15.2": {"non_striker": "HH Pandya", "bowler": "Imran Tahir", "runs": {"extras": 0, "total": 4, "batsman": 4}, "batsman": "RG Sharma"}}, {"15.3": {"non_striker": "HH Pandya", "bowler": "Imran Tahir", "runs": {"extras": 0, "total": 1, "batsman": 1}, "batsman": "RG Sharma"}}, {"15.4": {"non_striker": "RG Sharma", "bowler": "Imran Tahir", "runs": {"extras": 0, "total": 0, "batsman": 0}, "batsman": "HH Pandya"}}, {"15.5": {"non_striker": "RG Sharma", "bowler": "Imran Tahir", "runs": {"extras": 0, "total": 1, "batsman": 1}, "batsman": "HH Pandya"}}, {"15.6": {"non_striker": "HH Pandya", "bowler": "Imran Tahir", "runs": {"extras": 0, "total": 6, "batsman": 6}, "batsman": "RG Sharma"}}, {"16.1": {"non_striker": "RG Sharma", "bowler": "MJ Santner", "runs": {"extras": 0, "total": 1, "batsman": 1}, "batsman": "HH Pandya"}}, {"16.2": {"non_striker": "HH Pandya", "bowler": "MJ Santner", "runs": {"extras": 0, "total": 0, "batsman": 0}, "batsman": "RG Sharma", "wicket": {"player_out": "RG Sharma", "fielders": ["M Vijay"], "kind": "caught"}}}, {"16.3": {"non_striker": "HH Pandya", "bowler": "MJ Santner", "runs": {"extras": 0, "total": 0, "batsman": 0}, "batsman": "KA Pollard"}}, {"16.4": {"non_striker": "HH Pandya", "bowler": "MJ Santner", "runs": {"extras": 0, "total": 0, "batsman": 0}, "batsman": "KA Pollard"}}, {"16.5": {"non_striker": "HH Pandya", "bowler": "MJ Santner", "runs": {"extras": 0, "total": 0, "batsman": 0}, "batsman": "KA Pollard"}}, {"16.6": {"non_striker": "HH Pandya", "bowler": "MJ Santner", "runs": {"extras": 0, "total": 0, "batsman": 0}, "batsman": "KA Pollard"}}, {"17.1": {"non_striker": "KA Pollard", "bowler": "DJ Bravo", "runs": {"extras": 0, "total": 1, "batsman": 1}, "batsman": "HH Pandya"}}, {"17.2": {"non_striker": "HH Pandya", "bowler": "DJ Bravo", "runs": {"extras": 0, "total": 0, "batsman": 0}, "batsman": "KA Pollard"}}, {"17.3": {"non_striker": "HH Pandya", "bowler": "DJ Bravo", "runs": {"extras": 0, "total": 1, "batsman": 1}, "batsman": "KA Pollard"}}, {"17.4": {"non_striker": "KA Pollard", "bowler": "DJ Bravo", "runs": {"extras": 1, "total": 1, "batsman": 0}, "extras": {"wides": 1}, "batsman": "HH Pandya"}}, {"17.5": {"non_striker": "KA Pollard", "bowler": "DJ Bravo", "runs": {"extras": 0, "total": 2, "batsman": 2}, "batsman": "HH Pandya"}}, {"17.6": {"non_striker": "KA Pollard", "bowler": "DJ Bravo", "runs": {"extras": 0, "total": 1, "batsman": 1}, "batsman": "HH Pandya"}}, {"17.7": {"non_striker": "HH Pandya", "bowler": "DJ Bravo", "runs": {"extras": 0, "total": 0, "batsman": 0}, "batsman": "KA Pollard"}}, {"18.1": {"non_striker": "KA Pollard", "bowler": "DL Chahar", "runs": {"extras": 0, "total": 2, "batsman": 2}, "batsman": "HH Pandya"}}, {"18.2": {"non_striker": "KA Pollard", "bowler": "DL Chahar", "runs": {"extras": 0, "total": 1, "batsman": 1}, "batsman": "HH Pandya"}}, {"18.3": {"non_striker": "HH Pandya", "bowler": "DL Chahar", "runs": {"extras": 0, "total": 4, "batsman": 4}, "batsman": "KA Pollard"}}, {"18.4": {"non_striker": "HH Pandya", "bowler": "DL Chahar", "runs": {"extras": 0, "total": 2, "batsman": 2}, "batsman": "KA Pollard"}}, {"18.5": {"non_striker": "HH Pandya", "bowler": "DL Chahar", "runs": {"extras": 0, "total": 1, "batsman": 1}, "batsman": "KA Pollard"}}, {"18.6": {"non_striker": "KA Pollard", "bowler": "DL Chahar", "runs": {"extras": 0, "total": 0, "batsman": 0}, "batsman": "HH Pandya"}}, {"19.1": {"non_striker": "HH Pandya", "bowler": "DJ Bravo", "runs": {"extras": 0, "total": 4, "batsman": 4}, "batsman": "KA Pollard"}}, {"19.2": {"non_striker": "HH Pandya", "bowler": "DJ Bravo", "runs": {"extras": 0, "total": 1, "batsman": 1}, "batsman": "KA Pollard"}}, {"19.3": {"non_striker": "KA Pollard", "bowler": "DJ Bravo", "runs": {"extras": 0, "total": 0, "batsman": 0}, "batsman": "HH Pandya"}}, {"19.4": {"non_striker": "KA Pollard", "bowler": "DJ Bravo", "runs": {"extras": 0, "total": 4, "batsman": 4}, "batsman": "HH Pandya"}}, {"19.5": {"non_striker": "KA Pollard", "bowler": "DJ Bravo", "runs": {"extras": 0, "total": 6, "batsman": 6}, "batsman": "HH Pandya"}}, {"19.6": {"non_striker": "KA Pollard", "bowler": "DJ Bravo", "runs": {"extras": 0, "total": 2, "batsman": 2}, "batsman": "HH Pandya"}}]