[{"0.1": {"non_striker": "S Dhawan", "bowler": "M Prasidh Krishna", "runs": {"extras": 0, "total": 1, "batsman": 1}, "batsman": "PP Shaw"}}, {"0.2": {"non_striker": "PP Shaw", "bowler": "M Prasidh Krishna", "runs": {"extras": 0, "total": 0, "batsman": 0}, "batsman": "S Dhawan"}}, {"0.3": {"non_striker": "PP Shaw", "bowler": "M Prasidh Krishna", "runs": {"extras": 0, "total": 0, "batsman": 0}, "batsman": "S Dhawan"}}, {"0.4": {"non_striker": "PP Shaw", "bowler": "M Prasidh Krishna", "runs": {"extras": 0, "total": 0, "batsman": 0}, "batsman": "S Dhawan"}}, {"0.5": {"non_striker": "PP Shaw", "bowler": "M Prasidh Krishna", "runs": {"extras": 0, "total": 0, "batsman": 0}, "batsman": "S Dhawan"}}, {"0.6": {"non_striker": "PP Shaw", "bowler": "M Prasidh Krishna", "runs": {"extras": 0, "total": 0, "batsman": 0}, "batsman": "S Dhawan"}}, {"1.1": {"non_striker": "S Dhawan", "bowler": "LH Ferguson", "runs": {"extras": 0, "total": 1, "batsman": 1}, "batsman": "PP Shaw"}}, {"1.2": {"non_striker": "PP Shaw", "bowler": "LH Ferguson", "runs": {"extras": 0, "total": 1, "batsman": 1}, "batsman": "S Dhawan"}}, {"1.3": {"non_striker": "S Dhawan", "bowler": "LH Ferguson", "runs": {"extras": 0, "total": 0, "batsman": 0}, "batsman": "PP Shaw"}}, {"1.4": {"non_striker": "S Dhawan", "bowler": "LH Ferguson", "runs": {"extras": 0, "total": 6, "batsman": 6}, "batsman": "PP Shaw"}}, {"1.5": {"non_striker": "S Dhawan", "bowler": "LH Ferguson", "runs": {"extras": 0, "total": 0, "batsman": 0}, "batsman": "PP Shaw"}}, {"1.6": {"non_striker": "S Dhawan", "bowler": "LH Ferguson", "runs": {"extras": 0, "total": 6, "batsman": 6}, "batsman": "PP Shaw"}}, {"2.1": {"non_striker": "PP Shaw", "bowler": "M Prasidh Krishna", "runs": {"extras": 0, "total": 6, "batsman": 6}, "batsman": "S Dhawan"}}, {"2.2": {"non_striker": "PP Shaw", "bowler": "M Prasidh Krishna", "runs": {"extras": 0, "total": 4, "batsman": 4}, "batsman": "S Dhawan"}}, {"2.3": {"non_striker": "PP Shaw", "bowler": "M Prasidh Krishna", "runs": {"extras": 0, "total": 0, "batsman": 0}, "batsman": "S Dhawan"}}, {"2.4": {"non_striker": "PP Shaw", "bowler": "M Prasidh Krishna", "runs": {"extras": 0, "total": 6, "batsman": 6}, "batsman": "S Dhawan"}}, {"2.5": {"non_striker": "PP Shaw", "bowler": "M Prasidh Krishna", "runs": {"extras": 0, "total": 1, "batsman": 1}, "batsman": "S Dhawan"}}, {"2.6": {"non_striker": "S Dhawan", "bowler": "M Prasidh Krishna", "runs": {"extras": 0, "total": 0, "batsman": 0}, "batsman": "PP Shaw", "wicket": {"player_out": "PP Shaw", "fielders": ["KD Karthik"], "kind": "caught"}}}, {"3.1": {"non_striker": "SS Iyer", "bowler": "AD Russell", "runs": {"extras": 0, "total": 4, "batsman": 4}, "batsman": "S Dhawan"}}, {"3.2": {"non_striker": "SS Iyer", "bowler": "AD Russell", "runs": {"extras": 0, "total": 4, "batsman": 4}, "batsman": "S Dhawan"}}, {"3.3": {"non_striker": "SS Iyer", "bowler": "AD Russell", "runs": {"extras": 0, "total": 0, "batsman": 0}, "batsman": "S Dhawan"}}, {"3.4": {"non_striker": "SS Iyer", "bowler": "AD Russell", "runs": {"extras": 0, "total": 4, "batsman": 4}, "batsman": "S Dhawan"}}, {"3.5": {"non_striker": "SS Iyer", "bowler": "AD Russell", "runs": {"extras": 0, "total": 0, "batsman": 0}, "batsman": "S Dhawan"}}, {"3.6": {"non_striker": "SS Iyer", "bowler": "AD Russell", "runs": {"extras": 0, "total": 1, "batsman": 1}, "batsman": "S Dhawan"}}, {"4.1": {"non_striker": "SS Iyer", "bowler": "LH Ferguson", "runs": {"extras": 0, "total": 1, "batsman": 1}, "batsman": "S Dhawan"}}, {"4.2": {"non_striker": "S Dhawan", "bowler": "LH Ferguson", "runs": {"extras": 0, "total": 0, "batsman": 0}, "batsman": "SS Iyer"}}, {"4.3": {"non_striker": "S Dhawan", "bowler": "LH Ferguson", "runs": {"extras": 0, "total": 0, "batsman": 0}, "batsman": "SS Iyer"}}, {"4.4": {"non_striker": "S Dhawan", "bowler": "LH Ferguson", "runs": {"extras": 0, "total": 4, "batsman": 4}, "batsman": "SS Iyer"}}, {"4.5": {"non_striker": "S Dhawan", "bowler": "LH Ferguson", "runs": {"extras": 0, "total": 1, "batsman": 1}, "batsman": "SS Iyer"}}, {"4.6": {"non_striker": "SS Iyer", "bowler": "LH Ferguson", "runs": {"extras": 0, "total": 4, "batsman": 4}, "batsman": "S Dhawan"}}, {"5.1": {"non_striker": "S Dhawan", "bowler": "AD Russell", "runs": {"extras": 0, "total": 1, "batsman": 1}, "batsman": "SS Iyer"}}, {"5.2": {"non_striker": "SS Iyer", "bowler": "AD Russell", "runs": {"extras": 0, "total": 0, "batsman": 0}, "batsman": "S Dhawan"}}, {"5.3": {"non_striker": "SS Iyer", "bowler": "AD Russell", "runs": {"extras": 0, "total": 1, "batsman": 1}, "batsman": "S Dhawan"}}, {"5.4": {"non_striker": "S Dhawan", "bowler": "AD Russell", "runs": {"extras": 0, "total": 0, "batsman": 0}, "batsman": "SS Iyer", "wicket": {"player_out": "SS Iyer", "fielders": ["KD Karthik"], "kind": "caught"}}}, {"5.5": {"non_striker": "S Dhawan", "bowler": "AD Russell", "runs": {"extras": 0, "total": 0, "batsman": 0}, "batsman": "RR Pant"}}, {"5.6": {"non_striker": "S Dhawan", "bowler": "AD Russell", "runs": {"extras": 0, "total": 0, "batsman": 0}, "batsman": "RR Pant"}}, {"6.1": {"non_striker": "RR Pant", "bowler": "Kuldeep Yadav", "runs": {"extras": 0, "total": 1, "batsman": 1}, "batsman": "S Dhawan"}}, {"6.2": {"non_striker": "RR Pant", "bowler": "Kuldeep Yadav", "runs": {"extras": 0, "total": 1, "batsman": 1}, "batsman": "S Dhawan"}}, {"6.3": {"non_striker": "S Dhawan", "bowler": "Kuldeep Yadav", "runs": {"extras": 0, "total": 0, "batsman": 0}, "batsman": "RR Pant"}}, {"6.4": {"non_striker": "S Dhawan", "bowler": "Kuldeep Yadav", "runs": {"extras": 0, "total": 1, "batsman": 1}, "batsman": "RR Pant"}}, {"6.5": {"non_striker": "RR Pant", "bowler": "Kuldeep Yadav", "runs": {"extras": 0, "total": 1, "batsman": 1}, "batsman": "S Dhawan"}}, {"6.6": {"non_striker": "S Dhawan", "bowler": "Kuldeep Yadav", "runs": {"extras": 0, "total": 1, "batsman": 1}, "batsman": "RR Pant"}}, {"7.1": {"non_striker": "S Dhawan", "bowler": "PP Chawla", "runs": {"extras": 0, "total": 1, "batsman": 1}, "batsman": "RR Pant"}}, {"7.2": {"non_striker": "RR Pant", "bowler": "PP Chawla", "runs": {"extras": 0, "total": 2, "batsman": 2}, "batsman": "S Dhawan"}}, {"7.3": {"non_striker": "RR Pant", "bowler": "PP Chawla", "runs": {"extras": 0, "total": 1, "batsman": 1}, "batsman": "S Dhawan"}}, {"7.4": {"non_striker": "S Dhawan", "bowler": "PP Chawla", "runs": {"extras": 0, "total": 1, "batsman": 1}, "batsman": "RR Pant"}}, {"7.5": {"non_striker": "RR Pant", "bowler": "PP Chawla", "runs": {"extras": 0, "total": 1, "batsman": 1}, "batsman": "S Dhawan"}}, {"7.6": {"non_striker": "S Dhawan", "bowler": "PP Chawla", "runs": {"extras": 0, "total": 4, "batsman": 4}, "batsman": "RR Pant"}}, {"8.1": {"non_striker": "RR Pant", "bowler": "Kuldeep Yadav", "runs": {"extras": 0, "total": 1, "batsman": 1}, "batsman": "S Dhawan"}}, {"8.2": {"non_striker": "S Dhawan", "bowler": "Kuldeep Yadav", "runs": {"extras": 0, "total": 0, "batsman": 0}, "batsman": "RR Pant"}}, {"8.3": {"non_striker": "S Dhawan", "bowler": "Kuldeep Yadav", "runs": {"extras": 0, "total": 0, "batsman": 0}, "batsman": "RR Pant"}}, {"8.4": {"non_striker": "S Dhawan", "bowler": "Kuldeep Yadav", "runs": {"extras": 0, "total": 0, "batsman": 0}, "batsman": "RR Pant"}}, {"8.5": {"non_striker": "S Dhawan", "bowler": "Kuldeep Yadav", "runs": {"extras": 0, "total": 1, "batsman": 1}, "batsman": "RR Pant"}}, {"8.6": {"non_striker": "RR Pant", "bowler": "Kuldeep Yadav", "runs": {"extras": 0, "total": 1, "batsman": 1}, "batsman": "S Dhawan"}}, {"9.1": {"non_striker": "RR Pant", "bowler": "CR Brathwaite", "runs": {"extras": 0, "total": 1, "batsman": 1}, "batsman": "S Dhawan"}}, {"9.2": {"non_striker": "S Dhawan", "bowler": "CR Brathwaite", "runs": {"extras": 0, "total": 1, "batsman": 1}, "batsman": "RR Pant"}}, {"9.3": {"non_striker": "RR Pant", "bowler": "CR Brathwaite", "runs": {"extras": 0, "total": 2, "batsman": 2}, "batsman": "S Dhawan"}}, {"9.4": {"non_striker": "RR Pant", "bowler": "CR Brathwaite", "runs": {"extras": 0, "total": 4, "batsman": 4}, "batsman": "S Dhawan"}}, {"9.5": {"non_striker": "RR Pant", "bowler": "CR Brathwaite", "runs": {"extras": 0, "total": 4, "batsman": 4}, "batsman": "S Dhawan"}}, {"9.6": {"non_striker": "RR Pant", "bowler": "CR Brathwaite", "runs": {"extras": 0, "total": 1, "batsman": 1}, "batsman": "S Dhawan"}}, {"10.1": {"non_striker": "RR Pant", "bowler": "Kuldeep Yadav", "runs": {"extras": 0, "total": 1, "batsman": 1}, "batsman": "S Dhawan"}}, {"10.2": {"non_striker": "S Dhawan", "bowler": "Kuldeep Yadav", "runs": {"extras": 1, "total": 1, "batsman": 0}, "extras": {"wides": 1}, "batsman": "RR Pant"}}, {"10.3": {"non_striker": "S Dhawan", "bowler": "Kuldeep Yadav", "runs": {"extras": 0, "total": 6, "batsman": 6}, "batsman": "RR Pant"}}, {"10.4": {"non_striker": "S Dhawan", "bowler": "Kuldeep Yadav", "runs": {"extras": 0, "total": 1, "batsman": 1}, "batsman": "RR Pant"}}, {"10.5": {"non_striker": "RR Pant", "bowler": "Kuldeep Yadav", "runs": {"extras": 0, "total": 0, "batsman": 0}, "batsman": "S Dhawan"}}, {"10.6": {"non_striker": "RR Pant", "bowler": "Kuldeep Yadav", "runs": {"extras": 0, "total": 0, "batsman": 0}, "batsman": "S Dhawan"}}, {"10.7": {"non_striker": "RR Pant", "bowler": "Kuldeep Yadav", "runs": {"extras": 0, "total": 1, "batsman": 1}, "batsman": "S Dhawan"}}, {"11.1": {"non_striker": "RR Pant", "bowler": "N Rana", "runs": {"extras": 0, "total": 1, "batsman": 1}, "batsman": "S Dhawan"}}, {"11.2": {"non_striker": "S Dhawan", "bowler": "N Rana", "runs": {"extras": 0, "total": 1, "batsman": 1}, "batsman": "RR Pant"}}, {"11.3": {"non_striker": "RR Pant", "bowler": "N Rana", "runs": {"extras": 0, "total": 2, "batsman": 2}, "batsman": "S Dhawan"}}, {"11.4": {"non_striker": "RR Pant", "bowler": "N Rana", "runs": {"extras": 0, "total": 1, "batsman": 1}, "batsman": "S Dhawan"}}, {"11.5": {"non_striker": "S Dhawan", "bowler": "N Rana", "runs": {"extras": 0, "total": 1, "batsman": 1}, "batsman": "RR Pant"}}, {"11.6": {"non_striker": "RR Pant", "bowler": "N Rana", "runs": {"extras": 0, "total": 1, "batsman": 1}, "batsman": "S Dhawan"}}, {"12.1": {"non_striker": "RR Pant", "bowler": "LH Ferguson", "runs": {"extras": 0, "total": 4, "batsman": 4}, "batsman": "S Dhawan"}}, {"12.2": {"non_striker": "RR Pant", "bowler": "LH Ferguson", "runs": {"extras": 0, "total": 2, "batsman": 2}, "batsman": "S Dhawan"}}, {"12.3": {"non_striker": "RR Pant", "bowler": "LH Ferguson", "runs": {"extras": 0, "total": 0, "batsman": 0}, "batsman": "S Dhawan"}}, {"12.4": {"non_striker": "RR Pant", "bowler": "LH Ferguson", "runs": {"extras": 1, "total": 1, "batsman": 0}, "extras": {"wides": 1}, "batsman": "S Dhawan"}}, {"12.5": {"non_striker": "RR Pant", "bowler": "LH Ferguson", "runs": {"extras": 0, "total": 4, "batsman": 4}, "batsman": "S Dhawan"}}, {"12.6": {"non_striker": "RR Pant", "bowler": "LH Ferguson", "runs": {"extras": 0, "total": 1, "batsman": 1}, "batsman": "S Dhawan"}}, {"12.7": {"non_striker": "S Dhawan", "bowler": "LH Ferguson", "runs": {"extras": 0, "total": 1, "batsman": 1}, "batsman": "RR Pant"}}, {"13.1": {"non_striker": "S Dhawan", "bowler": "PP Chawla", "runs": {"extras": 0, "total": 4, "batsman": 4}, "batsman": "RR Pant"}}, {"13.2": {"non_striker": "S Dhawan", "bowler": "PP Chawla", "runs": {"extras": 0, "total": 2, "batsman": 2}, "batsman": "RR Pant"}}, {"13.3": {"non_striker": "S Dhawan", "bowler": "PP Chawla", "runs": {"extras": 0, "total": 0, "batsman": 0}, "batsman": "RR Pant"}}, {"13.4": {"non_striker": "S Dhawan", "bowler": "PP Chawla", "runs": {"extras": 0, "total": 1, "batsman": 1}, "batsman": "RR Pant"}}, {"13.5": {"non_striker": "RR Pant", "bowler": "PP Chawla", "runs": {"extras": 0, "total": 1, "batsman": 1}, "batsman": "S Dhawan"}}, {"13.6": {"non_striker": "S Dhawan", "bowler": "PP Chawla", "runs": {"extras": 0, "total": 4, "batsman": 4}, "batsman": "RR Pant"}}, {"14.1": {"non_striker": "RR Pant", "bowler": "M Prasidh Krishna", "runs": {"extras": 0, "total": 0, "batsman": 0}, "batsman": "S Dhawan"}}, {"14.2": {"non_striker": "RR Pant", "bowler": "M Prasidh Krishna", "runs": {"extras": 0, "total": 4, "batsman": 4}, "batsman": "S Dhawan"}}, {"14.3": {"non_striker": "RR Pant", "bowler": "M Prasidh Krishna", "runs": {"extras": 0, "total": 1, "batsman": 1}, "batsman": "S Dhawan"}}, {"14.4": {"non_striker": "S Dhawan", "bowler": "M Prasidh Krishna", "runs": {"extras": 1, "total": 1, "batsman": 0}, "extras": {"legbyes": 1}, "batsman": "RR Pant"}}, {"14.5": {"non_striker": "RR Pant", "bowler": "M Prasidh Krishna", "runs": {"extras": 0, "total": 0, "batsman": 0}, "batsman": "S Dhawan"}}, {"14.6": {"non_striker": "RR Pant", "bowler": "M Prasidh Krishna", "runs": {"extras": 0, "total": 2, "batsman": 2}, "batsman": "S Dhawan"}}, {"15.1": {"non_striker": "S Dhawan", "bowler": "Kuldeep Yadav", "runs": {"extras": 0, "total": 1, "batsman": 1}, "batsman": "RR Pant"}}, {"15.2": {"non_striker": "RR Pant", "bowler": "Kuldeep Yadav", "runs": {"extras": 0, "total": 1, "batsman": 1}, "batsman": "S Dhawan"}}, {"15.3": {"non_striker": "S Dhawan", "bowler": "Kuldeep Yadav", "runs": {"extras": 0, "total": 1, "batsman": 1}, "batsman": "RR Pant"}}, {"15.4": {"non_striker": "RR Pant", "bowler": "Kuldeep Yadav", "runs": {"extras": 0, "total": 4, "batsman": 4}, "batsman": "S Dhawan"}}, {"15.5": {"non_striker": "RR Pant", "bowler": "Kuldeep Yadav", "runs": {"extras": 0, "total": 1, "batsman": 1}, "batsman": "S Dhawan"}}, {"15.6": {"non_striker": "S Dhawan", "bowler": "Kuldeep Yadav", "runs": {"extras": 0, "total": 2, "batsman": 2}, "batsman": "RR Pant"}}, {"16.1": {"non_striker": "RR Pant", "bowler": "AD Russell", "runs": {"extras": 0, "total": 1, "batsman": 1}, "batsman": "S Dhawan"}}, {"16.2": {"non_striker": "S Dhawan", "bowler": "AD Russell", "runs": {"extras": 0, "total": 4, "batsman": 4}, "batsman": "RR Pant"}}, {"16.3": {"non_striker": "S Dhawan", "bowler": "AD Russell", "runs": {"extras": 0, "total": 6, "batsman": 6}, "batsman": "RR Pant"}}, {"16.4": {"non_striker": "S Dhawan", "bowler": "AD Russell", "runs": {"extras": 0, "total": 1, "batsman": 1}, "batsman": "RR Pant"}}, {"16.5": {"non_striker": "RR Pant", "bowler": "AD Russell", "runs": {"extras": 0, "total": 0, "batsman": 0}, "batsman": "S Dhawan"}}, {"16.6": {"non_striker": "RR Pant", "bowler": "AD Russell", "runs": {"extras": 0, "total": 2, "batsman": 2}, "batsman": "S Dhawan"}}, {"17.1": {"non_striker": "S Dhawan", "bowler": "N Rana", "runs": {"extras": 0, "total": 0, "batsman": 0}, "batsman": "RR Pant", "wicket": {"player_out": "RR Pant", "fielders": ["Kuldeep Yadav"], "kind": "caught"}}}, {"17.2": {"non_striker": "CA Ingram", "bowler": "N Rana", "runs": {"extras": 0, "total": 1, "batsman": 1}, "batsman": "S Dhawan"}}, {"17.3": {"non_striker": "S Dhawan", "bowler": "N Rana", "runs": {"extras": 0, "total": 0, "batsman": 0}, "batsman": "CA Ingram"}}, {"17.4": {"non_striker": "S Dhawan", "bowler": "N Rana", "runs": {"extras": 0, "total": 1, "batsman": 1}, "batsman": "CA Ingram"}}, {"17.5": {"non_striker": "CA Ingram", "bowler": "N Rana", "runs": {"extras": 0, "total": 1, "batsman": 1}, "batsman": "S Dhawan"}}, {"17.6": {"non_striker": "S Dhawan", "bowler": "N Rana", "runs": {"extras": 0, "total": 2, "batsman": 2}, "batsman": "CA Ingram"}}, {"18.1": {"non_striker": "CA Ingram", "bowler": "PP Chawla", "runs": {"extras": 0, "total": 1, "batsman": 1}, "batsman": "S Dhawan"}}, {"18.2": {"non_striker": "S Dhawan", "bowler": "PP Chawla", "runs": {"extras": 0, "total": 4, "batsman": 4}, "batsman": "CA Ingram"}}, {"18.3": {"non_striker": "S Dhawan", "bowler": "PP Chawla", "runs": {"extras": 0, "total": 1, "batsman": 1}, "batsman": "CA Ingram"}}, {"18.4": {"non_striker": "CA Ingram", "bowler": "PP Chawla", "runs": {"extras": 0, "total": 1, "batsman": 1}, "batsman": "S Dhawan"}}, {"18.5": {"non_striker": "S Dhawan", "bowler": "PP Chawla", "runs": {"extras": 0, "total": 6, "batsman": 6}, "batsman": "CA Ingram"}}]