[{"0.1": {"non_striker": "CH Gayle", "bowler": "TG Southee", "runs": {"extras": 0, "total": 1, "batsman": 1}, "batsman": "KL Rahul"}}, {"0.2": {"non_striker": "KL Rahul", "bowler": "TG Southee", "runs": {"extras": 0, "total": 0, "batsman": 0}, "batsman": "CH Gayle"}}, {"0.3": {"non_striker": "KL Rahul", "bowler": "TG Southee", "runs": {"extras": 1, "total": 1, "batsman": 0}, "extras": {"wides": 1}, "batsman": "CH Gayle"}}, {"0.4": {"non_striker": "KL Rahul", "bowler": "TG Southee", "runs": {"extras": 0, "total": 4, "batsman": 4}, "batsman": "CH Gayle"}}, {"0.5": {"non_striker": "KL Rahul", "bowler": "TG Southee", "runs": {"extras": 0, "total": 0, "batsman": 0}, "batsman": "CH Gayle"}}, {"0.6": {"non_striker": "KL Rahul", "bowler": "TG Southee", "runs": {"extras": 0, "total": 4, "batsman": 4}, "batsman": "CH Gayle"}}, {"0.7": {"non_striker": "KL Rahul", "bowler": "TG Southee", "runs": {"extras": 0, "total": 4, "batsman": 4}, "batsman": "CH Gayle"}}, {"1.1": {"non_striker": "CH Gayle", "bowler": "UT Yadav", "runs": {"extras": 1, "total": 1, "batsman": 0}, "extras": {"wides": 1}, "batsman": "KL Rahul"}}, {"1.2": {"non_striker": "CH Gayle", "bowler": "UT Yadav", "runs": {"extras": 0, "total": 4, "batsman": 4}, "batsman": "KL Rahul"}}, {"1.3": {"non_striker": "CH Gayle", "bowler": "UT Yadav", "runs": {"extras": 0, "total": 4, "batsman": 4}, "batsman": "KL Rahul"}}, {"1.4": {"non_striker": "CH Gayle", "bowler": "UT Yadav", "runs": {"extras": 0, "total": 0, "batsman": 0}, "batsman": "KL Rahul"}}, {"1.5": {"non_striker": "CH Gayle", "bowler": "UT Yadav", "runs": {"extras": 0, "total": 0, "batsman": 0}, "batsman": "KL Rahul"}}, {"1.6": {"non_striker": "CH Gayle", "bowler": "UT Yadav", "runs": {"extras": 0, "total": 0, "batsman": 0}, "batsman": "KL Rahul"}}, {"1.7": {"non_striker": "CH Gayle", "bowler": "UT Yadav", "runs": {"extras": 0, "total": 0, "batsman": 0}, "batsman": "KL Rahul"}}, {"2.1": {"non_striker": "KL Rahul", "bowler": "NA Saini", "runs": {"extras": 0, "total": 4, "batsman": 4}, "batsman": "CH Gayle"}}, {"2.2": {"non_striker": "KL Rahul", "bowler": "NA Saini", "runs": {"extras": 0, "total": 0, "batsman": 0}, "batsman": "CH Gayle"}}, {"2.3": {"non_striker": "KL Rahul", "bowler": "NA Saini", "runs": {"extras": 0, "total": 1, "batsman": 1}, "batsman": "CH Gayle"}}, {"2.4": {"non_striker": "CH Gayle", "bowler": "NA Saini", "runs": {"extras": 0, "total": 4, "batsman": 4}, "batsman": "KL Rahul"}}, {"2.5": {"non_striker": "CH Gayle", "bowler": "NA Saini", "runs": {"extras": 0, "total": 4, "batsman": 4}, "batsman": "KL Rahul"}}, {"2.6": {"non_striker": "CH Gayle", "bowler": "NA Saini", "runs": {"extras": 0, "total": 0, "batsman": 0}, "batsman": "KL Rahul"}}, {"3.1": {"non_striker": "KL Rahul", "bowler": "UT Yadav", "runs": {"extras": 0, "total": 6, "batsman": 6}, "batsman": "CH Gayle"}}, {"3.2": {"non_striker": "KL Rahul", "bowler": "UT Yadav", "runs": {"extras": 0, "total": 0, "batsman": 0}, "batsman": "CH Gayle", "wicket": {"player_out": "CH Gayle", "fielders": ["AB de Villiers"], "kind": "caught"}}}, {"3.3": {"non_striker": "KL Rahul", "bowler": "UT Yadav", "runs": {"extras": 0, "total": 1, "batsman": 1}, "batsman": "MA Agarwal"}}, {"3.4": {"non_striker": "MA Agarwal", "bowler": "UT Yadav", "runs": {"extras": 1, "total": 1, "batsman": 0}, "extras": {"wides": 1}, "batsman": "KL Rahul"}}, {"3.5": {"non_striker": "MA Agarwal", "bowler": "UT Yadav", "runs": {"extras": 0, "total": 0, "batsman": 0}, "batsman": "KL Rahul"}}, {"3.6": {"non_striker": "MA Agarwal", "bowler": "UT Yadav", "runs": {"extras": 0, "total": 4, "batsman": 4}, "batsman": "KL Rahul"}}, {"3.7": {"non_striker": "MA Agarwal", "bowler": "UT Yadav", "runs": {"extras": 0, "total": 0, "batsman": 0}, "batsman": "KL Rahul"}}, {"4.1": {"non_striker": "KL Rahul", "bowler": "TG Southee", "runs": {"extras": 0, "total": 0, "batsman": 0}, "batsman": "MA Agarwal"}}, {"4.2": {"non_striker": "KL Rahul", "bowler": "TG Southee", "runs": {"extras": 0, "total": 4, "batsman": 4}, "batsman": "MA Agarwal"}}, {"4.3": {"non_striker": "KL Rahul", "bowler": "TG Southee", "runs": {"extras": 0, "total": 4, "batsman": 4}, "batsman": "MA Agarwal"}}, {"4.4": {"non_striker": "KL Rahul", "bowler": "TG Southee", "runs": {"extras": 0, "total": 0, "batsman": 0}, "batsman": "MA Agarwal"}}, {"4.5": {"non_striker": "KL Rahul", "bowler": "TG Southee", "runs": {"extras": 0, "total": 0, "batsman": 0}, "batsman": "MA Agarwal"}}, {"4.6": {"non_striker": "KL Rahul", "bowler": "TG Southee", "runs": {"extras": 0, "total": 0, "batsman": 0}, "batsman": "MA Agarwal"}}, {"5.1": {"non_striker": "MA Agarwal", "bowler": "YS Chahal", "runs": {"extras": 0, "total": 0, "batsman": 0}, "batsman": "KL Rahul"}}, {"5.2": {"non_striker": "MA Agarwal", "bowler": "YS Chahal", "runs": {"extras": 0, "total": 6, "batsman": 6}, "batsman": "KL Rahul"}}, {"5.3": {"non_striker": "MA Agarwal", "bowler": "YS Chahal", "runs": {"extras": 0, "total": 4, "batsman": 4}, "batsman": "KL Rahul"}}, {"5.4": {"non_striker": "MA Agarwal", "bowler": "YS Chahal", "runs": {"extras": 0, "total": 0, "batsman": 0}, "batsman": "KL Rahul"}}, {"5.5": {"non_striker": "MA Agarwal", "bowler": "YS Chahal", "runs": {"extras": 0, "total": 1, "batsman": 1}, "batsman": "KL Rahul"}}, {"5.6": {"non_striker": "KL Rahul", "bowler": "YS Chahal", "runs": {"extras": 0, "total": 1, "batsman": 1}, "batsman": "MA Agarwal"}}, {"6.1": {"non_striker": "KL Rahul", "bowler": "NA Saini", "runs": {"extras": 0, "total": 0, "batsman": 0}, "batsman": "MA Agarwal"}}, {"6.2": {"non_striker": "KL Rahul", "bowler": "NA Saini", "runs": {"extras": 0, "total": 4, "batsman": 4}, "batsman": "MA Agarwal"}}, {"6.3": {"non_striker": "KL Rahul", "bowler": "NA Saini", "runs": {"extras": 0, "total": 1, "batsman": 1}, "batsman": "MA Agarwal"}}, {"6.4": {"non_striker": "MA Agarwal", "bowler": "NA Saini", "runs": {"extras": 0, "total": 4, "batsman": 4}, "batsman": "KL Rahul"}}, {"6.5": {"non_striker": "MA Agarwal", "bowler": "NA Saini", "runs": {"extras": 0, "total": 0, "batsman": 0}, "batsman": "KL Rahul"}}, {"6.6": {"non_striker": "MA Agarwal", "bowler": "NA Saini", "runs": {"extras": 0, "total": 0, "batsman": 0}, "batsman": "KL Rahul"}}, {"7.1": {"non_striker": "KL Rahul", "bowler": "MP Stoinis", "runs": {"extras": 0, "total": 1, "batsman": 1}, "batsman": "MA Agarwal"}}, {"7.2": {"non_striker": "MA Agarwal", "bowler": "MP Stoinis", "runs": {"extras": 0, "total": 1, "batsman": 1}, "batsman": "KL Rahul"}}, {"7.3": {"non_striker": "KL Rahul", "bowler": "MP Stoinis", "runs": {"extras": 0, "total": 0, "batsman": 0}, "batsman": "MA Agarwal"}}, {"7.4": {"non_striker": "KL Rahul", "bowler": "MP Stoinis", "runs": {"extras": 0, "total": 4, "batsman": 4}, "batsman": "MA Agarwal"}}, {"7.5": {"non_striker": "KL Rahul", "bowler": "MP Stoinis", "runs": {"extras": 0, "total": 1, "batsman": 1}, "batsman": "MA Agarwal"}}, {"7.6": {"non_striker": "MA Agarwal", "bowler": "MP Stoinis", "runs": {"extras": 0, "total": 2, "batsman": 2}, "batsman": "KL Rahul"}}, {"8.1": {"non_striker": "KL Rahul", "bowler": "YS Chahal", "runs": {"extras": 0, "total": 1, "batsman": 1}, "batsman": "MA Agarwal"}}, {"8.2": {"non_striker": "MA Agarwal", "bowler": "YS Chahal", "runs": {"extras": 0, "total": 1, "batsman": 1}, "batsman": "KL Rahul"}}, {"8.3": {"non_striker": "KL Rahul", "bowler": "YS Chahal", "runs": {"extras": 0, "total": 6, "batsman": 6}, "batsman": "MA Agarwal"}}, {"8.4": {"non_striker": "KL Rahul", "bowler": "YS Chahal", "runs": {"extras": 0, "total": 2, "batsman": 2}, "batsman": "MA Agarwal"}}, {"8.5": {"non_striker": "KL Rahul", "bowler": "YS Chahal", "runs": {"extras": 0, "total": 4, "batsman": 4}, "batsman": "MA Agarwal"}}, {"8.6": {"non_striker": "KL Rahul", "bowler": "YS Chahal", "runs": {"extras": 0, "total": 1, "batsman": 1}, "batsman": "MA Agarwal"}}, {"9.1": {"non_striker": "KL Rahul", "bowler": "MP Stoinis", "runs": {"extras": 0, "total": 0, "batsman": 0}, "batsman": "MA Agarwal", "wicket": {"player_out": "MA Agarwal", "fielders": ["YS Chahal"], "kind": "caught"}}}, {"9.2": {"non_striker": "KL Rahul", "bowler": "MP Stoinis", "runs": {"extras": 0, "total": 0, "batsman": 0}, "batsman": "DA Miller"}}, {"9.3": {"non_striker": "KL Rahul", "bowler": "MP Stoinis", "runs": {"extras": 0, "total": 1, "batsman": 1}, "batsman": "DA Miller"}}, {"9.4": {"non_striker": "DA Miller", "bowler": "MP Stoinis", "runs": {"extras": 0, "total": 1, "batsman": 1}, "batsman": "KL Rahul"}}, {"9.5": {"non_striker": "KL Rahul", "bowler": "MP Stoinis", "runs": {"extras": 0, "total": 1, "batsman": 1}, "batsman": "DA Miller"}}, {"9.6": {"non_striker": "DA Miller", "bowler": "MP Stoinis", "runs": {"extras": 0, "total": 1, "batsman": 1}, "batsman": "KL Rahul"}}, {"10.1": {"non_striker": "DA Miller", "bowler": "MM Ali", "runs": {"extras": 0, "total": 0, "batsman": 0}, "batsman": "KL Rahul", "wicket": {"player_out": "KL Rahul", "fielders": ["TG Southee"], "kind": "caught"}}}, {"10.2": {"non_striker": "DA Miller", "bowler": "MM Ali", "runs": {"extras": 0, "total": 1, "batsman": 1}, "batsman": "N Pooran"}}, {"10.3": {"non_striker": "N Pooran", "bowler": "MM Ali", "runs": {"extras": 0, "total": 0, "batsman": 0}, "batsman": "DA Miller"}}, {"10.4": {"non_striker": "N Pooran", "bowler": "MM Ali", "runs": {"extras": 0, "total": 0, "batsman": 0}, "batsman": "DA Miller"}}, {"10.5": {"non_striker": "N Pooran", "bowler": "MM Ali", "runs": {"extras": 0, "total": 1, "batsman": 1}, "batsman": "DA Miller"}}, {"10.6": {"non_striker": "DA Miller", "bowler": "MM Ali", "runs": {"extras": 0, "total": 1, "batsman": 1}, "batsman": "N Pooran"}}, {"11.1": {"non_striker": "DA Miller", "bowler": "Washington Sundar", "runs": {"extras": 0, "total": 0, "batsman": 0}, "batsman": "N Pooran"}}, {"11.2": {"non_striker": "DA Miller", "bowler": "Washington Sundar", "runs": {"extras": 0, "total": 0, "batsman": 0}, "batsman": "N Pooran"}}, {"11.3": {"non_striker": "DA Miller", "bowler": "Washington Sundar", "runs": {"extras": 0, "total": 1, "batsman": 1}, "batsman": "N Pooran"}}, {"11.4": {"non_striker": "N Pooran", "bowler": "Washington Sundar", "runs": {"extras": 0, "total": 0, "batsman": 0}, "batsman": "DA Miller"}}, {"11.5": {"non_striker": "N Pooran", "bowler": "Washington Sundar", "runs": {"extras": 0, "total": 1, "batsman": 1}, "batsman": "DA Miller"}}, {"11.6": {"non_striker": "DA Miller", "bowler": "Washington Sundar", "runs": {"extras": 0, "total": 0, "batsman": 0}, "batsman": "N Pooran"}}, {"12.1": {"non_striker": "N Pooran", "bowler": "MM Ali", "runs": {"extras": 0, "total": 1, "batsman": 1}, "batsman": "DA Miller"}}, {"12.2": {"non_striker": "DA Miller", "bowler": "MM Ali", "runs": {"extras": 0, "total": 1, "batsman": 1}, "batsman": "N Pooran"}}, {"12.3": {"non_striker": "N Pooran", "bowler": "MM Ali", "runs": {"extras": 0, "total": 1, "batsman": 1}, "batsman": "DA Miller"}}, {"12.4": {"non_striker": "DA Miller", "bowler": "MM Ali", "runs": {"extras": 0, "total": 1, "batsman": 1}, "batsman": "N Pooran"}}, {"12.5": {"non_striker": "N Pooran", "bowler": "MM Ali", "runs": {"extras": 0, "total": 1, "batsman": 1}, "batsman": "DA Miller"}}, {"12.6": {"non_striker": "DA Miller", "bowler": "MM Ali", "runs": {"extras": 0, "total": 1, "batsman": 1}, "batsman": "N Pooran"}}, {"13.1": {"non_striker": "DA Miller", "bowler": "Washington Sundar", "runs": {"extras": 0, "total": 6, "batsman": 6}, "batsman": "N Pooran"}}, {"13.2": {"non_striker": "DA Miller", "bowler": "Washington Sundar", "runs": {"extras": 0, "total": 6, "batsman": 6}, "batsman": "N Pooran"}}, {"13.3": {"non_striker": "DA Miller", "bowler": "Washington Sundar", "runs": {"extras": 0, "total": 0, "batsman": 0}, "batsman": "N Pooran"}}, {"13.4": {"non_striker": "DA Miller", "bowler": "Washington Sundar", "runs": {"extras": 0, "total": 6, "batsman": 6}, "batsman": "N Pooran"}}, {"13.5": {"non_striker": "DA Miller", "bowler": "Washington Sundar", "runs": {"extras": 0, "total": 0, "batsman": 0}, "batsman": "N Pooran"}}, {"13.6": {"non_striker": "DA Miller", "bowler": "Washington Sundar", "runs": {"extras": 0, "total": 1, "batsman": 1}, "batsman": "N Pooran"}}, {"14.1": {"non_striker": "DA Miller", "bowler": "NA Saini", "runs": {"extras": 0, "total": 0, "batsman": 0}, "batsman": "N Pooran"}}, {"14.2": {"non_striker": "DA Miller", "bowler": "NA Saini", "runs": {"extras": 0, "total": 4, "batsman": 4}, "batsman": "N Pooran"}}, {"14.3": {"non_striker": "DA Miller", "bowler": "NA Saini", "runs": {"extras": 0, "total": 1, "batsman": 1}, "batsman": "N Pooran"}}, {"14.4": {"non_striker": "N Pooran", "bowler": "NA Saini", "runs": {"extras": 0, "total": 2, "batsman": 2}, "batsman": "DA Miller"}}, {"14.5": {"non_striker": "N Pooran", "bowler": "NA Saini", "runs": {"extras": 0, "total": 0, "batsman": 0}, "batsman": "DA Miller"}}, {"14.6": {"non_striker": "N Pooran", "bowler": "NA Saini", "runs": {"extras": 0, "total": 1, "batsman": 1}, "batsman": "DA Miller"}}, {"15.1": {"non_striker": "N Pooran", "bowler": "MM Ali", "runs": {"extras": 0, "total": 0, "batsman": 0}, "batsman": "DA Miller"}}, {"15.2": {"non_striker": "N Pooran", "bowler": "MM Ali", "runs": {"extras": 0, "total": 1, "batsman": 1}, "batsman": "DA Miller"}}, {"15.3": {"non_striker": "DA Miller", "bowler": "MM Ali", "runs": {"extras": 0, "total": 6, "batsman": 6}, "batsman": "N Pooran"}}, {"15.4": {"non_striker": "DA Miller", "bowler": "MM Ali", "runs": {"extras": 0, "total": 0, "batsman": 0}, "batsman": "N Pooran"}}, {"15.5": {"non_striker": "DA Miller", "bowler": "MM Ali", "runs": {"extras": 0, "total": 6, "batsman": 6}, "batsman": "N Pooran"}}, {"15.6": {"non_striker": "DA Miller", "bowler": "MM Ali", "runs": {"extras": 0, "total": 0, "batsman": 0}, "batsman": "N Pooran"}}, {"16.1": {"non_striker": "N Pooran", "bowler": "TG Southee", "runs": {"extras": 0, "total": 4, "batsman": 4}, "batsman": "DA Miller"}}, {"16.2": {"non_striker": "N Pooran", "bowler": "TG Southee", "runs": {"extras": 0, "total": 4, "batsman": 4}, "batsman": "DA Miller"}}, {"16.3": {"non_striker": "N Pooran", "bowler": "TG Southee", "runs": {"extras": 0, "total": 1, "batsman": 1}, "batsman": "DA Miller"}}, {"16.4": {"non_striker": "DA Miller", "bowler": "TG Southee", "runs": {"extras": 0, "total": 1, "batsman": 1}, "batsman": "N Pooran"}}, {"16.5": {"non_striker": "N Pooran", "bowler": "TG Southee", "runs": {"extras": 0, "total": 0, "batsman": 0}, "batsman": "DA Miller"}}, {"16.6": {"non_striker": "N Pooran", "bowler": "TG Southee", "runs": {"extras": 0, "total": 1, "batsman": 1}, "batsman": "DA Miller"}}, {"17.1": {"non_striker": "N Pooran", "bowler": "UT Yadav", "runs": {"extras": 0, "total": 1, "batsman": 1}, "batsman": "DA Miller"}}, {"17.2": {"non_striker": "DA Miller", "bowler": "UT Yadav", "runs": {"extras": 0, "total": 1, "batsman": 1}, "batsman": "N Pooran"}}, {"17.3": {"non_striker": "N Pooran", "bowler": "UT Yadav", "runs": {"extras": 0, "total": 1, "batsman": 1}, "batsman": "DA Miller"}}, {"17.4": {"non_striker": "DA Miller", "bowler": "UT Yadav", "runs": {"extras": 0, "total": 1, "batsman": 1}, "batsman": "N Pooran"}}, {"17.5": {"non_striker": "N Pooran", "bowler": "UT Yadav", "runs": {"extras": 1, "total": 1, "batsman": 0}, "extras": {"wides": 1}, "batsman": "DA Miller"}}, {"17.6": {"non_striker": "N Pooran", "bowler": "UT Yadav", "runs": {"extras": 0, "total": 1, "batsman": 1}, "batsman": "DA Miller"}}, {"17.7": {"non_striker": "DA Miller", "bowler": "UT Yadav", "runs": {"extras": 0, "total": 0, "batsman": 0}, "batsman": "N Pooran"}}, {"18.1": {"non_striker": "N Pooran", "bowler": "NA Saini", "runs": {"extras": 0, "total": 0, "batsman": 0}, "batsman": "DA Miller", "wicket": {"player_out": "DA Miller", "fielders": ["AB de Villiers"], "kind": "caught"}}}, {"18.2": {"non_striker": "N Pooran", "bowler": "NA Saini", "runs": {"extras": 0, "total": 0, "batsman": 0}, "batsman": "Mandeep Singh"}}, {"18.3": {"non_striker": "N Pooran", "bowler": "NA Saini", "runs": {"extras": 0, "total": 1, "batsman": 1}, "batsman": "Mandeep Singh"}}, {"18.4": {"non_striker": "Mandeep Singh", "bowler": "NA Saini", "runs": {"extras": 0, "total": 1, "batsman": 1}, "batsman": "N Pooran"}}, {"18.5": {"non_striker": "N Pooran", "bowler": "NA Saini", "runs": {"extras": 0, "total": 1, "batsman": 1}, "batsman": "Mandeep Singh"}}, {"18.6": {"non_striker": "Mandeep Singh", "bowler": "NA Saini", "runs": {"extras": 0, "total": 0, "batsman": 0}, "batsman": "N Pooran", "wicket": {"player_out": "N Pooran", "fielders": ["AB de Villiers"], "kind": "caught"}}}, {"19.1": {"non_striker": "Mandeep Singh", "bowler": "UT Yadav", "runs": {"extras": 0, "total": 6, "batsman": 6}, "batsman": "R Ashwin"}}, {"19.2": {"non_striker": "Mandeep Singh", "bowler": "UT Yadav", "runs": {"extras": 0, "total": 0, "batsman": 0}, "batsman": "R Ashwin", "wicket": {"player_out": "R Ashwin", "fielders": ["V Kohli"], "kind": "caught"}}}, {"19.3": {"non_striker": "Mandeep Singh", "bowler": "UT Yadav", "runs": {"extras": 0, "total": 0, "batsman": 0}, "batsman": "GC Viljoen", "wicket": {"player_out": "GC Viljoen", "fielders": ["PA Patel"], "kind": "caught"}}}, {"19.4": {"non_striker": "Mandeep Singh", "bowler": "UT Yadav", "runs": {"extras": 0, "total": 0, "batsman": 0}, "batsman": "M Ashwin"}}, {"19.5": {"non_striker": "Mandeep Singh", "bowler": "UT Yadav", "runs": {"extras": 0, "total": 1, "batsman": 1}, "batsman": "M Ashwin"}}, {"19.6": {"non_striker": "M Ashwin", "bowler": "UT Yadav", "runs": {"extras": 0, "total": 2, "batsman": 2}, "batsman": "Mandeep Singh"}}]