[{"0.1": {"non_striker": "AB de Villiers", "bowler": "VR Aaron", "runs": {"extras": 0, "total": 6, "batsman": 6}, "batsman": "V Kohli"}}, {"0.2": {"non_striker": "AB de Villiers", "bowler": "VR Aaron", "runs": {"extras": 0, "total": 6, "batsman": 6}, "batsman": "V Kohli"}}, {"0.3": {"non_striker": "AB de Villiers", "bowler": "VR Aaron", "runs": {"extras": 0, "total": 1, "batsman": 1}, "batsman": "V Kohli"}}, {"0.4": {"non_striker": "V Kohli", "bowler": "VR Aaron", "runs": {"extras": 0, "total": 4, "batsman": 4}, "batsman": "AB de Villiers"}}, {"0.5": {"non_striker": "V Kohli", "bowler": "VR Aaron", "runs": {"extras": 0, "total": 2, "batsman": 2}, "batsman": "AB de Villiers"}}, {"0.6": {"non_striker": "V Kohli", "bowler": "VR Aaron", "runs": {"extras": 0, "total": 4, "batsman": 4}, "batsman": "AB de Villiers"}}, {"1.1": {"non_striker": "AB de Villiers", "bowler": "S Gopal", "runs": {"extras": 0, "total": 6, "batsman": 6}, "batsman": "V Kohli"}}, {"1.2": {"non_striker": "AB de Villiers", "bowler": "S Gopal", "runs": {"extras": 0, "total": 4, "batsman": 4}, "batsman": "V Kohli"}}, {"1.3": {"non_striker": "AB de Villiers", "bowler": "S Gopal", "runs": {"extras": 0, "total": 2, "batsman": 2}, "batsman": "V Kohli"}}, {"1.4": {"non_striker": "AB de Villiers", "bowler": "S Gopal", "runs": {"extras": 0, "total": 0, "batsman": 0}, "batsman": "V Kohli", "wicket": {"player_out": "V Kohli", "fielders": ["LS Livingstone"], "kind": "caught"}}}, {"1.5": {"non_striker": "MP Stoinis", "bowler": "S Gopal", "runs": {"extras": 0, "total": 0, "batsman": 0}, "batsman": "AB de Villiers", "wicket": {"player_out": "AB de Villiers", "fielders": ["R Parag"], "kind": "caught"}}}, {"1.6": {"non_striker": "H Klaasen", "bowler": "S Gopal", "runs": {"extras": 0, "total": 0, "batsman": 0}, "batsman": "MP Stoinis", "wicket": {"player_out": "MP Stoinis", "fielders": ["SPD Smith"], "kind": "caught"}}}, {"2.1": {"non_striker": "Gurkeerat Singh", "bowler": "R Parag", "runs": {"extras": 0, "total": 2, "batsman": 2}, "batsman": "H Klaasen"}}, {"2.2": {"non_striker": "Gurkeerat Singh", "bowler": "R Parag", "runs": {"extras": 0, "total": 1, "batsman": 1}, "batsman": "H Klaasen"}}, {"2.3": {"non_striker": "H Klaasen", "bowler": "R Parag", "runs": {"extras": 0, "total": 2, "batsman": 2}, "batsman": "Gurkeerat Singh"}}, {"2.4": {"non_striker": "H Klaasen", "bowler": "R Parag", "runs": {"extras": 0, "total": 4, "batsman": 4}, "batsman": "Gurkeerat Singh"}}, {"2.5": {"non_striker": "H Klaasen", "bowler": "R Parag", "runs": {"extras": 0, "total": 0, "batsman": 0}, "batsman": "Gurkeerat Singh", "wicket": {"player_out": "Gurkeerat Singh", "fielders": ["MK Lomror"], "kind": "caught"}}}, {"2.6": {"non_striker": "PA Patel", "bowler": "R Parag", "runs": {"extras": 0, "total": 1, "batsman": 1}, "batsman": "H Klaasen"}}, {"3.1": {"non_striker": "PA Patel", "bowler": "JD Unadkat", "runs": {"extras": 0, "total": 1, "batsman": 1}, "batsman": "H Klaasen"}}, {"3.2": {"non_striker": "H Klaasen", "bowler": "JD Unadkat", "runs": {"extras": 0, "total": 4, "batsman": 4}, "batsman": "PA Patel"}}, {"3.3": {"non_striker": "H Klaasen", "bowler": "JD Unadkat", "runs": {"extras": 0, "total": 2, "batsman": 2}, "batsman": "PA Patel"}}, {"3.4": {"non_striker": "H Klaasen", "bowler": "JD Unadkat", "runs": {"extras": 0, "total": 2, "batsman": 2}, "batsman": "PA Patel"}}, {"3.5": {"non_striker": "H Klaasen", "bowler": "JD Unadkat", "runs": {"extras": 0, "total": 0, "batsman": 0}, "batsman": "PA Patel"}}, {"3.6": {"non_striker": "H Klaasen", "bowler": "JD Unadkat", "runs": {"extras": 0, "total": 0, "batsman": 0}, "batsman": "PA Patel", "wicket": {"player_out": "PA Patel", "fielders": ["O Thomas"], "kind": "caught"}}}, {"4.1": {"non_striker": "P Negi", "bowler": "O Thomas", "runs": {"extras": 1, "total": 1, "batsman": 0}, "extras": {"noballs": 1}, "batsman": "H Klaasen"}}, {"4.2": {"non_striker": "P Negi", "bowler": "O Thomas", "runs": {"extras": 0, "total": 1, "batsman": 1}, "batsman": "H Klaasen"}}, {"4.3": {"non_striker": "H Klaasen", "bowler": "O Thomas", "runs": {"extras": 1, "total": 1, "batsman": 0}, "extras": {"byes": 1}, "batsman": "P Negi"}}, {"4.4": {"non_striker": "P Negi", "bowler": "O Thomas", "runs": {"extras": 0, "total": 0, "batsman": 0}, "batsman": "H Klaasen", "wicket": {"player_out": "H Klaasen", "fielders": ["LS Livingstone"], "kind": "caught"}}}, {"4.5": {"non_striker": "UT Yadav", "bowler": "O Thomas", "runs": {"extras": 0, "total": 4, "batsman": 4}, "batsman": "P Negi"}}, {"4.6": {"non_striker": "UT Yadav", "bowler": "O Thomas", "runs": {"extras": 0, "total": 0, "batsman": 0}, "batsman": "P Negi", "wicket": {"player_out": "P Negi", "fielders": ["SV Samson"], "kind": "caught"}}}, {"4.7": {"non_striker": "UT Yadav", "bowler": "O Thomas", "runs": {"extras": 1, "total": 1, "batsman": 0}, "extras": {"byes": 1}, "batsman": "NA Saini"}}]