[{"0.1": {"non_striker": "V Kohli", "bowler": "DL Chahar", "runs": {"extras": 0, "total": 0, "batsman": 0}, "batsman": "PA Patel"}}, {"0.2": {"non_striker": "V Kohli", "bowler": "DL Chahar", "runs": {"extras": 0, "total": 0, "batsman": 0}, "batsman": "PA Patel"}}, {"0.3": {"non_striker": "V Kohli", "bowler": "DL Chahar", "runs": {"extras": 0, "total": 0, "batsman": 0}, "batsman": "PA Patel"}}, {"0.4": {"non_striker": "V Kohli", "bowler": "DL Chahar", "runs": {"extras": 0, "total": 1, "batsman": 1}, "batsman": "PA Patel"}}, {"0.5": {"non_striker": "PA Patel", "bowler": "DL Chahar", "runs": {"extras": 0, "total": 0, "batsman": 0}, "batsman": "V Kohli"}}, {"0.6": {"non_striker": "PA Patel", "bowler": "DL Chahar", "runs": {"extras": 0, "total": 4, "batsman": 4}, "batsman": "V Kohli"}}, {"1.1": {"non_striker": "V Kohli", "bowler": "SN Thakur", "runs": {"extras": 0, "total": 0, "batsman": 0}, "batsman": "PA Patel"}}, {"1.2": {"non_striker": "V Kohli", "bowler": "SN Thakur", "runs": {"extras": 0, "total": 1, "batsman": 1}, "batsman": "PA Patel"}}, {"1.3": {"non_striker": "PA Patel", "bowler": "SN Thakur", "runs": {"extras": 0, "total": 0, "batsman": 0}, "batsman": "V Kohli"}}, {"1.4": {"non_striker": "PA Patel", "bowler": "SN Thakur", "runs": {"extras": 0, "total": 0, "batsman": 0}, "batsman": "V Kohli"}}, {"1.5": {"non_striker": "PA Patel", "bowler": "SN Thakur", "runs": {"extras": 0, "total": 1, "batsman": 1}, "batsman": "V Kohli"}}, {"1.6": {"non_striker": "V Kohli", "bowler": "SN Thakur", "runs": {"extras": 0, "total": 0, "batsman": 0}, "batsman": "PA Patel"}}, {"2.1": {"non_striker": "PA Patel", "bowler": "DL Chahar", "runs": {"extras": 0, "total": 0, "batsman": 0}, "batsman": "V Kohli"}}, {"2.2": {"non_striker": "PA Patel", "bowler": "DL Chahar", "runs": {"extras": 0, "total": 4, "batsman": 4}, "batsman": "V Kohli"}}, {"2.3": {"non_striker": "PA Patel", "bowler": "DL Chahar", "runs": {"extras": 0, "total": 0, "batsman": 0}, "batsman": "V Kohli", "wicket": {"player_out": "V Kohli", "fielders": ["MS Dhoni"], "kind": "caught"}}}, {"2.4": {"non_striker": "PA Patel", "bowler": "DL Chahar", "runs": {"extras": 0, "total": 0, "batsman": 0}, "batsman": "AB de Villiers"}}, {"2.5": {"non_striker": "PA Patel", "bowler": "DL Chahar", "runs": {"extras": 0, "total": 0, "batsman": 0}, "batsman": "AB de Villiers"}}, {"2.6": {"non_striker": "PA Patel", "bowler": "DL Chahar", "runs": {"extras": 0, "total": 0, "batsman": 0}, "batsman": "AB de Villiers"}}, {"3.1": {"non_striker": "AB de Villiers", "bowler": "SN Thakur", "runs": {"extras": 0, "total": 1, "batsman": 1}, "batsman": "PA Patel"}}, {"3.2": {"non_striker": "PA Patel", "bowler": "SN Thakur", "runs": {"extras": 0, "total": 0, "batsman": 0}, "batsman": "AB de Villiers"}}, {"3.3": {"non_striker": "PA Patel", "bowler": "SN Thakur", "runs": {"extras": 0, "total": 4, "batsman": 4}, "batsman": "AB de Villiers"}}, {"3.4": {"non_striker": "PA Patel", "bowler": "SN Thakur", "runs": {"extras": 0, "total": 2, "batsman": 2}, "batsman": "AB de Villiers"}}, {"3.5": {"non_striker": "PA Patel", "bowler": "SN Thakur", "runs": {"extras": 0, "total": 1, "batsman": 1}, "batsman": "AB de Villiers"}}, {"3.6": {"non_striker": "AB de Villiers", "bowler": "SN Thakur", "runs": {"extras": 0, "total": 6, "batsman": 6}, "batsman": "PA Patel"}}, {"4.1": {"non_striker": "PA Patel", "bowler": "DL Chahar", "runs": {"extras": 0, "total": 0, "batsman": 0}, "batsman": "AB de Villiers"}}, {"4.2": {"non_striker": "PA Patel", "bowler": "DL Chahar", "runs": {"extras": 0, "total": 0, "batsman": 0}, "batsman": "AB de Villiers"}}, {"4.3": {"non_striker": "PA Patel", "bowler": "DL Chahar", "runs": {"extras": 0, "total": 0, "batsman": 0}, "batsman": "AB de Villiers"}}, {"4.4": {"non_striker": "PA Patel", "bowler": "DL Chahar", "runs": {"extras": 0, "total": 6, "batsman": 6}, "batsman": "AB de Villiers"}}, {"4.5": {"non_striker": "PA Patel", "bowler": "DL Chahar", "runs": {"extras": 0, "total": 0, "batsman": 0}, "batsman": "AB de Villiers"}}, {"4.6": {"non_striker": "PA Patel", "bowler": "DL Chahar", "runs": {"extras": 1, "total": 1, "batsman": 0}, "extras": {"wides": 1}, "batsman": "AB de Villiers"}}, {"4.7": {"non_striker": "PA Patel", "bowler": "DL Chahar", "runs": {"extras": 0, "total": 1, "batsman": 1}, "batsman": "AB de Villiers"}}, {"5.1": {"non_striker": "PA Patel", "bowler": "SN Thakur", "runs": {"extras": 0, "total": 0, "batsman": 0}, "batsman": "AB de Villiers"}}, {"5.2": {"non_striker": "PA Patel", "bowler": "SN Thakur", "runs": {"extras": 0, "total": 1, "batsman": 1}, "batsman": "AB de Villiers"}}, {"5.3": {"non_striker": "AB de Villiers", "bowler": "SN Thakur", "runs": {"extras": 0, "total": 6, "batsman": 6}, "batsman": "PA Patel"}}, {"5.4": {"non_striker": "AB de Villiers", "bowler": "SN Thakur", "runs": {"extras": 0, "total": 1, "batsman": 1}, "batsman": "PA Patel"}}, {"5.5": {"non_striker": "PA Patel", "bowler": "SN Thakur", "runs": {"extras": 0, "total": 4, "batsman": 4}, "batsman": "AB de Villiers"}}, {"5.6": {"non_striker": "PA Patel", "bowler": "SN Thakur", "runs": {"extras": 0, "total": 4, "batsman": 4}, "batsman": "AB de Villiers"}}, {"6.1": {"non_striker": "AB de Villiers", "bowler": "RA Jadeja", "runs": {"extras": 0, "total": 0, "batsman": 0}, "batsman": "PA Patel"}}, {"6.2": {"non_striker": "AB de Villiers", "bowler": "RA Jadeja", "runs": {"extras": 0, "total": 6, "batsman": 6}, "batsman": "PA Patel"}}, {"6.3": {"non_striker": "AB de Villiers", "bowler": "RA Jadeja", "runs": {"extras": 0, "total": 1, "batsman": 1}, "batsman": "PA Patel"}}, {"6.4": {"non_striker": "PA Patel", "bowler": "RA Jadeja", "runs": {"extras": 0, "total": 2, "batsman": 2}, "batsman": "AB de Villiers"}}, {"6.5": {"non_striker": "PA Patel", "bowler": "RA Jadeja", "runs": {"extras": 0, "total": 0, "batsman": 0}, "batsman": "AB de Villiers", "wicket": {"player_out": "AB de Villiers", "fielders": ["F du Plessis"], "kind": "caught"}}}, {"6.6": {"non_striker": "AD Nath", "bowler": "RA Jadeja", "runs": {"extras": 0, "total": 0, "batsman": 0}, "batsman": "PA Patel"}}, {"7.1": {"non_striker": "PA Patel", "bowler": "DJ Bravo", "runs": {"extras": 0, "total": 1, "batsman": 1}, "batsman": "AD Nath"}}, {"7.2": {"non_striker": "AD Nath", "bowler": "DJ Bravo", "runs": {"extras": 0, "total": 1, "batsman": 1}, "batsman": "PA Patel"}}, {"7.3": {"non_striker": "PA Patel", "bowler": "DJ Bravo", "runs": {"extras": 0, "total": 1, "batsman": 1}, "batsman": "AD Nath"}}, {"7.4": {"non_striker": "AD Nath", "bowler": "DJ Bravo", "runs": {"extras": 0, "total": 1, "batsman": 1}, "batsman": "PA Patel"}}, {"7.5": {"non_striker": "PA Patel", "bowler": "DJ Bravo", "runs": {"extras": 0, "total": 4, "batsman": 4}, "batsman": "AD Nath"}}, {"7.6": {"non_striker": "PA Patel", "bowler": "DJ Bravo", "runs": {"extras": 0, "total": 1, "batsman": 1}, "batsman": "AD Nath"}}, {"8.1": {"non_striker": "PA Patel", "bowler": "RA Jadeja", "runs": {"extras": 0, "total": 1, "batsman": 1}, "batsman": "AD Nath"}}, {"8.2": {"non_striker": "AD Nath", "bowler": "RA Jadeja", "runs": {"extras": 0, "total": 0, "batsman": 0}, "batsman": "PA Patel"}}, {"8.3": {"non_striker": "AD Nath", "bowler": "RA Jadeja", "runs": {"extras": 0, "total": 0, "batsman": 0}, "batsman": "PA Patel"}}, {"8.4": {"non_striker": "AD Nath", "bowler": "RA Jadeja", "runs": {"extras": 0, "total": 1, "batsman": 1}, "batsman": "PA Patel"}}, {"8.5": {"non_striker": "PA Patel", "bowler": "RA Jadeja", "runs": {"extras": 0, "total": 0, "batsman": 0}, "batsman": "AD Nath"}}, {"8.6": {"non_striker": "PA Patel", "bowler": "RA Jadeja", "runs": {"extras": 0, "total": 1, "batsman": 1}, "batsman": "AD Nath"}}, {"9.1": {"non_striker": "PA Patel", "bowler": "Imran Tahir", "runs": {"extras": 0, "total": 1, "batsman": 1}, "batsman": "AD Nath"}}, {"9.2": {"non_striker": "AD Nath", "bowler": "Imran Tahir", "runs": {"extras": 0, "total": 1, "batsman": 1}, "batsman": "PA Patel"}}, {"9.3": {"non_striker": "PA Patel", "bowler": "Imran Tahir", "runs": {"extras": 0, "total": 0, "batsman": 0}, "batsman": "AD Nath"}}, {"9.4": {"non_striker": "PA Patel", "bowler": "Imran Tahir", "runs": {"extras": 0, "total": 1, "batsman": 1}, "batsman": "AD Nath"}}, {"9.5": {"non_striker": "AD Nath", "bowler": "Imran Tahir", "runs": {"extras": 0, "total": 1, "batsman": 1}, "batsman": "PA Patel"}}, {"9.6": {"non_striker": "PA Patel", "bowler": "Imran Tahir", "runs": {"extras": 0, "total": 0, "batsman": 0}, "batsman": "AD Nath"}}, {"10.1": {"non_striker": "AD Nath", "bowler": "RA Jadeja", "runs": {"extras": 0, "total": 1, "batsman": 1}, "batsman": "PA Patel"}}, {"10.2": {"non_striker": "PA Patel", "bowler": "RA Jadeja", "runs": {"extras": 0, "total": 2, "batsman": 2}, "batsman": "AD Nath"}}, {"10.3": {"non_striker": "PA Patel", "bowler": "RA Jadeja", "runs": {"extras": 0, "total": 6, "batsman": 6}, "batsman": "AD Nath"}}, {"10.4": {"non_striker": "PA Patel", "bowler": "RA Jadeja", "runs": {"extras": 0, "total": 1, "batsman": 1}, "batsman": "AD Nath"}}, {"10.5": {"non_striker": "AD Nath", "bowler": "RA Jadeja", "runs": {"extras": 0, "total": 1, "batsman": 1}, "batsman": "PA Patel"}}, {"10.6": {"non_striker": "PA Patel", "bowler": "RA Jadeja", "runs": {"extras": 0, "total": 1, "batsman": 1}, "batsman": "AD Nath"}}, {"11.1": {"non_striker": "PA Patel", "bowler": "Imran Tahir", "runs": {"extras": 0, "total": 1, "batsman": 1}, "batsman": "AD Nath"}}, {"11.2": {"non_striker": "AD Nath", "bowler": "Imran Tahir", "runs": {"extras": 0, "total": 0, "batsman": 0}, "batsman": "PA Patel"}}, {"11.3": {"non_striker": "AD Nath", "bowler": "Imran Tahir", "runs": {"extras": 0, "total": 6, "batsman": 6}, "batsman": "PA Patel"}}, {"11.4": {"non_striker": "AD Nath", "bowler": "Imran Tahir", "runs": {"extras": 0, "total": 1, "batsman": 1}, "batsman": "PA Patel"}}, {"11.5": {"non_striker": "PA Patel", "bowler": "Imran Tahir", "runs": {"extras": 0, "total": 0, "batsman": 0}, "batsman": "AD Nath"}}, {"11.6": {"non_striker": "PA Patel", "bowler": "Imran Tahir", "runs": {"extras": 0, "total": 1, "batsman": 1}, "batsman": "AD Nath"}}, {"12.1": {"non_striker": "PA Patel", "bowler": "RA Jadeja", "runs": {"extras": 0, "total": 1, "batsman": 1}, "batsman": "AD Nath"}}, {"12.2": {"non_striker": "AD Nath", "bowler": "RA Jadeja", "runs": {"extras": 0, "total": 2, "batsman": 2}, "batsman": "PA Patel"}}, {"12.3": {"non_striker": "AD Nath", "bowler": "RA Jadeja", "runs": {"extras": 0, "total": 1, "batsman": 1}, "batsman": "PA Patel"}}, {"12.4": {"non_striker": "PA Patel", "bowler": "RA Jadeja", "runs": {"extras": 0, "total": 0, "batsman": 0}, "batsman": "AD Nath", "wicket": {"player_out": "AD Nath", "fielders": ["F du Plessis"], "kind": "caught"}}}, {"12.5": {"non_striker": "MP Stoinis", "bowler": "RA Jadeja", "runs": {"extras": 0, "total": 1, "batsman": 1}, "batsman": "PA Patel"}}, {"12.6": {"non_striker": "PA Patel", "bowler": "RA Jadeja", "runs": {"extras": 0, "total": 0, "batsman": 0}, "batsman": "MP Stoinis"}}, {"13.1": {"non_striker": "MP Stoinis", "bowler": "DJ Bravo", "runs": {"extras": 0, "total": 1, "batsman": 1}, "batsman": "PA Patel"}}, {"13.2": {"non_striker": "PA Patel", "bowler": "DJ Bravo", "runs": {"extras": 0, "total": 0, "batsman": 0}, "batsman": "MP Stoinis"}}, {"13.3": {"non_striker": "PA Patel", "bowler": "DJ Bravo", "runs": {"extras": 0, "total": 0, "batsman": 0}, "batsman": "MP Stoinis"}}, {"13.4": {"non_striker": "PA Patel", "bowler": "DJ Bravo", "runs": {"extras": 0, "total": 2, "batsman": 2}, "batsman": "MP Stoinis"}}, {"13.5": {"non_striker": "PA Patel", "bowler": "DJ Bravo", "runs": {"extras": 0, "total": 1, "batsman": 1}, "batsman": "MP Stoinis"}}, {"13.6": {"non_striker": "MP Stoinis", "bowler": "DJ Bravo", "runs": {"extras": 0, "total": 4, "batsman": 4}, "batsman": "PA Patel"}}, {"14.1": {"non_striker": "PA Patel", "bowler": "Imran Tahir", "runs": {"extras": 0, "total": 0, "batsman": 0}, "batsman": "MP Stoinis"}}, {"14.2": {"non_striker": "PA Patel", "bowler": "Imran Tahir", "runs": {"extras": 0, "total": 1, "batsman": 1}, "batsman": "MP Stoinis"}}, {"14.3": {"non_striker": "MP Stoinis", "bowler": "Imran Tahir", "runs": {"extras": 0, "total": 1, "batsman": 1}, "batsman": "PA Patel"}}, {"14.4": {"non_striker": "PA Patel", "bowler": "Imran Tahir", "runs": {"extras": 0, "total": 1, "batsman": 1}, "batsman": "MP Stoinis"}}, {"14.5": {"non_striker": "MP Stoinis", "bowler": "Imran Tahir", "runs": {"extras": 0, "total": 1, "batsman": 1}, "batsman": "PA Patel"}}, {"14.6": {"non_striker": "PA Patel", "bowler": "Imran Tahir", "runs": {"extras": 0, "total": 6, "batsman": 6}, "batsman": "MP Stoinis"}}, {"15.1": {"non_striker": "MP Stoinis", "bowler": "DJ Bravo", "runs": {"extras": 0, "total": 1, "batsman": 1}, "batsman": "PA Patel"}}, {"15.2": {"non_striker": "PA Patel", "bowler": "DJ Bravo", "runs": {"extras": 0, "total": 1, "batsman": 1}, "batsman": "MP Stoinis"}}, {"15.3": {"non_striker": "MP Stoinis", "bowler": "DJ Bravo", "runs": {"extras": 0, "total": 4, "batsman": 4}, "batsman": "PA Patel"}}, {"15.4": {"non_striker": "MP Stoinis", "bowler": "DJ Bravo", "runs": {"extras": 0, "total": 0, "batsman": 0}, "batsman": "PA Patel", "wicket": {"player_out": "PA Patel", "fielders": ["SR Watson"], "kind": "caught"}}}, {"15.5": {"non_striker": "MP Stoinis", "bowler": "DJ Bravo", "runs": {"extras": 0, "total": 0, "batsman": 0}, "batsman": "MM Ali"}}, {"15.6": {"non_striker": "MP Stoinis", "bowler": "DJ Bravo", "runs": {"extras": 0, "total": 0, "batsman": 0}, "batsman": "MM Ali"}}, {"16.1": {"non_striker": "MM Ali", "bowler": "Imran Tahir", "runs": {"extras": 0, "total": 2, "batsman": 2}, "batsman": "MP Stoinis"}}, {"16.2": {"non_striker": "MM Ali", "bowler": "Imran Tahir", "runs": {"extras": 0, "total": 0, "batsman": 0}, "batsman": "MP Stoinis"}}, {"16.3": {"non_striker": "MM Ali", "bowler": "Imran Tahir", "runs": {"extras": 0, "total": 0, "batsman": 0}, "batsman": "MP Stoinis", "wicket": {"player_out": "MP Stoinis", "fielders": ["DR Shorey (sub)"], "kind": "caught"}}}, {"16.4": {"non_striker": "P Negi", "bowler": "Imran Tahir", "runs": {"extras": 0, "total": 4, "batsman": 4}, "batsman": "MM Ali"}}, {"16.5": {"non_striker": "P Negi", "bowler": "Imran Tahir", "runs": {"extras": 0, "total": 1, "batsman": 1}, "batsman": "MM Ali"}}, {"16.6": {"non_striker": "MM Ali", "bowler": "Imran Tahir", "runs": {"extras": 0, "total": 1, "batsman": 1}, "batsman": "P Negi"}}, {"17.1": {"non_striker": "MM Ali", "bowler": "SN Thakur", "runs": {"extras": 0, "total": 1, "batsman": 1}, "batsman": "P Negi"}}, {"17.2": {"non_striker": "P Negi", "bowler": "SN Thakur", "runs": {"extras": 0, "total": 4, "batsman": 4}, "batsman": "MM Ali"}}, {"17.3": {"non_striker": "P Negi", "bowler": "SN Thakur", "runs": {"extras": 0, "total": 1, "batsman": 1}, "batsman": "MM Ali"}}, {"17.4": {"non_striker": "MM Ali", "bowler": "SN Thakur", "runs": {"extras": 0, "total": 0, "batsman": 0}, "batsman": "P Negi"}}, {"17.5": {"non_striker": "MM Ali", "bowler": "SN Thakur", "runs": {"extras": 0, "total": 1, "batsman": 1}, "batsman": "P Negi"}}, {"17.6": {"non_striker": "P Negi", "bowler": "SN Thakur", "runs": {"extras": 1, "total": 1, "batsman": 0}, "extras": {"wides": 1}, "batsman": "MM Ali"}}, {"17.7": {"non_striker": "P Negi", "bowler": "SN Thakur", "runs": {"extras": 1, "total": 1, "batsman": 0}, "extras": {"legbyes": 1}, "batsman": "MM Ali"}}, {"18.1": {"non_striker": "P Negi", "bowler": "DL Chahar", "runs": {"extras": 0, "total": 0, "batsman": 0}, "batsman": "MM Ali"}}, {"18.2": {"non_striker": "P Negi", "bowler": "DL Chahar", "runs": {"extras": 0, "total": 2, "batsman": 2}, "batsman": "MM Ali"}}, {"18.3": {"non_striker": "P Negi", "bowler": "DL Chahar", "runs": {"extras": 0, "total": 4, "batsman": 4}, "batsman": "MM Ali"}}, {"18.4": {"non_striker": "P Negi", "bowler": "DL Chahar", "runs": {"extras": 1, "total": 1, "batsman": 0}, "extras": {"legbyes": 1}, "batsman": "MM Ali"}}, {"18.5": {"non_striker": "MM Ali", "bowler": "DL Chahar", "runs": {"extras": 0, "total": 2, "batsman": 2}, "batsman": "P Negi"}}, {"18.6": {"non_striker": "MM Ali", "bowler": "DL Chahar", "runs": {"extras": 0, "total": 0, "batsman": 0}, "batsman": "P Negi", "wicket": {"player_out": "P Negi", "fielders": ["AT Rayudu"], "kind": "caught"}}}, {"19.1": {"non_striker": "UT Yadav", "bowler": "DJ Bravo", "runs": {"extras": 0, "total": 2, "batsman": 2}, "batsman": "MM Ali"}}, {"19.2": {"non_striker": "UT Yadav", "bowler": "DJ Bravo", "runs": {"extras": 0, "total": 4, "batsman": 4}, "batsman": "MM Ali"}}, {"19.3": {"non_striker": "UT Yadav", "bowler": "DJ Bravo", "runs": {"extras": 0, "total": 0, "batsman": 0}, "batsman": "MM Ali"}}, {"19.4": {"non_striker": "UT Yadav", "bowler": "DJ Bravo", "runs": {"extras": 0, "total": 4, "batsman": 4}, "batsman": "MM Ali"}}, {"19.5": {"non_striker": "UT Yadav", "bowler": "DJ Bravo", "runs": {"extras": 0, "total": 0, "batsman": 0}, "batsman": "MM Ali", "wicket": {"player_out": "MM Ali", "fielders": ["SN Thakur"], "kind": "caught"}}}, {"19.6": {"non_striker": "DW Steyn", "bowler": "DJ Bravo", "runs": {"extras": 0, "total": 1, "batsman": 1}, "batsman": "UT Yadav"}}]