[{"0.1": {"non_striker": "CH Gayle", "bowler": "DS Kulkarni", "runs": {"extras": 0, "total": 0, "batsman": 0}, "batsman": "KL Rahul"}}, {"0.2": {"non_striker": "CH Gayle", "bowler": "DS Kulkarni", "runs": {"extras": 0, "total": 1, "batsman": 1}, "batsman": "KL Rahul"}}, {"0.3": {"non_striker": "KL Rahul", "bowler": "DS Kulkarni", "runs": {"extras": 0, "total": 0, "batsman": 0}, "batsman": "CH Gayle"}}, {"0.4": {"non_striker": "KL Rahul", "bowler": "DS Kulkarni", "runs": {"extras": 0, "total": 0, "batsman": 0}, "batsman": "CH Gayle"}}, {"0.5": {"non_striker": "KL Rahul", "bowler": "DS Kulkarni", "runs": {"extras": 0, "total": 1, "batsman": 1}, "batsman": "CH Gayle"}}, {"0.6": {"non_striker": "CH Gayle", "bowler": "DS Kulkarni", "runs": {"extras": 0, "total": 0, "batsman": 0}, "batsman": "KL Rahul"}}, {"1.1": {"non_striker": "KL Rahul", "bowler": "JD Unadkat", "runs": {"extras": 0, "total": 0, "batsman": 0}, "batsman": "CH Gayle"}}, {"1.2": {"non_striker": "KL Rahul", "bowler": "JD Unadkat", "runs": {"extras": 0, "total": 0, "batsman": 0}, "batsman": "CH Gayle"}}, {"1.3": {"non_striker": "KL Rahul", "bowler": "JD Unadkat", "runs": {"extras": 0, "total": 0, "batsman": 0}, "batsman": "CH Gayle"}}, {"1.4": {"non_striker": "KL Rahul", "bowler": "JD Unadkat", "runs": {"extras": 0, "total": 6, "batsman": 6}, "batsman": "CH Gayle"}}, {"1.5": {"non_striker": "KL Rahul", "bowler": "JD Unadkat", "runs": {"extras": 0, "total": 6, "batsman": 6}, "batsman": "CH Gayle"}}, {"1.6": {"non_striker": "KL Rahul", "bowler": "JD Unadkat", "runs": {"extras": 0, "total": 0, "batsman": 0}, "batsman": "CH Gayle"}}, {"2.1": {"non_striker": "CH Gayle", "bowler": "DS Kulkarni", "runs": {"extras": 0, "total": 0, "batsman": 0}, "batsman": "KL Rahul"}}, {"2.2": {"non_striker": "CH Gayle", "bowler": "DS Kulkarni", "runs": {"extras": 0, "total": 0, "batsman": 0}, "batsman": "KL Rahul"}}, {"2.3": {"non_striker": "CH Gayle", "bowler": "DS Kulkarni", "runs": {"extras": 0, "total": 1, "batsman": 1}, "batsman": "KL Rahul"}}, {"2.4": {"non_striker": "KL Rahul", "bowler": "DS Kulkarni", "runs": {"extras": 0, "total": 0, "batsman": 0}, "batsman": "CH Gayle"}}, {"2.5": {"non_striker": "KL Rahul", "bowler": "DS Kulkarni", "runs": {"extras": 0, "total": 4, "batsman": 4}, "batsman": "CH Gayle"}}, {"2.6": {"non_striker": "KL Rahul", "bowler": "DS Kulkarni", "runs": {"extras": 0, "total": 0, "batsman": 0}, "batsman": "CH Gayle"}}, {"3.1": {"non_striker": "CH Gayle", "bowler": "JC Archer", "runs": {"extras": 0, "total": 1, "batsman": 1}, "batsman": "KL Rahul"}}, {"3.2": {"non_striker": "KL Rahul", "bowler": "JC Archer", "runs": {"extras": 0, "total": 0, "batsman": 0}, "batsman": "CH Gayle"}}, {"3.3": {"non_striker": "KL Rahul", "bowler": "JC Archer", "runs": {"extras": 0, "total": 1, "batsman": 1}, "batsman": "CH Gayle"}}, {"3.4": {"non_striker": "CH Gayle", "bowler": "JC Archer", "runs": {"extras": 0, "total": 0, "batsman": 0}, "batsman": "KL Rahul"}}, {"3.5": {"non_striker": "CH Gayle", "bowler": "JC Archer", "runs": {"extras": 0, "total": 0, "batsman": 0}, "batsman": "KL Rahul"}}, {"3.6": {"non_striker": "CH Gayle", "bowler": "JC Archer", "runs": {"extras": 0, "total": 0, "batsman": 0}, "batsman": "KL Rahul"}}, {"4.1": {"non_striker": "KL Rahul", "bowler": "DS Kulkarni", "runs": {"extras": 0, "total": 1, "batsman": 1}, "batsman": "CH Gayle"}}, {"4.2": {"non_striker": "CH Gayle", "bowler": "DS Kulkarni", "runs": {"extras": 0, "total": 0, "batsman": 0}, "batsman": "KL Rahul"}}, {"4.3": {"non_striker": "CH Gayle", "bowler": "DS Kulkarni", "runs": {"extras": 0, "total": 1, "batsman": 1}, "batsman": "KL Rahul"}}, {"4.4": {"non_striker": "KL Rahul", "bowler": "DS Kulkarni", "runs": {"extras": 0, "total": 4, "batsman": 4}, "batsman": "CH Gayle"}}, {"4.5": {"non_striker": "KL Rahul", "bowler": "DS Kulkarni", "runs": {"extras": 0, "total": 6, "batsman": 6}, "batsman": "CH Gayle"}}, {"4.6": {"non_striker": "KL Rahul", "bowler": "DS Kulkarni", "runs": {"extras": 0, "total": 1, "batsman": 1}, "batsman": "CH Gayle"}}, {"5.1": {"non_striker": "KL Rahul", "bowler": "JC Archer", "runs": {"extras": 0, "total": 0, "batsman": 0}, "batsman": "CH Gayle"}}, {"5.2": {"non_striker": "KL Rahul", "bowler": "JC Archer", "runs": {"extras": 0, "total": 0, "batsman": 0}, "batsman": "CH Gayle"}}, {"5.3": {"non_striker": "KL Rahul", "bowler": "JC Archer", "runs": {"extras": 4, "total": 4, "batsman": 0}, "extras": {"byes": 4}, "batsman": "CH Gayle"}}, {"5.4": {"non_striker": "KL Rahul", "bowler": "JC Archer", "runs": {"extras": 0, "total": 0, "batsman": 0}, "batsman": "CH Gayle", "wicket": {"player_out": "CH Gayle", "fielders": ["SV Samson"], "kind": "caught"}}}, {"5.5": {"non_striker": "KL Rahul", "bowler": "JC Archer", "runs": {"extras": 0, "total": 1, "batsman": 1}, "batsman": "MA Agarwal"}}, {"5.6": {"non_striker": "MA Agarwal", "bowler": "JC Archer", "runs": {"extras": 0, "total": 0, "batsman": 0}, "batsman": "KL Rahul"}}, {"6.1": {"non_striker": "KL Rahul", "bowler": "IS Sodhi", "runs": {"extras": 0, "total": 1, "batsman": 1}, "batsman": "MA Agarwal"}}, {"6.2": {"non_striker": "MA Agarwal", "bowler": "IS Sodhi", "runs": {"extras": 0, "total": 1, "batsman": 1}, "batsman": "KL Rahul"}}, {"6.3": {"non_striker": "KL Rahul", "bowler": "IS Sodhi", "runs": {"extras": 0, "total": 2, "batsman": 2}, "batsman": "MA Agarwal"}}, {"6.4": {"non_striker": "KL Rahul", "bowler": "IS Sodhi", "runs": {"extras": 0, "total": 6, "batsman": 6}, "batsman": "MA Agarwal"}}, {"6.5": {"non_striker": "KL Rahul", "bowler": "IS Sodhi", "runs": {"extras": 0, "total": 1, "batsman": 1}, "batsman": "MA Agarwal"}}, {"6.6": {"non_striker": "MA Agarwal", "bowler": "IS Sodhi", "runs": {"extras": 0, "total": 0, "batsman": 0}, "batsman": "KL Rahul"}}, {"7.1": {"non_striker": "KL Rahul", "bowler": "S Gopal", "runs": {"extras": 0, "total": 1, "batsman": 1}, "batsman": "MA Agarwal"}}, {"7.2": {"non_striker": "MA Agarwal", "bowler": "S Gopal", "runs": {"extras": 0, "total": 1, "batsman": 1}, "batsman": "KL Rahul"}}, {"7.3": {"non_striker": "KL Rahul", "bowler": "S Gopal", "runs": {"extras": 0, "total": 4, "batsman": 4}, "batsman": "MA Agarwal"}}, {"7.4": {"non_striker": "KL Rahul", "bowler": "S Gopal", "runs": {"extras": 0, "total": 6, "batsman": 6}, "batsman": "MA Agarwal"}}, {"7.5": {"non_striker": "KL Rahul", "bowler": "S Gopal", "runs": {"extras": 0, "total": 1, "batsman": 1}, "batsman": "MA Agarwal"}}, {"7.6": {"non_striker": "MA Agarwal", "bowler": "S Gopal", "runs": {"extras": 0, "total": 0, "batsman": 0}, "batsman": "KL Rahul"}}, {"8.1": {"non_striker": "KL Rahul", "bowler": "IS Sodhi", "runs": {"extras": 0, "total": 1, "batsman": 1}, "batsman": "MA Agarwal"}}, {"8.2": {"non_striker": "MA Agarwal", "bowler": "IS Sodhi", "runs": {"extras": 0, "total": 1, "batsman": 1}, "batsman": "KL Rahul"}}, {"8.3": {"non_striker": "KL Rahul", "bowler": "IS Sodhi", "runs": {"extras": 0, "total": 2, "batsman": 2}, "batsman": "MA Agarwal"}}, {"8.4": {"non_striker": "KL Rahul", "bowler": "IS Sodhi", "runs": {"extras": 0, "total": 0, "batsman": 0}, "batsman": "MA Agarwal", "wicket": {"player_out": "MA Agarwal", "fielders": ["JC Archer"], "kind": "caught"}}}, {"8.5": {"non_striker": "DA Miller", "bowler": "IS Sodhi", "runs": {"extras": 0, "total": 1, "batsman": 1}, "batsman": "KL Rahul"}}, {"8.6": {"non_striker": "KL Rahul", "bowler": "IS Sodhi", "runs": {"extras": 0, "total": 0, "batsman": 0}, "batsman": "DA Miller"}}, {"9.1": {"non_striker": "DA Miller", "bowler": "S Gopal", "runs": {"extras": 0, "total": 1, "batsman": 1}, "batsman": "KL Rahul"}}, {"9.2": {"non_striker": "KL Rahul", "bowler": "S Gopal", "runs": {"extras": 0, "total": 1, "batsman": 1}, "batsman": "DA Miller"}}, {"9.3": {"non_striker": "DA Miller", "bowler": "S Gopal", "runs": {"extras": 0, "total": 1, "batsman": 1}, "batsman": "KL Rahul"}}, {"9.4": {"non_striker": "KL Rahul", "bowler": "S Gopal", "runs": {"extras": 0, "total": 1, "batsman": 1}, "batsman": "DA Miller"}}, {"9.5": {"non_striker": "DA Miller", "bowler": "S Gopal", "runs": {"extras": 0, "total": 2, "batsman": 2}, "batsman": "KL Rahul"}}, {"9.6": {"non_striker": "DA Miller", "bowler": "S Gopal", "runs": {"extras": 0, "total": 1, "batsman": 1}, "batsman": "KL Rahul"}}, {"10.1": {"non_striker": "DA Miller", "bowler": "IS Sodhi", "runs": {"extras": 0, "total": 2, "batsman": 2}, "batsman": "KL Rahul"}}, {"10.2": {"non_striker": "DA Miller", "bowler": "IS Sodhi", "runs": {"extras": 0, "total": 0, "batsman": 0}, "batsman": "KL Rahul"}}, {"10.3": {"non_striker": "DA Miller", "bowler": "IS Sodhi", "runs": {"extras": 0, "total": 1, "batsman": 1}, "batsman": "KL Rahul"}}, {"10.4": {"non_striker": "KL Rahul", "bowler": "IS Sodhi", "runs": {"extras": 0, "total": 1, "batsman": 1}, "batsman": "DA Miller"}}, {"10.5": {"non_striker": "DA Miller", "bowler": "IS Sodhi", "runs": {"extras": 0, "total": 1, "batsman": 1}, "batsman": "KL Rahul"}}, {"10.6": {"non_striker": "KL Rahul", "bowler": "IS Sodhi", "runs": {"extras": 0, "total": 1, "batsman": 1}, "batsman": "DA Miller"}}, {"11.1": {"non_striker": "KL Rahul", "bowler": "JD Unadkat", "runs": {"extras": 0, "total": 1, "batsman": 1}, "batsman": "DA Miller"}}, {"11.2": {"non_striker": "DA Miller", "bowler": "JD Unadkat", "runs": {"extras": 0, "total": 4, "batsman": 4}, "batsman": "KL Rahul"}}, {"11.3": {"non_striker": "DA Miller", "bowler": "JD Unadkat", "runs": {"extras": 0, "total": 1, "batsman": 1}, "batsman": "KL Rahul"}}, {"11.4": {"non_striker": "KL Rahul", "bowler": "JD Unadkat", "runs": {"extras": 0, "total": 0, "batsman": 0}, "batsman": "DA Miller"}}, {"11.5": {"non_striker": "KL Rahul", "bowler": "JD Unadkat", "runs": {"extras": 0, "total": 1, "batsman": 1}, "batsman": "DA Miller"}}, {"11.6": {"non_striker": "DA Miller", "bowler": "JD Unadkat", "runs": {"extras": 0, "total": 1, "batsman": 1}, "batsman": "KL Rahul"}}, {"12.1": {"non_striker": "DA Miller", "bowler": "S Gopal", "runs": {"extras": 0, "total": 1, "batsman": 1}, "batsman": "KL Rahul"}}, {"12.2": {"non_striker": "KL Rahul", "bowler": "S Gopal", "runs": {"extras": 0, "total": 4, "batsman": 4}, "batsman": "DA Miller"}}, {"12.3": {"non_striker": "KL Rahul", "bowler": "S Gopal", "runs": {"extras": 0, "total": 0, "batsman": 0}, "batsman": "DA Miller"}}, {"12.4": {"non_striker": "KL Rahul", "bowler": "S Gopal", "runs": {"extras": 0, "total": 1, "batsman": 1}, "batsman": "DA Miller"}}, {"12.5": {"non_striker": "DA Miller", "bowler": "S Gopal", "runs": {"extras": 0, "total": 1, "batsman": 1}, "batsman": "KL Rahul"}}, {"12.6": {"non_striker": "KL Rahul", "bowler": "S Gopal", "runs": {"extras": 0, "total": 1, "batsman": 1}, "batsman": "DA Miller"}}, {"13.1": {"non_striker": "KL Rahul", "bowler": "IS Sodhi", "runs": {"extras": 0, "total": 2, "batsman": 2}, "batsman": "DA Miller"}}, {"13.2": {"non_striker": "KL Rahul", "bowler": "IS Sodhi", "runs": {"extras": 0, "total": 1, "batsman": 1}, "batsman": "DA Miller"}}, {"13.3": {"non_striker": "DA Miller", "bowler": "IS Sodhi", "runs": {"extras": 0, "total": 6, "batsman": 6}, "batsman": "KL Rahul"}}, {"13.4": {"non_striker": "DA Miller", "bowler": "IS Sodhi", "runs": {"extras": 0, "total": 1, "batsman": 1}, "batsman": "KL Rahul"}}, {"13.5": {"non_striker": "KL Rahul", "bowler": "IS Sodhi", "runs": {"extras": 0, "total": 6, "batsman": 6}, "batsman": "DA Miller"}}, {"13.6": {"non_striker": "KL Rahul", "bowler": "IS Sodhi", "runs": {"extras": 1, "total": 1, "batsman": 0}, "extras": {"wides": 1}, "batsman": "DA Miller"}}, {"13.7": {"non_striker": "KL Rahul", "bowler": "IS Sodhi", "runs": {"extras": 0, "total": 2, "batsman": 2}, "batsman": "DA Miller"}}, {"14.1": {"non_striker": "DA Miller", "bowler": "JD Unadkat", "runs": {"extras": 0, "total": 4, "batsman": 4}, "batsman": "KL Rahul"}}, {"14.2": {"non_striker": "DA Miller", "bowler": "JD Unadkat", "runs": {"extras": 0, "total": 1, "batsman": 1}, "batsman": "KL Rahul"}}, {"14.3": {"non_striker": "KL Rahul", "bowler": "JD Unadkat", "runs": {"extras": 0, "total": 6, "batsman": 6}, "batsman": "DA Miller"}}, {"14.4": {"non_striker": "KL Rahul", "bowler": "JD Unadkat", "runs": {"extras": 0, "total": 1, "batsman": 1}, "batsman": "DA Miller"}}, {"14.5": {"non_striker": "DA Miller", "bowler": "JD Unadkat", "runs": {"extras": 0, "total": 6, "batsman": 6}, "batsman": "KL Rahul"}}, {"14.6": {"non_striker": "DA Miller", "bowler": "JD Unadkat", "runs": {"extras": 0, "total": 2, "batsman": 2}, "batsman": "KL Rahul"}}, {"15.1": {"non_striker": "KL Rahul", "bowler": "S Gopal", "runs": {"extras": 0, "total": 1, "batsman": 1}, "batsman": "DA Miller"}}, {"15.2": {"non_striker": "DA Miller", "bowler": "S Gopal", "runs": {"extras": 0, "total": 0, "batsman": 0}, "batsman": "KL Rahul"}}, {"15.3": {"non_striker": "DA Miller", "bowler": "S Gopal", "runs": {"extras": 0, "total": 1, "batsman": 1}, "batsman": "KL Rahul"}}, {"15.4": {"non_striker": "KL Rahul", "bowler": "S Gopal", "runs": {"extras": 0, "total": 1, "batsman": 1}, "batsman": "DA Miller"}}, {"15.5": {"non_striker": "DA Miller", "bowler": "S Gopal", "runs": {"extras": 0, "total": 0, "batsman": 0}, "batsman": "KL Rahul"}}, {"15.6": {"non_striker": "DA Miller", "bowler": "S Gopal", "runs": {"extras": 1, "total": 1, "batsman": 0}, "extras": {"byes": 1}, "batsman": "KL Rahul"}}, {"16.1": {"non_striker": "DA Miller", "bowler": "JC Archer", "runs": {"extras": 0, "total": 1, "batsman": 1}, "batsman": "KL Rahul"}}, {"16.2": {"non_striker": "KL Rahul", "bowler": "JC Archer", "runs": {"extras": 4, "total": 4, "batsman": 0}, "extras": {"byes": 3, "noballs": 1}, "batsman": "DA Miller"}}, {"16.3": {"non_striker": "DA Miller", "bowler": "JC Archer", "runs": {"extras": 0, "total": 0, "batsman": 0}, "batsman": "KL Rahul"}}, {"16.4": {"non_striker": "DA Miller", "bowler": "JC Archer", "runs": {"extras": 0, "total": 4, "batsman": 4}, "batsman": "KL Rahul"}}, {"16.5": {"non_striker": "DA Miller", "bowler": "JC Archer", "runs": {"extras": 0, "total": 1, "batsman": 1}, "batsman": "KL Rahul"}}, {"16.6": {"non_striker": "KL Rahul", "bowler": "JC Archer", "runs": {"extras": 0, "total": 2, "batsman": 2}, "batsman": "DA Miller"}}, {"16.7": {"non_striker": "KL Rahul", "bowler": "JC Archer", "runs": {"extras": 0, "total": 0, "batsman": 0}, "batsman": "DA Miller"}}, {"17.1": {"non_striker": "DA Miller", "bowler": "JD Unadkat", "runs": {"extras": 0, "total": 0, "batsman": 0}, "batsman": "KL Rahul", "wicket": {"player_out": "KL Rahul", "fielders": ["JC Archer"], "kind": "caught"}}}, {"17.2": {"non_striker": "DA Miller", "bowler": "JD Unadkat", "runs": {"extras": 0, "total": 2, "batsman": 2}, "batsman": "N Pooran"}}, {"17.3": {"non_striker": "DA Miller", "bowler": "JD Unadkat", "runs": {"extras": 0, "total": 1, "batsman": 1}, "batsman": "N Pooran"}}, {"17.4": {"non_striker": "N Pooran", "bowler": "JD Unadkat", "runs": {"extras": 0, "total": 1, "batsman": 1}, "batsman": "DA Miller"}}, {"17.5": {"non_striker": "DA Miller", "bowler": "JD Unadkat", "runs": {"extras": 1, "total": 1, "batsman": 0}, "extras": {"legbyes": 1}, "batsman": "N Pooran"}}, {"17.6": {"non_striker": "N Pooran", "bowler": "JD Unadkat", "runs": {"extras": 0, "total": 4, "batsman": 4}, "batsman": "DA Miller"}}, {"18.1": {"non_striker": "DA Miller", "bowler": "JC Archer", "runs": {"extras": 0, "total": 0, "batsman": 0}, "batsman": "N Pooran"}}, {"18.2": {"non_striker": "DA Miller", "bowler": "JC Archer", "runs": {"extras": 0, "total": 2, "batsman": 2}, "batsman": "N Pooran"}}, {"18.3": {"non_striker": "DA Miller", "bowler": "JC Archer", "runs": {"extras": 0, "total": 0, "batsman": 0}, "batsman": "N Pooran", "wicket": {"player_out": "N Pooran", "fielders": ["AM Rahane"], "kind": "caught"}}}, {"18.4": {"non_striker": "Mandeep Singh", "bowler": "JC Archer", "runs": {"extras": 0, "total": 1, "batsman": 1}, "batsman": "DA Miller"}}, {"18.5": {"non_striker": "DA Miller", "bowler": "JC Archer", "runs": {"extras": 0, "total": 0, "batsman": 0}, "batsman": "Mandeep Singh"}}, {"18.6": {"non_striker": "DA Miller", "bowler": "JC Archer", "runs": {"extras": 0, "total": 0, "batsman": 0}, "batsman": "Mandeep Singh", "wicket": {"player_out": "Mandeep Singh", "kind": "bowled"}}}, {"19.1": {"non_striker": "R Ashwin", "bowler": "DS Kulkarni", "runs": {"extras": 0, "total": 0, "batsman": 0}, "batsman": "DA Miller", "wicket": {"player_out": "DA Miller", "fielders": ["JC Buttler"], "kind": "caught"}}}, {"19.2": {"non_striker": "Mujeeb Ur Rahman", "bowler": "DS Kulkarni", "runs": {"extras": 0, "total": 4, "batsman": 4}, "batsman": "R Ashwin"}}, {"19.3": {"non_striker": "Mujeeb Ur Rahman", "bowler": "DS Kulkarni", "runs": {"extras": 0, "total": 1, "batsman": 1}, "batsman": "R Ashwin"}}, {"19.4": {"non_striker": "R Ashwin", "bowler": "DS Kulkarni", "runs": {"extras": 1, "total": 1, "batsman": 0}, "extras": {"legbyes": 1}, "batsman": "Mujeeb Ur Rahman"}}, {"19.5": {"non_striker": "Mujeeb Ur Rahman", "bowler": "DS Kulkarni", "runs": {"extras": 0, "total": 6, "batsman": 6}, "batsman": "R Ashwin"}}, {"19.6": {"non_striker": "Mujeeb Ur Rahman", "bowler": "DS Kulkarni", "runs": {"extras": 0, "total": 6, "batsman": 6}, "batsman": "R Ashwin"}}]