[{"0.1": {"non_striker": "WP Saha", "bowler": "Arshdeep Singh", "runs": {"extras": 0, "total": 0, "batsman": 0}, "batsman": "DA Warner"}}, {"0.2": {"non_striker": "WP Saha", "bowler": "Arshdeep Singh", "runs": {"extras": 0, "total": 0, "batsman": 0}, "batsman": "DA Warner"}}, {"0.3": {"non_striker": "WP Saha", "bowler": "Arshdeep Singh", "runs": {"extras": 1, "total": 1, "batsman": 0}, "extras": {"wides": 1}, "batsman": "DA Warner"}}, {"0.4": {"non_striker": "WP Saha", "bowler": "Arshdeep Singh", "runs": {"extras": 0, "total": 4, "batsman": 4}, "batsman": "DA Warner"}}, {"0.5": {"non_striker": "WP Saha", "bowler": "Arshdeep Singh", "runs": {"extras": 0, "total": 0, "batsman": 0}, "batsman": "DA Warner"}}, {"0.6": {"non_striker": "WP Saha", "bowler": "Arshdeep Singh", "runs": {"extras": 0, "total": 4, "batsman": 4}, "batsman": "DA Warner"}}, {"0.7": {"non_striker": "WP Saha", "bowler": "Arshdeep Singh", "runs": {"extras": 0, "total": 1, "batsman": 1}, "batsman": "DA Warner"}}, {"1.1": {"non_striker": "WP Saha", "bowler": "Mujeeb Ur Rahman", "runs": {"extras": 0, "total": 0, "batsman": 0}, "batsman": "DA Warner"}}, {"1.2": {"non_striker": "WP Saha", "bowler": "Mujeeb Ur Rahman", "runs": {"extras": 0, "total": 1, "batsman": 1}, "batsman": "DA Warner"}}, {"1.3": {"non_striker": "DA Warner", "bowler": "Mujeeb Ur Rahman", "runs": {"extras": 0, "total": 2, "batsman": 2}, "batsman": "WP Saha"}}, {"1.4": {"non_striker": "DA Warner", "bowler": "Mujeeb Ur Rahman", "runs": {"extras": 0, "total": 1, "batsman": 1}, "batsman": "WP Saha"}}, {"1.5": {"non_striker": "WP Saha", "bowler": "Mujeeb Ur Rahman", "runs": {"extras": 0, "total": 6, "batsman": 6}, "batsman": "DA Warner"}}, {"1.6": {"non_striker": "WP Saha", "bowler": "Mujeeb Ur Rahman", "runs": {"extras": 0, "total": 0, "batsman": 0}, "batsman": "DA Warner"}}, {"2.1": {"non_striker": "DA Warner", "bowler": "Arshdeep Singh", "runs": {"extras": 0, "total": 3, "batsman": 3}, "batsman": "WP Saha"}}, {"2.2": {"non_striker": "WP Saha", "bowler": "Arshdeep Singh", "runs": {"extras": 1, "total": 1, "batsman": 0}, "extras": {"legbyes": 1}, "batsman": "DA Warner"}}, {"2.3": {"non_striker": "DA Warner", "bowler": "Arshdeep Singh", "runs": {"extras": 0, "total": 4, "batsman": 4}, "batsman": "WP Saha"}}, {"2.4": {"non_striker": "DA Warner", "bowler": "Arshdeep Singh", "runs": {"extras": 1, "total": 1, "batsman": 0}, "extras": {"wides": 1}, "batsman": "WP Saha"}}, {"2.5": {"non_striker": "DA Warner", "bowler": "Arshdeep Singh", "runs": {"extras": 0, "total": 1, "batsman": 1}, "batsman": "WP Saha"}}, {"2.6": {"non_striker": "WP Saha", "bowler": "Arshdeep Singh", "runs": {"extras": 0, "total": 1, "batsman": 1}, "batsman": "DA Warner"}}, {"2.7": {"non_striker": "DA Warner", "bowler": "Arshdeep Singh", "runs": {"extras": 4, "total": 4, "batsman": 0}, "extras": {"byes": 4}, "batsman": "WP Saha"}}, {"3.1": {"non_striker": "WP Saha", "bowler": "Mujeeb Ur Rahman", "runs": {"extras": 0, "total": 0, "batsman": 0}, "batsman": "DA Warner"}}, {"3.2": {"non_striker": "WP Saha", "bowler": "Mujeeb Ur Rahman", "runs": {"extras": 5, "total": 5, "batsman": 0}, "extras": {"wides": 5}, "batsman": "DA Warner"}}, {"3.3": {"non_striker": "WP Saha", "bowler": "Mujeeb Ur Rahman", "runs": {"extras": 0, "total": 4, "batsman": 4}, "batsman": "DA Warner"}}, {"3.4": {"non_striker": "WP Saha", "bowler": "Mujeeb Ur Rahman", "runs": {"extras": 0, "total": 4, "batsman": 4}, "batsman": "DA Warner"}}, {"3.5": {"non_striker": "WP Saha", "bowler": "Mujeeb Ur Rahman", "runs": {"extras": 0, "total": 0, "batsman": 0}, "batsman": "DA Warner"}}, {"3.6": {"non_striker": "WP Saha", "bowler": "Mujeeb Ur Rahman", "runs": {"extras": 0, "total": 1, "batsman": 1}, "batsman": "DA Warner"}}, {"3.7": {"non_striker": "DA Warner", "bowler": "Mujeeb Ur Rahman", "runs": {"extras": 0, "total": 4, "batsman": 4}, "batsman": "WP Saha"}}, {"4.1": {"non_striker": "WP Saha", "bowler": "Mohammed Shami", "runs": {"extras": 0, "total": 0, "batsman": 0}, "batsman": "DA Warner"}}, {"4.2": {"non_striker": "WP Saha", "bowler": "Mohammed Shami", "runs": {"extras": 0, "total": 1, "batsman": 1}, "batsman": "DA Warner"}}, {"4.3": {"non_striker": "DA Warner", "bowler": "Mohammed Shami", "runs": {"extras": 0, "total": 1, "batsman": 1}, "batsman": "WP Saha"}}, {"4.4": {"non_striker": "WP Saha", "bowler": "Mohammed Shami", "runs": {"extras": 0, "total": 1, "batsman": 1}, "batsman": "DA Warner"}}, {"4.5": {"non_striker": "DA Warner", "bowler": "Mohammed Shami", "runs": {"extras": 0, "total": 4, "batsman": 4}, "batsman": "WP Saha"}}, {"4.6": {"non_striker": "DA Warner", "bowler": "Mohammed Shami", "runs": {"extras": 0, "total": 6, "batsman": 6}, "batsman": "WP Saha"}}, {"5.1": {"non_striker": "WP Saha", "bowler": "R Ashwin", "runs": {"extras": 0, "total": 6, "batsman": 6}, "batsman": "DA Warner"}}, {"5.2": {"non_striker": "WP Saha", "bowler": "R Ashwin", "runs": {"extras": 0, "total": 1, "batsman": 1}, "batsman": "DA Warner"}}, {"5.3": {"non_striker": "DA Warner", "bowler": "R Ashwin", "runs": {"extras": 0, "total": 1, "batsman": 1}, "batsman": "WP Saha"}}, {"5.4": {"non_striker": "WP Saha", "bowler": "R Ashwin", "runs": {"extras": 0, "total": 1, "batsman": 1}, "batsman": "DA Warner"}}, {"5.5": {"non_striker": "DA Warner", "bowler": "R Ashwin", "runs": {"extras": 0, "total": 1, "batsman": 1}, "batsman": "WP Saha"}}, {"5.6": {"non_striker": "WP Saha", "bowler": "R Ashwin", "runs": {"extras": 0, "total": 1, "batsman": 1}, "batsman": "DA Warner"}}, {"6.1": {"non_striker": "WP Saha", "bowler": "M Ashwin", "runs": {"extras": 0, "total": 1, "batsman": 1}, "batsman": "DA Warner"}}, {"6.2": {"non_striker": "DA Warner", "bowler": "M Ashwin", "runs": {"extras": 0, "total": 0, "batsman": 0}, "batsman": "WP Saha", "wicket": {"player_out": "WP Saha", "fielders": ["P Simran Singh"], "kind": "caught"}}}, {"6.3": {"non_striker": "DA Warner", "bowler": "M Ashwin", "runs": {"extras": 0, "total": 0, "batsman": 0}, "batsman": "MK Pandey"}}, {"6.4": {"non_striker": "DA Warner", "bowler": "M Ashwin", "runs": {"extras": 0, "total": 1, "batsman": 1}, "batsman": "MK Pandey"}}, {"6.5": {"non_striker": "MK Pandey", "bowler": "M Ashwin", "runs": {"extras": 0, "total": 0, "batsman": 0}, "batsman": "DA Warner"}}, {"6.6": {"non_striker": "MK Pandey", "bowler": "M Ashwin", "runs": {"extras": 1, "total": 1, "batsman": 0}, "extras": {"wides": 1}, "batsman": "DA Warner"}}, {"6.7": {"non_striker": "MK Pandey", "bowler": "M Ashwin", "runs": {"extras": 1, "total": 1, "batsman": 0}, "extras": {"wides": 1}, "batsman": "DA Warner"}}, {"6.8": {"non_striker": "MK Pandey", "bowler": "M Ashwin", "runs": {"extras": 0, "total": 1, "batsman": 1}, "batsman": "DA Warner"}}, {"7.1": {"non_striker": "MK Pandey", "bowler": "R Ashwin", "runs": {"extras": 1, "total": 1, "batsman": 0}, "extras": {"wides": 1}, "batsman": "DA Warner"}}, {"7.2": {"non_striker": "MK Pandey", "bowler": "R Ashwin", "runs": {"extras": 0, "total": 1, "batsman": 1}, "batsman": "DA Warner"}}, {"7.3": {"non_striker": "DA Warner", "bowler": "R Ashwin", "runs": {"extras": 0, "total": 1, "batsman": 1}, "batsman": "MK Pandey"}}, {"7.4": {"non_striker": "MK Pandey", "bowler": "R Ashwin", "runs": {"extras": 0, "total": 0, "batsman": 0}, "batsman": "DA Warner"}}, {"7.5": {"non_striker": "MK Pandey", "bowler": "R Ashwin", "runs": {"extras": 0, "total": 1, "batsman": 1}, "batsman": "DA Warner"}}, {"7.6": {"non_striker": "DA Warner", "bowler": "R Ashwin", "runs": {"extras": 0, "total": 4, "batsman": 4}, "batsman": "MK Pandey"}}, {"7.7": {"non_striker": "DA Warner", "bowler": "R Ashwin", "runs": {"extras": 0, "total": 1, "batsman": 1}, "batsman": "MK Pandey"}}, {"8.1": {"non_striker": "DA Warner", "bowler": "M Ashwin", "runs": {"extras": 0, "total": 1, "batsman": 1}, "batsman": "MK Pandey"}}, {"8.2": {"non_striker": "MK Pandey", "bowler": "M Ashwin", "runs": {"extras": 0, "total": 2, "batsman": 2}, "batsman": "DA Warner"}}, {"8.3": {"non_striker": "MK Pandey", "bowler": "M Ashwin", "runs": {"extras": 0, "total": 1, "batsman": 1}, "batsman": "DA Warner"}}, {"8.4": {"non_striker": "DA Warner", "bowler": "M Ashwin", "runs": {"extras": 0, "total": 0, "batsman": 0}, "batsman": "MK Pandey"}}, {"8.5": {"non_striker": "DA Warner", "bowler": "M Ashwin", "runs": {"extras": 0, "total": 1, "batsman": 1}, "batsman": "MK Pandey"}}, {"8.6": {"non_striker": "MK Pandey", "bowler": "M Ashwin", "runs": {"extras": 0, "total": 1, "batsman": 1}, "batsman": "DA Warner"}}, {"9.1": {"non_striker": "MK Pandey", "bowler": "R Ashwin", "runs": {"extras": 0, "total": 1, "batsman": 1}, "batsman": "DA Warner"}}, {"9.2": {"non_striker": "DA Warner", "bowler": "R Ashwin", "runs": {"extras": 0, "total": 0, "batsman": 0}, "batsman": "MK Pandey"}}, {"9.3": {"non_striker": "DA Warner", "bowler": "R Ashwin", "runs": {"extras": 0, "total": 1, "batsman": 1}, "batsman": "MK Pandey"}}, {"9.4": {"non_striker": "MK Pandey", "bowler": "R Ashwin", "runs": {"extras": 0, "total": 1, "batsman": 1}, "batsman": "DA Warner"}}, {"9.5": {"non_striker": "DA Warner", "bowler": "R Ashwin", "runs": {"extras": 0, "total": 2, "batsman": 2}, "batsman": "MK Pandey"}}, {"9.6": {"non_striker": "DA Warner", "bowler": "R Ashwin", "runs": {"extras": 0, "total": 1, "batsman": 1}, "batsman": "MK Pandey"}}, {"10.1": {"non_striker": "DA Warner", "bowler": "M Ashwin", "runs": {"extras": 0, "total": 1, "batsman": 1}, "batsman": "MK Pandey"}}, {"10.2": {"non_striker": "MK Pandey", "bowler": "M Ashwin", "runs": {"extras": 0, "total": 1, "batsman": 1}, "batsman": "DA Warner"}}, {"10.3": {"non_striker": "DA Warner", "bowler": "M Ashwin", "runs": {"extras": 0, "total": 4, "batsman": 4}, "batsman": "MK Pandey"}}, {"10.4": {"non_striker": "DA Warner", "bowler": "M Ashwin", "runs": {"extras": 0, "total": 1, "batsman": 1}, "batsman": "MK Pandey"}}, {"10.5": {"non_striker": "MK Pandey", "bowler": "M Ashwin", "runs": {"extras": 0, "total": 1, "batsman": 1}, "batsman": "DA Warner"}}, {"10.6": {"non_striker": "DA Warner", "bowler": "M Ashwin", "runs": {"extras": 0, "total": 1, "batsman": 1}, "batsman": "MK Pandey"}}, {"11.1": {"non_striker": "DA Warner", "bowler": "Mohammed Shami", "runs": {"extras": 0, "total": 1, "batsman": 1}, "batsman": "MK Pandey"}}, {"11.2": {"non_striker": "MK Pandey", "bowler": "Mohammed Shami", "runs": {"extras": 0, "total": 4, "batsman": 4}, "batsman": "DA Warner"}}, {"11.3": {"non_striker": "MK Pandey", "bowler": "Mohammed Shami", "runs": {"extras": 0, "total": 2, "batsman": 2}, "batsman": "DA Warner"}}, {"11.4": {"non_striker": "MK Pandey", "bowler": "Mohammed Shami", "runs": {"extras": 0, "total": 0, "batsman": 0}, "batsman": "DA Warner"}}, {"11.5": {"non_striker": "MK Pandey", "bowler": "Mohammed Shami", "runs": {"extras": 0, "total": 2, "batsman": 2}, "batsman": "DA Warner"}}, {"11.6": {"non_striker": "MK Pandey", "bowler": "Mohammed Shami", "runs": {"extras": 0, "total": 1, "batsman": 1}, "batsman": "DA Warner"}}, {"12.1": {"non_striker": "MK Pandey", "bowler": "M Ashwin", "runs": {"extras": 0, "total": 2, "batsman": 2}, "batsman": "DA Warner"}}, {"12.2": {"non_striker": "MK Pandey", "bowler": "M Ashwin", "runs": {"extras": 0, "total": 1, "batsman": 1}, "batsman": "DA Warner"}}, {"12.3": {"non_striker": "DA Warner", "bowler": "M Ashwin", "runs": {"extras": 0, "total": 6, "batsman": 6}, "batsman": "MK Pandey"}}, {"12.4": {"non_striker": "DA Warner", "bowler": "M Ashwin", "runs": {"extras": 0, "total": 0, "batsman": 0}, "batsman": "MK Pandey"}}, {"12.5": {"non_striker": "DA Warner", "bowler": "M Ashwin", "runs": {"extras": 0, "total": 1, "batsman": 1}, "batsman": "MK Pandey"}}, {"12.6": {"non_striker": "MK Pandey", "bowler": "M Ashwin", "runs": {"extras": 0, "total": 2, "batsman": 2}, "batsman": "DA Warner"}}, {"13.1": {"non_striker": "DA Warner", "bowler": "Mujeeb Ur Rahman", "runs": {"extras": 0, "total": 2, "batsman": 2}, "batsman": "MK Pandey"}}, {"13.2": {"non_striker": "DA Warner", "bowler": "Mujeeb Ur Rahman", "runs": {"extras": 0, "total": 1, "batsman": 1}, "batsman": "MK Pandey"}}, {"13.3": {"non_striker": "MK Pandey", "bowler": "Mujeeb Ur Rahman", "runs": {"extras": 0, "total": 2, "batsman": 2}, "batsman": "DA Warner"}}, {"13.4": {"non_striker": "MK Pandey", "bowler": "Mujeeb Ur Rahman", "runs": {"extras": 0, "total": 4, "batsman": 4}, "batsman": "DA Warner"}}, {"13.5": {"non_striker": "MK Pandey", "bowler": "Mujeeb Ur Rahman", "runs": {"extras": 0, "total": 2, "batsman": 2}, "batsman": "DA Warner"}}, {"13.6": {"non_striker": "MK Pandey", "bowler": "Mujeeb Ur Rahman", "runs": {"extras": 0, "total": 1, "batsman": 1}, "batsman": "DA Warner"}}, {"14.1": {"non_striker": "MK Pandey", "bowler": "Arshdeep Singh", "runs": {"extras": 0, "total": 2, "batsman": 2}, "batsman": "DA Warner"}}, {"14.2": {"non_striker": "MK Pandey", "bowler": "Arshdeep Singh", "runs": {"extras": 0, "total": 4, "batsman": 4}, "batsman": "DA Warner"}}, {"14.3": {"non_striker": "MK Pandey", "bowler": "Arshdeep Singh", "runs": {"extras": 0, "total": 1, "batsman": 1}, "batsman": "DA Warner"}}, {"14.4": {"non_striker": "DA Warner", "bowler": "Arshdeep Singh", "runs": {"extras": 0, "total": 4, "batsman": 4}, "batsman": "MK Pandey"}}, {"14.5": {"non_striker": "DA Warner", "bowler": "Arshdeep Singh", "runs": {"extras": 0, "total": 1, "batsman": 1}, "batsman": "MK Pandey"}}, {"14.6": {"non_striker": "MK Pandey", "bowler": "Arshdeep Singh", "runs": {"extras": 0, "total": 1, "batsman": 1}, "batsman": "DA Warner"}}, {"15.1": {"non_striker": "MK Pandey", "bowler": "R Ashwin", "runs": {"extras": 0, "total": 0, "batsman": 0}, "batsman": "DA Warner"}}, {"15.2": {"non_striker": "MK Pandey", "bowler": "R Ashwin", "runs": {"extras": 0, "total": 1, "batsman": 1}, "batsman": "DA Warner"}}, {"15.3": {"non_striker": "DA Warner", "bowler": "R Ashwin", "runs": {"extras": 0, "total": 0, "batsman": 0}, "batsman": "MK Pandey", "wicket": {"player_out": "MK Pandey", "fielders": ["Mohammed Shami"], "kind": "caught"}}}, {"15.4": {"non_striker": "DA Warner", "bowler": "R Ashwin", "runs": {"extras": 0, "total": 2, "batsman": 2}, "batsman": "Mohammad Nabi"}}, {"15.5": {"non_striker": "DA Warner", "bowler": "R Ashwin", "runs": {"extras": 0, "total": 1, "batsman": 1}, "batsman": "Mohammad Nabi"}}, {"15.6": {"non_striker": "Mohammad Nabi", "bowler": "R Ashwin", "runs": {"extras": 0, "total": 0, "batsman": 0}, "batsman": "DA Warner", "wicket": {"player_out": "DA Warner", "fielders": ["Mujeeb Ur Rahman"], "kind": "caught"}}}, {"16.1": {"non_striker": "KS Williamson", "bowler": "Mohammed Shami", "runs": {"extras": 0, "total": 1, "batsman": 1}, "batsman": "Mohammad Nabi"}}, {"16.2": {"non_striker": "Mohammad Nabi", "bowler": "Mohammed Shami", "runs": {"extras": 0, "total": 1, "batsman": 1}, "batsman": "KS Williamson"}}, {"16.3": {"non_striker": "KS Williamson", "bowler": "Mohammed Shami", "runs": {"extras": 0, "total": 1, "batsman": 1}, "batsman": "Mohammad Nabi"}}, {"16.4": {"non_striker": "Mohammad Nabi", "bowler": "Mohammed Shami", "runs": {"extras": 0, "total": 1, "batsman": 1}, "batsman": "KS Williamson"}}, {"16.5": {"non_striker": "KS Williamson", "bowler": "Mohammed Shami", "runs": {"extras": 0, "total": 1, "batsman": 1}, "batsman": "Mohammad Nabi"}}, {"16.6": {"non_striker": "Mohammad Nabi", "bowler": "Mohammed Shami", "runs": {"extras": 0, "total": 1, "batsman": 1}, "batsman": "KS Williamson"}}, {"17.1": {"non_striker": "Mohammad Nabi", "bowler": "Mujeeb Ur Rahman", "runs": {"extras": 0, "total": 4, "batsman": 4}, "batsman": "KS Williamson"}}, {"17.2": {"non_striker": "Mohammad Nabi", "bowler": "Mujeeb Ur Rahman", "runs": {"extras": 0, "total": 6, "batsman": 6}, "batsman": "KS Williamson"}}, {"17.3": {"non_striker": "Mohammad Nabi", "bowler": "Mujeeb Ur Rahman", "runs": {"extras": 0, "total": 1, "batsman": 1}, "batsman": "KS Williamson"}}, {"17.4": {"non_striker": "KS Williamson", "bowler": "Mujeeb Ur Rahman", "runs": {"extras": 0, "total": 6, "batsman": 6}, "batsman": "Mohammad Nabi"}}, {"17.5": {"non_striker": "KS Williamson", "bowler": "Mujeeb Ur Rahman", "runs": {"extras": 1, "total": 1, "batsman": 0}, "extras": {"wides": 1}, "batsman": "Mohammad Nabi"}}, {"17.6": {"non_striker": "KS Williamson", "bowler": "Mujeeb Ur Rahman", "runs": {"extras": 1, "total": 1, "batsman": 0}, "extras": {"wides": 1}, "batsman": "Mohammad Nabi"}}, {"17.7": {"non_striker": "KS Williamson", "bowler": "Mujeeb Ur Rahman", "runs": {"extras": 0, "total": 6, "batsman": 6}, "batsman": "Mohammad Nabi"}}, {"17.8": {"non_striker": "KS Williamson", "bowler": "Mujeeb Ur Rahman", "runs": {"extras": 0, "total": 1, "batsman": 1}, "batsman": "Mohammad Nabi"}}, {"18.1": {"non_striker": "KS Williamson", "bowler": "Mohammed Shami", "runs": {"extras": 1, "total": 1, "batsman": 0}, "extras": {"wides": 1}, "batsman": "Mohammad Nabi"}}, {"18.2": {"non_striker": "KS Williamson", "bowler": "Mohammed Shami", "runs": {"extras": 0, "total": 1, "batsman": 1}, "batsman": "Mohammad Nabi"}}, {"18.3": {"non_striker": "Mohammad Nabi", "bowler": "Mohammed Shami", "runs": {"extras": 0, "total": 0, "batsman": 0}, "batsman": "KS Williamson", "wicket": {"player_out": "KS Williamson", "fielders": ["M Ashwin"], "kind": "caught"}}}, {"18.4": {"non_striker": "Mohammad Nabi", "bowler": "Mohammed Shami", "runs": {"extras": 0, "total": 1, "batsman": 1}, "batsman": "Rashid Khan"}}, {"18.5": {"non_striker": "Rashid Khan", "bowler": "Mohammed Shami", "runs": {"extras": 0, "total": 0, "batsman": 0}, "batsman": "Mohammad Nabi", "wicket": {"player_out": "Mohammad Nabi", "kind": "bowled"}}}, {"18.6": {"non_striker": "Rashid Khan", "bowler": "Mohammed Shami", "runs": {"extras": 0, "total": 2, "batsman": 2}, "batsman": "V Shankar"}}, {"18.7": {"non_striker": "Rashid Khan", "bowler": "Mohammed Shami", "runs": {"extras": 0, "total": 2, "batsman": 2}, "batsman": "V Shankar"}}, {"19.1": {"non_striker": "V Shankar", "bowler": "Arshdeep Singh", "runs": {"extras": 0, "total": 0, "batsman": 0}, "batsman": "Rashid Khan", "wicket": {"player_out": "Rashid Khan", "kind": "bowled"}}}, {"19.2": {"non_striker": "V Shankar", "bowler": "Arshdeep Singh", "runs": {"extras": 1, "total": 1, "batsman": 0}, "extras": {"legbyes": 1}, "batsman": "Abhishek Sharma"}}, {"19.3": {"non_striker": "Abhishek Sharma", "bowler": "Arshdeep Singh", "runs": {"extras": 0, "total": 1, "batsman": 1}, "batsman": "V Shankar"}}, {"19.4": {"non_striker": "V Shankar", "bowler": "Arshdeep Singh", "runs": {"extras": 1, "total": 1, "batsman": 0}, "extras": {"wides": 1}, "batsman": "Abhishek Sharma"}}, {"19.5": {"non_striker": "V Shankar", "bowler": "Arshdeep Singh", "runs": {"extras": 0, "total": 4, "batsman": 4}, "batsman": "Abhishek Sharma"}}, {"19.6": {"non_striker": "V Shankar", "bowler": "Arshdeep Singh", "runs": {"extras": 0, "total": 1, "batsman": 1}, "batsman": "Abhishek Sharma"}}, {"19.7": {"non_striker": "Abhishek Sharma", "bowler": "Arshdeep Singh", "runs": {"extras": 0, "total": 2, "batsman": 2}, "batsman": "V Shankar"}}]