[{"0.1": {"non_striker": "S Dhawan", "bowler": "HH Pandya", "runs": {"extras": 0, "total": 0, "batsman": 0}, "batsman": "PP Shaw"}}, {"0.2": {"non_striker": "S Dhawan", "bowler": "HH Pandya", "runs": {"extras": 0, "total": 4, "batsman": 4}, "batsman": "PP Shaw"}}, {"0.3": {"non_striker": "S Dhawan", "bowler": "HH Pandya", "runs": {"extras": 0, "total": 4, "batsman": 4}, "batsman": "PP Shaw"}}, {"0.4": {"non_striker": "S Dhawan", "bowler": "HH Pandya", "runs": {"extras": 0, "total": 0, "batsman": 0}, "batsman": "PP Shaw"}}, {"0.5": {"non_striker": "S Dhawan", "bowler": "HH Pandya", "runs": {"extras": 0, "total": 0, "batsman": 0}, "batsman": "PP Shaw"}}, {"0.6": {"non_striker": "S Dhawan", "bowler": "HH Pandya", "runs": {"extras": 0, "total": 0, "batsman": 0}, "batsman": "PP Shaw"}}, {"1.1": {"non_striker": "PP Shaw", "bowler": "RD Chahar", "runs": {"extras": 0, "total": 0, "batsman": 0}, "batsman": "S Dhawan"}}, {"1.2": {"non_striker": "PP Shaw", "bowler": "RD Chahar", "runs": {"extras": 0, "total": 4, "batsman": 4}, "batsman": "S Dhawan"}}, {"1.3": {"non_striker": "PP Shaw", "bowler": "RD Chahar", "runs": {"extras": 0, "total": 0, "batsman": 0}, "batsman": "S Dhawan"}}, {"1.4": {"non_striker": "PP Shaw", "bowler": "RD Chahar", "runs": {"extras": 0, "total": 4, "batsman": 4}, "batsman": "S Dhawan"}}, {"1.5": {"non_striker": "PP Shaw", "bowler": "RD Chahar", "runs": {"extras": 0, "total": 0, "batsman": 0}, "batsman": "S Dhawan"}}, {"1.6": {"non_striker": "PP Shaw", "bowler": "RD Chahar", "runs": {"extras": 0, "total": 2, "batsman": 2}, "batsman": "S Dhawan"}}, {"2.1": {"non_striker": "S Dhawan", "bowler": "SL Malinga", "runs": {"extras": 0, "total": 1, "batsman": 1}, "batsman": "PP Shaw"}}, {"2.2": {"non_striker": "PP Shaw", "bowler": "SL Malinga", "runs": {"extras": 0, "total": 0, "batsman": 0}, "batsman": "S Dhawan"}}, {"2.3": {"non_striker": "PP Shaw", "bowler": "SL Malinga", "runs": {"extras": 0, "total": 4, "batsman": 4}, "batsman": "S Dhawan"}}, {"2.4": {"non_striker": "PP Shaw", "bowler": "SL Malinga", "runs": {"extras": 0, "total": 0, "batsman": 0}, "batsman": "S Dhawan"}}, {"2.5": {"non_striker": "PP Shaw", "bowler": "SL Malinga", "runs": {"extras": 0, "total": 4, "batsman": 4}, "batsman": "S Dhawan"}}, {"2.6": {"non_striker": "PP Shaw", "bowler": "SL Malinga", "runs": {"extras": 0, "total": 1, "batsman": 1}, "batsman": "S Dhawan"}}, {"3.1": {"non_striker": "PP Shaw", "bowler": "J Yadav", "runs": {"extras": 0, "total": 0, "batsman": 0}, "batsman": "S Dhawan"}}, {"3.2": {"non_striker": "PP Shaw", "bowler": "J Yadav", "runs": {"extras": 0, "total": 2, "batsman": 2}, "batsman": "S Dhawan"}}, {"3.3": {"non_striker": "PP Shaw", "bowler": "J Yadav", "runs": {"extras": 0, "total": 1, "batsman": 1}, "batsman": "S Dhawan"}}, {"3.4": {"non_striker": "S Dhawan", "bowler": "J Yadav", "runs": {"extras": 0, "total": 0, "batsman": 0}, "batsman": "PP Shaw"}}, {"3.5": {"non_striker": "S Dhawan", "bowler": "J Yadav", "runs": {"extras": 0, "total": 1, "batsman": 1}, "batsman": "PP Shaw"}}, {"3.6": {"non_striker": "PP Shaw", "bowler": "J Yadav", "runs": {"extras": 0, "total": 6, "batsman": 6}, "batsman": "S Dhawan"}}, {"4.1": {"non_striker": "S Dhawan", "bowler": "JJ Bumrah", "runs": {"extras": 0, "total": 0, "batsman": 0}, "batsman": "PP Shaw"}}, {"4.2": {"non_striker": "S Dhawan", "bowler": "JJ Bumrah", "runs": {"extras": 0, "total": 1, "batsman": 1}, "batsman": "PP Shaw"}}, {"4.3": {"non_striker": "PP Shaw", "bowler": "JJ Bumrah", "runs": {"extras": 0, "total": 0, "batsman": 0}, "batsman": "S Dhawan"}}, {"4.4": {"non_striker": "PP Shaw", "bowler": "JJ Bumrah", "runs": {"extras": 0, "total": 1, "batsman": 1}, "batsman": "S Dhawan"}}, {"4.5": {"non_striker": "S Dhawan", "bowler": "JJ Bumrah", "runs": {"extras": 0, "total": 1, "batsman": 1}, "batsman": "PP Shaw"}}, {"4.6": {"non_striker": "PP Shaw", "bowler": "JJ Bumrah", "runs": {"extras": 0, "total": 1, "batsman": 1}, "batsman": "S Dhawan"}}, {"5.1": {"non_striker": "PP Shaw", "bowler": "J Yadav", "runs": {"extras": 0, "total": 1, "batsman": 1}, "batsman": "S Dhawan"}}, {"5.2": {"non_striker": "S Dhawan", "bowler": "J Yadav", "runs": {"extras": 0, "total": 0, "batsman": 0}, "batsman": "PP Shaw"}}, {"5.3": {"non_striker": "S Dhawan", "bowler": "J Yadav", "runs": {"extras": 0, "total": 0, "batsman": 0}, "batsman": "PP Shaw"}}, {"5.4": {"non_striker": "S Dhawan", "bowler": "J Yadav", "runs": {"extras": 0, "total": 1, "batsman": 1}, "batsman": "PP Shaw"}}, {"5.5": {"non_striker": "PP Shaw", "bowler": "J Yadav", "runs": {"extras": 0, "total": 4, "batsman": 4}, "batsman": "S Dhawan"}}, {"5.6": {"non_striker": "PP Shaw", "bowler": "J Yadav", "runs": {"extras": 0, "total": 0, "batsman": 0}, "batsman": "S Dhawan"}}, {"6.1": {"non_striker": "S Dhawan", "bowler": "RD Chahar", "runs": {"extras": 0, "total": 0, "batsman": 0}, "batsman": "PP Shaw"}}, {"6.2": {"non_striker": "S Dhawan", "bowler": "RD Chahar", "runs": {"extras": 0, "total": 1, "batsman": 1}, "batsman": "PP Shaw"}}, {"6.3": {"non_striker": "PP Shaw", "bowler": "RD Chahar", "runs": {"extras": 0, "total": 0, "batsman": 0}, "batsman": "S Dhawan", "wicket": {"player_out": "S Dhawan", "kind": "bowled"}}}, {"6.4": {"non_striker": "PP Shaw", "bowler": "RD Chahar", "runs": {"extras": 0, "total": 0, "batsman": 0}, "batsman": "C Munro"}}, {"6.5": {"non_striker": "PP Shaw", "bowler": "RD Chahar", "runs": {"extras": 1, "total": 1, "batsman": 0}, "extras": {"wides": 1}, "batsman": "C Munro"}}, {"6.6": {"non_striker": "PP Shaw", "bowler": "RD Chahar", "runs": {"extras": 0, "total": 1, "batsman": 1}, "batsman": "C Munro"}}, {"6.7": {"non_striker": "C Munro", "bowler": "RD Chahar", "runs": {"extras": 0, "total": 1, "batsman": 1}, "batsman": "PP Shaw"}}, {"7.1": {"non_striker": "C Munro", "bowler": "J Yadav", "runs": {"extras": 0, "total": 1, "batsman": 1}, "batsman": "PP Shaw"}}, {"7.2": {"non_striker": "PP Shaw", "bowler": "J Yadav", "runs": {"extras": 0, "total": 1, "batsman": 1}, "batsman": "C Munro"}}, {"7.3": {"non_striker": "C Munro", "bowler": "J Yadav", "runs": {"extras": 0, "total": 1, "batsman": 1}, "batsman": "PP Shaw"}}, {"7.4": {"non_striker": "PP Shaw", "bowler": "J Yadav", "runs": {"extras": 0, "total": 0, "batsman": 0}, "batsman": "C Munro"}}, {"7.5": {"non_striker": "PP Shaw", "bowler": "J Yadav", "runs": {"extras": 0, "total": 1, "batsman": 1}, "batsman": "C Munro"}}, {"7.6": {"non_striker": "C Munro", "bowler": "J Yadav", "runs": {"extras": 0, "total": 1, "batsman": 1}, "batsman": "PP Shaw"}}, {"8.1": {"non_striker": "C Munro", "bowler": "RD Chahar", "runs": {"extras": 0, "total": 2, "batsman": 2}, "batsman": "PP Shaw"}}, {"8.2": {"non_striker": "C Munro", "bowler": "RD Chahar", "runs": {"extras": 0, "total": 0, "batsman": 0}, "batsman": "PP Shaw"}}, {"8.3": {"non_striker": "C Munro", "bowler": "RD Chahar", "runs": {"extras": 0, "total": 0, "batsman": 0}, "batsman": "PP Shaw", "wicket": {"player_out": "PP Shaw", "fielders": ["HH Pandya"], "kind": "caught"}}}, {"8.4": {"non_striker": "C Munro", "bowler": "RD Chahar", "runs": {"extras": 0, "total": 1, "batsman": 1}, "batsman": "SS Iyer"}}, {"8.5": {"non_striker": "SS Iyer", "bowler": "RD Chahar", "runs": {"extras": 0, "total": 0, "batsman": 0}, "batsman": "C Munro"}}, {"8.6": {"non_striker": "SS Iyer", "bowler": "RD Chahar", "runs": {"extras": 0, "total": 0, "batsman": 0}, "batsman": "C Munro"}}, {"9.1": {"non_striker": "C Munro", "bowler": "KH Pandya", "runs": {"extras": 0, "total": 0, "batsman": 0}, "batsman": "SS Iyer"}}, {"9.2": {"non_striker": "C Munro", "bowler": "KH Pandya", "runs": {"extras": 0, "total": 1, "batsman": 1}, "batsman": "SS Iyer"}}, {"9.3": {"non_striker": "SS Iyer", "bowler": "KH Pandya", "runs": {"extras": 0, "total": 0, "batsman": 0}, "batsman": "C Munro"}}, {"9.4": {"non_striker": "SS Iyer", "bowler": "KH Pandya", "runs": {"extras": 0, "total": 0, "batsman": 0}, "batsman": "C Munro", "wicket": {"player_out": "C Munro", "kind": "bowled"}}}, {"9.5": {"non_striker": "SS Iyer", "bowler": "KH Pandya", "runs": {"extras": 0, "total": 1, "batsman": 1}, "batsman": "RR Pant"}}, {"9.6": {"non_striker": "RR Pant", "bowler": "KH Pandya", "runs": {"extras": 0, "total": 1, "batsman": 1}, "batsman": "SS Iyer"}}, {"10.1": {"non_striker": "RR Pant", "bowler": "RD Chahar", "runs": {"extras": 0, "total": 0, "batsman": 0}, "batsman": "SS Iyer"}}, {"10.2": {"non_striker": "RR Pant", "bowler": "RD Chahar", "runs": {"extras": 0, "total": 0, "batsman": 0}, "batsman": "SS Iyer", "wicket": {"player_out": "SS Iyer", "kind": "bowled"}}}, {"10.3": {"non_striker": "RR Pant", "bowler": "RD Chahar", "runs": {"extras": 0, "total": 0, "batsman": 0}, "batsman": "AR Patel"}}, {"10.4": {"non_striker": "RR Pant", "bowler": "RD Chahar", "runs": {"extras": 0, "total": 0, "batsman": 0}, "batsman": "AR Patel"}}, {"10.5": {"non_striker": "RR Pant", "bowler": "RD Chahar", "runs": {"extras": 0, "total": 0, "batsman": 0}, "batsman": "AR Patel"}}, {"10.6": {"non_striker": "RR Pant", "bowler": "RD Chahar", "runs": {"extras": 1, "total": 1, "batsman": 0}, "extras": {"wides": 1}, "batsman": "AR Patel"}}, {"10.7": {"non_striker": "RR Pant", "bowler": "RD Chahar", "runs": {"extras": 0, "total": 1, "batsman": 1}, "batsman": "AR Patel"}}, {"11.1": {"non_striker": "RR Pant", "bowler": "J Yadav", "runs": {"extras": 0, "total": 1, "batsman": 1}, "batsman": "AR Patel"}}, {"11.2": {"non_striker": "AR Patel", "bowler": "J Yadav", "runs": {"extras": 0, "total": 2, "batsman": 2}, "batsman": "RR Pant"}}, {"11.3": {"non_striker": "AR Patel", "bowler": "J Yadav", "runs": {"extras": 0, "total": 0, "batsman": 0}, "batsman": "RR Pant"}}, {"11.4": {"non_striker": "AR Patel", "bowler": "J Yadav", "runs": {"extras": 0, "total": 0, "batsman": 0}, "batsman": "RR Pant"}}, {"11.5": {"non_striker": "AR Patel", "bowler": "J Yadav", "runs": {"extras": 0, "total": 1, "batsman": 1}, "batsman": "RR Pant"}}, {"11.6": {"non_striker": "RR Pant", "bowler": "J Yadav", "runs": {"extras": 0, "total": 0, "batsman": 0}, "batsman": "AR Patel"}}, {"12.1": {"non_striker": "AR Patel", "bowler": "KH Pandya", "runs": {"extras": 0, "total": 0, "batsman": 0}, "batsman": "RR Pant"}}, {"12.2": {"non_striker": "AR Patel", "bowler": "KH Pandya", "runs": {"extras": 0, "total": 1, "batsman": 1}, "batsman": "RR Pant"}}, {"12.3": {"non_striker": "RR Pant", "bowler": "KH Pandya", "runs": {"extras": 0, "total": 1, "batsman": 1}, "batsman": "AR Patel"}}, {"12.4": {"non_striker": "AR Patel", "bowler": "KH Pandya", "runs": {"extras": 0, "total": 0, "batsman": 0}, "batsman": "RR Pant"}}, {"12.5": {"non_striker": "AR Patel", "bowler": "KH Pandya", "runs": {"extras": 0, "total": 0, "batsman": 0}, "batsman": "RR Pant"}}, {"12.6": {"non_striker": "AR Patel", "bowler": "KH Pandya", "runs": {"extras": 0, "total": 2, "batsman": 2}, "batsman": "RR Pant"}}, {"13.1": {"non_striker": "RR Pant", "bowler": "JJ Bumrah", "runs": {"extras": 0, "total": 0, "batsman": 0}, "batsman": "AR Patel"}}, {"13.2": {"non_striker": "RR Pant", "bowler": "JJ Bumrah", "runs": {"extras": 0, "total": 0, "batsman": 0}, "batsman": "AR Patel"}}, {"13.3": {"non_striker": "RR Pant", "bowler": "JJ Bumrah", "runs": {"extras": 0, "total": 2, "batsman": 2}, "batsman": "AR Patel"}}, {"13.4": {"non_striker": "RR Pant", "bowler": "JJ Bumrah", "runs": {"extras": 0, "total": 1, "batsman": 1}, "batsman": "AR Patel"}}, {"13.5": {"non_striker": "AR Patel", "bowler": "JJ Bumrah", "runs": {"extras": 0, "total": 0, "batsman": 0}, "batsman": "RR Pant", "wicket": {"player_out": "RR Pant", "kind": "bowled"}}}, {"13.6": {"non_striker": "AR Patel", "bowler": "JJ Bumrah", "runs": {"extras": 0, "total": 0, "batsman": 0}, "batsman": "CH Morris"}}, {"14.1": {"non_striker": "CH Morris", "bowler": "SL Malinga", "runs": {"extras": 0, "total": 0, "batsman": 0}, "batsman": "AR Patel"}}, {"14.2": {"non_striker": "CH Morris", "bowler": "SL Malinga", "runs": {"extras": 0, "total": 2, "batsman": 2}, "batsman": "AR Patel"}}, {"14.3": {"non_striker": "CH Morris", "bowler": "SL Malinga", "runs": {"extras": 0, "total": 1, "batsman": 1}, "batsman": "AR Patel"}}, {"14.4": {"non_striker": "AR Patel", "bowler": "SL Malinga", "runs": {"extras": 0, "total": 1, "batsman": 1}, "batsman": "CH Morris"}}, {"14.5": {"non_striker": "CH Morris", "bowler": "SL Malinga", "runs": {"extras": 0, "total": 2, "batsman": 2}, "batsman": "AR Patel"}}, {"14.6": {"non_striker": "CH Morris", "bowler": "SL Malinga", "runs": {"extras": 0, "total": 4, "batsman": 4}, "batsman": "AR Patel"}}, {"15.1": {"non_striker": "AR Patel", "bowler": "JJ Bumrah", "runs": {"extras": 0, "total": 6, "batsman": 6}, "batsman": "CH Morris"}}, {"15.2": {"non_striker": "AR Patel", "bowler": "JJ Bumrah", "runs": {"extras": 0, "total": 0, "batsman": 0}, "batsman": "CH Morris"}}, {"15.3": {"non_striker": "AR Patel", "bowler": "JJ Bumrah", "runs": {"extras": 0, "total": 2, "batsman": 2}, "batsman": "CH Morris"}}, {"15.4": {"non_striker": "AR Patel", "bowler": "JJ Bumrah", "runs": {"extras": 0, "total": 1, "batsman": 1}, "batsman": "CH Morris"}}, {"15.5": {"non_striker": "CH Morris", "bowler": "JJ Bumrah", "runs": {"extras": 0, "total": 1, "batsman": 1}, "batsman": "AR Patel"}}, {"15.6": {"non_striker": "AR Patel", "bowler": "JJ Bumrah", "runs": {"extras": 0, "total": 0, "batsman": 0}, "batsman": "CH Morris"}}, {"16.1": {"non_striker": "CH Morris", "bowler": "SL Malinga", "runs": {"extras": 0, "total": 6, "batsman": 6}, "batsman": "AR Patel"}}, {"16.2": {"non_striker": "CH Morris", "bowler": "SL Malinga", "runs": {"extras": 0, "total": 1, "batsman": 1}, "batsman": "AR Patel"}}, {"16.3": {"non_striker": "AR Patel", "bowler": "SL Malinga", "runs": {"extras": 0, "total": 1, "batsman": 1}, "batsman": "CH Morris"}}, {"16.4": {"non_striker": "CH Morris", "bowler": "SL Malinga", "runs": {"extras": 0, "total": 2, "batsman": 2}, "batsman": "AR Patel"}}, {"16.5": {"non_striker": "CH Morris", "bowler": "SL Malinga", "runs": {"extras": 0, "total": 1, "batsman": 1}, "batsman": "AR Patel"}}, {"16.6": {"non_striker": "AR Patel", "bowler": "SL Malinga", "runs": {"extras": 0, "total": 0, "batsman": 0}, "batsman": "CH Morris", "wicket": {"player_out": "CH Morris", "fielders": ["HH Pandya"], "kind": "caught"}}}, {"17.1": {"non_striker": "KMA Paul", "bowler": "JJ Bumrah", "runs": {"extras": 0, "total": 0, "batsman": 0}, "batsman": "AR Patel", "wicket": {"player_out": "KMA Paul", "kind": "run out"}}}, {"17.2": {"non_striker": "K Rabada", "bowler": "JJ Bumrah", "runs": {"extras": 0, "total": 0, "batsman": 0}, "batsman": "AR Patel", "wicket": {"player_out": "AR Patel", "kind": "bowled"}}}, {"17.3": {"non_striker": "K Rabada", "bowler": "JJ Bumrah", "runs": {"extras": 0, "total": 1, "batsman": 1}, "batsman": "A Mishra"}}, {"17.4": {"non_striker": "A Mishra", "bowler": "JJ Bumrah", "runs": {"extras": 1, "total": 1, "batsman": 0}, "extras": {"legbyes": 1}, "batsman": "K Rabada"}}, {"17.5": {"non_striker": "K Rabada", "bowler": "JJ Bumrah", "runs": {"extras": 0, "total": 0, "batsman": 0}, "batsman": "A Mishra"}}, {"17.6": {"non_striker": "K Rabada", "bowler": "JJ Bumrah", "runs": {"extras": 0, "total": 0, "batsman": 0}, "batsman": "A Mishra"}}, {"18.1": {"non_striker": "A Mishra", "bowler": "SL Malinga", "runs": {"extras": 0, "total": 1, "batsman": 1}, "batsman": "K Rabada"}}, {"18.2": {"non_striker": "K Rabada", "bowler": "SL Malinga", "runs": {"extras": 0, "total": 1, "batsman": 1}, "batsman": "A Mishra"}}, {"18.3": {"non_striker": "A Mishra", "bowler": "SL Malinga", "runs": {"extras": 0, "total": 1, "batsman": 1}, "batsman": "K Rabada"}}, {"18.4": {"non_striker": "K Rabada", "bowler": "SL Malinga", "runs": {"extras": 4, "total": 4, "batsman": 0}, "extras": {"legbyes": 4}, "batsman": "A Mishra"}}, {"18.5": {"non_striker": "K Rabada", "bowler": "SL Malinga", "runs": {"extras": 1, "total": 1, "batsman": 0}, "extras": {"wides": 1}, "batsman": "A Mishra"}}, {"18.6": {"non_striker": "K Rabada", "bowler": "SL Malinga", "runs": {"extras": 0, "total": 1, "batsman": 1}, "batsman": "A Mishra"}}, {"18.7": {"non_striker": "A Mishra", "bowler": "SL Malinga", "runs": {"extras": 0, "total": 1, "batsman": 1}, "batsman": "K Rabada"}}, {"19.1": {"non_striker": "A Mishra", "bowler": "HH Pandya", "runs": {"extras": 0, "total": 0, "batsman": 0}, "batsman": "K Rabada"}}, {"19.2": {"non_striker": "A Mishra", "bowler": "HH Pandya", "runs": {"extras": 0, "total": 6, "batsman": 6}, "batsman": "K Rabada"}}, {"19.3": {"non_striker": "A Mishra", "bowler": "HH Pandya", "runs": {"extras": 0, "total": 0, "batsman": 0}, "batsman": "K Rabada"}}, {"19.4": {"non_striker": "A Mishra", "bowler": "HH Pandya", "runs": {"extras": 0, "total": 0, "batsman": 0}, "batsman": "K Rabada", "wicket": {"player_out": "K Rabada", "fielders": ["KA Pollard"], "kind": "caught"}}}, {"19.5": {"non_striker": "I Sharma", "bowler": "HH Pandya", "runs": {"extras": 0, "total": 2, "batsman": 2}, "batsman": "A Mishra"}}, {"19.6": {"non_striker": "I Sharma", "bowler": "HH Pandya", "runs": {"extras": 0, "total": 1, "batsman": 1}, "batsman": "A Mishra"}}]