[{"0.1": {"non_striker": "JM Bairstow", "bowler": "I Sharma", "runs": {"extras": 0, "total": 0, "batsman": 0}, "batsman": "DA Warner"}}, {"0.2": {"non_striker": "JM Bairstow", "bowler": "I Sharma", "runs": {"extras": 0, "total": 0, "batsman": 0}, "batsman": "DA Warner"}}, {"0.3": {"non_striker": "JM Bairstow", "bowler": "I Sharma", "runs": {"extras": 0, "total": 2, "batsman": 2}, "batsman": "DA Warner"}}, {"0.4": {"non_striker": "JM Bairstow", "bowler": "I Sharma", "runs": {"extras": 0, "total": 0, "batsman": 0}, "batsman": "DA Warner"}}, {"0.5": {"non_striker": "JM Bairstow", "bowler": "I Sharma", "runs": {"extras": 0, "total": 0, "batsman": 0}, "batsman": "DA Warner"}}, {"0.6": {"non_striker": "JM Bairstow", "bowler": "I Sharma", "runs": {"extras": 0, "total": 1, "batsman": 1}, "batsman": "DA Warner"}}, {"1.1": {"non_striker": "JM Bairstow", "bowler": "K Rabada", "runs": {"extras": 0, "total": 4, "batsman": 4}, "batsman": "DA Warner"}}, {"1.2": {"non_striker": "JM Bairstow", "bowler": "K Rabada", "runs": {"extras": 0, "total": 0, "batsman": 0}, "batsman": "DA Warner"}}, {"1.3": {"non_striker": "JM Bairstow", "bowler": "K Rabada", "runs": {"extras": 0, "total": 0, "batsman": 0}, "batsman": "DA Warner"}}, {"1.4": {"non_striker": "JM Bairstow", "bowler": "K Rabada", "runs": {"extras": 0, "total": 1, "batsman": 1}, "batsman": "DA Warner"}}, {"1.5": {"non_striker": "DA Warner", "bowler": "K Rabada", "runs": {"extras": 0, "total": 4, "batsman": 4}, "batsman": "JM Bairstow"}}, {"1.6": {"non_striker": "DA Warner", "bowler": "K Rabada", "runs": {"extras": 0, "total": 1, "batsman": 1}, "batsman": "JM Bairstow"}}, {"2.1": {"non_striker": "DA Warner", "bowler": "I Sharma", "runs": {"extras": 0, "total": 0, "batsman": 0}, "batsman": "JM Bairstow"}}, {"2.2": {"non_striker": "DA Warner", "bowler": "I Sharma", "runs": {"extras": 0, "total": 0, "batsman": 0}, "batsman": "JM Bairstow"}}, {"2.3": {"non_striker": "DA Warner", "bowler": "I Sharma", "runs": {"extras": 0, "total": 4, "batsman": 4}, "batsman": "JM Bairstow"}}, {"2.4": {"non_striker": "DA Warner", "bowler": "I Sharma", "runs": {"extras": 0, "total": 4, "batsman": 4}, "batsman": "JM Bairstow"}}, {"2.5": {"non_striker": "DA Warner", "bowler": "I Sharma", "runs": {"extras": 0, "total": 1, "batsman": 1}, "batsman": "JM Bairstow"}}, {"2.6": {"non_striker": "JM Bairstow", "bowler": "I Sharma", "runs": {"extras": 0, "total": 1, "batsman": 1}, "batsman": "DA Warner"}}, {"3.1": {"non_striker": "JM Bairstow", "bowler": "CH Morris", "runs": {"extras": 0, "total": 1, "batsman": 1}, "batsman": "DA Warner"}}, {"3.2": {"non_striker": "DA Warner", "bowler": "CH Morris", "runs": {"extras": 0, "total": 0, "batsman": 0}, "batsman": "JM Bairstow"}}, {"3.3": {"non_striker": "DA Warner", "bowler": "CH Morris", "runs": {"extras": 0, "total": 0, "batsman": 0}, "batsman": "JM Bairstow"}}, {"3.4": {"non_striker": "DA Warner", "bowler": "CH Morris", "runs": {"extras": 0, "total": 6, "batsman": 6}, "batsman": "JM Bairstow"}}, {"3.5": {"non_striker": "DA Warner", "bowler": "CH Morris", "runs": {"extras": 0, "total": 0, "batsman": 0}, "batsman": "JM Bairstow"}}, {"3.6": {"non_striker": "DA Warner", "bowler": "CH Morris", "runs": {"extras": 0, "total": 0, "batsman": 0}, "batsman": "JM Bairstow"}}, {"4.1": {"non_striker": "JM Bairstow", "bowler": "I Sharma", "runs": {"extras": 0, "total": 1, "batsman": 1}, "batsman": "DA Warner"}}, {"4.2": {"non_striker": "DA Warner", "bowler": "I Sharma", "runs": {"extras": 0, "total": 2, "batsman": 2}, "batsman": "JM Bairstow"}}, {"4.3": {"non_striker": "DA Warner", "bowler": "I Sharma", "runs": {"extras": 1, "total": 1, "batsman": 0}, "extras": {"wides": 1}, "batsman": "JM Bairstow"}}, {"4.4": {"non_striker": "DA Warner", "bowler": "I Sharma", "runs": {"extras": 0, "total": 1, "batsman": 1}, "batsman": "JM Bairstow"}}, {"4.5": {"non_striker": "JM Bairstow", "bowler": "I Sharma", "runs": {"extras": 0, "total": 0, "batsman": 0}, "batsman": "DA Warner"}}, {"4.6": {"non_striker": "JM Bairstow", "bowler": "I Sharma", "runs": {"extras": 0, "total": 0, "batsman": 0}, "batsman": "DA Warner"}}, {"4.7": {"non_striker": "JM Bairstow", "bowler": "I Sharma", "runs": {"extras": 0, "total": 1, "batsman": 1}, "batsman": "DA Warner"}}, {"5.1": {"non_striker": "JM Bairstow", "bowler": "K Rabada", "runs": {"extras": 0, "total": 0, "batsman": 0}, "batsman": "DA Warner"}}, {"5.2": {"non_striker": "JM Bairstow", "bowler": "K Rabada", "runs": {"extras": 0, "total": 1, "batsman": 1}, "batsman": "DA Warner"}}, {"5.3": {"non_striker": "DA Warner", "bowler": "K Rabada", "runs": {"extras": 0, "total": 2, "batsman": 2}, "batsman": "JM Bairstow"}}, {"5.4": {"non_striker": "DA Warner", "bowler": "K Rabada", "runs": {"extras": 0, "total": 0, "batsman": 0}, "batsman": "JM Bairstow"}}, {"5.5": {"non_striker": "DA Warner", "bowler": "K Rabada", "runs": {"extras": 0, "total": 0, "batsman": 0}, "batsman": "JM Bairstow"}}, {"5.6": {"non_striker": "DA Warner", "bowler": "K Rabada", "runs": {"extras": 0, "total": 1, "batsman": 1}, "batsman": "JM Bairstow"}}, {"6.1": {"non_striker": "DA Warner", "bowler": "AR Patel", "runs": {"extras": 0, "total": 0, "batsman": 0}, "batsman": "JM Bairstow"}}, {"6.2": {"non_striker": "DA Warner", "bowler": "AR Patel", "runs": {"extras": 0, "total": 0, "batsman": 0}, "batsman": "JM Bairstow"}}, {"6.3": {"non_striker": "DA Warner", "bowler": "AR Patel", "runs": {"extras": 0, "total": 2, "batsman": 2}, "batsman": "JM Bairstow"}}, {"6.4": {"non_striker": "DA Warner", "bowler": "AR Patel", "runs": {"extras": 0, "total": 4, "batsman": 4}, "batsman": "JM Bairstow"}}, {"6.5": {"non_striker": "DA Warner", "bowler": "AR Patel", "runs": {"extras": 0, "total": 1, "batsman": 1}, "batsman": "JM Bairstow"}}, {"6.6": {"non_striker": "JM Bairstow", "bowler": "AR Patel", "runs": {"extras": 0, "total": 1, "batsman": 1}, "batsman": "DA Warner"}}, {"7.1": {"non_striker": "JM Bairstow", "bowler": "KMA Paul", "runs": {"extras": 0, "total": 1, "batsman": 1}, "batsman": "DA Warner"}}, {"7.2": {"non_striker": "DA Warner", "bowler": "KMA Paul", "runs": {"extras": 0, "total": 0, "batsman": 0}, "batsman": "JM Bairstow"}}, {"7.3": {"non_striker": "DA Warner", "bowler": "KMA Paul", "runs": {"extras": 0, "total": 1, "batsman": 1}, "batsman": "JM Bairstow"}}, {"7.4": {"non_striker": "JM Bairstow", "bowler": "KMA Paul", "runs": {"extras": 0, "total": 0, "batsman": 0}, "batsman": "DA Warner"}}, {"7.5": {"non_striker": "JM Bairstow", "bowler": "KMA Paul", "runs": {"extras": 0, "total": 1, "batsman": 1}, "batsman": "DA Warner"}}, {"7.6": {"non_striker": "DA Warner", "bowler": "KMA Paul", "runs": {"extras": 0, "total": 0, "batsman": 0}, "batsman": "JM Bairstow"}}, {"8.1": {"non_striker": "JM Bairstow", "bowler": "AR Patel", "runs": {"extras": 0, "total": 6, "batsman": 6}, "batsman": "DA Warner"}}, {"8.2": {"non_striker": "JM Bairstow", "bowler": "AR Patel", "runs": {"extras": 0, "total": 2, "batsman": 2}, "batsman": "DA Warner"}}, {"8.3": {"non_striker": "JM Bairstow", "bowler": "AR Patel", "runs": {"extras": 0, "total": 1, "batsman": 1}, "batsman": "DA Warner"}}, {"8.4": {"non_striker": "DA Warner", "bowler": "AR Patel", "runs": {"extras": 0, "total": 4, "batsman": 4}, "batsman": "JM Bairstow"}}, {"8.5": {"non_striker": "DA Warner", "bowler": "AR Patel", "runs": {"extras": 0, "total": 1, "batsman": 1}, "batsman": "JM Bairstow"}}, {"8.6": {"non_striker": "JM Bairstow", "bowler": "AR Patel", "runs": {"extras": 0, "total": 1, "batsman": 1}, "batsman": "DA Warner"}}, {"9.1": {"non_striker": "JM Bairstow", "bowler": "KMA Paul", "runs": {"extras": 0, "total": 1, "batsman": 1}, "batsman": "DA Warner"}}, {"9.2": {"non_striker": "DA Warner", "bowler": "KMA Paul", "runs": {"extras": 0, "total": 1, "batsman": 1}, "batsman": "JM Bairstow"}}, {"9.3": {"non_striker": "JM Bairstow", "bowler": "KMA Paul", "runs": {"extras": 0, "total": 1, "batsman": 1}, "batsman": "DA Warner"}}, {"9.4": {"non_striker": "DA Warner", "bowler": "KMA Paul", "runs": {"extras": 1, "total": 2, "batsman": 1}, "extras": {"noballs": 1}, "batsman": "JM Bairstow"}}, {"9.5": {"non_striker": "JM Bairstow", "bowler": "KMA Paul", "runs": {"extras": 0, "total": 1, "batsman": 1}, "batsman": "DA Warner"}}, {"9.6": {"non_striker": "DA Warner", "bowler": "KMA Paul", "runs": {"extras": 0, "total": 0, "batsman": 0}, "batsman": "JM Bairstow", "wicket": {"player_out": "JM Bairstow", "fielders": ["K Rabada"], "kind": "caught"}}}, {"9.7": {"non_striker": "DA Warner", "bowler": "KMA Paul", "runs": {"extras": 0, "total": 1, "batsman": 1}, "batsman": "KS Williamson"}}, {"10.1": {"non_striker": "DA Warner", "bowler": "A Mishra", "runs": {"extras": 0, "total": 0, "batsman": 0}, "batsman": "KS Williamson"}}, {"10.2": {"non_striker": "DA Warner", "bowler": "A Mishra", "runs": {"extras": 0, "total": 1, "batsman": 1}, "batsman": "KS Williamson"}}, {"10.3": {"non_striker": "KS Williamson", "bowler": "A Mishra", "runs": {"extras": 0, "total": 1, "batsman": 1}, "batsman": "DA Warner"}}, {"10.4": {"non_striker": "DA Warner", "bowler": "A Mishra", "runs": {"extras": 0, "total": 1, "batsman": 1}, "batsman": "KS Williamson"}}, {"10.5": {"non_striker": "KS Williamson", "bowler": "A Mishra", "runs": {"extras": 0, "total": 1, "batsman": 1}, "batsman": "DA Warner"}}, {"10.6": {"non_striker": "DA Warner", "bowler": "A Mishra", "runs": {"extras": 0, "total": 0, "batsman": 0}, "batsman": "KS Williamson"}}, {"11.1": {"non_striker": "KS Williamson", "bowler": "KMA Paul", "runs": {"extras": 0, "total": 1, "batsman": 1}, "batsman": "DA Warner"}}, {"11.2": {"non_striker": "DA Warner", "bowler": "KMA Paul", "runs": {"extras": 0, "total": 0, "batsman": 0}, "batsman": "KS Williamson"}}, {"11.3": {"non_striker": "DA Warner", "bowler": "KMA Paul", "runs": {"extras": 0, "total": 0, "batsman": 0}, "batsman": "KS Williamson"}}, {"11.4": {"non_striker": "DA Warner", "bowler": "KMA Paul", "runs": {"extras": 0, "total": 0, "batsman": 0}, "batsman": "KS Williamson", "wicket": {"player_out": "KS Williamson", "fielders": ["K Rabada"], "kind": "caught"}}}, {"11.5": {"non_striker": "DA Warner", "bowler": "KMA Paul", "runs": {"extras": 1, "total": 1, "batsman": 0}, "extras": {"wides": 1}, "batsman": "RK Bhui"}}, {"11.6": {"non_striker": "DA Warner", "bowler": "KMA Paul", "runs": {"extras": 0, "total": 0, "batsman": 0}, "batsman": "RK Bhui"}}, {"11.7": {"non_striker": "DA Warner", "bowler": "KMA Paul", "runs": {"extras": 0, "total": 1, "batsman": 1}, "batsman": "RK Bhui"}}, {"12.1": {"non_striker": "DA Warner", "bowler": "A Mishra", "runs": {"extras": 0, "total": 2, "batsman": 2}, "batsman": "RK Bhui"}}, {"12.2": {"non_striker": "DA Warner", "bowler": "A Mishra", "runs": {"extras": 0, "total": 2, "batsman": 2}, "batsman": "RK Bhui"}}, {"12.3": {"non_striker": "DA Warner", "bowler": "A Mishra", "runs": {"extras": 0, "total": 0, "batsman": 0}, "batsman": "RK Bhui"}}, {"12.4": {"non_striker": "DA Warner", "bowler": "A Mishra", "runs": {"extras": 0, "total": 0, "batsman": 0}, "batsman": "RK Bhui"}}, {"12.5": {"non_striker": "DA Warner", "bowler": "A Mishra", "runs": {"extras": 0, "total": 0, "batsman": 0}, "batsman": "RK Bhui"}}, {"12.6": {"non_striker": "DA Warner", "bowler": "A Mishra", "runs": {"extras": 0, "total": 0, "batsman": 0}, "batsman": "RK Bhui"}}, {"13.1": {"non_striker": "RK Bhui", "bowler": "CH Morris", "runs": {"extras": 0, "total": 4, "batsman": 4}, "batsman": "DA Warner"}}, {"13.2": {"non_striker": "RK Bhui", "bowler": "CH Morris", "runs": {"extras": 0, "total": 1, "batsman": 1}, "batsman": "DA Warner"}}, {"13.3": {"non_striker": "DA Warner", "bowler": "CH Morris", "runs": {"extras": 0, "total": 0, "batsman": 0}, "batsman": "RK Bhui"}}, {"13.4": {"non_striker": "DA Warner", "bowler": "CH Morris", "runs": {"extras": 0, "total": 1, "batsman": 1}, "batsman": "RK Bhui"}}, {"13.5": {"non_striker": "RK Bhui", "bowler": "CH Morris", "runs": {"extras": 0, "total": 4, "batsman": 4}, "batsman": "DA Warner"}}, {"13.6": {"non_striker": "RK Bhui", "bowler": "CH Morris", "runs": {"extras": 0, "total": 1, "batsman": 1}, "batsman": "DA Warner"}}, {"14.1": {"non_striker": "RK Bhui", "bowler": "A Mishra", "runs": {"extras": 0, "total": 2, "batsman": 2}, "batsman": "DA Warner"}}, {"14.2": {"non_striker": "RK Bhui", "bowler": "A Mishra", "runs": {"extras": 0, "total": 0, "batsman": 0}, "batsman": "DA Warner"}}, {"14.3": {"non_striker": "RK Bhui", "bowler": "A Mishra", "runs": {"extras": 0, "total": 0, "batsman": 0}, "batsman": "DA Warner"}}, {"14.4": {"non_striker": "RK Bhui", "bowler": "A Mishra", "runs": {"extras": 0, "total": 1, "batsman": 1}, "batsman": "DA Warner"}}, {"14.5": {"non_striker": "DA Warner", "bowler": "A Mishra", "runs": {"extras": 0, "total": 1, "batsman": 1}, "batsman": "RK Bhui"}}, {"14.6": {"non_striker": "RK Bhui", "bowler": "A Mishra", "runs": {"extras": 0, "total": 1, "batsman": 1}, "batsman": "DA Warner"}}, {"15.1": {"non_striker": "RK Bhui", "bowler": "KMA Paul", "runs": {"extras": 0, "total": 1, "batsman": 1}, "batsman": "DA Warner"}}, {"15.2": {"non_striker": "DA Warner", "bowler": "KMA Paul", "runs": {"extras": 0, "total": 0, "batsman": 0}, "batsman": "RK Bhui", "wicket": {"player_out": "RK Bhui", "fielders": ["AR Patel"], "kind": "caught"}}}, {"15.3": {"non_striker": "V Shankar", "bowler": "KMA Paul", "runs": {"extras": 0, "total": 1, "batsman": 1}, "batsman": "DA Warner"}}, {"15.4": {"non_striker": "DA Warner", "bowler": "KMA Paul", "runs": {"extras": 0, "total": 1, "batsman": 1}, "batsman": "V Shankar"}}, {"15.5": {"non_striker": "V Shankar", "bowler": "KMA Paul", "runs": {"extras": 0, "total": 0, "batsman": 0}, "batsman": "DA Warner"}}, {"15.6": {"non_striker": "V Shankar", "bowler": "KMA Paul", "runs": {"extras": 0, "total": 1, "batsman": 1}, "batsman": "DA Warner"}}, {"16.1": {"non_striker": "V Shankar", "bowler": "K Rabada", "runs": {"extras": 0, "total": 2, "batsman": 2}, "batsman": "DA Warner"}}, {"16.2": {"non_striker": "V Shankar", "bowler": "K Rabada", "runs": {"extras": 0, "total": 0, "batsman": 0}, "batsman": "DA Warner", "wicket": {"player_out": "DA Warner", "fielders": ["SS Iyer"], "kind": "caught"}}}, {"16.3": {"non_striker": "DJ Hooda", "bowler": "K Rabada", "runs": {"extras": 0, "total": 0, "batsman": 0}, "batsman": "V Shankar", "wicket": {"player_out": "V Shankar", "fielders": ["RR Pant"], "kind": "caught"}}}, {"16.4": {"non_striker": "DJ Hooda", "bowler": "K Rabada", "runs": {"extras": 0, "total": 1, "batsman": 1}, "batsman": "Abhishek Sharma"}}, {"16.5": {"non_striker": "Abhishek Sharma", "bowler": "K Rabada", "runs": {"extras": 0, "total": 0, "batsman": 0}, "batsman": "DJ Hooda"}}, {"16.6": {"non_striker": "Abhishek Sharma", "bowler": "K Rabada", "runs": {"extras": 0, "total": 1, "batsman": 1}, "batsman": "DJ Hooda"}}, {"17.1": {"non_striker": "Abhishek Sharma", "bowler": "CH Morris", "runs": {"extras": 0, "total": 2, "batsman": 2}, "batsman": "DJ Hooda"}}, {"17.2": {"non_striker": "Abhishek Sharma", "bowler": "CH Morris", "runs": {"extras": 0, "total": 0, "batsman": 0}, "batsman": "DJ Hooda", "wicket": {"player_out": "DJ Hooda", "kind": "bowled"}}}, {"17.3": {"non_striker": "Abhishek Sharma", "bowler": "CH Morris", "runs": {"extras": 0, "total": 0, "batsman": 0}, "batsman": "Rashid Khan", "wicket": {"player_out": "Rashid Khan", "fielders": ["KMA Paul"], "kind": "caught"}}}, {"17.4": {"non_striker": "B Kumar", "bowler": "CH Morris", "runs": {"extras": 0, "total": 1, "batsman": 1}, "batsman": "Abhishek Sharma"}}, {"17.5": {"non_striker": "Abhishek Sharma", "bowler": "CH Morris", "runs": {"extras": 0, "total": 1, "batsman": 1}, "batsman": "B Kumar"}}, {"17.6": {"non_striker": "B Kumar", "bowler": "CH Morris", "runs": {"extras": 0, "total": 0, "batsman": 0}, "batsman": "Abhishek Sharma", "wicket": {"player_out": "Abhishek Sharma", "fielders": ["KMA Paul"], "kind": "caught"}}}, {"18.1": {"non_striker": "B Kumar", "bowler": "K Rabada", "runs": {"extras": 0, "total": 1, "batsman": 1}, "batsman": "Sandeep Sharma"}}, {"18.2": {"non_striker": "Sandeep Sharma", "bowler": "K Rabada", "runs": {"extras": 0, "total": 0, "batsman": 0}, "batsman": "B Kumar"}}, {"18.3": {"non_striker": "Sandeep Sharma", "bowler": "K Rabada", "runs": {"extras": 0, "total": 1, "batsman": 1}, "batsman": "B Kumar"}}, {"18.4": {"non_striker": "B Kumar", "bowler": "K Rabada", "runs": {"extras": 2, "total": 2, "batsman": 0}, "extras": {"wides": 2}, "batsman": "Sandeep Sharma"}}, {"18.5": {"non_striker": "Sandeep Sharma", "bowler": "K Rabada", "runs": {"extras": 0, "total": 0, "batsman": 0}, "batsman": "B Kumar", "wicket": {"player_out": "B Kumar", "kind": "caught and bowled"}}}, {"18.6": {"non_striker": "Sandeep Sharma", "bowler": "K Rabada", "runs": {"extras": 0, "total": 0, "batsman": 0}, "batsman": "KK Ahmed", "wicket": {"player_out": "KK Ahmed", "kind": "bowled"}}}]