[{"0.1": {"non_striker": "JC Buttler", "bowler": "DL Chahar", "runs": {"extras": 1, "total": 1, "batsman": 0}, "extras": {"legbyes": 1}, "batsman": "AM Rahane"}}, {"0.2": {"non_striker": "AM Rahane", "bowler": "DL Chahar", "runs": {"extras": 0, "total": 0, "batsman": 0}, "batsman": "JC Buttler"}}, {"0.3": {"non_striker": "AM Rahane", "bowler": "DL Chahar", "runs": {"extras": 0, "total": 4, "batsman": 4}, "batsman": "JC Buttler"}}, {"0.4": {"non_striker": "AM Rahane", "bowler": "DL Chahar", "runs": {"extras": 0, "total": 0, "batsman": 0}, "batsman": "JC Buttler"}}, {"0.5": {"non_striker": "AM Rahane", "bowler": "DL Chahar", "runs": {"extras": 0, "total": 6, "batsman": 6}, "batsman": "JC Buttler"}}, {"0.6": {"non_striker": "AM Rahane", "bowler": "DL Chahar", "runs": {"extras": 0, "total": 0, "batsman": 0}, "batsman": "JC Buttler"}}, {"1.1": {"non_striker": "JC Buttler", "bowler": "MJ Santner", "runs": {"extras": 0, "total": 0, "batsman": 0}, "batsman": "AM Rahane"}}, {"1.2": {"non_striker": "JC Buttler", "bowler": "MJ Santner", "runs": {"extras": 0, "total": 0, "batsman": 0}, "batsman": "AM Rahane"}}, {"1.3": {"non_striker": "JC Buttler", "bowler": "MJ Santner", "runs": {"extras": 0, "total": 4, "batsman": 4}, "batsman": "AM Rahane"}}, {"1.4": {"non_striker": "JC Buttler", "bowler": "MJ Santner", "runs": {"extras": 0, "total": 4, "batsman": 4}, "batsman": "AM Rahane"}}, {"1.5": {"non_striker": "JC Buttler", "bowler": "MJ Santner", "runs": {"extras": 5, "total": 5, "batsman": 0}, "extras": {"wides": 5}, "batsman": "AM Rahane"}}, {"1.6": {"non_striker": "JC Buttler", "bowler": "MJ Santner", "runs": {"extras": 0, "total": 0, "batsman": 0}, "batsman": "AM Rahane"}}, {"1.7": {"non_striker": "JC Buttler", "bowler": "MJ Santner", "runs": {"extras": 0, "total": 1, "batsman": 1}, "batsman": "AM Rahane"}}, {"2.1": {"non_striker": "JC Buttler", "bowler": "DL Chahar", "runs": {"extras": 0, "total": 0, "batsman": 0}, "batsman": "AM Rahane"}}, {"2.2": {"non_striker": "JC Buttler", "bowler": "DL Chahar", "runs": {"extras": 0, "total": 4, "batsman": 4}, "batsman": "AM Rahane"}}, {"2.3": {"non_striker": "JC Buttler", "bowler": "DL Chahar", "runs": {"extras": 0, "total": 1, "batsman": 1}, "batsman": "AM Rahane"}}, {"2.4": {"non_striker": "AM Rahane", "bowler": "DL Chahar", "runs": {"extras": 0, "total": 1, "batsman": 1}, "batsman": "JC Buttler"}}, {"2.5": {"non_striker": "JC Buttler", "bowler": "DL Chahar", "runs": {"extras": 0, "total": 0, "batsman": 0}, "batsman": "AM Rahane", "wicket": {"player_out": "AM Rahane", "kind": "lbw"}}}, {"2.6": {"non_striker": "JC Buttler", "bowler": "DL Chahar", "runs": {"extras": 0, "total": 4, "batsman": 4}, "batsman": "SV Samson"}}, {"3.1": {"non_striker": "SV Samson", "bowler": "SN Thakur", "runs": {"extras": 0, "total": 4, "batsman": 4}, "batsman": "JC Buttler"}}, {"3.2": {"non_striker": "SV Samson", "bowler": "SN Thakur", "runs": {"extras": 0, "total": 4, "batsman": 4}, "batsman": "JC Buttler"}}, {"3.3": {"non_striker": "SV Samson", "bowler": "SN Thakur", "runs": {"extras": 0, "total": 4, "batsman": 4}, "batsman": "JC Buttler"}}, {"3.4": {"non_striker": "SV Samson", "bowler": "SN Thakur", "runs": {"extras": 0, "total": 0, "batsman": 0}, "batsman": "JC Buttler", "wicket": {"player_out": "JC Buttler", "fielders": ["AT Rayudu"], "kind": "caught"}}}, {"3.5": {"non_striker": "SPD Smith", "bowler": "SN Thakur", "runs": {"extras": 0, "total": 0, "batsman": 0}, "batsman": "SV Samson"}}, {"3.6": {"non_striker": "SPD Smith", "bowler": "SN Thakur", "runs": {"extras": 0, "total": 1, "batsman": 1}, "batsman": "SV Samson"}}, {"4.1": {"non_striker": "SPD Smith", "bowler": "DL Chahar", "runs": {"extras": 0, "total": 1, "batsman": 1}, "batsman": "SV Samson"}}, {"4.2": {"non_striker": "SV Samson", "bowler": "DL Chahar", "runs": {"extras": 0, "total": 0, "batsman": 0}, "batsman": "SPD Smith"}}, {"4.3": {"non_striker": "SV Samson", "bowler": "DL Chahar", "runs": {"extras": 0, "total": 0, "batsman": 0}, "batsman": "SPD Smith"}}, {"4.4": {"non_striker": "SV Samson", "bowler": "DL Chahar", "runs": {"extras": 0, "total": 4, "batsman": 4}, "batsman": "SPD Smith"}}, {"4.5": {"non_striker": "SV Samson", "bowler": "DL Chahar", "runs": {"extras": 0, "total": 0, "batsman": 0}, "batsman": "SPD Smith"}}, {"4.6": {"non_striker": "SV Samson", "bowler": "DL Chahar", "runs": {"extras": 0, "total": 0, "batsman": 0}, "batsman": "SPD Smith"}}, {"5.1": {"non_striker": "SPD Smith", "bowler": "MJ Santner", "runs": {"extras": 0, "total": 0, "batsman": 0}, "batsman": "SV Samson"}}, {"5.2": {"non_striker": "SPD Smith", "bowler": "MJ Santner", "runs": {"extras": 0, "total": 0, "batsman": 0}, "batsman": "SV Samson", "wicket": {"player_out": "SV Samson", "fielders": ["DR Shorey (sub)"], "kind": "caught"}}}, {"5.3": {"non_striker": "RA Tripathi", "bowler": "MJ Santner", "runs": {"extras": 0, "total": 1, "batsman": 1}, "batsman": "SPD Smith"}}, {"5.4": {"non_striker": "SPD Smith", "bowler": "MJ Santner", "runs": {"extras": 0, "total": 0, "batsman": 0}, "batsman": "RA Tripathi"}}, {"5.5": {"non_striker": "SPD Smith", "bowler": "MJ Santner", "runs": {"extras": 0, "total": 0, "batsman": 0}, "batsman": "RA Tripathi"}}, {"5.6": {"non_striker": "SPD Smith", "bowler": "MJ Santner", "runs": {"extras": 0, "total": 0, "batsman": 0}, "batsman": "RA Tripathi"}}, {"6.1": {"non_striker": "RA Tripathi", "bowler": "RA Jadeja", "runs": {"extras": 0, "total": 1, "batsman": 1}, "batsman": "SPD Smith"}}, {"6.2": {"non_striker": "SPD Smith", "bowler": "RA Jadeja", "runs": {"extras": 0, "total": 1, "batsman": 1}, "batsman": "RA Tripathi"}}, {"6.3": {"non_striker": "RA Tripathi", "bowler": "RA Jadeja", "runs": {"extras": 0, "total": 0, "batsman": 0}, "batsman": "SPD Smith"}}, {"6.4": {"non_striker": "RA Tripathi", "bowler": "RA Jadeja", "runs": {"extras": 0, "total": 0, "batsman": 0}, "batsman": "SPD Smith"}}, {"6.5": {"non_striker": "RA Tripathi", "bowler": "RA Jadeja", "runs": {"extras": 0, "total": 1, "batsman": 1}, "batsman": "SPD Smith"}}, {"6.6": {"non_striker": "SPD Smith", "bowler": "RA Jadeja", "runs": {"extras": 0, "total": 1, "batsman": 1}, "batsman": "RA Tripathi"}}, {"7.1": {"non_striker": "SPD Smith", "bowler": "MJ Santner", "runs": {"extras": 0, "total": 2, "batsman": 2}, "batsman": "RA Tripathi"}}, {"7.2": {"non_striker": "SPD Smith", "bowler": "MJ Santner", "runs": {"extras": 0, "total": 0, "batsman": 0}, "batsman": "RA Tripathi"}}, {"7.3": {"non_striker": "SPD Smith", "bowler": "MJ Santner", "runs": {"extras": 0, "total": 1, "batsman": 1}, "batsman": "RA Tripathi"}}, {"7.4": {"non_striker": "RA Tripathi", "bowler": "MJ Santner", "runs": {"extras": 0, "total": 1, "batsman": 1}, "batsman": "SPD Smith"}}, {"7.5": {"non_striker": "SPD Smith", "bowler": "MJ Santner", "runs": {"extras": 0, "total": 1, "batsman": 1}, "batsman": "RA Tripathi"}}, {"7.6": {"non_striker": "RA Tripathi", "bowler": "MJ Santner", "runs": {"extras": 0, "total": 1, "batsman": 1}, "batsman": "SPD Smith"}}, {"8.1": {"non_striker": "RA Tripathi", "bowler": "RA Jadeja", "runs": {"extras": 0, "total": 0, "batsman": 0}, "batsman": "SPD Smith"}}, {"8.2": {"non_striker": "RA Tripathi", "bowler": "RA Jadeja", "runs": {"extras": 0, "total": 1, "batsman": 1}, "batsman": "SPD Smith"}}, {"8.3": {"non_striker": "SPD Smith", "bowler": "RA Jadeja", "runs": {"extras": 0, "total": 0, "batsman": 0}, "batsman": "RA Tripathi"}}, {"8.4": {"non_striker": "SPD Smith", "bowler": "RA Jadeja", "runs": {"extras": 0, "total": 4, "batsman": 4}, "batsman": "RA Tripathi"}}, {"8.5": {"non_striker": "SPD Smith", "bowler": "RA Jadeja", "runs": {"extras": 0, "total": 0, "batsman": 0}, "batsman": "RA Tripathi", "wicket": {"player_out": "RA Tripathi", "fielders": ["KM Jadhav"], "kind": "caught"}}}, {"8.6": {"non_striker": "SPD Smith", "bowler": "RA Jadeja", "runs": {"extras": 0, "total": 2, "batsman": 2}, "batsman": "BA Stokes"}}, {"9.1": {"non_striker": "BA Stokes", "bowler": "Imran Tahir", "runs": {"extras": 0, "total": 0, "batsman": 0}, "batsman": "SPD Smith"}}, {"9.2": {"non_striker": "BA Stokes", "bowler": "Imran Tahir", "runs": {"extras": 0, "total": 0, "batsman": 0}, "batsman": "SPD Smith"}}, {"9.3": {"non_striker": "BA Stokes", "bowler": "Imran Tahir", "runs": {"extras": 0, "total": 1, "batsman": 1}, "batsman": "SPD Smith"}}, {"9.4": {"non_striker": "SPD Smith", "bowler": "Imran Tahir", "runs": {"extras": 0, "total": 0, "batsman": 0}, "batsman": "BA Stokes"}}, {"9.5": {"non_striker": "SPD Smith", "bowler": "Imran Tahir", "runs": {"extras": 0, "total": 1, "batsman": 1}, "batsman": "BA Stokes"}}, {"9.6": {"non_striker": "BA Stokes", "bowler": "Imran Tahir", "runs": {"extras": 0, "total": 1, "batsman": 1}, "batsman": "SPD Smith"}}, {"10.1": {"non_striker": "BA Stokes", "bowler": "RA Jadeja", "runs": {"extras": 0, "total": 2, "batsman": 2}, "batsman": "SPD Smith"}}, {"10.2": {"non_striker": "BA Stokes", "bowler": "RA Jadeja", "runs": {"extras": 0, "total": 1, "batsman": 1}, "batsman": "SPD Smith"}}, {"10.3": {"non_striker": "SPD Smith", "bowler": "RA Jadeja", "runs": {"extras": 0, "total": 1, "batsman": 1}, "batsman": "BA Stokes"}}, {"10.4": {"non_striker": "BA Stokes", "bowler": "RA Jadeja", "runs": {"extras": 0, "total": 0, "batsman": 0}, "batsman": "SPD Smith"}}, {"10.5": {"non_striker": "BA Stokes", "bowler": "RA Jadeja", "runs": {"extras": 0, "total": 0, "batsman": 0}, "batsman": "SPD Smith", "wicket": {"player_out": "SPD Smith", "fielders": ["AT Rayudu"], "kind": "caught"}}}, {"10.6": {"non_striker": "BA Stokes", "bowler": "RA Jadeja", "runs": {"extras": 0, "total": 1, "batsman": 1}, "batsman": "R Parag"}}, {"11.1": {"non_striker": "BA Stokes", "bowler": "Imran Tahir", "runs": {"extras": 0, "total": 1, "batsman": 1}, "batsman": "R Parag"}}, {"11.2": {"non_striker": "R Parag", "bowler": "Imran Tahir", "runs": {"extras": 0, "total": 1, "batsman": 1}, "batsman": "BA Stokes"}}, {"11.3": {"non_striker": "BA Stokes", "bowler": "Imran Tahir", "runs": {"extras": 0, "total": 1, "batsman": 1}, "batsman": "R Parag"}}, {"11.4": {"non_striker": "R Parag", "bowler": "Imran Tahir", "runs": {"extras": 0, "total": 1, "batsman": 1}, "batsman": "BA Stokes"}}, {"11.5": {"non_striker": "BA Stokes", "bowler": "Imran Tahir", "runs": {"extras": 0, "total": 1, "batsman": 1}, "batsman": "R Parag"}}, {"11.6": {"non_striker": "R Parag", "bowler": "Imran Tahir", "runs": {"extras": 0, "total": 1, "batsman": 1}, "batsman": "BA Stokes"}}, {"12.1": {"non_striker": "R Parag", "bowler": "MJ Santner", "runs": {"extras": 0, "total": 1, "batsman": 1}, "batsman": "BA Stokes"}}, {"12.2": {"non_striker": "BA Stokes", "bowler": "MJ Santner", "runs": {"extras": 0, "total": 1, "batsman": 1}, "batsman": "R Parag"}}, {"12.3": {"non_striker": "R Parag", "bowler": "MJ Santner", "runs": {"extras": 0, "total": 0, "batsman": 0}, "batsman": "BA Stokes"}}, {"12.4": {"non_striker": "R Parag", "bowler": "MJ Santner", "runs": {"extras": 0, "total": 0, "batsman": 0}, "batsman": "BA Stokes"}}, {"12.5": {"non_striker": "R Parag", "bowler": "MJ Santner", "runs": {"extras": 0, "total": 1, "batsman": 1}, "batsman": "BA Stokes"}}, {"12.6": {"non_striker": "BA Stokes", "bowler": "MJ Santner", "runs": {"extras": 0, "total": 1, "batsman": 1}, "batsman": "R Parag"}}, {"13.1": {"non_striker": "BA Stokes", "bowler": "Imran Tahir", "runs": {"extras": 0, "total": 4, "batsman": 4}, "batsman": "R Parag"}}, {"13.2": {"non_striker": "BA Stokes", "bowler": "Imran Tahir", "runs": {"extras": 0, "total": 0, "batsman": 0}, "batsman": "R Parag"}}, {"13.3": {"non_striker": "BA Stokes", "bowler": "Imran Tahir", "runs": {"extras": 0, "total": 4, "batsman": 4}, "batsman": "R Parag"}}, {"13.4": {"non_striker": "BA Stokes", "bowler": "Imran Tahir", "runs": {"extras": 0, "total": 0, "batsman": 0}, "batsman": "R Parag"}}, {"13.5": {"non_striker": "BA Stokes", "bowler": "Imran Tahir", "runs": {"extras": 0, "total": 1, "batsman": 1}, "batsman": "R Parag"}}, {"13.6": {"non_striker": "R Parag", "bowler": "Imran Tahir", "runs": {"extras": 0, "total": 0, "batsman": 0}, "batsman": "BA Stokes"}}, {"14.1": {"non_striker": "BA Stokes", "bowler": "SN Thakur", "runs": {"extras": 0, "total": 1, "batsman": 1}, "batsman": "R Parag"}}, {"14.2": {"non_striker": "R Parag", "bowler": "SN Thakur", "runs": {"extras": 0, "total": 0, "batsman": 0}, "batsman": "BA Stokes"}}, {"14.3": {"non_striker": "R Parag", "bowler": "SN Thakur", "runs": {"extras": 1, "total": 1, "batsman": 0}, "extras": {"wides": 1}, "batsman": "BA Stokes"}}, {"14.4": {"non_striker": "R Parag", "bowler": "SN Thakur", "runs": {"extras": 0, "total": 2, "batsman": 2}, "batsman": "BA Stokes"}}, {"14.5": {"non_striker": "R Parag", "bowler": "SN Thakur", "runs": {"extras": 0, "total": 1, "batsman": 1}, "batsman": "BA Stokes"}}, {"14.6": {"non_striker": "BA Stokes", "bowler": "SN Thakur", "runs": {"extras": 0, "total": 0, "batsman": 0}, "batsman": "R Parag"}}, {"14.7": {"non_striker": "BA Stokes", "bowler": "SN Thakur", "runs": {"extras": 0, "total": 0, "batsman": 0}, "batsman": "R Parag", "wicket": {"player_out": "R Parag", "fielders": ["MS Dhoni"], "kind": "caught"}}}, {"15.1": {"non_striker": "JC Archer", "bowler": "Imran Tahir", "runs": {"extras": 0, "total": 1, "batsman": 1}, "batsman": "BA Stokes"}}, {"15.2": {"non_striker": "BA Stokes", "bowler": "Imran Tahir", "runs": {"extras": 0, "total": 1, "batsman": 1}, "batsman": "JC Archer"}}, {"15.3": {"non_striker": "JC Archer", "bowler": "Imran Tahir", "runs": {"extras": 0, "total": 4, "batsman": 4}, "batsman": "BA Stokes"}}, {"15.4": {"non_striker": "JC Archer", "bowler": "Imran Tahir", "runs": {"extras": 0, "total": 1, "batsman": 1}, "batsman": "BA Stokes"}}, {"15.5": {"non_striker": "BA Stokes", "bowler": "Imran Tahir", "runs": {"extras": 0, "total": 1, "batsman": 1}, "batsman": "JC Archer"}}, {"15.6": {"non_striker": "JC Archer", "bowler": "Imran Tahir", "runs": {"extras": 0, "total": 2, "batsman": 2}, "batsman": "BA Stokes"}}, {"16.1": {"non_striker": "BA Stokes", "bowler": "RA Jadeja", "runs": {"extras": 0, "total": 0, "batsman": 0}, "batsman": "JC Archer"}}, {"16.2": {"non_striker": "BA Stokes", "bowler": "RA Jadeja", "runs": {"extras": 0, "total": 1, "batsman": 1}, "batsman": "JC Archer"}}, {"16.3": {"non_striker": "JC Archer", "bowler": "RA Jadeja", "runs": {"extras": 0, "total": 1, "batsman": 1}, "batsman": "BA Stokes"}}, {"16.4": {"non_striker": "BA Stokes", "bowler": "RA Jadeja", "runs": {"extras": 0, "total": 1, "batsman": 1}, "batsman": "JC Archer"}}, {"16.5": {"non_striker": "JC Archer", "bowler": "RA Jadeja", "runs": {"extras": 0, "total": 1, "batsman": 1}, "batsman": "BA Stokes"}}, {"16.6": {"non_striker": "BA Stokes", "bowler": "RA Jadeja", "runs": {"extras": 0, "total": 0, "batsman": 0}, "batsman": "JC Archer"}}, {"17.1": {"non_striker": "JC Archer", "bowler": "SN Thakur", "runs": {"extras": 0, "total": 2, "batsman": 2}, "batsman": "BA Stokes"}}, {"17.2": {"non_striker": "JC Archer", "bowler": "SN Thakur", "runs": {"extras": 0, "total": 2, "batsman": 2}, "batsman": "BA Stokes"}}, {"17.3": {"non_striker": "JC Archer", "bowler": "SN Thakur", "runs": {"extras": 0, "total": 1, "batsman": 1}, "batsman": "BA Stokes"}}, {"17.4": {"non_striker": "BA Stokes", "bowler": "SN Thakur", "runs": {"extras": 0, "total": 1, "batsman": 1}, "batsman": "JC Archer"}}, {"17.5": {"non_striker": "JC Archer", "bowler": "SN Thakur", "runs": {"extras": 0, "total": 1, "batsman": 1}, "batsman": "BA Stokes"}}, {"17.6": {"non_striker": "BA Stokes", "bowler": "SN Thakur", "runs": {"extras": 0, "total": 1, "batsman": 1}, "batsman": "JC Archer"}}, {"18.1": {"non_striker": "BA Stokes", "bowler": "DL Chahar", "runs": {"extras": 0, "total": 1, "batsman": 1}, "batsman": "JC Archer"}}, {"18.2": {"non_striker": "JC Archer", "bowler": "DL Chahar", "runs": {"extras": 0, "total": 0, "batsman": 0}, "batsman": "BA Stokes", "wicket": {"player_out": "BA Stokes", "kind": "bowled"}}}, {"18.3": {"non_striker": "JC Archer", "bowler": "DL Chahar", "runs": {"extras": 0, "total": 1, "batsman": 1}, "batsman": "S Gopal"}}, {"18.4": {"non_striker": "S Gopal", "bowler": "DL Chahar", "runs": {"extras": 0, "total": 1, "batsman": 1}, "batsman": "JC Archer"}}, {"18.5": {"non_striker": "JC Archer", "bowler": "DL Chahar", "runs": {"extras": 0, "total": 4, "batsman": 4}, "batsman": "S Gopal"}}, {"18.6": {"non_striker": "JC Archer", "bowler": "DL Chahar", "runs": {"extras": 0, "total": 1, "batsman": 1}, "batsman": "S Gopal"}}, {"19.1": {"non_striker": "JC Archer", "bowler": "SN Thakur", "runs": {"extras": 0, "total": 2, "batsman": 2}, "batsman": "S Gopal"}}, {"19.2": {"non_striker": "JC Archer", "bowler": "SN Thakur", "runs": {"extras": 0, "total": 4, "batsman": 4}, "batsman": "S Gopal"}}, {"19.3": {"non_striker": "JC Archer", "bowler": "SN Thakur", "runs": {"extras": 0, "total": 6, "batsman": 6}, "batsman": "S Gopal"}}, {"19.4": {"non_striker": "JC Archer", "bowler": "SN Thakur", "runs": {"extras": 0, "total": 1, "batsman": 1}, "batsman": "S Gopal"}}, {"19.5": {"non_striker": "S Gopal", "bowler": "SN Thakur", "runs": {"extras": 0, "total": 4, "batsman": 4}, "batsman": "JC Archer"}}, {"19.6": {"non_striker": "S Gopal", "bowler": "SN Thakur", "runs": {"extras": 0, "total": 1, "batsman": 1}, "batsman": "JC Archer"}}]