[{"0.1": {"non_striker": "CH Gayle", "bowler": "I Sharma", "runs": {"extras": 0, "total": 1, "batsman": 1}, "batsman": "KL Rahul"}}, {"0.2": {"non_striker": "KL Rahul", "bowler": "I Sharma", "runs": {"extras": 0, "total": 1, "batsman": 1}, "batsman": "CH Gayle"}}, {"0.3": {"non_striker": "CH Gayle", "bowler": "I Sharma", "runs": {"extras": 0, "total": 0, "batsman": 0}, "batsman": "KL Rahul"}}, {"0.4": {"non_striker": "CH Gayle", "bowler": "I Sharma", "runs": {"extras": 0, "total": 0, "batsman": 0}, "batsman": "KL Rahul"}}, {"0.5": {"non_striker": "CH Gayle", "bowler": "I Sharma", "runs": {"extras": 0, "total": 0, "batsman": 0}, "batsman": "KL Rahul"}}, {"0.6": {"non_striker": "CH Gayle", "bowler": "I Sharma", "runs": {"extras": 0, "total": 1, "batsman": 1}, "batsman": "KL Rahul"}}, {"1.1": {"non_striker": "CH Gayle", "bowler": "S Lamichhane", "runs": {"extras": 0, "total": 6, "batsman": 6}, "batsman": "KL Rahul"}}, {"1.2": {"non_striker": "CH Gayle", "bowler": "S Lamichhane", "runs": {"extras": 0, "total": 0, "batsman": 0}, "batsman": "KL Rahul"}}, {"1.3": {"non_striker": "CH Gayle", "bowler": "S Lamichhane", "runs": {"extras": 0, "total": 4, "batsman": 4}, "batsman": "KL Rahul"}}, {"1.4": {"non_striker": "CH Gayle", "bowler": "S Lamichhane", "runs": {"extras": 0, "total": 0, "batsman": 0}, "batsman": "KL Rahul", "wicket": {"player_out": "KL Rahul", "fielders": ["RR Pant"], "kind": "stumped"}}}, {"1.5": {"non_striker": "CH Gayle", "bowler": "S Lamichhane", "runs": {"extras": 0, "total": 0, "batsman": 0}, "batsman": "MA Agarwal"}}, {"1.6": {"non_striker": "CH Gayle", "bowler": "S Lamichhane", "runs": {"extras": 0, "total": 1, "batsman": 1}, "batsman": "MA Agarwal"}}, {"2.1": {"non_striker": "CH Gayle", "bowler": "I Sharma", "runs": {"extras": 0, "total": 0, "batsman": 0}, "batsman": "MA Agarwal"}}, {"2.2": {"non_striker": "CH Gayle", "bowler": "I Sharma", "runs": {"extras": 0, "total": 1, "batsman": 1}, "batsman": "MA Agarwal"}}, {"2.3": {"non_striker": "MA Agarwal", "bowler": "I Sharma", "runs": {"extras": 0, "total": 0, "batsman": 0}, "batsman": "CH Gayle"}}, {"2.4": {"non_striker": "MA Agarwal", "bowler": "I Sharma", "runs": {"extras": 0, "total": 4, "batsman": 4}, "batsman": "CH Gayle"}}, {"2.5": {"non_striker": "MA Agarwal", "bowler": "I Sharma", "runs": {"extras": 0, "total": 6, "batsman": 6}, "batsman": "CH Gayle"}}, {"2.6": {"non_striker": "MA Agarwal", "bowler": "I Sharma", "runs": {"extras": 0, "total": 1, "batsman": 1}, "batsman": "CH Gayle"}}, {"3.1": {"non_striker": "MA Agarwal", "bowler": "S Lamichhane", "runs": {"extras": 0, "total": 4, "batsman": 4}, "batsman": "CH Gayle"}}, {"3.2": {"non_striker": "MA Agarwal", "bowler": "S Lamichhane", "runs": {"extras": 0, "total": 0, "batsman": 0}, "batsman": "CH Gayle"}}, {"3.3": {"non_striker": "MA Agarwal", "bowler": "S Lamichhane", "runs": {"extras": 0, "total": 4, "batsman": 4}, "batsman": "CH Gayle"}}, {"3.4": {"non_striker": "MA Agarwal", "bowler": "S Lamichhane", "runs": {"extras": 0, "total": 0, "batsman": 0}, "batsman": "CH Gayle"}}, {"3.5": {"non_striker": "MA Agarwal", "bowler": "S Lamichhane", "runs": {"extras": 0, "total": 4, "batsman": 4}, "batsman": "CH Gayle"}}, {"3.6": {"non_striker": "MA Agarwal", "bowler": "S Lamichhane", "runs": {"extras": 0, "total": 4, "batsman": 4}, "batsman": "CH Gayle"}}, {"4.1": {"non_striker": "CH Gayle", "bowler": "K Rabada", "runs": {"extras": 0, "total": 0, "batsman": 0}, "batsman": "MA Agarwal"}}, {"4.2": {"non_striker": "CH Gayle", "bowler": "K Rabada", "runs": {"extras": 0, "total": 0, "batsman": 0}, "batsman": "MA Agarwal"}}, {"4.3": {"non_striker": "CH Gayle", "bowler": "K Rabada", "runs": {"extras": 0, "total": 0, "batsman": 0}, "batsman": "MA Agarwal"}}, {"4.4": {"non_striker": "CH Gayle", "bowler": "K Rabada", "runs": {"extras": 0, "total": 0, "batsman": 0}, "batsman": "MA Agarwal"}}, {"4.5": {"non_striker": "CH Gayle", "bowler": "K Rabada", "runs": {"extras": 0, "total": 0, "batsman": 0}, "batsman": "MA Agarwal", "wicket": {"player_out": "MA Agarwal", "fielders": ["SE Rutherford"], "kind": "caught"}}}, {"4.6": {"non_striker": "CH Gayle", "bowler": "K Rabada", "runs": {"extras": 0, "total": 4, "batsman": 4}, "batsman": "DA Miller"}}, {"5.1": {"non_striker": "DA Miller", "bowler": "I Sharma", "runs": {"extras": 0, "total": 0, "batsman": 0}, "batsman": "CH Gayle"}}, {"5.2": {"non_striker": "DA Miller", "bowler": "I Sharma", "runs": {"extras": 0, "total": 0, "batsman": 0}, "batsman": "CH Gayle"}}, {"5.3": {"non_striker": "DA Miller", "bowler": "I Sharma", "runs": {"extras": 0, "total": 0, "batsman": 0}, "batsman": "CH Gayle"}}, {"5.4": {"non_striker": "DA Miller", "bowler": "I Sharma", "runs": {"extras": 0, "total": 4, "batsman": 4}, "batsman": "CH Gayle"}}, {"5.5": {"non_striker": "DA Miller", "bowler": "I Sharma", "runs": {"extras": 0, "total": 0, "batsman": 0}, "batsman": "CH Gayle"}}, {"5.6": {"non_striker": "DA Miller", "bowler": "I Sharma", "runs": {"extras": 0, "total": 0, "batsman": 0}, "batsman": "CH Gayle"}}, {"6.1": {"non_striker": "CH Gayle", "bowler": "A Mishra", "runs": {"extras": 0, "total": 1, "batsman": 1}, "batsman": "DA Miller"}}, {"6.2": {"non_striker": "DA Miller", "bowler": "A Mishra", "runs": {"extras": 0, "total": 1, "batsman": 1}, "batsman": "CH Gayle"}}, {"6.3": {"non_striker": "CH Gayle", "bowler": "A Mishra", "runs": {"extras": 0, "total": 1, "batsman": 1}, "batsman": "DA Miller"}}, {"6.4": {"non_striker": "DA Miller", "bowler": "A Mishra", "runs": {"extras": 0, "total": 1, "batsman": 1}, "batsman": "CH Gayle"}}, {"6.5": {"non_striker": "CH Gayle", "bowler": "A Mishra", "runs": {"extras": 0, "total": 1, "batsman": 1}, "batsman": "DA Miller"}}, {"6.6": {"non_striker": "DA Miller", "bowler": "A Mishra", "runs": {"extras": 0, "total": 6, "batsman": 6}, "batsman": "CH Gayle"}}, {"7.1": {"non_striker": "CH Gayle", "bowler": "AR Patel", "runs": {"extras": 0, "total": 0, "batsman": 0}, "batsman": "DA Miller", "wicket": {"player_out": "DA Miller", "fielders": ["PP Shaw"], "kind": "caught"}}}, {"7.2": {"non_striker": "Mandeep Singh", "bowler": "AR Patel", "runs": {"extras": 0, "total": 1, "batsman": 1}, "batsman": "CH Gayle"}}, {"7.3": {"non_striker": "CH Gayle", "bowler": "AR Patel", "runs": {"extras": 0, "total": 1, "batsman": 1}, "batsman": "Mandeep Singh"}}, {"7.4": {"non_striker": "Mandeep Singh", "bowler": "AR Patel", "runs": {"extras": 0, "total": 1, "batsman": 1}, "batsman": "CH Gayle"}}, {"7.5": {"non_striker": "CH Gayle", "bowler": "AR Patel", "runs": {"extras": 0, "total": 1, "batsman": 1}, "batsman": "Mandeep Singh"}}, {"7.6": {"non_striker": "Mandeep Singh", "bowler": "AR Patel", "runs": {"extras": 0, "total": 1, "batsman": 1}, "batsman": "CH Gayle"}}, {"8.1": {"non_striker": "Mandeep Singh", "bowler": "A Mishra", "runs": {"extras": 0, "total": 6, "batsman": 6}, "batsman": "CH Gayle"}}, {"8.2": {"non_striker": "Mandeep Singh", "bowler": "A Mishra", "runs": {"extras": 0, "total": 1, "batsman": 1}, "batsman": "CH Gayle"}}, {"8.3": {"non_striker": "CH Gayle", "bowler": "A Mishra", "runs": {"extras": 0, "total": 1, "batsman": 1}, "batsman": "Mandeep Singh"}}, {"8.4": {"non_striker": "Mandeep Singh", "bowler": "A Mishra", "runs": {"extras": 0, "total": 6, "batsman": 6}, "batsman": "CH Gayle"}}, {"8.5": {"non_striker": "Mandeep Singh", "bowler": "A Mishra", "runs": {"extras": 0, "total": 1, "batsman": 1}, "batsman": "CH Gayle"}}, {"8.6": {"non_striker": "CH Gayle", "bowler": "A Mishra", "runs": {"extras": 0, "total": 1, "batsman": 1}, "batsman": "Mandeep Singh"}}, {"9.1": {"non_striker": "CH Gayle", "bowler": "AR Patel", "runs": {"extras": 0, "total": 6, "batsman": 6}, "batsman": "Mandeep Singh"}}, {"9.2": {"non_striker": "CH Gayle", "bowler": "AR Patel", "runs": {"extras": 0, "total": 0, "batsman": 0}, "batsman": "Mandeep Singh"}}, {"9.3": {"non_striker": "CH Gayle", "bowler": "AR Patel", "runs": {"extras": 0, "total": 0, "batsman": 0}, "batsman": "Mandeep Singh"}}, {"9.4": {"non_striker": "CH Gayle", "bowler": "AR Patel", "runs": {"extras": 0, "total": 2, "batsman": 2}, "batsman": "Mandeep Singh"}}, {"9.5": {"non_striker": "CH Gayle", "bowler": "AR Patel", "runs": {"extras": 0, "total": 1, "batsman": 1}, "batsman": "Mandeep Singh"}}, {"9.6": {"non_striker": "Mandeep Singh", "bowler": "AR Patel", "runs": {"extras": 0, "total": 1, "batsman": 1}, "batsman": "CH Gayle"}}, {"10.1": {"non_striker": "Mandeep Singh", "bowler": "SE Rutherford", "runs": {"extras": 0, "total": 0, "batsman": 0}, "batsman": "CH Gayle"}}, {"10.2": {"non_striker": "Mandeep Singh", "bowler": "SE Rutherford", "runs": {"extras": 0, "total": 1, "batsman": 1}, "batsman": "CH Gayle"}}, {"10.3": {"non_striker": "CH Gayle", "bowler": "SE Rutherford", "runs": {"extras": 0, "total": 1, "batsman": 1}, "batsman": "Mandeep Singh"}}, {"10.4": {"non_striker": "Mandeep Singh", "bowler": "SE Rutherford", "runs": {"extras": 0, "total": 1, "batsman": 1}, "batsman": "CH Gayle"}}, {"10.5": {"non_striker": "CH Gayle", "bowler": "SE Rutherford", "runs": {"extras": 0, "total": 1, "batsman": 1}, "batsman": "Mandeep Singh"}}, {"10.6": {"non_striker": "Mandeep Singh", "bowler": "SE Rutherford", "runs": {"extras": 0, "total": 1, "batsman": 1}, "batsman": "CH Gayle"}}, {"11.1": {"non_striker": "Mandeep Singh", "bowler": "K Rabada", "runs": {"extras": 0, "total": 0, "batsman": 0}, "batsman": "CH Gayle"}}, {"11.2": {"non_striker": "Mandeep Singh", "bowler": "K Rabada", "runs": {"extras": 0, "total": 1, "batsman": 1}, "batsman": "CH Gayle"}}, {"11.3": {"non_striker": "CH Gayle", "bowler": "K Rabada", "runs": {"extras": 0, "total": 0, "batsman": 0}, "batsman": "Mandeep Singh"}}, {"11.4": {"non_striker": "CH Gayle", "bowler": "K Rabada", "runs": {"extras": 0, "total": 1, "batsman": 1}, "batsman": "Mandeep Singh"}}, {"11.5": {"non_striker": "Mandeep Singh", "bowler": "K Rabada", "runs": {"extras": 0, "total": 1, "batsman": 1}, "batsman": "CH Gayle"}}, {"11.6": {"non_striker": "CH Gayle", "bowler": "K Rabada", "runs": {"extras": 0, "total": 0, "batsman": 0}, "batsman": "Mandeep Singh"}}, {"12.1": {"non_striker": "Mandeep Singh", "bowler": "S Lamichhane", "runs": {"extras": 0, "total": 6, "batsman": 6}, "batsman": "CH Gayle"}}, {"12.2": {"non_striker": "Mandeep Singh", "bowler": "S Lamichhane", "runs": {"extras": 0, "total": 0, "batsman": 0}, "batsman": "CH Gayle", "wicket": {"player_out": "CH Gayle", "fielders": ["AR Patel"], "kind": "caught"}}}, {"12.3": {"non_striker": "Mandeep Singh", "bowler": "S Lamichhane", "runs": {"extras": 0, "total": 0, "batsman": 0}, "batsman": "SM Curran"}}, {"12.4": {"non_striker": "Mandeep Singh", "bowler": "S Lamichhane", "runs": {"extras": 0, "total": 0, "batsman": 0}, "batsman": "SM Curran"}}, {"12.5": {"non_striker": "Mandeep Singh", "bowler": "S Lamichhane", "runs": {"extras": 0, "total": 0, "batsman": 0}, "batsman": "SM Curran"}}, {"12.6": {"non_striker": "Mandeep Singh", "bowler": "S Lamichhane", "runs": {"extras": 0, "total": 0, "batsman": 0}, "batsman": "SM Curran", "wicket": {"player_out": "SM Curran", "kind": "caught and bowled"}}}, {"13.1": {"non_striker": "R Ashwin", "bowler": "A Mishra", "runs": {"extras": 0, "total": 1, "batsman": 1}, "batsman": "Mandeep Singh"}}, {"13.2": {"non_striker": "Mandeep Singh", "bowler": "A Mishra", "runs": {"extras": 0, "total": 0, "batsman": 0}, "batsman": "R Ashwin"}}, {"13.3": {"non_striker": "Mandeep Singh", "bowler": "A Mishra", "runs": {"extras": 0, "total": 1, "batsman": 1}, "batsman": "R Ashwin"}}, {"13.4": {"non_striker": "R Ashwin", "bowler": "A Mishra", "runs": {"extras": 0, "total": 0, "batsman": 0}, "batsman": "Mandeep Singh"}}, {"13.5": {"non_striker": "R Ashwin", "bowler": "A Mishra", "runs": {"extras": 0, "total": 2, "batsman": 2}, "batsman": "Mandeep Singh"}}, {"13.6": {"non_striker": "R Ashwin", "bowler": "A Mishra", "runs": {"extras": 0, "total": 1, "batsman": 1}, "batsman": "Mandeep Singh"}}, {"14.1": {"non_striker": "R Ashwin", "bowler": "S Lamichhane", "runs": {"extras": 0, "total": 1, "batsman": 1}, "batsman": "Mandeep Singh"}}, {"14.2": {"non_striker": "Mandeep Singh", "bowler": "S Lamichhane", "runs": {"extras": 0, "total": 4, "batsman": 4}, "batsman": "R Ashwin"}}, {"14.3": {"non_striker": "Mandeep Singh", "bowler": "S Lamichhane", "runs": {"extras": 0, "total": 0, "batsman": 0}, "batsman": "R Ashwin"}}, {"14.4": {"non_striker": "Mandeep Singh", "bowler": "S Lamichhane", "runs": {"extras": 0, "total": 1, "batsman": 1}, "batsman": "R Ashwin"}}, {"14.5": {"non_striker": "R Ashwin", "bowler": "S Lamichhane", "runs": {"extras": 0, "total": 0, "batsman": 0}, "batsman": "Mandeep Singh"}}, {"14.6": {"non_striker": "R Ashwin", "bowler": "S Lamichhane", "runs": {"extras": 0, "total": 1, "batsman": 1}, "batsman": "Mandeep Singh"}}, {"15.1": {"non_striker": "R Ashwin", "bowler": "A Mishra", "runs": {"extras": 0, "total": 4, "batsman": 4}, "batsman": "Mandeep Singh"}}, {"15.2": {"non_striker": "R Ashwin", "bowler": "A Mishra", "runs": {"extras": 0, "total": 1, "batsman": 1}, "batsman": "Mandeep Singh"}}, {"15.3": {"non_striker": "Mandeep Singh", "bowler": "A Mishra", "runs": {"extras": 0, "total": 1, "batsman": 1}, "batsman": "R Ashwin"}}, {"15.4": {"non_striker": "R Ashwin", "bowler": "A Mishra", "runs": {"extras": 0, "total": 1, "batsman": 1}, "batsman": "Mandeep Singh"}}, {"15.5": {"non_striker": "Mandeep Singh", "bowler": "A Mishra", "runs": {"extras": 0, "total": 1, "batsman": 1}, "batsman": "R Ashwin"}}, {"15.6": {"non_striker": "R Ashwin", "bowler": "A Mishra", "runs": {"extras": 0, "total": 1, "batsman": 1}, "batsman": "Mandeep Singh"}}, {"16.1": {"non_striker": "R Ashwin", "bowler": "AR Patel", "runs": {"extras": 0, "total": 1, "batsman": 1}, "batsman": "Mandeep Singh"}}, {"16.2": {"non_striker": "Mandeep Singh", "bowler": "AR Patel", "runs": {"extras": 0, "total": 1, "batsman": 1}, "batsman": "R Ashwin"}}, {"16.3": {"non_striker": "R Ashwin", "bowler": "AR Patel", "runs": {"extras": 0, "total": 0, "batsman": 0}, "batsman": "Mandeep Singh", "wicket": {"player_out": "Mandeep Singh", "fielders": ["RR Pant"], "kind": "stumped"}}}, {"16.4": {"non_striker": "R Ashwin", "bowler": "AR Patel", "runs": {"extras": 0, "total": 0, "batsman": 0}, "batsman": "Harpreet Brar"}}, {"16.5": {"non_striker": "R Ashwin", "bowler": "AR Patel", "runs": {"extras": 0, "total": 4, "batsman": 4}, "batsman": "Harpreet Brar"}}, {"16.6": {"non_striker": "R Ashwin", "bowler": "AR Patel", "runs": {"extras": 0, "total": 1, "batsman": 1}, "batsman": "Harpreet Brar"}}, {"17.1": {"non_striker": "R Ashwin", "bowler": "K Rabada", "runs": {"extras": 0, "total": 0, "batsman": 0}, "batsman": "Harpreet Brar"}}, {"17.2": {"non_striker": "R Ashwin", "bowler": "K Rabada", "runs": {"extras": 0, "total": 1, "batsman": 1}, "batsman": "Harpreet Brar"}}, {"17.3": {"non_striker": "Harpreet Brar", "bowler": "K Rabada", "runs": {"extras": 0, "total": 1, "batsman": 1}, "batsman": "R Ashwin"}}, {"17.4": {"non_striker": "R Ashwin", "bowler": "K Rabada", "runs": {"extras": 0, "total": 1, "batsman": 1}, "batsman": "Harpreet Brar"}}, {"17.5": {"non_striker": "Harpreet Brar", "bowler": "K Rabada", "runs": {"extras": 0, "total": 4, "batsman": 4}, "batsman": "R Ashwin"}}, {"17.6": {"non_striker": "Harpreet Brar", "bowler": "K Rabada", "runs": {"extras": 0, "total": 0, "batsman": 0}, "batsman": "R Ashwin"}}, {"18.1": {"non_striker": "R Ashwin", "bowler": "I Sharma", "runs": {"extras": 0, "total": 0, "batsman": 0}, "batsman": "Harpreet Brar"}}, {"18.2": {"non_striker": "R Ashwin", "bowler": "I Sharma", "runs": {"extras": 1, "total": 1, "batsman": 0}, "extras": {"wides": 1}, "batsman": "Harpreet Brar"}}, {"18.3": {"non_striker": "R Ashwin", "bowler": "I Sharma", "runs": {"extras": 1, "total": 1, "batsman": 0}, "extras": {"wides": 1}, "batsman": "Harpreet Brar"}}, {"18.4": {"non_striker": "R Ashwin", "bowler": "I Sharma", "runs": {"extras": 0, "total": 4, "batsman": 4}, "batsman": "Harpreet Brar"}}, {"18.5": {"non_striker": "R Ashwin", "bowler": "I Sharma", "runs": {"extras": 0, "total": 1, "batsman": 1}, "batsman": "Harpreet Brar"}}, {"18.6": {"non_striker": "Harpreet Brar", "bowler": "I Sharma", "runs": {"extras": 0, "total": 1, "batsman": 1}, "batsman": "R Ashwin"}}, {"18.7": {"non_striker": "R Ashwin", "bowler": "I Sharma", "runs": {"extras": 0, "total": 1, "batsman": 1}, "batsman": "Harpreet Brar"}}, {"18.8": {"non_striker": "Harpreet Brar", "bowler": "I Sharma", "runs": {"extras": 0, "total": 1, "batsman": 1}, "batsman": "R Ashwin"}}, {"19.1": {"non_striker": "Harpreet Brar", "bowler": "K Rabada", "runs": {"extras": 0, "total": 0, "batsman": 0}, "batsman": "R Ashwin", "wicket": {"player_out": "R Ashwin", "fielders": ["SS Iyer"], "kind": "caught"}}}, {"19.2": {"non_striker": "GC Viljoen", "bowler": "K Rabada", "runs": {"extras": 0, "total": 1, "batsman": 1}, "batsman": "Harpreet Brar"}}, {"19.3": {"non_striker": "Harpreet Brar", "bowler": "K Rabada", "runs": {"extras": 2, "total": 2, "batsman": 0}, "extras": {"byes": 2}, "batsman": "GC Viljoen"}}, {"19.4": {"non_striker": "Harpreet Brar", "bowler": "K Rabada", "runs": {"extras": 0, "total": 2, "batsman": 2}, "batsman": "GC Viljoen"}}, {"19.5": {"non_striker": "Harpreet Brar", "bowler": "K Rabada", "runs": {"extras": 1, "total": 1, "batsman": 0}, "extras": {"byes": 1}, "batsman": "GC Viljoen"}}, {"19.6": {"non_striker": "GC Viljoen", "bowler": "K Rabada", "runs": {"extras": 0, "total": 6, "batsman": 6}, "batsman": "Harpreet Brar"}}]