[{"0.1": {"non_striker": "JC Buttler", "bowler": "JP Behrendorff", "runs": {"extras": 0, "total": 0, "batsman": 0}, "batsman": "AM Rahane"}}, {"0.2": {"non_striker": "JC Buttler", "bowler": "JP Behrendorff", "runs": {"extras": 0, "total": 0, "batsman": 0}, "batsman": "AM Rahane"}}, {"0.3": {"non_striker": "JC Buttler", "bowler": "JP Behrendorff", "runs": {"extras": 0, "total": 0, "batsman": 0}, "batsman": "AM Rahane"}}, {"0.4": {"non_striker": "JC Buttler", "bowler": "JP Behrendorff", "runs": {"extras": 0, "total": 4, "batsman": 4}, "batsman": "AM Rahane"}}, {"0.5": {"non_striker": "JC Buttler", "bowler": "JP Behrendorff", "runs": {"extras": 0, "total": 0, "batsman": 0}, "batsman": "AM Rahane"}}, {"0.6": {"non_striker": "JC Buttler", "bowler": "JP Behrendorff", "runs": {"extras": 0, "total": 0, "batsman": 0}, "batsman": "AM Rahane"}}, {"1.1": {"non_striker": "AM Rahane", "bowler": "AS Joseph", "runs": {"extras": 0, "total": 0, "batsman": 0}, "batsman": "JC Buttler"}}, {"1.2": {"non_striker": "AM Rahane", "bowler": "AS Joseph", "runs": {"extras": 0, "total": 0, "batsman": 0}, "batsman": "JC Buttler"}}, {"1.3": {"non_striker": "AM Rahane", "bowler": "AS Joseph", "runs": {"extras": 0, "total": 4, "batsman": 4}, "batsman": "JC Buttler"}}, {"1.4": {"non_striker": "AM Rahane", "bowler": "AS Joseph", "runs": {"extras": 0, "total": 0, "batsman": 0}, "batsman": "JC Buttler"}}, {"1.5": {"non_striker": "AM Rahane", "bowler": "AS Joseph", "runs": {"extras": 0, "total": 0, "batsman": 0}, "batsman": "JC Buttler"}}, {"1.6": {"non_striker": "AM Rahane", "bowler": "AS Joseph", "runs": {"extras": 0, "total": 4, "batsman": 4}, "batsman": "JC Buttler"}}, {"2.1": {"non_striker": "JC Buttler", "bowler": "JP Behrendorff", "runs": {"extras": 0, "total": 4, "batsman": 4}, "batsman": "AM Rahane"}}, {"2.2": {"non_striker": "JC Buttler", "bowler": "JP Behrendorff", "runs": {"extras": 0, "total": 1, "batsman": 1}, "batsman": "AM Rahane"}}, {"2.3": {"non_striker": "AM Rahane", "bowler": "JP Behrendorff", "runs": {"extras": 0, "total": 6, "batsman": 6}, "batsman": "JC Buttler"}}, {"2.4": {"non_striker": "AM Rahane", "bowler": "JP Behrendorff", "runs": {"extras": 0, "total": 1, "batsman": 1}, "batsman": "JC Buttler"}}, {"2.5": {"non_striker": "JC Buttler", "bowler": "JP Behrendorff", "runs": {"extras": 0, "total": 4, "batsman": 4}, "batsman": "AM Rahane"}}, {"2.6": {"non_striker": "JC Buttler", "bowler": "JP Behrendorff", "runs": {"extras": 0, "total": 0, "batsman": 0}, "batsman": "AM Rahane"}}, {"3.1": {"non_striker": "AM Rahane", "bowler": "RD Chahar", "runs": {"extras": 0, "total": 0, "batsman": 0}, "batsman": "JC Buttler"}}, {"3.2": {"non_striker": "AM Rahane", "bowler": "RD Chahar", "runs": {"extras": 0, "total": 1, "batsman": 1}, "batsman": "JC Buttler"}}, {"3.3": {"non_striker": "JC Buttler", "bowler": "RD Chahar", "runs": {"extras": 0, "total": 1, "batsman": 1}, "batsman": "AM Rahane"}}, {"3.4": {"non_striker": "AM Rahane", "bowler": "RD Chahar", "runs": {"extras": 1, "total": 1, "batsman": 0}, "extras": {"legbyes": 1}, "batsman": "JC Buttler"}}, {"3.5": {"non_striker": "JC Buttler", "bowler": "RD Chahar", "runs": {"extras": 0, "total": 1, "batsman": 1}, "batsman": "AM Rahane"}}, {"3.6": {"non_striker": "AM Rahane", "bowler": "RD Chahar", "runs": {"extras": 0, "total": 0, "batsman": 0}, "batsman": "JC Buttler"}}, {"4.1": {"non_striker": "JC Buttler", "bowler": "AS Joseph", "runs": {"extras": 0, "total": 4, "batsman": 4}, "batsman": "AM Rahane"}}, {"4.2": {"non_striker": "JC Buttler", "bowler": "AS Joseph", "runs": {"extras": 0, "total": 2, "batsman": 2}, "batsman": "AM Rahane"}}, {"4.3": {"non_striker": "JC Buttler", "bowler": "AS Joseph", "runs": {"extras": 0, "total": 0, "batsman": 0}, "batsman": "AM Rahane"}}, {"4.4": {"non_striker": "JC Buttler", "bowler": "AS Joseph", "runs": {"extras": 0, "total": 6, "batsman": 6}, "batsman": "AM Rahane"}}, {"4.5": {"non_striker": "JC Buttler", "bowler": "AS Joseph", "runs": {"extras": 0, "total": 4, "batsman": 4}, "batsman": "AM Rahane"}}, {"4.6": {"non_striker": "JC Buttler", "bowler": "AS Joseph", "runs": {"extras": 0, "total": 1, "batsman": 1}, "batsman": "AM Rahane"}}, {"5.1": {"non_striker": "JC Buttler", "bowler": "JJ Bumrah", "runs": {"extras": 0, "total": 4, "batsman": 4}, "batsman": "AM Rahane"}}, {"5.2": {"non_striker": "JC Buttler", "bowler": "JJ Bumrah", "runs": {"extras": 0, "total": 1, "batsman": 1}, "batsman": "AM Rahane"}}, {"5.3": {"non_striker": "AM Rahane", "bowler": "JJ Bumrah", "runs": {"extras": 0, "total": 0, "batsman": 0}, "batsman": "JC Buttler"}}, {"5.4": {"non_striker": "AM Rahane", "bowler": "JJ Bumrah", "runs": {"extras": 0, "total": 0, "batsman": 0}, "batsman": "JC Buttler"}}, {"5.5": {"non_striker": "AM Rahane", "bowler": "JJ Bumrah", "runs": {"extras": 0, "total": 4, "batsman": 4}, "batsman": "JC Buttler"}}, {"5.6": {"non_striker": "AM Rahane", "bowler": "JJ Bumrah", "runs": {"extras": 0, "total": 1, "batsman": 1}, "batsman": "JC Buttler"}}, {"6.1": {"non_striker": "AM Rahane", "bowler": "KH Pandya", "runs": {"extras": 0, "total": 1, "batsman": 1}, "batsman": "JC Buttler"}}, {"6.2": {"non_striker": "JC Buttler", "bowler": "KH Pandya", "runs": {"extras": 0, "total": 0, "batsman": 0}, "batsman": "AM Rahane", "wicket": {"player_out": "AM Rahane", "fielders": ["SA Yadav"], "kind": "caught"}}}, {"6.3": {"non_striker": "SV Samson", "bowler": "KH Pandya", "runs": {"extras": 1, "total": 1, "batsman": 0}, "extras": {"wides": 1}, "batsman": "JC Buttler"}}, {"6.4": {"non_striker": "SV Samson", "bowler": "KH Pandya", "runs": {"extras": 0, "total": 0, "batsman": 0}, "batsman": "JC Buttler"}}, {"6.5": {"non_striker": "SV Samson", "bowler": "KH Pandya", "runs": {"extras": 0, "total": 1, "batsman": 1}, "batsman": "JC Buttler"}}, {"6.6": {"non_striker": "JC Buttler", "bowler": "KH Pandya", "runs": {"extras": 0, "total": 2, "batsman": 2}, "batsman": "SV Samson"}}, {"6.7": {"non_striker": "JC Buttler", "bowler": "KH Pandya", "runs": {"extras": 0, "total": 0, "batsman": 0}, "batsman": "SV Samson"}}, {"7.1": {"non_striker": "SV Samson", "bowler": "RD Chahar", "runs": {"extras": 0, "total": 1, "batsman": 1}, "batsman": "JC Buttler"}}, {"7.2": {"non_striker": "JC Buttler", "bowler": "RD Chahar", "runs": {"extras": 0, "total": 1, "batsman": 1}, "batsman": "SV Samson"}}, {"7.3": {"non_striker": "SV Samson", "bowler": "RD Chahar", "runs": {"extras": 0, "total": 6, "batsman": 6}, "batsman": "JC Buttler"}}, {"7.4": {"non_striker": "SV Samson", "bowler": "RD Chahar", "runs": {"extras": 0, "total": 0, "batsman": 0}, "batsman": "JC Buttler"}}, {"7.5": {"non_striker": "SV Samson", "bowler": "RD Chahar", "runs": {"extras": 0, "total": 1, "batsman": 1}, "batsman": "JC Buttler"}}, {"7.6": {"non_striker": "JC Buttler", "bowler": "RD Chahar", "runs": {"extras": 0, "total": 0, "batsman": 0}, "batsman": "SV Samson"}}, {"8.1": {"non_striker": "SV Samson", "bowler": "KH Pandya", "runs": {"extras": 0, "total": 6, "batsman": 6}, "batsman": "JC Buttler"}}, {"8.2": {"non_striker": "SV Samson", "bowler": "KH Pandya", "runs": {"extras": 0, "total": 1, "batsman": 1}, "batsman": "JC Buttler"}}, {"8.3": {"non_striker": "JC Buttler", "bowler": "KH Pandya", "runs": {"extras": 0, "total": 1, "batsman": 1}, "batsman": "SV Samson"}}, {"8.4": {"non_striker": "SV Samson", "bowler": "KH Pandya", "runs": {"extras": 0, "total": 6, "batsman": 6}, "batsman": "JC Buttler"}}, {"8.5": {"non_striker": "SV Samson", "bowler": "KH Pandya", "runs": {"extras": 0, "total": 1, "batsman": 1}, "batsman": "JC Buttler"}}, {"8.6": {"non_striker": "JC Buttler", "bowler": "KH Pandya", "runs": {"extras": 0, "total": 1, "batsman": 1}, "batsman": "SV Samson"}}, {"9.1": {"non_striker": "JC Buttler", "bowler": "JP Behrendorff", "runs": {"extras": 0, "total": 4, "batsman": 4}, "batsman": "SV Samson"}}, {"9.2": {"non_striker": "JC Buttler", "bowler": "JP Behrendorff", "runs": {"extras": 0, "total": 0, "batsman": 0}, "batsman": "SV Samson"}}, {"9.3": {"non_striker": "JC Buttler", "bowler": "JP Behrendorff", "runs": {"extras": 0, "total": 0, "batsman": 0}, "batsman": "SV Samson"}}, {"9.4": {"non_striker": "JC Buttler", "bowler": "JP Behrendorff", "runs": {"extras": 1, "total": 1, "batsman": 0}, "extras": {"wides": 1}, "batsman": "SV Samson"}}, {"9.5": {"non_striker": "JC Buttler", "bowler": "JP Behrendorff", "runs": {"extras": 0, "total": 1, "batsman": 1}, "batsman": "SV Samson"}}, {"9.6": {"non_striker": "SV Samson", "bowler": "JP Behrendorff", "runs": {"extras": 0, "total": 4, "batsman": 4}, "batsman": "JC Buttler"}}, {"9.7": {"non_striker": "SV Samson", "bowler": "JP Behrendorff", "runs": {"extras": 0, "total": 1, "batsman": 1}, "batsman": "JC Buttler"}}, {"10.1": {"non_striker": "SV Samson", "bowler": "JJ Bumrah", "runs": {"extras": 0, "total": 0, "batsman": 0}, "batsman": "JC Buttler"}}, {"10.2": {"non_striker": "SV Samson", "bowler": "JJ Bumrah", "runs": {"extras": 0, "total": 2, "batsman": 2}, "batsman": "JC Buttler"}}, {"10.3": {"non_striker": "SV Samson", "bowler": "JJ Bumrah", "runs": {"extras": 0, "total": 0, "batsman": 0}, "batsman": "JC Buttler"}}, {"10.4": {"non_striker": "SV Samson", "bowler": "JJ Bumrah", "runs": {"extras": 0, "total": 1, "batsman": 1}, "batsman": "JC Buttler"}}, {"10.5": {"non_striker": "JC Buttler", "bowler": "JJ Bumrah", "runs": {"extras": 0, "total": 0, "batsman": 0}, "batsman": "SV Samson"}}, {"10.6": {"non_striker": "JC Buttler", "bowler": "JJ Bumrah", "runs": {"extras": 0, "total": 0, "batsman": 0}, "batsman": "SV Samson"}}, {"11.1": {"non_striker": "SV Samson", "bowler": "RD Chahar", "runs": {"extras": 0, "total": 6, "batsman": 6}, "batsman": "JC Buttler"}}, {"11.2": {"non_striker": "SV Samson", "bowler": "RD Chahar", "runs": {"extras": 0, "total": 1, "batsman": 1}, "batsman": "JC Buttler"}}, {"11.3": {"non_striker": "JC Buttler", "bowler": "RD Chahar", "runs": {"extras": 0, "total": 0, "batsman": 0}, "batsman": "SV Samson"}}, {"11.4": {"non_striker": "JC Buttler", "bowler": "RD Chahar", "runs": {"extras": 0, "total": 6, "batsman": 6}, "batsman": "SV Samson"}}, {"11.5": {"non_striker": "JC Buttler", "bowler": "RD Chahar", "runs": {"extras": 0, "total": 1, "batsman": 1}, "batsman": "SV Samson"}}, {"11.6": {"non_striker": "SV Samson", "bowler": "RD Chahar", "runs": {"extras": 0, "total": 1, "batsman": 1}, "batsman": "JC Buttler"}}, {"12.1": {"non_striker": "SV Samson", "bowler": "AS Joseph", "runs": {"extras": 0, "total": 6, "batsman": 6}, "batsman": "JC Buttler"}}, {"12.2": {"non_striker": "SV Samson", "bowler": "AS Joseph", "runs": {"extras": 0, "total": 4, "batsman": 4}, "batsman": "JC Buttler"}}, {"12.3": {"non_striker": "SV Samson", "bowler": "AS Joseph", "runs": {"extras": 0, "total": 4, "batsman": 4}, "batsman": "JC Buttler"}}, {"12.4": {"non_striker": "SV Samson", "bowler": "AS Joseph", "runs": {"extras": 0, "total": 4, "batsman": 4}, "batsman": "JC Buttler"}}, {"12.5": {"non_striker": "SV Samson", "bowler": "AS Joseph", "runs": {"extras": 0, "total": 4, "batsman": 4}, "batsman": "JC Buttler"}}, {"12.6": {"non_striker": "SV Samson", "bowler": "AS Joseph", "runs": {"extras": 0, "total": 6, "batsman": 6}, "batsman": "JC Buttler"}}, {"13.1": {"non_striker": "JC Buttler", "bowler": "RD Chahar", "runs": {"extras": 0, "total": 1, "batsman": 1}, "batsman": "SV Samson"}}, {"13.2": {"non_striker": "SV Samson", "bowler": "RD Chahar", "runs": {"extras": 0, "total": 0, "batsman": 0}, "batsman": "JC Buttler", "wicket": {"player_out": "JC Buttler", "fielders": ["SA Yadav"], "kind": "caught"}}}, {"13.3": {"non_striker": "SPD Smith", "bowler": "RD Chahar", "runs": {"extras": 0, "total": 2, "batsman": 2}, "batsman": "SV Samson"}}, {"13.4": {"non_striker": "SPD Smith", "bowler": "RD Chahar", "runs": {"extras": 0, "total": 2, "batsman": 2}, "batsman": "SV Samson"}}, {"13.5": {"non_striker": "SPD Smith", "bowler": "RD Chahar", "runs": {"extras": 0, "total": 1, "batsman": 1}, "batsman": "SV Samson"}}, {"13.6": {"non_striker": "SV Samson", "bowler": "RD Chahar", "runs": {"extras": 0, "total": 1, "batsman": 1}, "batsman": "SPD Smith"}}, {"14.1": {"non_striker": "SV Samson", "bowler": "HH Pandya", "runs": {"extras": 0, "total": 1, "batsman": 1}, "batsman": "SPD Smith"}}, {"14.2": {"non_striker": "SPD Smith", "bowler": "HH Pandya", "runs": {"extras": 0, "total": 1, "batsman": 1}, "batsman": "SV Samson"}}, {"14.3": {"non_striker": "SV Samson", "bowler": "HH Pandya", "runs": {"extras": 0, "total": 1, "batsman": 1}, "batsman": "SPD Smith"}}, {"14.4": {"non_striker": "SPD Smith", "bowler": "HH Pandya", "runs": {"extras": 0, "total": 1, "batsman": 1}, "batsman": "SV Samson"}}, {"14.5": {"non_striker": "SV Samson", "bowler": "HH Pandya", "runs": {"extras": 0, "total": 1, "batsman": 1}, "batsman": "SPD Smith"}}, {"14.6": {"non_striker": "SPD Smith", "bowler": "HH Pandya", "runs": {"extras": 0, "total": 0, "batsman": 0}, "batsman": "SV Samson"}}, {"15.1": {"non_striker": "SV Samson", "bowler": "KH Pandya", "runs": {"extras": 0, "total": 4, "batsman": 4}, "batsman": "SPD Smith"}}, {"15.2": {"non_striker": "SV Samson", "bowler": "KH Pandya", "runs": {"extras": 0, "total": 0, "batsman": 0}, "batsman": "SPD Smith"}}, {"15.3": {"non_striker": "SV Samson", "bowler": "KH Pandya", "runs": {"extras": 0, "total": 0, "batsman": 0}, "batsman": "SPD Smith"}}, {"15.4": {"non_striker": "SV Samson", "bowler": "KH Pandya", "runs": {"extras": 0, "total": 1, "batsman": 1}, "batsman": "SPD Smith"}}, {"15.5": {"non_striker": "SPD Smith", "bowler": "KH Pandya", "runs": {"extras": 0, "total": 4, "batsman": 4}, "batsman": "SV Samson"}}, {"15.6": {"non_striker": "SPD Smith", "bowler": "KH Pandya", "runs": {"extras": 0, "total": 1, "batsman": 1}, "batsman": "SV Samson"}}, {"16.1": {"non_striker": "SPD Smith", "bowler": "JJ Bumrah", "runs": {"extras": 0, "total": 1, "batsman": 1}, "batsman": "SV Samson"}}, {"16.2": {"non_striker": "SV Samson", "bowler": "JJ Bumrah", "runs": {"extras": 0, "total": 0, "batsman": 0}, "batsman": "SPD Smith"}}, {"16.3": {"non_striker": "SV Samson", "bowler": "JJ Bumrah", "runs": {"extras": 0, "total": 0, "batsman": 0}, "batsman": "SPD Smith"}}, {"16.4": {"non_striker": "SV Samson", "bowler": "JJ Bumrah", "runs": {"extras": 0, "total": 1, "batsman": 1}, "batsman": "SPD Smith"}}, {"16.5": {"non_striker": "SPD Smith", "bowler": "JJ Bumrah", "runs": {"extras": 0, "total": 0, "batsman": 0}, "batsman": "SV Samson", "wicket": {"player_out": "SV Samson", "kind": "lbw"}}}, {"16.6": {"non_striker": "SPD Smith", "bowler": "JJ Bumrah", "runs": {"extras": 0, "total": 1, "batsman": 1}, "batsman": "RA Tripathi"}}, {"17.1": {"non_striker": "SPD Smith", "bowler": "KH Pandya", "runs": {"extras": 0, "total": 0, "batsman": 0}, "batsman": "RA Tripathi", "wicket": {"player_out": "RA Tripathi", "fielders": ["HH Pandya"], "kind": "caught"}}}, {"17.2": {"non_striker": "LS Livingstone", "bowler": "KH Pandya", "runs": {"extras": 0, "total": 0, "batsman": 0}, "batsman": "SPD Smith"}}, {"17.3": {"non_striker": "LS Livingstone", "bowler": "KH Pandya", "runs": {"extras": 0, "total": 1, "batsman": 1}, "batsman": "SPD Smith"}}, {"17.4": {"non_striker": "SPD Smith", "bowler": "KH Pandya", "runs": {"extras": 0, "total": 1, "batsman": 1}, "batsman": "LS Livingstone"}}, {"17.5": {"non_striker": "LS Livingstone", "bowler": "KH Pandya", "runs": {"extras": 0, "total": 1, "batsman": 1}, "batsman": "SPD Smith"}}, {"17.6": {"non_striker": "SPD Smith", "bowler": "KH Pandya", "runs": {"extras": 0, "total": 0, "batsman": 0}, "batsman": "LS Livingstone", "wicket": {"player_out": "LS Livingstone", "kind": "bowled"}}}, {"18.1": {"non_striker": "S Gopal", "bowler": "JJ Bumrah", "runs": {"extras": 0, "total": 0, "batsman": 0}, "batsman": "SPD Smith", "wicket": {"player_out": "SPD Smith", "fielders": ["Ishan Kishan"], "kind": "caught"}}}, {"18.2": {"non_striker": "S Gopal", "bowler": "JJ Bumrah", "runs": {"extras": 1, "total": 1, "batsman": 0}, "extras": {"legbyes": 1}, "batsman": "K Gowtham"}}, {"18.3": {"non_striker": "K Gowtham", "bowler": "JJ Bumrah", "runs": {"extras": 0, "total": 2, "batsman": 2}, "batsman": "S Gopal"}}, {"18.4": {"non_striker": "K Gowtham", "bowler": "JJ Bumrah", "runs": {"extras": 0, "total": 0, "batsman": 0}, "batsman": "S Gopal"}}, {"18.5": {"non_striker": "K Gowtham", "bowler": "JJ Bumrah", "runs": {"extras": 0, "total": 4, "batsman": 4}, "batsman": "S Gopal"}}, {"18.6": {"non_striker": "K Gowtham", "bowler": "JJ Bumrah", "runs": {"extras": 0, "total": 1, "batsman": 1}, "batsman": "S Gopal"}}, {"19.1": {"non_striker": "K Gowtham", "bowler": "HH Pandya", "runs": {"extras": 0, "total": 2, "batsman": 2}, "batsman": "S Gopal"}}, {"19.2": {"non_striker": "K Gowtham", "bowler": "HH Pandya", "runs": {"extras": 0, "total": 0, "batsman": 0}, "batsman": "S Gopal"}}, {"19.3": {"non_striker": "K Gowtham", "bowler": "HH Pandya", "runs": {"extras": 0, "total": 4, "batsman": 4}, "batsman": "S Gopal"}}]