[{"0.1": {"non_striker": "LS Livingstone", "bowler": "UT Yadav", "runs": {"extras": 0, "total": 0, "batsman": 0}, "batsman": "SV Samson"}}, {"0.2": {"non_striker": "LS Livingstone", "bowler": "UT Yadav", "runs": {"extras": 0, "total": 6, "batsman": 6}, "batsman": "SV Samson"}}, {"0.3": {"non_striker": "LS Livingstone", "bowler": "UT Yadav", "runs": {"extras": 0, "total": 4, "batsman": 4}, "batsman": "SV Samson"}}, {"0.4": {"non_striker": "LS Livingstone", "bowler": "UT Yadav", "runs": {"extras": 0, "total": 0, "batsman": 0}, "batsman": "SV Samson"}}, {"0.5": {"non_striker": "LS Livingstone", "bowler": "UT Yadav", "runs": {"extras": 0, "total": 0, "batsman": 0}, "batsman": "SV Samson"}}, {"0.6": {"non_striker": "LS Livingstone", "bowler": "UT Yadav", "runs": {"extras": 0, "total": 0, "batsman": 0}, "batsman": "SV Samson"}}, {"1.1": {"non_striker": "SV Samson", "bowler": "NA Saini", "runs": {"extras": 0, "total": 4, "batsman": 4}, "batsman": "LS Livingstone"}}, {"1.2": {"non_striker": "SV Samson", "bowler": "NA Saini", "runs": {"extras": 0, "total": 6, "batsman": 6}, "batsman": "LS Livingstone"}}, {"1.3": {"non_striker": "SV Samson", "bowler": "NA Saini", "runs": {"extras": 0, "total": 1, "batsman": 1}, "batsman": "LS Livingstone"}}, {"1.4": {"non_striker": "LS Livingstone", "bowler": "NA Saini", "runs": {"extras": 0, "total": 1, "batsman": 1}, "batsman": "SV Samson"}}, {"1.5": {"non_striker": "SV Samson", "bowler": "NA Saini", "runs": {"extras": 0, "total": 0, "batsman": 0}, "batsman": "LS Livingstone"}}, {"1.6": {"non_striker": "SV Samson", "bowler": "NA Saini", "runs": {"extras": 0, "total": 0, "batsman": 0}, "batsman": "LS Livingstone"}}, {"2.1": {"non_striker": "LS Livingstone", "bowler": "K Khejroliya", "runs": {"extras": 0, "total": 6, "batsman": 6}, "batsman": "SV Samson"}}, {"2.2": {"non_striker": "LS Livingstone", "bowler": "K Khejroliya", "runs": {"extras": 0, "total": 1, "batsman": 1}, "batsman": "SV Samson"}}, {"2.3": {"non_striker": "SV Samson", "bowler": "K Khejroliya", "runs": {"extras": 1, "total": 1, "batsman": 0}, "extras": {"legbyes": 1}, "batsman": "LS Livingstone"}}, {"2.4": {"non_striker": "LS Livingstone", "bowler": "K Khejroliya", "runs": {"extras": 0, "total": 0, "batsman": 0}, "batsman": "SV Samson"}}, {"2.5": {"non_striker": "LS Livingstone", "bowler": "K Khejroliya", "runs": {"extras": 0, "total": 6, "batsman": 6}, "batsman": "SV Samson"}}, {"2.6": {"non_striker": "LS Livingstone", "bowler": "K Khejroliya", "runs": {"extras": 0, "total": 4, "batsman": 4}, "batsman": "SV Samson"}}, {"3.1": {"non_striker": "SV Samson", "bowler": "YS Chahal", "runs": {"extras": 1, "total": 1, "batsman": 0}, "extras": {"byes": 1}, "batsman": "LS Livingstone"}}, {"3.2": {"non_striker": "LS Livingstone", "bowler": "YS Chahal", "runs": {"extras": 0, "total": 0, "batsman": 0}, "batsman": "SV Samson", "wicket": {"player_out": "SV Samson", "fielders": ["P Negi"], "kind": "caught"}}}]