[{"0.1": {"non_striker": "SP Narine", "bowler": "DW Steyn", "runs": {"extras": 0, "total": 1, "batsman": 1}, "batsman": "CA Lynn"}}, {"0.2": {"non_striker": "CA Lynn", "bowler": "DW Steyn", "runs": {"extras": 0, "total": 0, "batsman": 0}, "batsman": "SP Narine"}}, {"0.3": {"non_striker": "CA Lynn", "bowler": "DW Steyn", "runs": {"extras": 4, "total": 4, "batsman": 0}, "extras": {"legbyes": 4}, "batsman": "SP Narine"}}, {"0.4": {"non_striker": "CA Lynn", "bowler": "DW Steyn", "runs": {"extras": 0, "total": 0, "batsman": 0}, "batsman": "SP Narine"}}, {"0.5": {"non_striker": "CA Lynn", "bowler": "DW Steyn", "runs": {"extras": 0, "total": 1, "batsman": 1}, "batsman": "SP Narine"}}, {"0.6": {"non_striker": "SP Narine", "bowler": "DW Steyn", "runs": {"extras": 0, "total": 0, "batsman": 0}, "batsman": "CA Lynn", "wicket": {"player_out": "CA Lynn", "fielders": ["V Kohli"], "kind": "caught"}}}, {"1.1": {"non_striker": "Shubman Gill", "bowler": "NA Saini", "runs": {"extras": 0, "total": 4, "batsman": 4}, "batsman": "SP Narine"}}, {"1.2": {"non_striker": "Shubman Gill", "bowler": "NA Saini", "runs": {"extras": 0, "total": 0, "batsman": 0}, "batsman": "SP Narine"}}, {"1.3": {"non_striker": "Shubman Gill", "bowler": "NA Saini", "runs": {"extras": 0, "total": 0, "batsman": 0}, "batsman": "SP Narine"}}, {"1.4": {"non_striker": "Shubman Gill", "bowler": "NA Saini", "runs": {"extras": 0, "total": 1, "batsman": 1}, "batsman": "SP Narine"}}, {"1.5": {"non_striker": "SP Narine", "bowler": "NA Saini", "runs": {"extras": 0, "total": 0, "batsman": 0}, "batsman": "Shubman Gill"}}, {"1.6": {"non_striker": "SP Narine", "bowler": "NA Saini", "runs": {"extras": 0, "total": 0, "batsman": 0}, "batsman": "Shubman Gill"}}, {"2.1": {"non_striker": "Shubman Gill", "bowler": "DW Steyn", "runs": {"extras": 0, "total": 4, "batsman": 4}, "batsman": "SP Narine"}}, {"2.2": {"non_striker": "Shubman Gill", "bowler": "DW Steyn", "runs": {"extras": 0, "total": 0, "batsman": 0}, "batsman": "SP Narine"}}, {"2.3": {"non_striker": "Shubman Gill", "bowler": "DW Steyn", "runs": {"extras": 0, "total": 0, "batsman": 0}, "batsman": "SP Narine"}}, {"2.4": {"non_striker": "Shubman Gill", "bowler": "DW Steyn", "runs": {"extras": 0, "total": 4, "batsman": 4}, "batsman": "SP Narine"}}, {"2.5": {"non_striker": "Shubman Gill", "bowler": "DW Steyn", "runs": {"extras": 0, "total": 4, "batsman": 4}, "batsman": "SP Narine"}}, {"2.6": {"non_striker": "Shubman Gill", "bowler": "DW Steyn", "runs": {"extras": 0, "total": 0, "batsman": 0}, "batsman": "SP Narine"}}, {"3.1": {"non_striker": "SP Narine", "bowler": "NA Saini", "runs": {"extras": 0, "total": 0, "batsman": 0}, "batsman": "Shubman Gill"}}, {"3.2": {"non_striker": "SP Narine", "bowler": "NA Saini", "runs": {"extras": 0, "total": 0, "batsman": 0}, "batsman": "Shubman Gill"}}, {"3.3": {"non_striker": "SP Narine", "bowler": "NA Saini", "runs": {"extras": 0, "total": 1, "batsman": 1}, "batsman": "Shubman Gill"}}, {"3.4": {"non_striker": "Shubman Gill", "bowler": "NA Saini", "runs": {"extras": 0, "total": 0, "batsman": 0}, "batsman": "SP Narine"}}, {"3.5": {"non_striker": "Shubman Gill", "bowler": "NA Saini", "runs": {"extras": 0, "total": 0, "batsman": 0}, "batsman": "SP Narine", "wicket": {"player_out": "SP Narine", "fielders": ["PA Patel"], "kind": "caught"}}}, {"3.6": {"non_striker": "RV Uthappa", "bowler": "NA Saini", "runs": {"extras": 0, "total": 1, "batsman": 1}, "batsman": "Shubman Gill"}}, {"4.1": {"non_striker": "RV Uthappa", "bowler": "DW Steyn", "runs": {"extras": 0, "total": 0, "batsman": 0}, "batsman": "Shubman Gill"}}, {"4.2": {"non_striker": "RV Uthappa", "bowler": "DW Steyn", "runs": {"extras": 0, "total": 3, "batsman": 3}, "batsman": "Shubman Gill"}}, {"4.3": {"non_striker": "Shubman Gill", "bowler": "DW Steyn", "runs": {"extras": 0, "total": 1, "batsman": 1}, "batsman": "RV Uthappa"}}, {"4.4": {"non_striker": "RV Uthappa", "bowler": "DW Steyn", "runs": {"extras": 0, "total": 4, "batsman": 4}, "batsman": "Shubman Gill"}}, {"4.5": {"non_striker": "RV Uthappa", "bowler": "DW Steyn", "runs": {"extras": 0, "total": 0, "batsman": 0}, "batsman": "Shubman Gill"}}, {"4.6": {"non_striker": "RV Uthappa", "bowler": "DW Steyn", "runs": {"extras": 0, "total": 0, "batsman": 0}, "batsman": "Shubman Gill", "wicket": {"player_out": "Shubman Gill", "fielders": ["V Kohli"], "kind": "caught"}}}, {"5.1": {"non_striker": "RV Uthappa", "bowler": "Mohammed Siraj", "runs": {"extras": 0, "total": 0, "batsman": 0}, "batsman": "N Rana"}}, {"5.2": {"non_striker": "RV Uthappa", "bowler": "Mohammed Siraj", "runs": {"extras": 0, "total": 0, "batsman": 0}, "batsman": "N Rana"}}, {"5.3": {"non_striker": "RV Uthappa", "bowler": "Mohammed Siraj", "runs": {"extras": 0, "total": 0, "batsman": 0}, "batsman": "N Rana"}}, {"5.4": {"non_striker": "RV Uthappa", "bowler": "Mohammed Siraj", "runs": {"extras": 0, "total": 0, "batsman": 0}, "batsman": "N Rana"}}, {"5.5": {"non_striker": "RV Uthappa", "bowler": "Mohammed Siraj", "runs": {"extras": 0, "total": 0, "batsman": 0}, "batsman": "N Rana"}}, {"5.6": {"non_striker": "RV Uthappa", "bowler": "Mohammed Siraj", "runs": {"extras": 0, "total": 4, "batsman": 4}, "batsman": "N Rana"}}, {"6.1": {"non_striker": "N Rana", "bowler": "MP Stoinis", "runs": {"extras": 0, "total": 0, "batsman": 0}, "batsman": "RV Uthappa"}}, {"6.2": {"non_striker": "N Rana", "bowler": "MP Stoinis", "runs": {"extras": 0, "total": 1, "batsman": 1}, "batsman": "RV Uthappa"}}, {"6.3": {"non_striker": "RV Uthappa", "bowler": "MP Stoinis", "runs": {"extras": 0, "total": 1, "batsman": 1}, "batsman": "N Rana"}}, {"6.4": {"non_striker": "N Rana", "bowler": "MP Stoinis", "runs": {"extras": 0, "total": 0, "batsman": 0}, "batsman": "RV Uthappa"}}, {"6.5": {"non_striker": "N Rana", "bowler": "MP Stoinis", "runs": {"extras": 0, "total": 0, "batsman": 0}, "batsman": "RV Uthappa"}}, {"6.6": {"non_striker": "N Rana", "bowler": "MP Stoinis", "runs": {"extras": 0, "total": 0, "batsman": 0}, "batsman": "RV Uthappa"}}, {"7.1": {"non_striker": "RV Uthappa", "bowler": "Mohammed Siraj", "runs": {"extras": 0, "total": 4, "batsman": 4}, "batsman": "N Rana"}}, {"7.2": {"non_striker": "RV Uthappa", "bowler": "Mohammed Siraj", "runs": {"extras": 0, "total": 1, "batsman": 1}, "batsman": "N Rana"}}, {"7.3": {"non_striker": "N Rana", "bowler": "Mohammed Siraj", "runs": {"extras": 0, "total": 0, "batsman": 0}, "batsman": "RV Uthappa"}}, {"7.4": {"non_striker": "N Rana", "bowler": "Mohammed Siraj", "runs": {"extras": 0, "total": 0, "batsman": 0}, "batsman": "RV Uthappa"}}, {"7.5": {"non_striker": "N Rana", "bowler": "Mohammed Siraj", "runs": {"extras": 0, "total": 0, "batsman": 0}, "batsman": "RV Uthappa"}}, {"7.6": {"non_striker": "N Rana", "bowler": "Mohammed Siraj", "runs": {"extras": 0, "total": 0, "batsman": 0}, "batsman": "RV Uthappa"}}, {"8.1": {"non_striker": "RV Uthappa", "bowler": "MP Stoinis", "runs": {"extras": 0, "total": 0, "batsman": 0}, "batsman": "N Rana"}}, {"8.2": {"non_striker": "RV Uthappa", "bowler": "MP Stoinis", "runs": {"extras": 0, "total": 0, "batsman": 0}, "batsman": "N Rana"}}, {"8.3": {"non_striker": "RV Uthappa", "bowler": "MP Stoinis", "runs": {"extras": 0, "total": 0, "batsman": 0}, "batsman": "N Rana"}}, {"8.4": {"non_striker": "RV Uthappa", "bowler": "MP Stoinis", "runs": {"extras": 0, "total": 0, "batsman": 0}, "batsman": "N Rana"}}, {"8.5": {"non_striker": "RV Uthappa", "bowler": "MP Stoinis", "runs": {"extras": 0, "total": 1, "batsman": 1}, "batsman": "N Rana"}}, {"8.6": {"non_striker": "N Rana", "bowler": "MP Stoinis", "runs": {"extras": 0, "total": 1, "batsman": 1}, "batsman": "RV Uthappa"}}, {"9.1": {"non_striker": "N Rana", "bowler": "Mohammed Siraj", "runs": {"extras": 0, "total": 4, "batsman": 4}, "batsman": "RV Uthappa"}}, {"9.2": {"non_striker": "N Rana", "bowler": "Mohammed Siraj", "runs": {"extras": 0, "total": 0, "batsman": 0}, "batsman": "RV Uthappa"}}, {"9.3": {"non_striker": "N Rana", "bowler": "Mohammed Siraj", "runs": {"extras": 5, "total": 5, "batsman": 0}, "extras": {"wides": 5}, "batsman": "RV Uthappa"}}, {"9.4": {"non_striker": "N Rana", "bowler": "Mohammed Siraj", "runs": {"extras": 0, "total": 0, "batsman": 0}, "batsman": "RV Uthappa"}}, {"9.5": {"non_striker": "N Rana", "bowler": "Mohammed Siraj", "runs": {"extras": 0, "total": 0, "batsman": 0}, "batsman": "RV Uthappa"}}, {"9.6": {"non_striker": "N Rana", "bowler": "Mohammed Siraj", "runs": {"extras": 0, "total": 1, "batsman": 1}, "batsman": "RV Uthappa"}}, {"9.7": {"non_striker": "RV Uthappa", "bowler": "Mohammed Siraj", "runs": {"extras": 0, "total": 4, "batsman": 4}, "batsman": "N Rana"}}, {"10.1": {"non_striker": "N Rana", "bowler": "YS Chahal", "runs": {"extras": 0, "total": 1, "batsman": 1}, "batsman": "RV Uthappa"}}, {"10.2": {"non_striker": "RV Uthappa", "bowler": "YS Chahal", "runs": {"extras": 0, "total": 4, "batsman": 4}, "batsman": "N Rana"}}, {"10.3": {"non_striker": "RV Uthappa", "bowler": "YS Chahal", "runs": {"extras": 0, "total": 4, "batsman": 4}, "batsman": "N Rana"}}, {"10.4": {"non_striker": "RV Uthappa", "bowler": "YS Chahal", "runs": {"extras": 0, "total": 1, "batsman": 1}, "batsman": "N Rana"}}, {"10.5": {"non_striker": "N Rana", "bowler": "YS Chahal", "runs": {"extras": 0, "total": 0, "batsman": 0}, "batsman": "RV Uthappa"}}, {"10.6": {"non_striker": "N Rana", "bowler": "YS Chahal", "runs": {"extras": 1, "total": 1, "batsman": 0}, "extras": {"wides": 1}, "batsman": "RV Uthappa"}}, {"10.7": {"non_striker": "N Rana", "bowler": "YS Chahal", "runs": {"extras": 1, "total": 1, "batsman": 0}, "extras": {"wides": 1}, "batsman": "RV Uthappa"}}, {"10.8": {"non_striker": "N Rana", "bowler": "YS Chahal", "runs": {"extras": 0, "total": 0, "batsman": 0}, "batsman": "RV Uthappa"}}, {"11.1": {"non_striker": "RV Uthappa", "bowler": "MP Stoinis", "runs": {"extras": 0, "total": 2, "batsman": 2}, "batsman": "N Rana"}}, {"11.2": {"non_striker": "RV Uthappa", "bowler": "MP Stoinis", "runs": {"extras": 0, "total": 4, "batsman": 4}, "batsman": "N Rana"}}, {"11.3": {"non_striker": "RV Uthappa", "bowler": "MP Stoinis", "runs": {"extras": 0, "total": 0, "batsman": 0}, "batsman": "N Rana"}}, {"11.4": {"non_striker": "RV Uthappa", "bowler": "MP Stoinis", "runs": {"extras": 0, "total": 1, "batsman": 1}, "batsman": "N Rana"}}, {"11.5": {"non_striker": "N Rana", "bowler": "MP Stoinis", "runs": {"extras": 0, "total": 0, "batsman": 0}, "batsman": "RV Uthappa", "wicket": {"player_out": "RV Uthappa", "fielders": ["P Negi"], "kind": "caught"}}}, {"11.6": {"non_striker": "AD Russell", "bowler": "MP Stoinis", "runs": {"extras": 0, "total": 2, "batsman": 2}, "batsman": "N Rana"}}, {"12.1": {"non_striker": "N Rana", "bowler": "YS Chahal", "runs": {"extras": 0, "total": 1, "batsman": 1}, "batsman": "AD Russell"}}, {"12.2": {"non_striker": "AD Russell", "bowler": "YS Chahal", "runs": {"extras": 0, "total": 4, "batsman": 4}, "batsman": "N Rana"}}, {"12.3": {"non_striker": "AD Russell", "bowler": "YS Chahal", "runs": {"extras": 0, "total": 1, "batsman": 1}, "batsman": "N Rana"}}, {"12.4": {"non_striker": "N Rana", "bowler": "YS Chahal", "runs": {"extras": 1, "total": 1, "batsman": 0}, "extras": {"wides": 1}, "batsman": "AD Russell"}}, {"12.5": {"non_striker": "N Rana", "bowler": "YS Chahal", "runs": {"extras": 0, "total": 6, "batsman": 6}, "batsman": "AD Russell"}}, {"12.6": {"non_striker": "N Rana", "bowler": "YS Chahal", "runs": {"extras": 0, "total": 0, "batsman": 0}, "batsman": "AD Russell"}}, {"12.7": {"non_striker": "N Rana", "bowler": "YS Chahal", "runs": {"extras": 0, "total": 0, "batsman": 0}, "batsman": "AD Russell"}}, {"13.1": {"non_striker": "AD Russell", "bowler": "NA Saini", "runs": {"extras": 0, "total": 1, "batsman": 1}, "batsman": "N Rana"}}, {"13.2": {"non_striker": "N Rana", "bowler": "NA Saini", "runs": {"extras": 0, "total": 4, "batsman": 4}, "batsman": "AD Russell"}}, {"13.3": {"non_striker": "N Rana", "bowler": "NA Saini", "runs": {"extras": 0, "total": 0, "batsman": 0}, "batsman": "AD Russell"}}, {"13.4": {"non_striker": "N Rana", "bowler": "NA Saini", "runs": {"extras": 0, "total": 1, "batsman": 1}, "batsman": "AD Russell"}}, {"13.5": {"non_striker": "AD Russell", "bowler": "NA Saini", "runs": {"extras": 0, "total": 1, "batsman": 1}, "batsman": "N Rana"}}, {"13.6": {"non_striker": "N Rana", "bowler": "NA Saini", "runs": {"extras": 0, "total": 0, "batsman": 0}, "batsman": "AD Russell"}}, {"14.1": {"non_striker": "AD Russell", "bowler": "YS Chahal", "runs": {"extras": 0, "total": 0, "batsman": 0}, "batsman": "N Rana"}}, {"14.2": {"non_striker": "AD Russell", "bowler": "YS Chahal", "runs": {"extras": 0, "total": 0, "batsman": 0}, "batsman": "N Rana"}}, {"14.3": {"non_striker": "AD Russell", "bowler": "YS Chahal", "runs": {"extras": 0, "total": 1, "batsman": 1}, "batsman": "N Rana"}}, {"14.4": {"non_striker": "N Rana", "bowler": "YS Chahal", "runs": {"extras": 1, "total": 1, "batsman": 0}, "extras": {"wides": 1}, "batsman": "AD Russell"}}, {"14.5": {"non_striker": "N Rana", "bowler": "YS Chahal", "runs": {"extras": 0, "total": 6, "batsman": 6}, "batsman": "AD Russell"}}, {"14.6": {"non_striker": "N Rana", "bowler": "YS Chahal", "runs": {"extras": 0, "total": 6, "batsman": 6}, "batsman": "AD Russell"}}, {"14.7": {"non_striker": "N Rana", "bowler": "YS Chahal", "runs": {"extras": 0, "total": 6, "batsman": 6}, "batsman": "AD Russell"}}, {"15.1": {"non_striker": "AD Russell", "bowler": "NA Saini", "runs": {"extras": 0, "total": 4, "batsman": 4}, "batsman": "N Rana"}}, {"15.2": {"non_striker": "AD Russell", "bowler": "NA Saini", "runs": {"extras": 0, "total": 0, "batsman": 0}, "batsman": "N Rana"}}, {"15.3": {"non_striker": "AD Russell", "bowler": "NA Saini", "runs": {"extras": 0, "total": 6, "batsman": 6}, "batsman": "N Rana"}}, {"15.4": {"non_striker": "AD Russell", "bowler": "NA Saini", "runs": {"extras": 0, "total": 6, "batsman": 6}, "batsman": "N Rana"}}, {"15.5": {"non_striker": "AD Russell", "bowler": "NA Saini", "runs": {"extras": 0, "total": 1, "batsman": 1}, "batsman": "N Rana"}}, {"15.6": {"non_striker": "N Rana", "bowler": "NA Saini", "runs": {"extras": 0, "total": 0, "batsman": 0}, "batsman": "AD Russell"}}, {"16.1": {"non_striker": "AD Russell", "bowler": "Mohammed Siraj", "runs": {"extras": 0, "total": 1, "batsman": 1}, "batsman": "N Rana"}}, {"16.2": {"non_striker": "N Rana", "bowler": "Mohammed Siraj", "runs": {"extras": 1, "total": 1, "batsman": 0}, "extras": {"wides": 1}, "batsman": "AD Russell"}}, {"16.3": {"non_striker": "N Rana", "bowler": "Mohammed Siraj", "runs": {"extras": 0, "total": 4, "batsman": 4}, "batsman": "AD Russell"}}, {"16.4": {"non_striker": "N Rana", "bowler": "Mohammed Siraj", "runs": {"extras": 0, "total": 6, "batsman": 6}, "batsman": "AD Russell"}}, {"16.5": {"non_striker": "N Rana", "bowler": "Mohammed Siraj", "runs": {"extras": 1, "total": 1, "batsman": 0}, "extras": {"wides": 1}, "batsman": "AD Russell"}}, {"16.6": {"non_striker": "N Rana", "bowler": "Mohammed Siraj", "runs": {"extras": 0, "total": 0, "batsman": 0}, "batsman": "AD Russell"}}, {"16.7": {"non_striker": "N Rana", "bowler": "Mohammed Siraj", "runs": {"extras": 0, "total": 1, "batsman": 1}, "batsman": "AD Russell"}}, {"16.8": {"non_striker": "AD Russell", "bowler": "Mohammed Siraj", "runs": {"extras": 0, "total": 1, "batsman": 1}, "batsman": "N Rana"}}, {"17.1": {"non_striker": "AD Russell", "bowler": "DW Steyn", "runs": {"extras": 0, "total": 0, "batsman": 0}, "batsman": "N Rana"}}, {"17.2": {"non_striker": "AD Russell", "bowler": "DW Steyn", "runs": {"extras": 0, "total": 6, "batsman": 6}, "batsman": "N Rana"}}, {"17.3": {"non_striker": "AD Russell", "bowler": "DW Steyn", "runs": {"extras": 0, "total": 2, "batsman": 2}, "batsman": "N Rana"}}, {"17.4": {"non_striker": "AD Russell", "bowler": "DW Steyn", "runs": {"extras": 0, "total": 6, "batsman": 6}, "batsman": "N Rana"}}, {"17.5": {"non_striker": "AD Russell", "bowler": "DW Steyn", "runs": {"extras": 0, "total": 0, "batsman": 0}, "batsman": "N Rana"}}, {"17.6": {"non_striker": "AD Russell", "bowler": "DW Steyn", "runs": {"extras": 0, "total": 4, "batsman": 4}, "batsman": "N Rana"}}, {"18.1": {"non_striker": "N Rana", "bowler": "MP Stoinis", "runs": {"extras": 0, "total": 0, "batsman": 0}, "batsman": "AD Russell"}}, {"18.2": {"non_striker": "N Rana", "bowler": "MP Stoinis", "runs": {"extras": 1, "total": 1, "batsman": 0}, "extras": {"wides": 1}, "batsman": "AD Russell"}}, {"18.3": {"non_striker": "N Rana", "bowler": "MP Stoinis", "runs": {"extras": 0, "total": 0, "batsman": 0}, "batsman": "AD Russell"}}, {"18.4": {"non_striker": "N Rana", "bowler": "MP Stoinis", "runs": {"extras": 0, "total": 0, "batsman": 0}, "batsman": "AD Russell"}}, {"18.5": {"non_striker": "N Rana", "bowler": "MP Stoinis", "runs": {"extras": 0, "total": 6, "batsman": 6}, "batsman": "AD Russell"}}, {"18.6": {"non_striker": "N Rana", "bowler": "MP Stoinis", "runs": {"extras": 0, "total": 6, "batsman": 6}, "batsman": "AD Russell"}}, {"18.7": {"non_striker": "N Rana", "bowler": "MP Stoinis", "runs": {"extras": 0, "total": 6, "batsman": 6}, "batsman": "AD Russell"}}, {"19.1": {"non_striker": "AD Russell", "bowler": "MM Ali", "runs": {"extras": 0, "total": 0, "batsman": 0}, "batsman": "N Rana"}}, {"19.2": {"non_striker": "AD Russell", "bowler": "MM Ali", "runs": {"extras": 0, "total": 1, "batsman": 1}, "batsman": "N Rana"}}, {"19.3": {"non_striker": "N Rana", "bowler": "MM Ali", "runs": {"extras": 0, "total": 6, "batsman": 6}, "batsman": "AD Russell"}}, {"19.4": {"non_striker": "N Rana", "bowler": "MM Ali", "runs": {"extras": 0, "total": 0, "batsman": 0}, "batsman": "AD Russell"}}, {"19.5": {"non_striker": "N Rana", "bowler": "MM Ali", "runs": {"extras": 0, "total": 0, "batsman": 0}, "batsman": "AD Russell", "wicket": {"player_out": "AD Russell", "kind": "run out"}}}, {"19.6": {"non_striker": "KD Karthik", "bowler": "MM Ali", "runs": {"extras": 0, "total": 6, "batsman": 6}, "batsman": "N Rana"}}]