[{"0.1": {"non_striker": "CH Gayle", "bowler": "KK Ahmed", "runs": {"extras": 1, "total": 1, "batsman": 0}, "extras": {"wides": 1}, "batsman": "KL Rahul"}}, {"0.2": {"non_striker": "CH Gayle", "bowler": "KK Ahmed", "runs": {"extras": 0, "total": 0, "batsman": 0}, "batsman": "KL Rahul"}}, {"0.3": {"non_striker": "CH Gayle", "bowler": "KK Ahmed", "runs": {"extras": 0, "total": 0, "batsman": 0}, "batsman": "KL Rahul"}}, {"0.4": {"non_striker": "CH Gayle", "bowler": "KK Ahmed", "runs": {"extras": 0, "total": 0, "batsman": 0}, "batsman": "KL Rahul"}}, {"0.5": {"non_striker": "CH Gayle", "bowler": "KK Ahmed", "runs": {"extras": 1, "total": 1, "batsman": 0}, "extras": {"wides": 1}, "batsman": "KL Rahul"}}, {"0.6": {"non_striker": "CH Gayle", "bowler": "KK Ahmed", "runs": {"extras": 0, "total": 1, "batsman": 1}, "batsman": "KL Rahul"}}, {"0.7": {"non_striker": "KL Rahul", "bowler": "KK Ahmed", "runs": {"extras": 0, "total": 4, "batsman": 4}, "batsman": "CH Gayle"}}, {"0.8": {"non_striker": "KL Rahul", "bowler": "KK Ahmed", "runs": {"extras": 0, "total": 0, "batsman": 0}, "batsman": "CH Gayle"}}, {"1.1": {"non_striker": "CH Gayle", "bowler": "B Kumar", "runs": {"extras": 0, "total": 4, "batsman": 4}, "batsman": "KL Rahul"}}, {"1.2": {"non_striker": "CH Gayle", "bowler": "B Kumar", "runs": {"extras": 0, "total": 0, "batsman": 0}, "batsman": "KL Rahul"}}, {"1.3": {"non_striker": "CH Gayle", "bowler": "B Kumar", "runs": {"extras": 0, "total": 0, "batsman": 0}, "batsman": "KL Rahul"}}, {"1.4": {"non_striker": "CH Gayle", "bowler": "B Kumar", "runs": {"extras": 0, "total": 0, "batsman": 0}, "batsman": "KL Rahul"}}, {"1.5": {"non_striker": "CH Gayle", "bowler": "B Kumar", "runs": {"extras": 0, "total": 0, "batsman": 0}, "batsman": "KL Rahul"}}, {"1.6": {"non_striker": "CH Gayle", "bowler": "B Kumar", "runs": {"extras": 0, "total": 0, "batsman": 0}, "batsman": "KL Rahul"}}, {"2.1": {"non_striker": "KL Rahul", "bowler": "KK Ahmed", "runs": {"extras": 0, "total": 0, "batsman": 0}, "batsman": "CH Gayle", "wicket": {"player_out": "CH Gayle", "fielders": ["MK Pandey"], "kind": "caught"}}}, {"2.2": {"non_striker": "MA Agarwal", "bowler": "KK Ahmed", "runs": {"extras": 0, "total": 6, "batsman": 6}, "batsman": "KL Rahul"}}, {"2.3": {"non_striker": "MA Agarwal", "bowler": "KK Ahmed", "runs": {"extras": 0, "total": 1, "batsman": 1}, "batsman": "KL Rahul"}}, {"2.4": {"non_striker": "KL Rahul", "bowler": "KK Ahmed", "runs": {"extras": 0, "total": 1, "batsman": 1}, "batsman": "MA Agarwal"}}, {"2.5": {"non_striker": "MA Agarwal", "bowler": "KK Ahmed", "runs": {"extras": 0, "total": 1, "batsman": 1}, "batsman": "KL Rahul"}}, {"2.6": {"non_striker": "KL Rahul", "bowler": "KK Ahmed", "runs": {"extras": 0, "total": 1, "batsman": 1}, "batsman": "MA Agarwal"}}, {"3.1": {"non_striker": "KL Rahul", "bowler": "Sandeep Sharma", "runs": {"extras": 0, "total": 1, "batsman": 1}, "batsman": "MA Agarwal"}}, {"3.2": {"non_striker": "MA Agarwal", "bowler": "Sandeep Sharma", "runs": {"extras": 0, "total": 1, "batsman": 1}, "batsman": "KL Rahul"}}, {"3.3": {"non_striker": "KL Rahul", "bowler": "Sandeep Sharma", "runs": {"extras": 0, "total": 4, "batsman": 4}, "batsman": "MA Agarwal"}}, {"3.4": {"non_striker": "KL Rahul", "bowler": "Sandeep Sharma", "runs": {"extras": 0, "total": 1, "batsman": 1}, "batsman": "MA Agarwal"}}, {"3.5": {"non_striker": "MA Agarwal", "bowler": "Sandeep Sharma", "runs": {"extras": 0, "total": 4, "batsman": 4}, "batsman": "KL Rahul"}}, {"3.6": {"non_striker": "MA Agarwal", "bowler": "Sandeep Sharma", "runs": {"extras": 1, "total": 1, "batsman": 0}, "extras": {"wides": 1}, "batsman": "KL Rahul"}}, {"3.7": {"non_striker": "MA Agarwal", "bowler": "Sandeep Sharma", "runs": {"extras": 0, "total": 1, "batsman": 1}, "batsman": "KL Rahul"}}, {"4.1": {"non_striker": "MA Agarwal", "bowler": "B Kumar", "runs": {"extras": 0, "total": 2, "batsman": 2}, "batsman": "KL Rahul"}}, {"4.2": {"non_striker": "MA Agarwal", "bowler": "B Kumar", "runs": {"extras": 0, "total": 2, "batsman": 2}, "batsman": "KL Rahul"}}, {"4.3": {"non_striker": "MA Agarwal", "bowler": "B Kumar", "runs": {"extras": 0, "total": 0, "batsman": 0}, "batsman": "KL Rahul"}}, {"4.4": {"non_striker": "MA Agarwal", "bowler": "B Kumar", "runs": {"extras": 0, "total": 0, "batsman": 0}, "batsman": "KL Rahul"}}, {"4.5": {"non_striker": "MA Agarwal", "bowler": "B Kumar", "runs": {"extras": 0, "total": 1, "batsman": 1}, "batsman": "KL Rahul"}}, {"4.6": {"non_striker": "KL Rahul", "bowler": "B Kumar", "runs": {"extras": 0, "total": 1, "batsman": 1}, "batsman": "MA Agarwal"}}, {"5.1": {"non_striker": "KL Rahul", "bowler": "Rashid Khan", "runs": {"extras": 0, "total": 1, "batsman": 1}, "batsman": "MA Agarwal"}}, {"5.2": {"non_striker": "MA Agarwal", "bowler": "Rashid Khan", "runs": {"extras": 0, "total": 1, "batsman": 1}, "batsman": "KL Rahul"}}, {"5.3": {"non_striker": "KL Rahul", "bowler": "Rashid Khan", "runs": {"extras": 0, "total": 0, "batsman": 0}, "batsman": "MA Agarwal"}}, {"5.4": {"non_striker": "KL Rahul", "bowler": "Rashid Khan", "runs": {"extras": 0, "total": 1, "batsman": 1}, "batsman": "MA Agarwal"}}, {"5.5": {"non_striker": "MA Agarwal", "bowler": "Rashid Khan", "runs": {"extras": 0, "total": 0, "batsman": 0}, "batsman": "KL Rahul"}}, {"5.6": {"non_striker": "MA Agarwal", "bowler": "Rashid Khan", "runs": {"extras": 0, "total": 1, "batsman": 1}, "batsman": "KL Rahul"}}, {"6.1": {"non_striker": "MA Agarwal", "bowler": "Abhishek Sharma", "runs": {"extras": 1, "total": 2, "batsman": 1}, "extras": {"noballs": 1}, "batsman": "KL Rahul"}}, {"6.2": {"non_striker": "KL Rahul", "bowler": "Abhishek Sharma", "runs": {"extras": 0, "total": 1, "batsman": 1}, "batsman": "MA Agarwal"}}, {"6.3": {"non_striker": "MA Agarwal", "bowler": "Abhishek Sharma", "runs": {"extras": 0, "total": 1, "batsman": 1}, "batsman": "KL Rahul"}}, {"6.4": {"non_striker": "KL Rahul", "bowler": "Abhishek Sharma", "runs": {"extras": 0, "total": 1, "batsman": 1}, "batsman": "MA Agarwal"}}, {"6.5": {"non_striker": "MA Agarwal", "bowler": "Abhishek Sharma", "runs": {"extras": 0, "total": 1, "batsman": 1}, "batsman": "KL Rahul"}}, {"6.6": {"non_striker": "KL Rahul", "bowler": "Abhishek Sharma", "runs": {"extras": 0, "total": 4, "batsman": 4}, "batsman": "MA Agarwal"}}, {"6.7": {"non_striker": "KL Rahul", "bowler": "Abhishek Sharma", "runs": {"extras": 0, "total": 1, "batsman": 1}, "batsman": "MA Agarwal"}}, {"7.1": {"non_striker": "KL Rahul", "bowler": "Sandeep Sharma", "runs": {"extras": 1, "total": 1, "batsman": 0}, "extras": {"wides": 1}, "batsman": "MA Agarwal"}}, {"7.2": {"non_striker": "KL Rahul", "bowler": "Sandeep Sharma", "runs": {"extras": 0, "total": 1, "batsman": 1}, "batsman": "MA Agarwal"}}, {"7.3": {"non_striker": "MA Agarwal", "bowler": "Sandeep Sharma", "runs": {"extras": 0, "total": 0, "batsman": 0}, "batsman": "KL Rahul"}}, {"7.4": {"non_striker": "MA Agarwal", "bowler": "Sandeep Sharma", "runs": {"extras": 0, "total": 4, "batsman": 4}, "batsman": "KL Rahul"}}, {"7.5": {"non_striker": "MA Agarwal", "bowler": "Sandeep Sharma", "runs": {"extras": 0, "total": 0, "batsman": 0}, "batsman": "KL Rahul"}}, {"7.6": {"non_striker": "MA Agarwal", "bowler": "Sandeep Sharma", "runs": {"extras": 0, "total": 1, "batsman": 1}, "batsman": "KL Rahul"}}, {"7.7": {"non_striker": "KL Rahul", "bowler": "Sandeep Sharma", "runs": {"extras": 0, "total": 1, "batsman": 1}, "batsman": "MA Agarwal"}}, {"8.1": {"non_striker": "KL Rahul", "bowler": "Rashid Khan", "runs": {"extras": 0, "total": 1, "batsman": 1}, "batsman": "MA Agarwal"}}, {"8.2": {"non_striker": "MA Agarwal", "bowler": "Rashid Khan", "runs": {"extras": 0, "total": 1, "batsman": 1}, "batsman": "KL Rahul"}}, {"8.3": {"non_striker": "KL Rahul", "bowler": "Rashid Khan", "runs": {"extras": 0, "total": 6, "batsman": 6}, "batsman": "MA Agarwal"}}, {"8.4": {"non_striker": "KL Rahul", "bowler": "Rashid Khan", "runs": {"extras": 0, "total": 0, "batsman": 0}, "batsman": "MA Agarwal", "wicket": {"player_out": "MA Agarwal", "fielders": ["V Shankar"], "kind": "caught"}}}, {"8.5": {"non_striker": "KL Rahul", "bowler": "Rashid Khan", "runs": {"extras": 0, "total": 0, "batsman": 0}, "batsman": "N Pooran"}}, {"8.6": {"non_striker": "KL Rahul", "bowler": "Rashid Khan", "runs": {"extras": 0, "total": 0, "batsman": 0}, "batsman": "N Pooran"}}, {"9.1": {"non_striker": "N Pooran", "bowler": "Mohammad Nabi", "runs": {"extras": 0, "total": 0, "batsman": 0}, "batsman": "KL Rahul"}}, {"9.2": {"non_striker": "N Pooran", "bowler": "Mohammad Nabi", "runs": {"extras": 0, "total": 2, "batsman": 2}, "batsman": "KL Rahul"}}, {"9.3": {"non_striker": "N Pooran", "bowler": "Mohammad Nabi", "runs": {"extras": 0, "total": 1, "batsman": 1}, "batsman": "KL Rahul"}}, {"9.4": {"non_striker": "KL Rahul", "bowler": "Mohammad Nabi", "runs": {"extras": 0, "total": 0, "batsman": 0}, "batsman": "N Pooran"}}, {"9.5": {"non_striker": "KL Rahul", "bowler": "Mohammad Nabi", "runs": {"extras": 0, "total": 6, "batsman": 6}, "batsman": "N Pooran"}}, {"9.6": {"non_striker": "KL Rahul", "bowler": "Mohammad Nabi", "runs": {"extras": 0, "total": 1, "batsman": 1}, "batsman": "N Pooran"}}, {"10.1": {"non_striker": "KL Rahul", "bowler": "KK Ahmed", "runs": {"extras": 0, "total": 6, "batsman": 6}, "batsman": "N Pooran"}}, {"10.2": {"non_striker": "KL Rahul", "bowler": "KK Ahmed", "runs": {"extras": 0, "total": 4, "batsman": 4}, "batsman": "N Pooran"}}, {"10.3": {"non_striker": "KL Rahul", "bowler": "KK Ahmed", "runs": {"extras": 0, "total": 0, "batsman": 0}, "batsman": "N Pooran"}}, {"10.4": {"non_striker": "KL Rahul", "bowler": "KK Ahmed", "runs": {"extras": 0, "total": 4, "batsman": 4}, "batsman": "N Pooran"}}, {"10.5": {"non_striker": "KL Rahul", "bowler": "KK Ahmed", "runs": {"extras": 0, "total": 0, "batsman": 0}, "batsman": "N Pooran", "wicket": {"player_out": "N Pooran", "fielders": ["B Kumar"], "kind": "caught"}}}, {"10.6": {"non_striker": "KL Rahul", "bowler": "KK Ahmed", "runs": {"extras": 0, "total": 1, "batsman": 1}, "batsman": "DA Miller"}}, {"11.1": {"non_striker": "KL Rahul", "bowler": "Mohammad Nabi", "runs": {"extras": 0, "total": 2, "batsman": 2}, "batsman": "DA Miller"}}, {"11.2": {"non_striker": "KL Rahul", "bowler": "Mohammad Nabi", "runs": {"extras": 0, "total": 0, "batsman": 0}, "batsman": "DA Miller"}}, {"11.3": {"non_striker": "KL Rahul", "bowler": "Mohammad Nabi", "runs": {"extras": 0, "total": 0, "batsman": 0}, "batsman": "DA Miller"}}, {"11.4": {"non_striker": "KL Rahul", "bowler": "Mohammad Nabi", "runs": {"extras": 0, "total": 1, "batsman": 1}, "batsman": "DA Miller"}}, {"11.5": {"non_striker": "DA Miller", "bowler": "Mohammad Nabi", "runs": {"extras": 0, "total": 1, "batsman": 1}, "batsman": "KL Rahul"}}, {"11.6": {"non_striker": "KL Rahul", "bowler": "Mohammad Nabi", "runs": {"extras": 0, "total": 1, "batsman": 1}, "batsman": "DA Miller"}}, {"12.1": {"non_striker": "KL Rahul", "bowler": "Rashid Khan", "runs": {"extras": 0, "total": 4, "batsman": 4}, "batsman": "DA Miller"}}, {"12.2": {"non_striker": "KL Rahul", "bowler": "Rashid Khan", "runs": {"extras": 0, "total": 0, "batsman": 0}, "batsman": "DA Miller"}}, {"12.3": {"non_striker": "KL Rahul", "bowler": "Rashid Khan", "runs": {"extras": 0, "total": 2, "batsman": 2}, "batsman": "DA Miller"}}, {"12.4": {"non_striker": "KL Rahul", "bowler": "Rashid Khan", "runs": {"extras": 0, "total": 0, "batsman": 0}, "batsman": "DA Miller"}}, {"12.5": {"non_striker": "KL Rahul", "bowler": "Rashid Khan", "runs": {"extras": 0, "total": 0, "batsman": 0}, "batsman": "DA Miller", "wicket": {"player_out": "DA Miller", "fielders": ["V Shankar"], "kind": "caught"}}}, {"12.6": {"non_striker": "KL Rahul", "bowler": "Rashid Khan", "runs": {"extras": 0, "total": 0, "batsman": 0}, "batsman": "R Ashwin", "wicket": {"player_out": "R Ashwin", "fielders": ["MK Pandey"], "kind": "caught"}}}, {"13.1": {"non_striker": "P Simran Singh", "bowler": "Mohammad Nabi", "runs": {"extras": 0, "total": 6, "batsman": 6}, "batsman": "KL Rahul"}}, {"13.2": {"non_striker": "P Simran Singh", "bowler": "Mohammad Nabi", "runs": {"extras": 0, "total": 6, "batsman": 6}, "batsman": "KL Rahul"}}, {"13.3": {"non_striker": "P Simran Singh", "bowler": "Mohammad Nabi", "runs": {"extras": 0, "total": 1, "batsman": 1}, "batsman": "KL Rahul"}}, {"13.4": {"non_striker": "KL Rahul", "bowler": "Mohammad Nabi", "runs": {"extras": 0, "total": 0, "batsman": 0}, "batsman": "P Simran Singh"}}, {"13.5": {"non_striker": "KL Rahul", "bowler": "Mohammad Nabi", "runs": {"extras": 0, "total": 0, "batsman": 0}, "batsman": "P Simran Singh"}}, {"13.6": {"non_striker": "KL Rahul", "bowler": "Mohammad Nabi", "runs": {"extras": 0, "total": 0, "batsman": 0}, "batsman": "P Simran Singh"}}, {"14.1": {"non_striker": "P Simran Singh", "bowler": "Rashid Khan", "runs": {"extras": 0, "total": 1, "batsman": 1}, "batsman": "KL Rahul"}}, {"14.2": {"non_striker": "KL Rahul", "bowler": "Rashid Khan", "runs": {"extras": 0, "total": 0, "batsman": 0}, "batsman": "P Simran Singh"}}, {"14.3": {"non_striker": "KL Rahul", "bowler": "Rashid Khan", "runs": {"extras": 0, "total": 1, "batsman": 1}, "batsman": "P Simran Singh"}}, {"14.4": {"non_striker": "P Simran Singh", "bowler": "Rashid Khan", "runs": {"extras": 0, "total": 0, "batsman": 0}, "batsman": "KL Rahul"}}, {"14.5": {"non_striker": "P Simran Singh", "bowler": "Rashid Khan", "runs": {"extras": 0, "total": 1, "batsman": 1}, "batsman": "KL Rahul"}}, {"14.6": {"non_striker": "KL Rahul", "bowler": "Rashid Khan", "runs": {"extras": 0, "total": 0, "batsman": 0}, "batsman": "P Simran Singh"}}, {"15.1": {"non_striker": "P Simran Singh", "bowler": "B Kumar", "runs": {"extras": 0, "total": 6, "batsman": 6}, "batsman": "KL Rahul"}}, {"15.2": {"non_striker": "P Simran Singh", "bowler": "B Kumar", "runs": {"extras": 0, "total": 2, "batsman": 2}, "batsman": "KL Rahul"}}, {"15.3": {"non_striker": "P Simran Singh", "bowler": "B Kumar", "runs": {"extras": 0, "total": 0, "batsman": 0}, "batsman": "KL Rahul"}}, {"15.4": {"non_striker": "P Simran Singh", "bowler": "B Kumar", "runs": {"extras": 0, "total": 0, "batsman": 0}, "batsman": "KL Rahul"}}, {"15.5": {"non_striker": "P Simran Singh", "bowler": "B Kumar", "runs": {"extras": 0, "total": 4, "batsman": 4}, "batsman": "KL Rahul"}}, {"15.6": {"non_striker": "P Simran Singh", "bowler": "B Kumar", "runs": {"extras": 0, "total": 0, "batsman": 0}, "batsman": "KL Rahul"}}, {"16.1": {"non_striker": "KL Rahul", "bowler": "Sandeep Sharma", "runs": {"extras": 0, "total": 0, "batsman": 0}, "batsman": "P Simran Singh"}}, {"16.2": {"non_striker": "KL Rahul", "bowler": "Sandeep Sharma", "runs": {"extras": 0, "total": 1, "batsman": 1}, "batsman": "P Simran Singh"}}, {"16.3": {"non_striker": "P Simran Singh", "bowler": "Sandeep Sharma", "runs": {"extras": 0, "total": 6, "batsman": 6}, "batsman": "KL Rahul"}}, {"16.4": {"non_striker": "P Simran Singh", "bowler": "Sandeep Sharma", "runs": {"extras": 0, "total": 1, "batsman": 1}, "batsman": "KL Rahul"}}, {"16.5": {"non_striker": "KL Rahul", "bowler": "Sandeep Sharma", "runs": {"extras": 0, "total": 1, "batsman": 1}, "batsman": "P Simran Singh"}}, {"16.6": {"non_striker": "P Simran Singh", "bowler": "Sandeep Sharma", "runs": {"extras": 0, "total": 1, "batsman": 1}, "batsman": "KL Rahul"}}, {"17.1": {"non_striker": "P Simran Singh", "bowler": "B Kumar", "runs": {"extras": 0, "total": 2, "batsman": 2}, "batsman": "KL Rahul"}}, {"17.2": {"non_striker": "P Simran Singh", "bowler": "B Kumar", "runs": {"extras": 0, "total": 0, "batsman": 0}, "batsman": "KL Rahul"}}, {"17.3": {"non_striker": "P Simran Singh", "bowler": "B Kumar", "runs": {"extras": 0, "total": 1, "batsman": 1}, "batsman": "KL Rahul"}}, {"17.4": {"non_striker": "KL Rahul", "bowler": "B Kumar", "runs": {"extras": 1, "total": 1, "batsman": 0}, "extras": {"wides": 1}, "batsman": "P Simran Singh"}}, {"17.5": {"non_striker": "KL Rahul", "bowler": "B Kumar", "runs": {"extras": 0, "total": 2, "batsman": 2}, "batsman": "P Simran Singh"}}, {"17.6": {"non_striker": "KL Rahul", "bowler": "B Kumar", "runs": {"extras": 0, "total": 0, "batsman": 0}, "batsman": "P Simran Singh"}}, {"17.7": {"non_striker": "KL Rahul", "bowler": "B Kumar", "runs": {"extras": 0, "total": 6, "batsman": 6}, "batsman": "P Simran Singh"}}, {"18.1": {"non_striker": "P Simran Singh", "bowler": "KK Ahmed", "runs": {"extras": 0, "total": 2, "batsman": 2}, "batsman": "KL Rahul"}}, {"18.2": {"non_striker": "P Simran Singh", "bowler": "KK Ahmed", "runs": {"extras": 1, "total": 1, "batsman": 0}, "extras": {"wides": 1}, "batsman": "KL Rahul"}}, {"18.3": {"non_striker": "P Simran Singh", "bowler": "KK Ahmed", "runs": {"extras": 0, "total": 0, "batsman": 0}, "batsman": "KL Rahul", "wicket": {"player_out": "KL Rahul", "fielders": ["KS Williamson"], "kind": "caught"}}}, {"18.4": {"non_striker": "M Ashwin", "bowler": "KK Ahmed", "runs": {"extras": 0, "total": 0, "batsman": 0}, "batsman": "P Simran Singh"}}, {"18.5": {"non_striker": "M Ashwin", "bowler": "KK Ahmed", "runs": {"extras": 0, "total": 0, "batsman": 0}, "batsman": "P Simran Singh"}}, {"18.6": {"non_striker": "M Ashwin", "bowler": "KK Ahmed", "runs": {"extras": 0, "total": 4, "batsman": 4}, "batsman": "P Simran Singh"}}, {"18.7": {"non_striker": "M Ashwin", "bowler": "KK Ahmed", "runs": {"extras": 0, "total": 1, "batsman": 1}, "batsman": "P Simran Singh"}}, {"19.1": {"non_striker": "M Ashwin", "bowler": "Sandeep Sharma", "runs": {"extras": 0, "total": 0, "batsman": 0}, "batsman": "P Simran Singh", "wicket": {"player_out": "P Simran Singh", "kind": "lbw"}}}, {"19.2": {"non_striker": "M Ashwin", "bowler": "Sandeep Sharma", "runs": {"extras": 0, "total": 0, "batsman": 0}, "batsman": "Mujeeb Ur Rahman"}}, {"19.3": {"non_striker": "M Ashwin", "bowler": "Sandeep Sharma", "runs": {"extras": 0, "total": 0, "batsman": 0}, "batsman": "Mujeeb Ur Rahman"}}, {"19.4": {"non_striker": "M Ashwin", "bowler": "Sandeep Sharma", "runs": {"extras": 0, "total": 0, "batsman": 0}, "batsman": "Mujeeb Ur Rahman", "wicket": {"player_out": "Mujeeb Ur Rahman", "kind": "bowled"}}}, {"19.5": {"non_striker": "M Ashwin", "bowler": "Sandeep Sharma", "runs": {"extras": 0, "total": 1, "batsman": 1}, "batsman": "Mohammed Shami"}}, {"19.6": {"non_striker": "Mohammed Shami", "bowler": "Sandeep Sharma", "runs": {"extras": 0, "total": 1, "batsman": 1}, "batsman": "M Ashwin"}}]