[{"0.1": {"batsman": "G Gambhir", "bowler": "WPUJC Vaas", "non_striker": "V Sehwag", "runs": {"batsman": 1, "extras": 0, "total": 1}}}, {"0.2": {"batsman": "V Sehwag", "bowler": "WPUJC Vaas", "non_striker": "G Gambhir", "runs": {"batsman": 1, "extras": 0, "total": 1}}}, {"0.3": {"batsman": "G Gambhir", "bowler": "WPUJC Vaas", "non_striker": "V Sehwag", "runs": {"batsman": 1, "extras": 0, "total": 1}}}, {"0.4": {"batsman": "V Sehwag", "bowler": "WPUJC Vaas", "non_striker": "G Gambhir", "runs": {"batsman": 0, "extras": 0, "total": 0}}}, {"0.5": {"batsman": "V Sehwag", "bowler": "WPUJC Vaas", "non_striker": "G Gambhir", "runs": {"batsman": 1, "extras": 0, "total": 1}}}, {"0.6": {"batsman": "G Gambhir", "bowler": "WPUJC Vaas", "non_striker": "V Sehwag", "runs": {"batsman": 0, "extras": 0, "total": 0}}}, {"1.1": {"batsman": "V Sehwag", "bowler": "RP Singh", "non_striker": "G Gambhir", "runs": {"batsman": 4, "extras": 0, "total": 4}}}, {"1.2": {"batsman": "V Sehwag", "bowler": "RP Singh", "non_striker": "G Gambhir", "runs": {"batsman": 4, "extras": 0, "total": 4}}}, {"1.3": {"batsman": "V Sehwag", "bowler": "RP Singh", "non_striker": "G Gambhir", "runs": {"batsman": 1, "extras": 0, "total": 1}}}, {"1.4": {"batsman": "G Gambhir", "bowler": "RP Singh", "non_striker": "V Sehwag", "runs": {"batsman": 4, "extras": 0, "total": 4}}}, {"1.5": {"batsman": "G Gambhir", "bowler": "RP Singh", "non_striker": "V Sehwag", "runs": {"batsman": 1, "extras": 0, "total": 1}}}, {"1.6": {"batsman": "V Sehwag", "bowler": "RP Singh", "non_striker": "G Gambhir", "runs": {"batsman": 0, "extras": 0, "total": 0}}}, {"2.1": {"batsman": "G Gambhir", "bowler": "WPUJC Vaas", "non_striker": "V Sehwag", "runs": {"batsman": 1, "extras": 0, "total": 1}}}, {"2.2": {"batsman": "V Sehwag", "bowler": "WPUJC Vaas", "non_striker": "G Gambhir", "runs": {"batsman": 2, "extras": 0, "total": 2}}}, {"2.3": {"batsman": "V Sehwag", "bowler": "WPUJC Vaas", "non_striker": "G Gambhir", "runs": {"batsman": 4, "extras": 0, "total": 4}}}, {"2.4": {"batsman": "V Sehwag", "bowler": "WPUJC Vaas", "non_striker": "G Gambhir", "runs": {"batsman": 1, "extras": 0, "total": 1}}}, {"2.5": {"batsman": "G Gambhir", "bowler": "WPUJC Vaas", "non_striker": "V Sehwag", "runs": {"batsman": 0, "extras": 0, "total": 0}}}, {"2.6": {"batsman": "G Gambhir", "bowler": "WPUJC Vaas", "non_striker": "V Sehwag", "runs": {"batsman": 4, "extras": 0, "total": 4}}}, {"3.1": {"batsman": "V Sehwag", "bowler": "RP Singh", "non_striker": "G Gambhir", "runs": {"batsman": 0, "extras": 0, "total": 0}}}, {"3.2": {"batsman": "V Sehwag", "bowler": "RP Singh", "non_striker": "G Gambhir", "runs": {"batsman": 1, "extras": 0, "total": 1}}}, {"3.3": {"batsman": "G Gambhir", "bowler": "RP Singh", "non_striker": "V Sehwag", "runs": {"batsman": 0, "extras": 0, "total": 0}, "wicket": {"fielders": ["AC Gilchrist"], "kind": "caught", "player_out": "G Gambhir"}}}, {"3.4": {"batsman": "S Dhawan", "bowler": "RP Singh", "non_striker": "V Sehwag", "runs": {"batsman": 0, "extras": 0, "total": 0}}}, {"3.5": {"batsman": "S Dhawan", "bowler": "RP Singh", "non_striker": "V Sehwag", "runs": {"batsman": 1, "extras": 0, "total": 1}}}, {"3.6": {"batsman": "V Sehwag", "bowler": "RP Singh", "non_striker": "S Dhawan", "runs": {"batsman": 0, "extras": 0, "total": 0}}}, {"4.1": {"batsman": "S Dhawan", "bowler": "WPUJC Vaas", "non_striker": "V Sehwag", "runs": {"batsman": 0, "extras": 0, "total": 0}}}, {"4.2": {"batsman": "S Dhawan", "bowler": "WPUJC Vaas", "non_striker": "V Sehwag", "runs": {"batsman": 0, "extras": 0, "total": 0}}}, {"4.3": {"batsman": "S Dhawan", "bowler": "WPUJC Vaas", "non_striker": "V Sehwag", "runs": {"batsman": 1, "extras": 0, "total": 1}}}, {"4.4": {"batsman": "V Sehwag", "bowler": "WPUJC Vaas", "non_striker": "S Dhawan", "runs": {"batsman": 4, "extras": 0, "total": 4}}}, {"4.5": {"batsman": "V Sehwag", "bowler": "WPUJC Vaas", "non_striker": "S Dhawan", "runs": {"batsman": 0, "extras": 0, "total": 0}}}, {"4.6": {"batsman": "V Sehwag", "bowler": "WPUJC Vaas", "non_striker": "S Dhawan", "runs": {"batsman": 0, "extras": 0, "total": 0}}}, {"5.1": {"batsman": "S Dhawan", "bowler": "RP Singh", "extras": {"wides": 1}, "non_striker": "V Sehwag", "runs": {"batsman": 0, "extras": 1, "total": 1}}}, {"5.2": {"batsman": "S Dhawan", "bowler": "RP Singh", "non_striker": "V Sehwag", "runs": {"batsman": 0, "extras": 0, "total": 0}}}, {"5.3": {"batsman": "S Dhawan", "bowler": "RP Singh", "non_striker": "V Sehwag", "runs": {"batsman": 1, "extras": 0, "total": 1}}}, {"5.4": {"batsman": "V Sehwag", "bowler": "RP Singh", "non_striker": "S Dhawan", "runs": {"batsman": 1, "extras": 0, "total": 1}}}, {"5.5": {"batsman": "S Dhawan", "bowler": "RP Singh", "non_striker": "V Sehwag", "runs": {"batsman": 4, "extras": 0, "total": 4}}}, {"5.6": {"batsman": "S Dhawan", "bowler": "RP Singh", "non_striker": "V Sehwag", "runs": {"batsman": 0, "extras": 0, "total": 0}}}, {"5.7": {"batsman": "S Dhawan", "bowler": "RP Singh", "non_striker": "V Sehwag", "runs": {"batsman": 4, "extras": 0, "total": 4}}}, {"6.1": {"batsman": "V Sehwag", "bowler": "SB Bangar", "non_striker": "S Dhawan", "runs": {"batsman": 4, "extras": 0, "total": 4}}}, {"6.2": {"batsman": "V Sehwag", "bowler": "SB Bangar", "non_striker": "S Dhawan", "runs": {"batsman": 0, "extras": 0, "total": 0}}}, {"6.3": {"batsman": "V Sehwag", "bowler": "SB Bangar", "non_striker": "S Dhawan", "runs": {"batsman": 1, "extras": 0, "total": 1}}}, {"6.4": {"batsman": "S Dhawan", "bowler": "SB Bangar", "non_striker": "V Sehwag", "runs": {"batsman": 2, "extras": 0, "total": 2}}}, {"6.5": {"batsman": "S Dhawan", "bowler": "SB Bangar", "non_striker": "V Sehwag", "runs": {"batsman": 0, "extras": 0, "total": 0}}}, {"6.6": {"batsman": "S Dhawan", "bowler": "SB Bangar", "non_striker": "V Sehwag", "runs": {"batsman": 0, "extras": 0, "total": 0}}}, {"7.1": {"batsman": "V Sehwag", "bowler": "Shahid Afridi", "non_striker": "S Dhawan", "runs": {"batsman": 1, "extras": 0, "total": 1}}}, {"7.2": {"batsman": "S Dhawan", "bowler": "Shahid Afridi", "non_striker": "V Sehwag", "runs": {"batsman": 0, "extras": 0, "total": 0}}}, {"7.3": {"batsman": "S Dhawan", "bowler": "Shahid Afridi", "non_striker": "V Sehwag", "runs": {"batsman": 2, "extras": 0, "total": 2}}}, {"7.4": {"batsman": "S Dhawan", "bowler": "Shahid Afridi", "non_striker": "V Sehwag", "runs": {"batsman": 0, "extras": 0, "total": 0}}}, {"7.5": {"batsman": "S Dhawan", "bowler": "Shahid Afridi", "non_striker": "V Sehwag", "runs": {"batsman": 1, "extras": 0, "total": 1}}}, {"7.6": {"batsman": "V Sehwag", "bowler": "Shahid Afridi", "non_striker": "S Dhawan", "runs": {"batsman": 1, "extras": 0, "total": 1}}}, {"8.1": {"batsman": "V Sehwag", "bowler": "SB Bangar", "extras": {"wides": 1}, "non_striker": "S Dhawan", "runs": {"batsman": 0, "extras": 1, "total": 1}}}, {"8.2": {"batsman": "V Sehwag", "bowler": "SB Bangar", "non_striker": "S Dhawan", "runs": {"batsman": 1, "extras": 0, "total": 1}}}, {"8.3": {"batsman": "S Dhawan", "bowler": "SB Bangar", "non_striker": "V Sehwag", "runs": {"batsman": 1, "extras": 0, "total": 1}}}, {"8.4": {"batsman": "V Sehwag", "bowler": "SB Bangar", "non_striker": "S Dhawan", "runs": {"batsman": 4, "extras": 0, "total": 4}}}, {"8.5": {"batsman": "V Sehwag", "bowler": "SB Bangar", "non_striker": "S Dhawan", "runs": {"batsman": 6, "extras": 0, "total": 6}}}, {"8.6": {"batsman": "V Sehwag", "bowler": "SB Bangar", "non_striker": "S Dhawan", "runs": {"batsman": 6, "extras": 0, "total": 6}}}, {"8.7": {"batsman": "V Sehwag", "bowler": "SB Bangar", "non_striker": "S Dhawan", "runs": {"batsman": 4, "extras": 0, "total": 4}}}, {"9.1": {"batsman": "S Dhawan", "bowler": "Shahid Afridi", "non_striker": "V Sehwag", "runs": {"batsman": 1, "extras": 0, "total": 1}}}, {"9.2": {"batsman": "V Sehwag", "bowler": "Shahid Afridi", "non_striker": "S Dhawan", "runs": {"batsman": 2, "extras": 0, "total": 2}}}, {"9.3": {"batsman": "V Sehwag", "bowler": "Shahid Afridi", "non_striker": "S Dhawan", "runs": {"batsman": 6, "extras": 0, "total": 6}}}, {"9.4": {"batsman": "V Sehwag", "bowler": "Shahid Afridi", "non_striker": "S Dhawan", "runs": {"batsman": 1, "extras": 0, "total": 1}}}, {"9.5": {"batsman": "S Dhawan", "bowler": "Shahid Afridi", "non_striker": "V Sehwag", "runs": {"batsman": 2, "extras": 0, "total": 2}}}, {"9.6": {"batsman": "S Dhawan", "bowler": "Shahid Afridi", "non_striker": "V Sehwag", "runs": {"batsman": 0, "extras": 0, "total": 0}}}, {"10.1": {"batsman": "V Sehwag", "bowler": "A Symonds", "non_striker": "S Dhawan", "runs": {"batsman": 1, "extras": 0, "total": 1}}}, {"10.2": {"batsman": "S Dhawan", "bowler": "A Symonds", "non_striker": "V Sehwag", "runs": {"batsman": 0, "extras": 0, "total": 0}}}, {"10.3": {"batsman": "S Dhawan", "bowler": "A Symonds", "non_striker": "V Sehwag", "runs": {"batsman": 0, "extras": 0, "total": 0}}}, {"10.4": {"batsman": "S Dhawan", "bowler": "A Symonds", "non_striker": "V Sehwag", "runs": {"batsman": 0, "extras": 0, "total": 0}}}, {"10.5": {"batsman": "S Dhawan", "bowler": "A Symonds", "non_striker": "V Sehwag", "runs": {"batsman": 4, "extras": 0, "total": 4}}}, {"10.6": {"batsman": "S Dhawan", "bowler": "A Symonds", "non_striker": "V Sehwag", "runs": {"batsman": 0, "extras": 0, "total": 0}}}, {"11.1": {"batsman": "V Sehwag", "bowler": "PP Ojha", "non_striker": "S Dhawan", "runs": {"batsman": 1, "extras": 0, "total": 1}}}, {"11.2": {"batsman": "S Dhawan", "bowler": "PP Ojha", "extras": {"wides": 2}, "non_striker": "V Sehwag", "runs": {"batsman": 0, "extras": 2, "total": 2}}}, {"11.3": {"batsman": "V Sehwag", "bowler": "PP Ojha", "non_striker": "S Dhawan", "runs": {"batsman": 0, "extras": 0, "total": 0}}}, {"11.4": {"batsman": "V Sehwag", "bowler": "PP Ojha", "extras": {"wides": 2}, "non_striker": "S Dhawan", "runs": {"batsman": 0, "extras": 2, "total": 2}}}, {"11.5": {"batsman": "S Dhawan", "bowler": "PP Ojha", "non_striker": "V Sehwag", "runs": {"batsman": 1, "extras": 0, "total": 1}}}, {"11.6": {"batsman": "V Sehwag", "bowler": "PP Ojha", "extras": {"penalty": 5}, "non_striker": "S Dhawan", "runs": {"batsman": 0, "extras": 5, "total": 5}}}, {"11.7": {"batsman": "V Sehwag", "bowler": "PP Ojha", "non_striker": "S Dhawan", "runs": {"batsman": 1, "extras": 0, "total": 1}}}, {"11.8": {"batsman": "S Dhawan", "bowler": "PP Ojha", "non_striker": "V Sehwag", "runs": {"batsman": 0, "extras": 0, "total": 0}}}, {"12.1": {"batsman": "V Sehwag", "bowler": "A Symonds", "non_striker": "S Dhawan", "runs": {"batsman": 4, "extras": 0, "total": 4}}}, {"12.2": {"batsman": "V Sehwag", "bowler": "A Symonds", "non_striker": "S Dhawan", "runs": {"batsman": 6, "extras": 0, "total": 6}}}, {"12.3": {"batsman": "V Sehwag", "bowler": "A Symonds", "non_striker": "S Dhawan", "runs": {"batsman": 4, "extras": 0, "total": 4}}}, {"12.4": {"batsman": "V Sehwag", "bowler": "A Symonds", "non_striker": "S Dhawan", "runs": {"batsman": 6, "extras": 0, "total": 6}}}, {"12.5": {"batsman": "V Sehwag", "bowler": "A Symonds", "non_striker": "S Dhawan", "runs": {"batsman": 4, "extras": 0, "total": 4}}}, {"12.6": {"batsman": "V Sehwag", "bowler": "A Symonds", "non_striker": "S Dhawan", "runs": {"batsman": 6, "extras": 0, "total": 6}}}, {"13.1": {"batsman": "S Dhawan", "bowler": "WPUJC Vaas", "extras": {"wides": 1}, "non_striker": "V Sehwag", "runs": {"batsman": 0, "extras": 1, "total": 1}}}]