[{"0.1": {"batsman": "BB McCullum", "bowler": "SM Pollock", "non_striker": "SC Ganguly", "runs": {"batsman": 1, "extras": 0, "total": 1}}}, {"0.2": {"batsman": "SC Ganguly", "bowler": "SM Pollock", "non_striker": "BB McCullum", "runs": {"batsman": 4, "extras": 0, "total": 4}}}, {"0.3": {"batsman": "SC Ganguly", "bowler": "SM Pollock", "non_striker": "BB McCullum", "runs": {"batsman": 0, "extras": 0, "total": 0}, "wicket": {"fielders": ["ST Jayasuriya"], "kind": "caught", "player_out": "SC Ganguly"}}}, {"0.4": {"batsman": "RT Ponting", "bowler": "SM Pollock", "non_striker": "BB McCullum", "runs": {"batsman": 1, "extras": 0, "total": 1}}}, {"0.5": {"batsman": "BB McCullum", "bowler": "SM Pollock", "non_striker": "RT Ponting", "runs": {"batsman": 0, "extras": 0, "total": 0}, "wicket": {"kind": "lbw", "player_out": "BB McCullum"}}}, {"0.6": {"batsman": "DB Das", "bowler": "SM Pollock", "non_striker": "RT Ponting", "runs": {"batsman": 0, "extras": 0, "total": 0}}}, {"1.1": {"batsman": "RT Ponting", "bowler": "A Nehra", "non_striker": "DB Das", "runs": {"batsman": 0, "extras": 0, "total": 0}}}, {"1.2": {"batsman": "RT Ponting", "bowler": "A Nehra", "non_striker": "DB Das", "runs": {"batsman": 1, "extras": 0, "total": 1}}}, {"1.3": {"batsman": "DB Das", "bowler": "A Nehra", "non_striker": "RT Ponting", "runs": {"batsman": 4, "extras": 0, "total": 4}}}, {"1.4": {"batsman": "DB Das", "bowler": "A Nehra", "non_striker": "RT Ponting", "runs": {"batsman": 4, "extras": 0, "total": 4}}}, {"1.5": {"batsman": "DB Das", "bowler": "A Nehra", "non_striker": "RT Ponting", "runs": {"batsman": 0, "extras": 0, "total": 0}}}, {"1.6": {"batsman": "DB Das", "bowler": "A Nehra", "non_striker": "RT Ponting", "runs": {"batsman": 0, "extras": 0, "total": 0}}}, {"2.1": {"batsman": "RT Ponting", "bowler": "SM Pollock", "non_striker": "DB Das", "runs": {"batsman": 0, "extras": 0, "total": 0}}}, {"2.2": {"batsman": "RT Ponting", "bowler": "SM Pollock", "non_striker": "DB Das", "runs": {"batsman": 0, "extras": 0, "total": 0}}}, {"2.3": {"batsman": "RT Ponting", "bowler": "SM Pollock", "non_striker": "DB Das", "runs": {"batsman": 1, "extras": 0, "total": 1}}}, {"2.4": {"batsman": "DB Das", "bowler": "SM Pollock", "non_striker": "RT Ponting", "runs": {"batsman": 0, "extras": 0, "total": 0}}}, {"2.5": {"batsman": "DB Das", "bowler": "SM Pollock", "non_striker": "RT Ponting", "runs": {"batsman": 6, "extras": 0, "total": 6}}}, {"2.6": {"batsman": "DB Das", "bowler": "SM Pollock", "non_striker": "RT Ponting", "runs": {"batsman": 0, "extras": 0, "total": 0}}}, {"3.1": {"batsman": "RT Ponting", "bowler": "CRD Fernando", "non_striker": "DB Das", "runs": {"batsman": 0, "extras": 0, "total": 0}}}, {"3.2": {"batsman": "RT Ponting", "bowler": "CRD Fernando", "non_striker": "DB Das", "runs": {"batsman": 1, "extras": 0, "total": 1}}}, {"3.3": {"batsman": "DB Das", "bowler": "CRD Fernando", "extras": {"wides": 1}, "non_striker": "RT Ponting", "runs": {"batsman": 0, "extras": 1, "total": 1}}}, {"3.4": {"batsman": "DB Das", "bowler": "CRD Fernando", "non_striker": "RT Ponting", "runs": {"batsman": 4, "extras": 0, "total": 4}}}, {"3.5": {"batsman": "DB Das", "bowler": "CRD Fernando", "non_striker": "RT Ponting", "runs": {"batsman": 0, "extras": 0, "total": 0}}}, {"3.6": {"batsman": "DB Das", "bowler": "CRD Fernando", "non_striker": "RT Ponting", "runs": {"batsman": 4, "extras": 0, "total": 4}}}, {"3.7": {"batsman": "DB Das", "bowler": "CRD Fernando", "non_striker": "RT Ponting", "runs": {"batsman": 1, "extras": 0, "total": 1}}}, {"4.1": {"batsman": "DB Das", "bowler": "DS Kulkarni", "non_striker": "RT Ponting", "runs": {"batsman": 0, "extras": 0, "total": 0}}}, {"4.2": {"batsman": "DB Das", "bowler": "DS Kulkarni", "non_striker": "RT Ponting", "runs": {"batsman": 0, "extras": 0, "total": 0}}}, {"4.3": {"batsman": "DB Das", "bowler": "DS Kulkarni", "non_striker": "RT Ponting", "runs": {"batsman": 4, "extras": 0, "total": 4}}}, {"4.4": {"batsman": "DB Das", "bowler": "DS Kulkarni", "non_striker": "RT Ponting", "runs": {"batsman": 0, "extras": 0, "total": 0}}}, {"4.5": {"batsman": "DB Das", "bowler": "DS Kulkarni", "non_striker": "RT Ponting", "runs": {"batsman": 0, "extras": 0, "total": 0}}}, {"4.6": {"batsman": "DB Das", "bowler": "DS Kulkarni", "non_striker": "RT Ponting", "runs": {"batsman": 1, "extras": 0, "total": 1}}}, {"5.1": {"batsman": "DB Das", "bowler": "DJ Bravo", "non_striker": "RT Ponting", "runs": {"batsman": 1, "extras": 0, "total": 1}}}, {"5.2": {"batsman": "RT Ponting", "bowler": "DJ Bravo", "non_striker": "DB Das", "runs": {"batsman": 1, "extras": 0, "total": 1}}}, {"5.3": {"batsman": "DB Das", "bowler": "DJ Bravo", "non_striker": "RT Ponting", "runs": {"batsman": 0, "extras": 0, "total": 0}, "wicket": {"fielders": ["RV Uthappa"], "kind": "caught", "player_out": "DB Das"}}}, {"5.4": {"batsman": "DJ Hussey", "bowler": "DJ Bravo", "non_striker": "RT Ponting", "runs": {"batsman": 0, "extras": 0, "total": 0}}}, {"5.5": {"batsman": "DJ Hussey", "bowler": "DJ Bravo", "non_striker": "RT Ponting", "runs": {"batsman": 0, "extras": 0, "total": 0}}}, {"5.6": {"batsman": "DJ Hussey", "bowler": "DJ Bravo", "non_striker": "RT Ponting", "runs": {"batsman": 0, "extras": 0, "total": 0}}}, {"6.1": {"batsman": "RT Ponting", "bowler": "DS Kulkarni", "extras": {"legbyes": 4}, "non_striker": "DJ Hussey", "runs": {"batsman": 0, "extras": 4, "total": 4}}}, {"6.2": {"batsman": "RT Ponting", "bowler": "DS Kulkarni", "non_striker": "DJ Hussey", "runs": {"batsman": 1, "extras": 0, "total": 1}}}, {"6.3": {"batsman": "DJ Hussey", "bowler": "DS Kulkarni", "non_striker": "RT Ponting", "runs": {"batsman": 1, "extras": 0, "total": 1}}}, {"6.4": {"batsman": "RT Ponting", "bowler": "DS Kulkarni", "non_striker": "DJ Hussey", "runs": {"batsman": 0, "extras": 0, "total": 0}}}, {"6.5": {"batsman": "RT Ponting", "bowler": "DS Kulkarni", "non_striker": "DJ Hussey", "runs": {"batsman": 0, "extras": 0, "total": 0}}}, {"6.6": {"batsman": "RT Ponting", "bowler": "DS Kulkarni", "non_striker": "DJ Hussey", "runs": {"batsman": 1, "extras": 0, "total": 1}}}, {"7.1": {"batsman": "RT Ponting", "bowler": "DJ Bravo", "non_striker": "DJ Hussey", "runs": {"batsman": 0, "extras": 0, "total": 0}}}, {"7.2": {"batsman": "RT Ponting", "bowler": "DJ Bravo", "non_striker": "DJ Hussey", "runs": {"batsman": 0, "extras": 0, "total": 0}}}, {"7.3": {"batsman": "RT Ponting", "bowler": "DJ Bravo", "non_striker": "DJ Hussey", "runs": {"batsman": 0, "extras": 0, "total": 0}}}, {"7.4": {"batsman": "RT Ponting", "bowler": "DJ Bravo", "non_striker": "DJ Hussey", "runs": {"batsman": 1, "extras": 0, "total": 1}}}, {"7.5": {"batsman": "DJ Hussey", "bowler": "DJ Bravo", "non_striker": "RT Ponting", "runs": {"batsman": 1, "extras": 0, "total": 1}}}, {"7.6": {"batsman": "RT Ponting", "bowler": "DJ Bravo", "non_striker": "DJ Hussey", "runs": {"batsman": 0, "extras": 0, "total": 0}}}, {"8.1": {"batsman": "DJ Hussey", "bowler": "CRD Fernando", "non_striker": "RT Ponting", "runs": {"batsman": 1, "extras": 0, "total": 1}}}, {"8.2": {"batsman": "RT Ponting", "bowler": "CRD Fernando", "non_striker": "DJ Hussey", "runs": {"batsman": 4, "extras": 0, "total": 4}}}, {"8.3": {"batsman": "RT Ponting", "bowler": "CRD Fernando", "non_striker": "DJ Hussey", "runs": {"batsman": 1, "extras": 0, "total": 1}}}, {"8.4": {"batsman": "DJ Hussey", "bowler": "CRD Fernando", "non_striker": "RT Ponting", "runs": {"batsman": 0, "extras": 0, "total": 0}}}, {"8.5": {"batsman": "DJ Hussey", "bowler": "CRD Fernando", "non_striker": "RT Ponting", "runs": {"batsman": 0, "extras": 0, "total": 0}}}, {"8.6": {"batsman": "DJ Hussey", "bowler": "CRD Fernando", "non_striker": "RT Ponting", "runs": {"batsman": 0, "extras": 0, "total": 0}}}, {"9.1": {"batsman": "RT Ponting", "bowler": "ST Jayasuriya", "non_striker": "DJ Hussey", "runs": {"batsman": 0, "extras": 0, "total": 0}}}, {"9.2": {"batsman": "RT Ponting", "bowler": "ST Jayasuriya", "non_striker": "DJ Hussey", "runs": {"batsman": 1, "extras": 0, "total": 1}}}, {"9.3": {"batsman": "DJ Hussey", "bowler": "ST Jayasuriya", "non_striker": "RT Ponting", "runs": {"batsman": 0, "extras": 0, "total": 0}}}, {"9.4": {"batsman": "DJ Hussey", "bowler": "ST Jayasuriya", "non_striker": "RT Ponting", "runs": {"batsman": 0, "extras": 0, "total": 0}}}, {"9.5": {"batsman": "DJ Hussey", "bowler": "ST Jayasuriya", "non_striker": "RT Ponting", "runs": {"batsman": 0, "extras": 0, "total": 0}}}, {"9.6": {"batsman": "DJ Hussey", "bowler": "ST Jayasuriya", "non_striker": "RT Ponting", "runs": {"batsman": 4, "extras": 0, "total": 4}}}, {"10.1": {"batsman": "RT Ponting", "bowler": "SM Pollock", "non_striker": "DJ Hussey", "runs": {"batsman": 1, "extras": 0, "total": 1}}}, {"10.2": {"batsman": "DJ Hussey", "bowler": "SM Pollock", "non_striker": "RT Ponting", "runs": {"batsman": 4, "extras": 0, "total": 4}}}, {"10.3": {"batsman": "DJ Hussey", "bowler": "SM Pollock", "non_striker": "RT Ponting", "runs": {"batsman": 1, "extras": 0, "total": 1}}}, {"10.4": {"batsman": "RT Ponting", "bowler": "SM Pollock", "non_striker": "DJ Hussey", "runs": {"batsman": 1, "extras": 0, "total": 1}}}, {"10.5": {"batsman": "DJ Hussey", "bowler": "SM Pollock", "non_striker": "RT Ponting", "runs": {"batsman": 0, "extras": 0, "total": 0}}}, {"10.6": {"batsman": "DJ Hussey", "bowler": "SM Pollock", "non_striker": "RT Ponting", "runs": {"batsman": 4, "extras": 0, "total": 4}}}, {"11.1": {"batsman": "RT Ponting", "bowler": "ST Jayasuriya", "non_striker": "DJ Hussey", "runs": {"batsman": 1, "extras": 0, "total": 1}}}, {"11.2": {"batsman": "DJ Hussey", "bowler": "ST Jayasuriya", "non_striker": "RT Ponting", "runs": {"batsman": 1, "extras": 0, "total": 1}}}, {"11.3": {"batsman": "RT Ponting", "bowler": "ST Jayasuriya", "non_striker": "DJ Hussey", "runs": {"batsman": 0, "extras": 0, "total": 0}}}, {"11.4": {"batsman": "RT Ponting", "bowler": "ST Jayasuriya", "non_striker": "DJ Hussey", "runs": {"batsman": 1, "extras": 0, "total": 1}}}, {"11.5": {"batsman": "DJ Hussey", "bowler": "ST Jayasuriya", "non_striker": "RT Ponting", "runs": {"batsman": 0, "extras": 0, "total": 0}}}, {"11.6": {"batsman": "DJ Hussey", "bowler": "ST Jayasuriya", "non_striker": "RT Ponting", "runs": {"batsman": 0, "extras": 0, "total": 0}, "wicket": {"fielders": ["A Nehra"], "kind": "caught", "player_out": "DJ Hussey"}}}, {"12.1": {"batsman": "Mohammad Hafeez", "bowler": "SM Pollock", "non_striker": "RT Ponting", "runs": {"batsman": 0, "extras": 0, "total": 0}}}, {"12.2": {"batsman": "Mohammad Hafeez", "bowler": "SM Pollock", "non_striker": "RT Ponting", "runs": {"batsman": 1, "extras": 0, "total": 1}}}, {"12.3": {"batsman": "RT Ponting", "bowler": "SM Pollock", "non_striker": "Mohammad Hafeez", "runs": {"batsman": 0, "extras": 0, "total": 0}}}, {"12.4": {"batsman": "RT Ponting", "bowler": "SM Pollock", "non_striker": "Mohammad Hafeez", "runs": {"batsman": 1, "extras": 0, "total": 1}}}, {"12.5": {"batsman": "Mohammad Hafeez", "bowler": "SM Pollock", "non_striker": "RT Ponting", "runs": {"batsman": 1, "extras": 0, "total": 1}}}, {"12.6": {"batsman": "RT Ponting", "bowler": "SM Pollock", "non_striker": "Mohammad Hafeez", "runs": {"batsman": 0, "extras": 0, "total": 0}}}, {"13.1": {"batsman": "Mohammad Hafeez", "bowler": "ST Jayasuriya", "non_striker": "RT Ponting", "runs": {"batsman": 0, "extras": 0, "total": 0}, "wicket": {"fielders": ["AM Rahane", "ST Jayasuriya"], "kind": "run out", "player_out": "RT Ponting"}}}, {"13.2": {"batsman": "Mohammad Hafeez", "bowler": "ST Jayasuriya", "non_striker": "LR Shukla", "runs": {"batsman": 0, "extras": 0, "total": 0}}}, {"13.3": {"batsman": "Mohammad Hafeez", "bowler": "ST Jayasuriya", "non_striker": "LR Shukla", "runs": {"batsman": 0, "extras": 0, "total": 0}, "wicket": {"fielders": ["PR Shah"], "kind": "caught", "player_out": "Mohammad Hafeez"}}}, {"13.4": {"batsman": "AB Agarkar", "bowler": "ST Jayasuriya", "non_striker": "LR Shukla", "runs": {"batsman": 0, "extras": 0, "total": 0}}}, {"13.5": {"batsman": "AB Agarkar", "bowler": "ST Jayasuriya", "non_striker": "LR Shukla", "runs": {"batsman": 0, "extras": 0, "total": 0}}}, {"13.6": {"batsman": "AB Agarkar", "bowler": "ST Jayasuriya", "non_striker": "LR Shukla", "runs": {"batsman": 0, "extras": 0, "total": 0}}}, {"14.1": {"batsman": "LR Shukla", "bowler": "DJ Bravo", "non_striker": "AB Agarkar", "runs": {"batsman": 4, "extras": 0, "total": 4}}}, {"14.2": {"batsman": "LR Shukla", "bowler": "DJ Bravo", "non_striker": "AB Agarkar", "runs": {"batsman": 1, "extras": 0, "total": 1}}}, {"14.3": {"batsman": "AB Agarkar", "bowler": "DJ Bravo", "non_striker": "LR Shukla", "runs": {"batsman": 1, "extras": 0, "total": 1}}}, {"14.4": {"batsman": "LR Shukla", "bowler": "DJ Bravo", "non_striker": "AB Agarkar", "runs": {"batsman": 4, "extras": 0, "total": 4}}}, {"14.5": {"batsman": "LR Shukla", "bowler": "DJ Bravo", "non_striker": "AB Agarkar", "runs": {"batsman": 0, "extras": 0, "total": 0}}}, {"14.6": {"batsman": "LR Shukla", "bowler": "DJ Bravo", "non_striker": "AB Agarkar", "runs": {"batsman": 0, "extras": 0, "total": 0}}}, {"15.1": {"batsman": "AB Agarkar", "bowler": "ST Jayasuriya", "non_striker": "LR Shukla", "runs": {"batsman": 1, "extras": 0, "total": 1}}}, {"15.2": {"batsman": "LR Shukla", "bowler": "ST Jayasuriya", "non_striker": "AB Agarkar", "runs": {"batsman": 1, "extras": 0, "total": 1}}}, {"15.3": {"batsman": "AB Agarkar", "bowler": "ST Jayasuriya", "extras": {"wides": 1}, "non_striker": "LR Shukla", "runs": {"batsman": 0, "extras": 1, "total": 1}}}, {"15.4": {"batsman": "AB Agarkar", "bowler": "ST Jayasuriya", "non_striker": "LR Shukla", "runs": {"batsman": 0, "extras": 0, "total": 0}, "wicket": {"fielders": ["A Nehra"], "kind": "caught", "player_out": "AB Agarkar"}}}, {"15.5": {"batsman": "LR Shukla", "bowler": "ST Jayasuriya", "non_striker": "M Kartik", "runs": {"batsman": 1, "extras": 0, "total": 1}}}, {"15.6": {"batsman": "M Kartik", "bowler": "ST Jayasuriya", "non_striker": "LR Shukla", "runs": {"batsman": 1, "extras": 0, "total": 1}}}, {"15.7": {"batsman": "LR Shukla", "bowler": "ST Jayasuriya", "non_striker": "M Kartik", "runs": {"batsman": 1, "extras": 0, "total": 1}}}, {"16.1": {"batsman": "LR Shukla", "bowler": "DJ Bravo", "non_striker": "M Kartik", "runs": {"batsman": 1, "extras": 0, "total": 1}}}, {"16.2": {"batsman": "M Kartik", "bowler": "DJ Bravo", "non_striker": "LR Shukla", "runs": {"batsman": 0, "extras": 0, "total": 0}}}, {"16.3": {"batsman": "M Kartik", "bowler": "DJ Bravo", "non_striker": "LR Shukla", "runs": {"batsman": 1, "extras": 0, "total": 1}}}, {"16.4": {"batsman": "LR Shukla", "bowler": "DJ Bravo", "extras": {"wides": 1}, "non_striker": "M Kartik", "runs": {"batsman": 0, "extras": 1, "total": 1}}}, {"16.5": {"batsman": "LR Shukla", "bowler": "DJ Bravo", "non_striker": "M Kartik", "runs": {"batsman": 1, "extras": 0, "total": 1}}}, {"16.6": {"batsman": "M Kartik", "bowler": "DJ Bravo", "non_striker": "LR Shukla", "runs": {"batsman": 1, "extras": 0, "total": 1}}}, {"16.7": {"batsman": "LR Shukla", "bowler": "DJ Bravo", "non_striker": "M Kartik", "runs": {"batsman": 6, "extras": 0, "total": 6}}}, {"17.1": {"batsman": "M Kartik", "bowler": "CRD Fernando", "non_striker": "LR Shukla", "runs": {"batsman": 4, "extras": 0, "total": 4}}}, {"17.2": {"batsman": "M Kartik", "bowler": "CRD Fernando", "non_striker": "LR Shukla", "runs": {"batsman": 1, "extras": 0, "total": 1}}}, {"17.3": {"batsman": "LR Shukla", "bowler": "CRD Fernando", "non_striker": "M Kartik", "runs": {"batsman": 6, "extras": 0, "total": 6}}}, {"17.4": {"batsman": "LR Shukla", "bowler": "CRD Fernando", "non_striker": "M Kartik", "runs": {"batsman": 1, "extras": 0, "total": 1}}}, {"17.5": {"batsman": "M Kartik", "bowler": "CRD Fernando", "non_striker": "LR Shukla", "runs": {"batsman": 1, "extras": 0, "total": 1}}}, {"17.6": {"batsman": "LR Shukla", "bowler": "CRD Fernando", "non_striker": "M Kartik", "runs": {"batsman": 1, "extras": 0, "total": 1}}}, {"18.1": {"batsman": "LR Shukla", "bowler": "DS Kulkarni", "non_striker": "M Kartik", "runs": {"batsman": 1, "extras": 0, "total": 1}}}, {"18.2": {"batsman": "M Kartik", "bowler": "DS Kulkarni", "extras": {"legbyes": 1}, "non_striker": "LR Shukla", "runs": {"batsman": 0, "extras": 1, "total": 1}}}, {"18.3": {"batsman": "LR Shukla", "bowler": "DS Kulkarni", "non_striker": "M Kartik", "runs": {"batsman": 1, "extras": 0, "total": 1}}}, {"18.4": {"batsman": "M Kartik", "bowler": "DS Kulkarni", "extras": {"wides": 3}, "non_striker": "LR Shukla", "runs": {"batsman": 0, "extras": 3, "total": 3}}}, {"18.5": {"batsman": "M Kartik", "bowler": "DS Kulkarni", "non_striker": "LR Shukla", "runs": {"batsman": 0, "extras": 0, "total": 0}}}, {"18.6": {"batsman": "M Kartik", "bowler": "DS Kulkarni", "non_striker": "LR Shukla", "runs": {"batsman": 1, "extras": 0, "total": 1}}}, {"18.7": {"batsman": "LR Shukla", "bowler": "DS Kulkarni", "non_striker": "M Kartik", "runs": {"batsman": 1, "extras": 0, "total": 1}}}, {"19.1": {"batsman": "LR Shukla", "bowler": "CRD Fernando", "non_striker": "M Kartik", "runs": {"batsman": 4, "extras": 0, "total": 4}}}, {"19.2": {"batsman": "LR Shukla", "bowler": "CRD Fernando", "non_striker": "M Kartik", "runs": {"batsman": 1, "extras": 0, "total": 1}}}, {"19.3": {"batsman": "M Kartik", "bowler": "CRD Fernando", "non_striker": "LR Shukla", "runs": {"batsman": 0, "extras": 0, "total": 0}, "wicket": {"fielders": ["ST Jayasuriya"], "kind": "caught", "player_out": "M Kartik"}}}, {"19.4": {"batsman": "LR Shukla", "bowler": "CRD Fernando", "non_striker": "I Sharma", "runs": {"batsman": 4, "extras": 0, "total": 4}}}, {"19.5": {"batsman": "LR Shukla", "bowler": "CRD Fernando", "non_striker": "I Sharma", "runs": {"batsman": 0, "extras": 0, "total": 0}}}, {"19.6": {"batsman": "LR Shukla", "bowler": "CRD Fernando", "extras": {"wides": 1}, "non_striker": "I Sharma", "runs": {"batsman": 0, "extras": 1, "total": 1}}}, {"19.7": {"batsman": "LR Shukla", "bowler": "CRD Fernando", "extras": {"byes": 1}, "non_striker": "I Sharma", "runs": {"batsman": 0, "extras": 1, "total": 1}}}]