[{"0.1": {"batsman": "PA Patel", "bowler": "AB Dinda", "non_striker": "ML Hayden", "runs": {"batsman": 0, "extras": 0, "total": 0}}}, {"0.2": {"batsman": "PA Patel", "bowler": "AB Dinda", "non_striker": "ML Hayden", "runs": {"batsman": 0, "extras": 0, "total": 0}}}, {"0.3": {"batsman": "PA Patel", "bowler": "AB Dinda", "extras": {"wides": 1}, "non_striker": "ML Hayden", "runs": {"batsman": 0, "extras": 1, "total": 1}}}, {"0.4": {"batsman": "PA Patel", "bowler": "AB Dinda", "non_striker": "ML Hayden", "runs": {"batsman": 0, "extras": 0, "total": 0}}}, {"0.5": {"batsman": "PA Patel", "bowler": "AB Dinda", "non_striker": "ML Hayden", "runs": {"batsman": 0, "extras": 0, "total": 0}}}, {"0.6": {"batsman": "PA Patel", "bowler": "AB Dinda", "non_striker": "ML Hayden", "runs": {"batsman": 4, "extras": 0, "total": 4}}}, {"0.7": {"batsman": "PA Patel", "bowler": "AB Dinda", "non_striker": "ML Hayden", "runs": {"batsman": 0, "extras": 0, "total": 0}}}, {"1.1": {"batsman": "ML Hayden", "bowler": "I Sharma", "non_striker": "PA Patel", "runs": {"batsman": 0, "extras": 0, "total": 0}}}, {"1.2": {"batsman": "ML Hayden", "bowler": "I Sharma", "extras": {"legbyes": 1}, "non_striker": "PA Patel", "runs": {"batsman": 0, "extras": 1, "total": 1}}}, {"1.3": {"batsman": "PA Patel", "bowler": "I Sharma", "non_striker": "ML Hayden", "runs": {"batsman": 0, "extras": 0, "total": 0}}}, {"1.4": {"batsman": "PA Patel", "bowler": "I Sharma", "non_striker": "ML Hayden", "runs": {"batsman": 0, "extras": 0, "total": 0}}}, {"1.5": {"batsman": "PA Patel", "bowler": "I Sharma", "non_striker": "ML Hayden", "runs": {"batsman": 2, "extras": 0, "total": 2}}}, {"1.6": {"batsman": "PA Patel", "bowler": "I Sharma", "non_striker": "ML Hayden", "runs": {"batsman": 0, "extras": 0, "total": 0}}}, {"2.1": {"batsman": "ML Hayden", "bowler": "AB Dinda", "non_striker": "PA Patel", "runs": {"batsman": 0, "extras": 0, "total": 0}}}, {"2.2": {"batsman": "ML Hayden", "bowler": "AB Dinda", "non_striker": "PA Patel", "runs": {"batsman": 4, "extras": 0, "total": 4}}}, {"2.3": {"batsman": "ML Hayden", "bowler": "AB Dinda", "non_striker": "PA Patel", "runs": {"batsman": 0, "extras": 0, "total": 0}}}, {"2.4": {"batsman": "ML Hayden", "bowler": "AB Dinda", "non_striker": "PA Patel", "runs": {"batsman": 1, "extras": 0, "total": 1}}}, {"2.5": {"batsman": "PA Patel", "bowler": "AB Dinda", "non_striker": "ML Hayden", "runs": {"batsman": 0, "extras": 0, "total": 0}}}, {"2.6": {"batsman": "PA Patel", "bowler": "AB Dinda", "extras": {"wides": 5}, "non_striker": "ML Hayden", "runs": {"batsman": 0, "extras": 5, "total": 5}}}, {"2.7": {"batsman": "PA Patel", "bowler": "AB Dinda", "non_striker": "ML Hayden", "runs": {"batsman": 0, "extras": 0, "total": 0}}}, {"3.1": {"batsman": "ML Hayden", "bowler": "I Sharma", "extras": {"noballs": 1}, "non_striker": "PA Patel", "runs": {"batsman": 1, "extras": 1, "total": 2}}}, {"3.2": {"batsman": "PA Patel", "bowler": "I Sharma", "non_striker": "ML Hayden", "runs": {"batsman": 4, "extras": 0, "total": 4}}}, {"3.3": {"batsman": "PA Patel", "bowler": "I Sharma", "non_striker": "ML Hayden", "runs": {"batsman": 0, "extras": 0, "total": 0}}}, {"3.4": {"batsman": "PA Patel", "bowler": "I Sharma", "extras": {"legbyes": 1}, "non_striker": "ML Hayden", "runs": {"batsman": 0, "extras": 1, "total": 1}}}, {"3.5": {"batsman": "ML Hayden", "bowler": "I Sharma", "non_striker": "PA Patel", "runs": {"batsman": 0, "extras": 0, "total": 0}}}, {"3.6": {"batsman": "ML Hayden", "bowler": "I Sharma", "non_striker": "PA Patel", "runs": {"batsman": 0, "extras": 0, "total": 0}}}, {"3.7": {"batsman": "ML Hayden", "bowler": "I Sharma", "non_striker": "PA Patel", "runs": {"batsman": 0, "extras": 0, "total": 0}}}, {"4.1": {"batsman": "PA Patel", "bowler": "AB Dinda", "non_striker": "ML Hayden", "runs": {"batsman": 4, "extras": 0, "total": 4}}}, {"4.2": {"batsman": "PA Patel", "bowler": "AB Dinda", "non_striker": "ML Hayden", "runs": {"batsman": 1, "extras": 0, "total": 1}}}, {"4.3": {"batsman": "ML Hayden", "bowler": "AB Dinda", "non_striker": "PA Patel", "runs": {"batsman": 0, "extras": 0, "total": 0}}}, {"4.4": {"batsman": "ML Hayden", "bowler": "AB Dinda", "non_striker": "PA Patel", "runs": {"batsman": 4, "extras": 0, "total": 4}}}, {"4.5": {"batsman": "ML Hayden", "bowler": "AB Dinda", "non_striker": "PA Patel", "runs": {"batsman": 1, "extras": 0, "total": 1}}}, {"4.6": {"batsman": "PA Patel", "bowler": "AB Dinda", "non_striker": "ML Hayden", "runs": {"batsman": 0, "extras": 0, "total": 0}}}, {"5.1": {"batsman": "ML Hayden", "bowler": "AB Agarkar", "non_striker": "PA Patel", "runs": {"batsman": 4, "extras": 0, "total": 4}}}, {"5.2": {"batsman": "ML Hayden", "bowler": "AB Agarkar", "non_striker": "PA Patel", "runs": {"batsman": 4, "extras": 0, "total": 4}}}, {"5.3": {"batsman": "ML Hayden", "bowler": "AB Agarkar", "extras": {"legbyes": 1}, "non_striker": "PA Patel", "runs": {"batsman": 0, "extras": 1, "total": 1}}}, {"5.4": {"batsman": "PA Patel", "bowler": "AB Agarkar", "non_striker": "ML Hayden", "runs": {"batsman": 1, "extras": 0, "total": 1}}}, {"5.5": {"batsman": "ML Hayden", "bowler": "AB Agarkar", "non_striker": "PA Patel", "runs": {"batsman": 0, "extras": 0, "total": 0}}}, {"5.6": {"batsman": "ML Hayden", "bowler": "AB Agarkar", "non_striker": "PA Patel", "runs": {"batsman": 0, "extras": 0, "total": 0}}}, {"6.1": {"batsman": "PA Patel", "bowler": "DJ Hussey", "non_striker": "ML Hayden", "runs": {"batsman": 2, "extras": 0, "total": 2}}}, {"6.2": {"batsman": "PA Patel", "bowler": "DJ Hussey", "non_striker": "ML Hayden", "runs": {"batsman": 0, "extras": 0, "total": 0}}}, {"6.3": {"batsman": "PA Patel", "bowler": "DJ Hussey", "non_striker": "ML Hayden", "runs": {"batsman": 1, "extras": 0, "total": 1}}}, {"6.4": {"batsman": "ML Hayden", "bowler": "DJ Hussey", "non_striker": "PA Patel", "runs": {"batsman": 6, "extras": 0, "total": 6}}}, {"6.5": {"batsman": "ML Hayden", "bowler": "DJ Hussey", "non_striker": "PA Patel", "runs": {"batsman": 1, "extras": 0, "total": 1}}}, {"6.6": {"batsman": "PA Patel", "bowler": "DJ Hussey", "non_striker": "ML Hayden", "runs": {"batsman": 0, "extras": 0, "total": 0}}}, {"7.1": {"batsman": "ML Hayden", "bowler": "Mohammad Hafeez", "non_striker": "PA Patel", "runs": {"batsman": 1, "extras": 0, "total": 1}}}, {"7.2": {"batsman": "PA Patel", "bowler": "Mohammad Hafeez", "non_striker": "ML Hayden", "runs": {"batsman": 1, "extras": 0, "total": 1}}}, {"7.3": {"batsman": "ML Hayden", "bowler": "Mohammad Hafeez", "non_striker": "PA Patel", "runs": {"batsman": 6, "extras": 0, "total": 6}}}, {"7.4": {"batsman": "ML Hayden", "bowler": "Mohammad Hafeez", "non_striker": "PA Patel", "runs": {"batsman": 0, "extras": 0, "total": 0}}}, {"7.5": {"batsman": "ML Hayden", "bowler": "Mohammad Hafeez", "non_striker": "PA Patel", "runs": {"batsman": 1, "extras": 0, "total": 1}}}, {"7.6": {"batsman": "PA Patel", "bowler": "Mohammad Hafeez", "extras": {"wides": 1}, "non_striker": "ML Hayden", "runs": {"batsman": 0, "extras": 1, "total": 1}}}, {"7.7": {"batsman": "PA Patel", "bowler": "Mohammad Hafeez", "non_striker": "ML Hayden", "runs": {"batsman": 1, "extras": 0, "total": 1}}}, {"8.1": {"batsman": "PA Patel", "bowler": "AB Agarkar", "non_striker": "ML Hayden", "runs": {"batsman": 0, "extras": 0, "total": 0}}}, {"8.2": {"batsman": "PA Patel", "bowler": "AB Agarkar", "non_striker": "ML Hayden", "runs": {"batsman": 0, "extras": 0, "total": 0}, "wicket": {"fielders": ["I Sharma"], "kind": "caught", "player_out": "PA Patel"}}}, {"8.3": {"batsman": "ML Hayden", "bowler": "AB Agarkar", "non_striker": "MS Dhoni", "runs": {"batsman": 4, "extras": 0, "total": 4}}}, {"8.4": {"batsman": "ML Hayden", "bowler": "AB Agarkar", "non_striker": "MS Dhoni", "runs": {"batsman": 1, "extras": 0, "total": 1}}}, {"8.5": {"batsman": "MS Dhoni", "bowler": "AB Agarkar", "non_striker": "ML Hayden", "runs": {"batsman": 0, "extras": 0, "total": 0}}}, {"8.6": {"batsman": "MS Dhoni", "bowler": "AB Agarkar", "non_striker": "ML Hayden", "runs": {"batsman": 1, "extras": 0, "total": 1}}}, {"9.1": {"batsman": "MS Dhoni", "bowler": "Mohammad Hafeez", "non_striker": "ML Hayden", "runs": {"batsman": 1, "extras": 0, "total": 1}}}, {"9.2": {"batsman": "ML Hayden", "bowler": "Mohammad Hafeez", "non_striker": "MS Dhoni", "runs": {"batsman": 1, "extras": 0, "total": 1}}}, {"9.3": {"batsman": "MS Dhoni", "bowler": "Mohammad Hafeez", "non_striker": "ML Hayden", "runs": {"batsman": 0, "extras": 0, "total": 0}}}, {"9.4": {"batsman": "MS Dhoni", "bowler": "Mohammad Hafeez", "non_striker": "ML Hayden", "runs": {"batsman": 1, "extras": 0, "total": 1}}}, {"9.5": {"batsman": "ML Hayden", "bowler": "Mohammad Hafeez", "non_striker": "MS Dhoni", "runs": {"batsman": 1, "extras": 0, "total": 1}}}, {"9.6": {"batsman": "MS Dhoni", "bowler": "Mohammad Hafeez", "non_striker": "ML Hayden", "runs": {"batsman": 1, "extras": 0, "total": 1}}}, {"10.1": {"batsman": "MS Dhoni", "bowler": "AB Agarkar", "non_striker": "ML Hayden", "runs": {"batsman": 0, "extras": 0, "total": 0}}}, {"10.2": {"batsman": "MS Dhoni", "bowler": "AB Agarkar", "non_striker": "ML Hayden", "runs": {"batsman": 0, "extras": 0, "total": 0}}}, {"10.3": {"batsman": "MS Dhoni", "bowler": "AB Agarkar", "non_striker": "ML Hayden", "runs": {"batsman": 1, "extras": 0, "total": 1}}}, {"10.4": {"batsman": "ML Hayden", "bowler": "AB Agarkar", "non_striker": "MS Dhoni", "runs": {"batsman": 2, "extras": 0, "total": 2}}}, {"10.5": {"batsman": "ML Hayden", "bowler": "AB Agarkar", "non_striker": "MS Dhoni", "runs": {"batsman": 0, "extras": 0, "total": 0}}}, {"10.6": {"batsman": "ML Hayden", "bowler": "AB Agarkar", "non_striker": "MS Dhoni", "runs": {"batsman": 1, "extras": 0, "total": 1}}}, {"11.1": {"batsman": "ML Hayden", "bowler": "M Kartik", "non_striker": "MS Dhoni", "runs": {"batsman": 1, "extras": 0, "total": 1}}}, {"11.2": {"batsman": "MS Dhoni", "bowler": "M Kartik", "non_striker": "ML Hayden", "runs": {"batsman": 1, "extras": 0, "total": 1}}}, {"11.3": {"batsman": "ML Hayden", "bowler": "M Kartik", "non_striker": "MS Dhoni", "runs": {"batsman": 1, "extras": 0, "total": 1}}}, {"11.4": {"batsman": "MS Dhoni", "bowler": "M Kartik", "non_striker": "ML Hayden", "runs": {"batsman": 4, "extras": 0, "total": 4}}}, {"11.5": {"batsman": "MS Dhoni", "bowler": "M Kartik", "non_striker": "ML Hayden", "runs": {"batsman": 1, "extras": 0, "total": 1}}}, {"11.6": {"batsman": "ML Hayden", "bowler": "M Kartik", "non_striker": "MS Dhoni", "runs": {"batsman": 1, "extras": 0, "total": 1}}}, {"12.1": {"batsman": "ML Hayden", "bowler": "LR Shukla", "non_striker": "MS Dhoni", "runs": {"batsman": 1, "extras": 0, "total": 1}}}, {"12.2": {"batsman": "MS Dhoni", "bowler": "LR Shukla", "non_striker": "ML Hayden", "runs": {"batsman": 0, "extras": 0, "total": 0}}}, {"12.3": {"batsman": "MS Dhoni", "bowler": "LR Shukla", "non_striker": "ML Hayden", "runs": {"batsman": 2, "extras": 0, "total": 2}}}, {"12.4": {"batsman": "MS Dhoni", "bowler": "LR Shukla", "non_striker": "ML Hayden", "runs": {"batsman": 1, "extras": 0, "total": 1}}}, {"12.5": {"batsman": "ML Hayden", "bowler": "LR Shukla", "extras": {"byes": 1}, "non_striker": "MS Dhoni", "runs": {"batsman": 0, "extras": 1, "total": 1}}}, {"12.6": {"batsman": "MS Dhoni", "bowler": "LR Shukla", "non_striker": "ML Hayden", "runs": {"batsman": 0, "extras": 0, "total": 0}}}, {"13.1": {"batsman": "ML Hayden", "bowler": "M Kartik", "extras": {"legbyes": 1}, "non_striker": "MS Dhoni", "runs": {"batsman": 0, "extras": 1, "total": 1}}}, {"13.2": {"batsman": "MS Dhoni", "bowler": "M Kartik", "non_striker": "ML Hayden", "runs": {"batsman": 6, "extras": 0, "total": 6}}}, {"13.3": {"batsman": "MS Dhoni", "bowler": "M Kartik", "non_striker": "ML Hayden", "runs": {"batsman": 1, "extras": 0, "total": 1}}}, {"13.4": {"batsman": "ML Hayden", "bowler": "M Kartik", "non_striker": "MS Dhoni", "runs": {"batsman": 1, "extras": 0, "total": 1}}}, {"13.5": {"batsman": "MS Dhoni", "bowler": "M Kartik", "non_striker": "ML Hayden", "runs": {"batsman": 1, "extras": 0, "total": 1}}}, {"13.6": {"batsman": "ML Hayden", "bowler": "M Kartik", "non_striker": "MS Dhoni", "runs": {"batsman": 2, "extras": 0, "total": 2}}}, {"14.1": {"batsman": "MS Dhoni", "bowler": "LR Shukla", "non_striker": "ML Hayden", "runs": {"batsman": 1, "extras": 0, "total": 1}}}, {"14.2": {"batsman": "ML Hayden", "bowler": "LR Shukla", "non_striker": "MS Dhoni", "runs": {"batsman": 1, "extras": 0, "total": 1}}}, {"14.3": {"batsman": "MS Dhoni", "bowler": "LR Shukla", "non_striker": "ML Hayden", "runs": {"batsman": 2, "extras": 0, "total": 2}}}, {"14.4": {"batsman": "MS Dhoni", "bowler": "LR Shukla", "non_striker": "ML Hayden", "runs": {"batsman": 4, "extras": 0, "total": 4}}}, {"14.5": {"batsman": "MS Dhoni", "bowler": "LR Shukla", "non_striker": "ML Hayden", "runs": {"batsman": 4, "extras": 0, "total": 4}}}, {"14.6": {"batsman": "MS Dhoni", "bowler": "LR Shukla", "non_striker": "ML Hayden", "runs": {"batsman": 2, "extras": 0, "total": 2}}}, {"15.1": {"batsman": "ML Hayden", "bowler": "I Sharma", "non_striker": "MS Dhoni", "runs": {"batsman": 2, "extras": 0, "total": 2}}}, {"15.2": {"batsman": "ML Hayden", "bowler": "I Sharma", "extras": {"wides": 5}, "non_striker": "MS Dhoni", "runs": {"batsman": 0, "extras": 5, "total": 5}}}, {"15.3": {"batsman": "ML Hayden", "bowler": "I Sharma", "non_striker": "MS Dhoni", "runs": {"batsman": 2, "extras": 0, "total": 2}}}, {"15.4": {"batsman": "ML Hayden", "bowler": "I Sharma", "non_striker": "MS Dhoni", "runs": {"batsman": 6, "extras": 0, "total": 6}}}, {"15.5": {"batsman": "ML Hayden", "bowler": "I Sharma", "non_striker": "MS Dhoni", "runs": {"batsman": 1, "extras": 0, "total": 1}}}, {"15.6": {"batsman": "MS Dhoni", "bowler": "I Sharma", "non_striker": "ML Hayden", "runs": {"batsman": 1, "extras": 0, "total": 1}}}, {"15.7": {"batsman": "ML Hayden", "bowler": "I Sharma", "non_striker": "MS Dhoni", "runs": {"batsman": 1, "extras": 0, "total": 1}}}, {"16.1": {"batsman": "ML Hayden", "bowler": "M Kartik", "non_striker": "MS Dhoni", "runs": {"batsman": 4, "extras": 0, "total": 4}}}, {"16.2": {"batsman": "ML Hayden", "bowler": "M Kartik", "non_striker": "MS Dhoni", "runs": {"batsman": 1, "extras": 0, "total": 1}}}, {"16.3": {"batsman": "MS Dhoni", "bowler": "M Kartik", "non_striker": "ML Hayden", "runs": {"batsman": 1, "extras": 0, "total": 1}}}, {"16.4": {"batsman": "ML Hayden", "bowler": "M Kartik", "non_striker": "MS Dhoni", "runs": {"batsman": 0, "extras": 0, "total": 0}}}, {"16.5": {"batsman": "ML Hayden", "bowler": "M Kartik", "non_striker": "MS Dhoni", "runs": {"batsman": 1, "extras": 0, "total": 1}}}, {"16.6": {"batsman": "MS Dhoni", "bowler": "M Kartik", "non_striker": "ML Hayden", "runs": {"batsman": 6, "extras": 0, "total": 6}}}]