[{"0.1": {"batsman": "AM Rahane", "bowler": "AB Agarkar", "non_striker": "ST Jayasuriya", "runs": {"batsman": 0, "extras": 0, "total": 0}}}, {"0.2": {"batsman": "AM Rahane", "bowler": "AB Agarkar", "extras": {"wides": 1}, "non_striker": "ST Jayasuriya", "runs": {"batsman": 0, "extras": 1, "total": 1}}}, {"0.3": {"batsman": "AM Rahane", "bowler": "AB Agarkar", "non_striker": "ST Jayasuriya", "runs": {"batsman": 0, "extras": 0, "total": 0}}}, {"0.4": {"batsman": "AM Rahane", "bowler": "AB Agarkar", "extras": {"wides": 1}, "non_striker": "ST Jayasuriya", "runs": {"batsman": 0, "extras": 1, "total": 1}}}, {"0.5": {"batsman": "AM Rahane", "bowler": "AB Agarkar", "non_striker": "ST Jayasuriya", "runs": {"batsman": 0, "extras": 0, "total": 0}}}, {"0.6": {"batsman": "AM Rahane", "bowler": "AB Agarkar", "non_striker": "ST Jayasuriya", "runs": {"batsman": 0, "extras": 0, "total": 0}}}, {"0.7": {"batsman": "AM Rahane", "bowler": "AB Agarkar", "non_striker": "ST Jayasuriya", "runs": {"batsman": 4, "extras": 0, "total": 4}}}, {"0.8": {"batsman": "AM Rahane", "bowler": "AB Agarkar", "non_striker": "ST Jayasuriya", "runs": {"batsman": 0, "extras": 0, "total": 0}}}, {"1.1": {"batsman": "ST Jayasuriya", "bowler": "I Sharma", "non_striker": "AM Rahane", "runs": {"batsman": 4, "extras": 0, "total": 4}}}, {"1.2": {"batsman": "ST Jayasuriya", "bowler": "I Sharma", "non_striker": "AM Rahane", "runs": {"batsman": 0, "extras": 0, "total": 0}}}, {"1.3": {"batsman": "ST Jayasuriya", "bowler": "I Sharma", "non_striker": "AM Rahane", "runs": {"batsman": 6, "extras": 0, "total": 6}}}, {"1.4": {"batsman": "ST Jayasuriya", "bowler": "I Sharma", "non_striker": "AM Rahane", "runs": {"batsman": 0, "extras": 0, "total": 0}}}, {"1.5": {"batsman": "ST Jayasuriya", "bowler": "I Sharma", "non_striker": "AM Rahane", "runs": {"batsman": 0, "extras": 0, "total": 0}}}, {"1.6": {"batsman": "ST Jayasuriya", "bowler": "I Sharma", "non_striker": "AM Rahane", "runs": {"batsman": 0, "extras": 0, "total": 0}}}, {"2.1": {"batsman": "AM Rahane", "bowler": "AB Agarkar", "non_striker": "ST Jayasuriya", "runs": {"batsman": 0, "extras": 0, "total": 0}}}, {"2.2": {"batsman": "AM Rahane", "bowler": "AB Agarkar", "non_striker": "ST Jayasuriya", "runs": {"batsman": 0, "extras": 0, "total": 0}}}, {"2.3": {"batsman": "AM Rahane", "bowler": "AB Agarkar", "non_striker": "ST Jayasuriya", "runs": {"batsman": 0, "extras": 0, "total": 0}}}, {"2.4": {"batsman": "AM Rahane", "bowler": "AB Agarkar", "non_striker": "ST Jayasuriya", "runs": {"batsman": 0, "extras": 0, "total": 0}, "wicket": {"fielders": ["DJ Hussey"], "kind": "caught", "player_out": "AM Rahane"}}}, {"2.5": {"batsman": "MK Pandey", "bowler": "AB Agarkar", "non_striker": "ST Jayasuriya", "runs": {"batsman": 0, "extras": 0, "total": 0}}}, {"2.6": {"batsman": "MK Pandey", "bowler": "AB Agarkar", "extras": {"wides": 1}, "non_striker": "ST Jayasuriya", "runs": {"batsman": 0, "extras": 1, "total": 1}}}, {"2.7": {"batsman": "MK Pandey", "bowler": "AB Agarkar", "non_striker": "ST Jayasuriya", "runs": {"batsman": 0, "extras": 0, "total": 0}}}, {"3.1": {"batsman": "ST Jayasuriya", "bowler": "I Sharma", "non_striker": "MK Pandey", "runs": {"batsman": 0, "extras": 0, "total": 0}}}, {"3.2": {"batsman": "ST Jayasuriya", "bowler": "I Sharma", "non_striker": "MK Pandey", "runs": {"batsman": 4, "extras": 0, "total": 4}}}, {"3.3": {"batsman": "ST Jayasuriya", "bowler": "I Sharma", "non_striker": "MK Pandey", "runs": {"batsman": 4, "extras": 0, "total": 4}}}, {"3.4": {"batsman": "ST Jayasuriya", "bowler": "I Sharma", "non_striker": "MK Pandey", "runs": {"batsman": 0, "extras": 0, "total": 0}, "wicket": {"kind": "bowled", "player_out": "ST Jayasuriya"}}}, {"3.5": {"batsman": "RV Uthappa", "bowler": "I Sharma", "non_striker": "MK Pandey", "runs": {"batsman": 0, "extras": 0, "total": 0}}}, {"3.6": {"batsman": "RV Uthappa", "bowler": "I Sharma", "non_striker": "MK Pandey", "runs": {"batsman": 0, "extras": 0, "total": 0}}}, {"4.1": {"batsman": "MK Pandey", "bowler": "AB Dinda", "non_striker": "RV Uthappa", "runs": {"batsman": 0, "extras": 0, "total": 0}, "wicket": {"kind": "bowled", "player_out": "MK Pandey"}}}, {"4.2": {"batsman": "DJ Bravo", "bowler": "AB Dinda", "non_striker": "RV Uthappa", "runs": {"batsman": 4, "extras": 0, "total": 4}}}, {"4.3": {"batsman": "DJ Bravo", "bowler": "AB Dinda", "non_striker": "RV Uthappa", "runs": {"batsman": 0, "extras": 0, "total": 0}}}, {"4.4": {"batsman": "DJ Bravo", "bowler": "AB Dinda", "non_striker": "RV Uthappa", "runs": {"batsman": 0, "extras": 0, "total": 0}}}, {"4.5": {"batsman": "DJ Bravo", "bowler": "AB Dinda", "non_striker": "RV Uthappa", "runs": {"batsman": 0, "extras": 0, "total": 0}}}, {"4.6": {"batsman": "DJ Bravo", "bowler": "AB Dinda", "non_striker": "RV Uthappa", "runs": {"batsman": 0, "extras": 0, "total": 0}}}, {"5.1": {"batsman": "RV Uthappa", "bowler": "I Sharma", "non_striker": "DJ Bravo", "runs": {"batsman": 4, "extras": 0, "total": 4}}}, {"5.2": {"batsman": "RV Uthappa", "bowler": "I Sharma", "non_striker": "DJ Bravo", "runs": {"batsman": 0, "extras": 0, "total": 0}}}, {"5.3": {"batsman": "RV Uthappa", "bowler": "I Sharma", "non_striker": "DJ Bravo", "runs": {"batsman": 1, "extras": 0, "total": 1}}}, {"5.4": {"batsman": "DJ Bravo", "bowler": "I Sharma", "non_striker": "RV Uthappa", "runs": {"batsman": 0, "extras": 0, "total": 0}}}, {"5.5": {"batsman": "DJ Bravo", "bowler": "I Sharma", "non_striker": "RV Uthappa", "runs": {"batsman": 4, "extras": 0, "total": 4}}}, {"5.6": {"batsman": "DJ Bravo", "bowler": "I Sharma", "non_striker": "RV Uthappa", "runs": {"batsman": 0, "extras": 0, "total": 0}}}, {"6.1": {"batsman": "RV Uthappa", "bowler": "AB Dinda", "non_striker": "DJ Bravo", "runs": {"batsman": 0, "extras": 0, "total": 0}}}, {"6.2": {"batsman": "RV Uthappa", "bowler": "AB Dinda", "non_striker": "DJ Bravo", "runs": {"batsman": 0, "extras": 0, "total": 0}}}, {"6.3": {"batsman": "RV Uthappa", "bowler": "AB Dinda", "non_striker": "DJ Bravo", "runs": {"batsman": 1, "extras": 0, "total": 1}}}, {"6.4": {"batsman": "DJ Bravo", "bowler": "AB Dinda", "non_striker": "RV Uthappa", "runs": {"batsman": 0, "extras": 0, "total": 0}}}, {"6.5": {"batsman": "DJ Bravo", "bowler": "AB Dinda", "non_striker": "RV Uthappa", "runs": {"batsman": 0, "extras": 0, "total": 0}}}, {"6.6": {"batsman": "DJ Bravo", "bowler": "AB Dinda", "extras": {"legbyes": 4}, "non_striker": "RV Uthappa", "runs": {"batsman": 0, "extras": 4, "total": 4}}}, {"7.1": {"batsman": "RV Uthappa", "bowler": "M Kartik", "non_striker": "DJ Bravo", "runs": {"batsman": 1, "extras": 0, "total": 1}}}, {"7.2": {"batsman": "DJ Bravo", "bowler": "M Kartik", "non_striker": "RV Uthappa", "runs": {"batsman": 0, "extras": 0, "total": 0}}}, {"7.3": {"batsman": "DJ Bravo", "bowler": "M Kartik", "non_striker": "RV Uthappa", "runs": {"batsman": 0, "extras": 0, "total": 0}}}, {"7.4": {"batsman": "DJ Bravo", "bowler": "M Kartik", "extras": {"legbyes": 1}, "non_striker": "RV Uthappa", "runs": {"batsman": 0, "extras": 1, "total": 1}}}, {"7.5": {"batsman": "RV Uthappa", "bowler": "M Kartik", "non_striker": "DJ Bravo", "runs": {"batsman": 1, "extras": 0, "total": 1}}}, {"7.6": {"batsman": "DJ Bravo", "bowler": "M Kartik", "non_striker": "RV Uthappa", "runs": {"batsman": 1, "extras": 0, "total": 1}}}, {"8.1": {"batsman": "DJ Bravo", "bowler": "Mohammad Hafeez", "non_striker": "RV Uthappa", "runs": {"batsman": 4, "extras": 0, "total": 4}}}, {"8.2": {"batsman": "DJ Bravo", "bowler": "Mohammad Hafeez", "non_striker": "RV Uthappa", "runs": {"batsman": 1, "extras": 0, "total": 1}}}, {"8.3": {"batsman": "RV Uthappa", "bowler": "Mohammad Hafeez", "non_striker": "DJ Bravo", "runs": {"batsman": 1, "extras": 0, "total": 1}}}, {"8.4": {"batsman": "DJ Bravo", "bowler": "Mohammad Hafeez", "non_striker": "RV Uthappa", "runs": {"batsman": 1, "extras": 0, "total": 1}}}, {"8.5": {"batsman": "RV Uthappa", "bowler": "Mohammad Hafeez", "extras": {"wides": 5}, "non_striker": "DJ Bravo", "runs": {"batsman": 0, "extras": 5, "total": 5}}}, {"8.6": {"batsman": "RV Uthappa", "bowler": "Mohammad Hafeez", "non_striker": "DJ Bravo", "runs": {"batsman": 4, "extras": 0, "total": 4}}}, {"8.7": {"batsman": "RV Uthappa", "bowler": "Mohammad Hafeez", "non_striker": "DJ Bravo", "runs": {"batsman": 0, "extras": 0, "total": 0}}}, {"9.1": {"batsman": "DJ Bravo", "bowler": "M Kartik", "non_striker": "RV Uthappa", "runs": {"batsman": 1, "extras": 0, "total": 1}}}, {"9.2": {"batsman": "RV Uthappa", "bowler": "M Kartik", "non_striker": "DJ Bravo", "runs": {"batsman": 0, "extras": 0, "total": 0}}}, {"9.3": {"batsman": "RV Uthappa", "bowler": "M Kartik", "non_striker": "DJ Bravo", "runs": {"batsman": 4, "extras": 0, "total": 4}}}, {"9.4": {"batsman": "RV Uthappa", "bowler": "M Kartik", "non_striker": "DJ Bravo", "runs": {"batsman": 0, "extras": 0, "total": 0}}}, {"9.5": {"batsman": "RV Uthappa", "bowler": "M Kartik", "non_striker": "DJ Bravo", "runs": {"batsman": 0, "extras": 0, "total": 0}}}, {"9.6": {"batsman": "RV Uthappa", "bowler": "M Kartik", "extras": {"wides": 1}, "non_striker": "DJ Bravo", "runs": {"batsman": 0, "extras": 1, "total": 1}}}, {"9.7": {"batsman": "RV Uthappa", "bowler": "M Kartik", "non_striker": "DJ Bravo", "runs": {"batsman": 0, "extras": 0, "total": 0}}}, {"10.1": {"batsman": "DJ Bravo", "bowler": "SC Ganguly", "non_striker": "RV Uthappa", "runs": {"batsman": 1, "extras": 0, "total": 1}}}, {"10.2": {"batsman": "RV Uthappa", "bowler": "SC Ganguly", "non_striker": "DJ Bravo", "runs": {"batsman": 1, "extras": 0, "total": 1}}}, {"10.3": {"batsman": "DJ Bravo", "bowler": "SC Ganguly", "non_striker": "RV Uthappa", "runs": {"batsman": 1, "extras": 0, "total": 1}}}, {"10.4": {"batsman": "RV Uthappa", "bowler": "SC Ganguly", "non_striker": "DJ Bravo", "runs": {"batsman": 1, "extras": 0, "total": 1}}}, {"10.5": {"batsman": "DJ Bravo", "bowler": "SC Ganguly", "non_striker": "RV Uthappa", "runs": {"batsman": 1, "extras": 0, "total": 1}}}, {"10.6": {"batsman": "RV Uthappa", "bowler": "SC Ganguly", "non_striker": "DJ Bravo", "runs": {"batsman": 1, "extras": 0, "total": 1}}}, {"11.1": {"batsman": "RV Uthappa", "bowler": "M Kartik", "non_striker": "DJ Bravo", "runs": {"batsman": 1, "extras": 0, "total": 1}}}, {"11.2": {"batsman": "DJ Bravo", "bowler": "M Kartik", "non_striker": "RV Uthappa", "runs": {"batsman": 4, "extras": 0, "total": 4}}}, {"11.3": {"batsman": "DJ Bravo", "bowler": "M Kartik", "non_striker": "RV Uthappa", "runs": {"batsman": 0, "extras": 0, "total": 0}}}, {"11.4": {"batsman": "DJ Bravo", "bowler": "M Kartik", "non_striker": "RV Uthappa", "runs": {"batsman": 6, "extras": 0, "total": 6}}}, {"11.5": {"batsman": "DJ Bravo", "bowler": "M Kartik", "non_striker": "RV Uthappa", "runs": {"batsman": 0, "extras": 0, "total": 0}}}, {"11.6": {"batsman": "DJ Bravo", "bowler": "M Kartik", "non_striker": "RV Uthappa", "runs": {"batsman": 4, "extras": 0, "total": 4}}}, {"12.1": {"batsman": "RV Uthappa", "bowler": "SC Ganguly", "non_striker": "DJ Bravo", "runs": {"batsman": 1, "extras": 0, "total": 1}}}, {"12.2": {"batsman": "DJ Bravo", "bowler": "SC Ganguly", "non_striker": "RV Uthappa", "runs": {"batsman": 4, "extras": 0, "total": 4}}}, {"12.3": {"batsman": "DJ Bravo", "bowler": "SC Ganguly", "non_striker": "RV Uthappa", "runs": {"batsman": 1, "extras": 0, "total": 1}}}, {"12.4": {"batsman": "RV Uthappa", "bowler": "SC Ganguly", "non_striker": "DJ Bravo", "runs": {"batsman": 0, "extras": 0, "total": 0}}}, {"12.5": {"batsman": "RV Uthappa", "bowler": "SC Ganguly", "non_striker": "DJ Bravo", "runs": {"batsman": 1, "extras": 0, "total": 1}}}, {"12.6": {"batsman": "DJ Bravo", "bowler": "SC Ganguly", "non_striker": "RV Uthappa", "runs": {"batsman": 1, "extras": 0, "total": 1}}}, {"13.1": {"batsman": "DJ Bravo", "bowler": "AB Dinda", "non_striker": "RV Uthappa", "runs": {"batsman": 2, "extras": 0, "total": 2}}}, {"13.2": {"batsman": "DJ Bravo", "bowler": "AB Dinda", "non_striker": "RV Uthappa", "runs": {"batsman": 0, "extras": 0, "total": 0}}}, {"13.3": {"batsman": "DJ Bravo", "bowler": "AB Dinda", "non_striker": "RV Uthappa", "runs": {"batsman": 1, "extras": 0, "total": 1}}}, {"13.4": {"batsman": "RV Uthappa", "bowler": "AB Dinda", "non_striker": "DJ Bravo", "runs": {"batsman": 1, "extras": 0, "total": 1}}}, {"13.5": {"batsman": "DJ Bravo", "bowler": "AB Dinda", "non_striker": "RV Uthappa", "runs": {"batsman": 0, "extras": 0, "total": 0}}}, {"13.6": {"batsman": "DJ Bravo", "bowler": "AB Dinda", "non_striker": "RV Uthappa", "runs": {"batsman": 0, "extras": 0, "total": 0}}}, {"14.1": {"batsman": "RV Uthappa", "bowler": "AB Agarkar", "non_striker": "DJ Bravo", "runs": {"batsman": 1, "extras": 0, "total": 1}}}, {"14.2": {"batsman": "DJ Bravo", "bowler": "AB Agarkar", "non_striker": "RV Uthappa", "runs": {"batsman": 0, "extras": 0, "total": 0}}}, {"14.3": {"batsman": "DJ Bravo", "bowler": "AB Agarkar", "non_striker": "RV Uthappa", "runs": {"batsman": 1, "extras": 0, "total": 1}}}, {"14.4": {"batsman": "RV Uthappa", "bowler": "AB Agarkar", "non_striker": "DJ Bravo", "runs": {"batsman": 4, "extras": 0, "total": 4}}}, {"14.5": {"batsman": "RV Uthappa", "bowler": "AB Agarkar", "non_striker": "DJ Bravo", "runs": {"batsman": 1, "extras": 0, "total": 1}}}, {"14.6": {"batsman": "DJ Bravo", "bowler": "AB Agarkar", "non_striker": "RV Uthappa", "runs": {"batsman": 1, "extras": 0, "total": 1}}}, {"15.1": {"batsman": "DJ Bravo", "bowler": "LR Shukla", "non_striker": "RV Uthappa", "runs": {"batsman": 0, "extras": 0, "total": 0}}}, {"15.2": {"batsman": "DJ Bravo", "bowler": "LR Shukla", "non_striker": "RV Uthappa", "runs": {"batsman": 4, "extras": 0, "total": 4}}}, {"15.3": {"batsman": "DJ Bravo", "bowler": "LR Shukla", "non_striker": "RV Uthappa", "runs": {"batsman": 1, "extras": 0, "total": 1}}}, {"15.4": {"batsman": "RV Uthappa", "bowler": "LR Shukla", "non_striker": "DJ Bravo", "runs": {"batsman": 4, "extras": 0, "total": 4}}}, {"15.5": {"batsman": "RV Uthappa", "bowler": "LR Shukla", "non_striker": "DJ Bravo", "runs": {"batsman": 1, "extras": 0, "total": 1}}}, {"15.6": {"batsman": "DJ Bravo", "bowler": "LR Shukla", "non_striker": "RV Uthappa", "runs": {"batsman": 1, "extras": 0, "total": 1}}}, {"16.1": {"batsman": "DJ Bravo", "bowler": "AB Agarkar", "non_striker": "RV Uthappa", "runs": {"batsman": 2, "extras": 0, "total": 2}}}, {"16.2": {"batsman": "DJ Bravo", "bowler": "AB Agarkar", "extras": {"noballs": 1}, "non_striker": "RV Uthappa", "runs": {"batsman": 0, "extras": 1, "total": 1}}}, {"16.3": {"batsman": "DJ Bravo", "bowler": "AB Agarkar", "non_striker": "RV Uthappa", "runs": {"batsman": 1, "extras": 0, "total": 1}}}, {"16.4": {"batsman": "RV Uthappa", "bowler": "AB Agarkar", "non_striker": "DJ Bravo", "runs": {"batsman": 0, "extras": 0, "total": 0}}}, {"16.5": {"batsman": "RV Uthappa", "bowler": "AB Agarkar", "non_striker": "DJ Bravo", "runs": {"batsman": 1, "extras": 0, "total": 1}}}, {"16.6": {"batsman": "DJ Bravo", "bowler": "AB Agarkar", "non_striker": "RV Uthappa", "runs": {"batsman": 2, "extras": 0, "total": 2}}}, {"16.7": {"batsman": "DJ Bravo", "bowler": "AB Agarkar", "non_striker": "RV Uthappa", "runs": {"batsman": 1, "extras": 0, "total": 1}}}, {"17.1": {"batsman": "DJ Bravo", "bowler": "AB Dinda", "non_striker": "RV Uthappa", "runs": {"batsman": 1, "extras": 0, "total": 1}}}, {"17.2": {"batsman": "RV Uthappa", "bowler": "AB Dinda", "non_striker": "DJ Bravo", "runs": {"batsman": 1, "extras": 0, "total": 1}}}, {"17.3": {"batsman": "DJ Bravo", "bowler": "AB Dinda", "non_striker": "RV Uthappa", "runs": {"batsman": 1, "extras": 0, "total": 1}}}, {"17.4": {"batsman": "RV Uthappa", "bowler": "AB Dinda", "non_striker": "DJ Bravo", "runs": {"batsman": 0, "extras": 0, "total": 0}}}, {"17.5": {"batsman": "RV Uthappa", "bowler": "AB Dinda", "non_striker": "DJ Bravo", "runs": {"batsman": 0, "extras": 0, "total": 0}}}, {"17.6": {"batsman": "RV Uthappa", "bowler": "AB Dinda", "non_striker": "DJ Bravo", "runs": {"batsman": 0, "extras": 0, "total": 0}}}, {"18.1": {"batsman": "DJ Bravo", "bowler": "I Sharma", "non_striker": "RV Uthappa", "runs": {"batsman": 0, "extras": 0, "total": 0}}}, {"18.2": {"batsman": "DJ Bravo", "bowler": "I Sharma", "non_striker": "RV Uthappa", "runs": {"batsman": 0, "extras": 0, "total": 0}}}, {"18.3": {"batsman": "DJ Bravo", "bowler": "I Sharma", "non_striker": "RV Uthappa", "runs": {"batsman": 4, "extras": 0, "total": 4}}}, {"18.4": {"batsman": "DJ Bravo", "bowler": "I Sharma", "non_striker": "RV Uthappa", "runs": {"batsman": 2, "extras": 0, "total": 2}}}]