[{"0.1": {"batsman": "S Chanderpaul", "bowler": "SR Watson", "non_striker": "R Dravid", "runs": {"batsman": 1, "extras": 0, "total": 1}}}, {"0.2": {"batsman": "R Dravid", "bowler": "SR Watson", "non_striker": "S Chanderpaul", "runs": {"batsman": 0, "extras": 0, "total": 0}, "wicket": {"fielders": ["RA Jadeja"], "kind": "caught", "player_out": "R Dravid"}}}, {"0.3": {"batsman": "S Chanderpaul", "bowler": "SR Watson", "non_striker": "LRPL Taylor", "runs": {"batsman": 0, "extras": 0, "total": 0}}}, {"0.4": {"batsman": "S Chanderpaul", "bowler": "SR Watson", "non_striker": "LRPL Taylor", "runs": {"batsman": 0, "extras": 0, "total": 0}}}, {"0.5": {"batsman": "S Chanderpaul", "bowler": "SR Watson", "non_striker": "LRPL Taylor", "runs": {"batsman": 0, "extras": 0, "total": 0}}}, {"0.6": {"batsman": "S Chanderpaul", "bowler": "SR Watson", "non_striker": "LRPL Taylor", "runs": {"batsman": 0, "extras": 0, "total": 0}}}, {"1.1": {"batsman": "LRPL Taylor", "bowler": "Sohail Tanvir", "non_striker": "S Chanderpaul", "runs": {"batsman": 0, "extras": 0, "total": 0}}}, {"1.2": {"batsman": "LRPL Taylor", "bowler": "Sohail Tanvir", "extras": {"legbyes": 1}, "non_striker": "S Chanderpaul", "runs": {"batsman": 0, "extras": 1, "total": 1}}}, {"1.3": {"batsman": "S Chanderpaul", "bowler": "Sohail Tanvir", "non_striker": "LRPL Taylor", "runs": {"batsman": 0, "extras": 0, "total": 0}}}, {"1.4": {"batsman": "S Chanderpaul", "bowler": "Sohail Tanvir", "non_striker": "LRPL Taylor", "runs": {"batsman": 1, "extras": 0, "total": 1}}}, {"1.5": {"batsman": "LRPL Taylor", "bowler": "Sohail Tanvir", "extras": {"wides": 1}, "non_striker": "S Chanderpaul", "runs": {"batsman": 0, "extras": 1, "total": 1}}}, {"1.6": {"batsman": "LRPL Taylor", "bowler": "Sohail Tanvir", "non_striker": "S Chanderpaul", "runs": {"batsman": 6, "extras": 0, "total": 6}}}, {"1.7": {"batsman": "LRPL Taylor", "bowler": "Sohail Tanvir", "non_striker": "S Chanderpaul", "runs": {"batsman": 6, "extras": 0, "total": 6}}}, {"2.1": {"batsman": "S Chanderpaul", "bowler": "SR Watson", "non_striker": "LRPL Taylor", "runs": {"batsman": 0, "extras": 0, "total": 0}}}, {"2.2": {"batsman": "S Chanderpaul", "bowler": "SR Watson", "non_striker": "LRPL Taylor", "runs": {"batsman": 0, "extras": 0, "total": 0}, "wicket": {"fielders": ["RA Jadeja"], "kind": "caught", "player_out": "S Chanderpaul"}}}, {"2.3": {"batsman": "LRPL Taylor", "bowler": "SR Watson", "non_striker": "JH Kallis", "runs": {"batsman": 0, "extras": 0, "total": 0}}}, {"2.4": {"batsman": "LRPL Taylor", "bowler": "SR Watson", "non_striker": "JH Kallis", "runs": {"batsman": 1, "extras": 0, "total": 1}}}, {"2.5": {"batsman": "JH Kallis", "bowler": "SR Watson", "non_striker": "LRPL Taylor", "runs": {"batsman": 0, "extras": 0, "total": 0}}}, {"2.6": {"batsman": "JH Kallis", "bowler": "SR Watson", "non_striker": "LRPL Taylor", "runs": {"batsman": 0, "extras": 0, "total": 0}}}, {"3.1": {"batsman": "LRPL Taylor", "bowler": "Sohail Tanvir", "non_striker": "JH Kallis", "runs": {"batsman": 4, "extras": 0, "total": 4}}}, {"3.2": {"batsman": "LRPL Taylor", "bowler": "Sohail Tanvir", "non_striker": "JH Kallis", "runs": {"batsman": 0, "extras": 0, "total": 0}}}, {"3.3": {"batsman": "LRPL Taylor", "bowler": "Sohail Tanvir", "non_striker": "JH Kallis", "runs": {"batsman": 4, "extras": 0, "total": 4}}}, {"3.4": {"batsman": "LRPL Taylor", "bowler": "Sohail Tanvir", "non_striker": "JH Kallis", "runs": {"batsman": 0, "extras": 0, "total": 0}}}, {"3.5": {"batsman": "LRPL Taylor", "bowler": "Sohail Tanvir", "non_striker": "JH Kallis", "runs": {"batsman": 0, "extras": 0, "total": 0}}}, {"3.6": {"batsman": "LRPL Taylor", "bowler": "Sohail Tanvir", "non_striker": "JH Kallis", "runs": {"batsman": 4, "extras": 0, "total": 4}}}, {"4.1": {"batsman": "JH Kallis", "bowler": "SR Watson", "non_striker": "LRPL Taylor", "runs": {"batsman": 4, "extras": 0, "total": 4}}}, {"4.2": {"batsman": "JH Kallis", "bowler": "SR Watson", "non_striker": "LRPL Taylor", "runs": {"batsman": 4, "extras": 0, "total": 4}}}, {"4.3": {"batsman": "JH Kallis", "bowler": "SR Watson", "non_striker": "LRPL Taylor", "runs": {"batsman": 1, "extras": 0, "total": 1}}}, {"4.4": {"batsman": "LRPL Taylor", "bowler": "SR Watson", "non_striker": "JH Kallis", "runs": {"batsman": 0, "extras": 0, "total": 0}}}, {"4.5": {"batsman": "LRPL Taylor", "bowler": "SR Watson", "non_striker": "JH Kallis", "runs": {"batsman": 4, "extras": 0, "total": 4}}}, {"4.6": {"batsman": "LRPL Taylor", "bowler": "SR Watson", "non_striker": "JH Kallis", "runs": {"batsman": 0, "extras": 0, "total": 0}}}, {"5.1": {"batsman": "JH Kallis", "bowler": "MM Patel", "non_striker": "LRPL Taylor", "runs": {"batsman": 0, "extras": 0, "total": 0}}}, {"5.2": {"batsman": "JH Kallis", "bowler": "MM Patel", "non_striker": "LRPL Taylor", "runs": {"batsman": 0, "extras": 0, "total": 0}}}, {"5.3": {"batsman": "JH Kallis", "bowler": "MM Patel", "non_striker": "LRPL Taylor", "runs": {"batsman": 1, "extras": 0, "total": 1}}}, {"5.4": {"batsman": "LRPL Taylor", "bowler": "MM Patel", "non_striker": "JH Kallis", "runs": {"batsman": 4, "extras": 0, "total": 4}}}, {"5.5": {"batsman": "LRPL Taylor", "bowler": "MM Patel", "non_striker": "JH Kallis", "runs": {"batsman": 6, "extras": 0, "total": 6}}}, {"5.6": {"batsman": "LRPL Taylor", "bowler": "MM Patel", "non_striker": "JH Kallis", "runs": {"batsman": 4, "extras": 0, "total": 4}}}, {"6.1": {"batsman": "JH Kallis", "bowler": "SK Trivedi", "non_striker": "LRPL Taylor", "runs": {"batsman": 1, "extras": 0, "total": 1}}}, {"6.2": {"batsman": "LRPL Taylor", "bowler": "SK Trivedi", "non_striker": "JH Kallis", "runs": {"batsman": 1, "extras": 0, "total": 1}}}, {"6.3": {"batsman": "JH Kallis", "bowler": "SK Trivedi", "non_striker": "LRPL Taylor", "runs": {"batsman": 0, "extras": 0, "total": 0}, "wicket": {"fielders": ["MM Patel"], "kind": "caught", "player_out": "JH Kallis"}}}, {"6.4": {"batsman": "V Kohli", "bowler": "SK Trivedi", "non_striker": "LRPL Taylor", "runs": {"batsman": 2, "extras": 0, "total": 2}}}, {"6.5": {"batsman": "V Kohli", "bowler": "SK Trivedi", "non_striker": "LRPL Taylor", "runs": {"batsman": 0, "extras": 0, "total": 0}}}, {"6.6": {"batsman": "V Kohli", "bowler": "SK Trivedi", "extras": {"wides": 1}, "non_striker": "LRPL Taylor", "runs": {"batsman": 0, "extras": 1, "total": 1}}}, {"6.7": {"batsman": "V Kohli", "bowler": "SK Trivedi", "extras": {"wides": 1}, "non_striker": "LRPL Taylor", "runs": {"batsman": 0, "extras": 1, "total": 1}}}, {"6.8": {"batsman": "V Kohli", "bowler": "SK Trivedi", "non_striker": "LRPL Taylor", "runs": {"batsman": 1, "extras": 0, "total": 1}}}, {"7.1": {"batsman": "V Kohli", "bowler": "MM Patel", "non_striker": "LRPL Taylor", "runs": {"batsman": 1, "extras": 0, "total": 1}}}, {"7.2": {"batsman": "LRPL Taylor", "bowler": "MM Patel", "non_striker": "V Kohli", "runs": {"batsman": 0, "extras": 0, "total": 0}, "wicket": {"fielders": ["GC Smith"], "kind": "caught", "player_out": "LRPL Taylor"}}}, {"7.3": {"batsman": "V Kohli", "bowler": "MM Patel", "non_striker": "MV Boucher", "runs": {"batsman": 1, "extras": 0, "total": 1}}}, {"7.4": {"batsman": "MV Boucher", "bowler": "MM Patel", "non_striker": "V Kohli", "runs": {"batsman": 1, "extras": 0, "total": 1}}}, {"7.5": {"batsman": "V Kohli", "bowler": "MM Patel", "non_striker": "MV Boucher", "runs": {"batsman": 1, "extras": 0, "total": 1}}}, {"7.6": {"batsman": "MV Boucher", "bowler": "MM Patel", "non_striker": "V Kohli", "runs": {"batsman": 0, "extras": 0, "total": 0}}}, {"8.1": {"batsman": "V Kohli", "bowler": "SK Trivedi", "non_striker": "MV Boucher", "runs": {"batsman": 0, "extras": 0, "total": 0}}}, {"8.2": {"batsman": "V Kohli", "bowler": "SK Trivedi", "non_striker": "MV Boucher", "runs": {"batsman": 1, "extras": 0, "total": 1}}}, {"8.3": {"batsman": "MV Boucher", "bowler": "SK Trivedi", "non_striker": "V Kohli", "runs": {"batsman": 1, "extras": 0, "total": 1}}}, {"8.4": {"batsman": "V Kohli", "bowler": "SK Trivedi", "non_striker": "MV Boucher", "runs": {"batsman": 6, "extras": 0, "total": 6}}}, {"8.5": {"batsman": "V Kohli", "bowler": "SK Trivedi", "non_striker": "MV Boucher", "runs": {"batsman": 0, "extras": 0, "total": 0}}}, {"8.6": {"batsman": "V Kohli", "bowler": "SK Trivedi", "non_striker": "MV Boucher", "runs": {"batsman": 0, "extras": 0, "total": 0}}}, {"9.1": {"batsman": "MV Boucher", "bowler": "MM Patel", "non_striker": "V Kohli", "runs": {"batsman": 1, "extras": 0, "total": 1}}}, {"9.2": {"batsman": "V Kohli", "bowler": "MM Patel", "non_striker": "MV Boucher", "runs": {"batsman": 0, "extras": 0, "total": 0}}}, {"9.3": {"batsman": "V Kohli", "bowler": "MM Patel", "non_striker": "MV Boucher", "runs": {"batsman": 0, "extras": 0, "total": 0}}}, {"9.4": {"batsman": "V Kohli", "bowler": "MM Patel", "non_striker": "MV Boucher", "runs": {"batsman": 0, "extras": 0, "total": 0}, "wicket": {"fielders": ["M Rawat"], "kind": "caught", "player_out": "V Kohli"}}}, {"9.5": {"batsman": "P Kumar", "bowler": "MM Patel", "non_striker": "MV Boucher", "runs": {"batsman": 0, "extras": 0, "total": 0}}}, {"9.6": {"batsman": "P Kumar", "bowler": "MM Patel", "non_striker": "MV Boucher", "runs": {"batsman": 0, "extras": 0, "total": 0}}}, {"10.1": {"batsman": "MV Boucher", "bowler": "Sohail Tanvir", "non_striker": "P Kumar", "runs": {"batsman": 0, "extras": 0, "total": 0}}}, {"10.2": {"batsman": "MV Boucher", "bowler": "Sohail Tanvir", "non_striker": "P Kumar", "runs": {"batsman": 1, "extras": 0, "total": 1}}}, {"10.3": {"batsman": "P Kumar", "bowler": "Sohail Tanvir", "non_striker": "MV Boucher", "runs": {"batsman": 0, "extras": 0, "total": 0}}}, {"10.4": {"batsman": "P Kumar", "bowler": "Sohail Tanvir", "non_striker": "MV Boucher", "runs": {"batsman": 0, "extras": 0, "total": 0}}}, {"10.5": {"batsman": "P Kumar", "bowler": "Sohail Tanvir", "non_striker": "MV Boucher", "runs": {"batsman": 0, "extras": 0, "total": 0}}}, {"10.6": {"batsman": "P Kumar", "bowler": "Sohail Tanvir", "non_striker": "MV Boucher", "runs": {"batsman": 0, "extras": 0, "total": 0}}}, {"11.1": {"batsman": "MV Boucher", "bowler": "SK Warne", "non_striker": "P Kumar", "runs": {"batsman": 0, "extras": 0, "total": 0}}}, {"11.2": {"batsman": "MV Boucher", "bowler": "SK Warne", "non_striker": "P Kumar", "runs": {"batsman": 0, "extras": 0, "total": 0}}}, {"11.3": {"batsman": "MV Boucher", "bowler": "SK Warne", "non_striker": "P Kumar", "runs": {"batsman": 0, "extras": 0, "total": 0}}}, {"11.4": {"batsman": "MV Boucher", "bowler": "SK Warne", "non_striker": "P Kumar", "runs": {"batsman": 0, "extras": 0, "total": 0}, "wicket": {"fielders": ["M Rawat"], "kind": "caught", "player_out": "MV Boucher"}}}, {"11.5": {"batsman": "SB Joshi", "bowler": "SK Warne", "non_striker": "P Kumar", "runs": {"batsman": 0, "extras": 0, "total": 0}}}, {"11.6": {"batsman": "SB Joshi", "bowler": "SK Warne", "non_striker": "P Kumar", "runs": {"batsman": 0, "extras": 0, "total": 0}}}, {"12.1": {"batsman": "P Kumar", "bowler": "YK Pathan", "non_striker": "SB Joshi", "runs": {"batsman": 0, "extras": 0, "total": 0}}}, {"12.2": {"batsman": "P Kumar", "bowler": "YK Pathan", "non_striker": "SB Joshi", "runs": {"batsman": 1, "extras": 0, "total": 1}}}, {"12.3": {"batsman": "SB Joshi", "bowler": "YK Pathan", "non_striker": "P Kumar", "runs": {"batsman": 1, "extras": 0, "total": 1}}}, {"12.4": {"batsman": "P Kumar", "bowler": "YK Pathan", "non_striker": "SB Joshi", "runs": {"batsman": 6, "extras": 0, "total": 6}}}, {"12.5": {"batsman": "P Kumar", "bowler": "YK Pathan", "non_striker": "SB Joshi", "runs": {"batsman": 1, "extras": 0, "total": 1}}}, {"12.6": {"batsman": "SB Joshi", "bowler": "YK Pathan", "non_striker": "P Kumar", "runs": {"batsman": 1, "extras": 0, "total": 1}}}, {"13.1": {"batsman": "SB Joshi", "bowler": "SK Warne", "non_striker": "P Kumar", "runs": {"batsman": 1, "extras": 0, "total": 1}}}, {"13.2": {"batsman": "P Kumar", "bowler": "SK Warne", "non_striker": "SB Joshi", "runs": {"batsman": 0, "extras": 0, "total": 0}}}, {"13.3": {"batsman": "P Kumar", "bowler": "SK Warne", "non_striker": "SB Joshi", "runs": {"batsman": 1, "extras": 0, "total": 1}}}, {"13.4": {"batsman": "SB Joshi", "bowler": "SK Warne", "non_striker": "P Kumar", "runs": {"batsman": 0, "extras": 0, "total": 0}}}, {"13.5": {"batsman": "SB Joshi", "bowler": "SK Warne", "non_striker": "P Kumar", "runs": {"batsman": 0, "extras": 0, "total": 0}}}, {"13.6": {"batsman": "SB Joshi", "bowler": "SK Warne", "non_striker": "P Kumar", "runs": {"batsman": 0, "extras": 0, "total": 0}, "wicket": {"fielders": ["Sohail Tanvir", "M Rawat"], "kind": "run out", "player_out": "SB Joshi"}}}, {"14.1": {"batsman": "P Kumar", "bowler": "SK Trivedi", "non_striker": "Z Khan", "runs": {"batsman": 4, "extras": 0, "total": 4}}}, {"14.2": {"batsman": "P Kumar", "bowler": "SK Trivedi", "non_striker": "Z Khan", "runs": {"batsman": 0, "extras": 0, "total": 0}}}, {"14.3": {"batsman": "P Kumar", "bowler": "SK Trivedi", "non_striker": "Z Khan", "runs": {"batsman": 0, "extras": 0, "total": 0}}}, {"14.4": {"batsman": "P Kumar", "bowler": "SK Trivedi", "non_striker": "Z Khan", "runs": {"batsman": 1, "extras": 0, "total": 1}}}, {"14.5": {"batsman": "Z Khan", "bowler": "SK Trivedi", "non_striker": "P Kumar", "runs": {"batsman": 0, "extras": 0, "total": 0}}}, {"14.6": {"batsman": "Z Khan", "bowler": "SK Trivedi", "non_striker": "P Kumar", "runs": {"batsman": 0, "extras": 0, "total": 0}}}, {"15.1": {"batsman": "P Kumar", "bowler": "SK Warne", "non_striker": "Z Khan", "runs": {"batsman": 0, "extras": 0, "total": 0}}}, {"15.2": {"batsman": "P Kumar", "bowler": "SK Warne", "non_striker": "Z Khan", "runs": {"batsman": 6, "extras": 0, "total": 6}}}, {"15.3": {"batsman": "P Kumar", "bowler": "SK Warne", "non_striker": "Z Khan", "runs": {"batsman": 6, "extras": 0, "total": 6}}}, {"15.4": {"batsman": "P Kumar", "bowler": "SK Warne", "non_striker": "Z Khan", "runs": {"batsman": 0, "extras": 0, "total": 0}}}, {"15.5": {"batsman": "P Kumar", "bowler": "SK Warne", "non_striker": "Z Khan", "runs": {"batsman": 1, "extras": 0, "total": 1}}}, {"15.6": {"batsman": "Z Khan", "bowler": "SK Warne", "non_striker": "P Kumar", "runs": {"batsman": 0, "extras": 0, "total": 0}}}, {"16.1": {"batsman": "P Kumar", "bowler": "Sohail Tanvir", "non_striker": "Z Khan", "runs": {"batsman": 1, "extras": 0, "total": 1}}}, {"16.2": {"batsman": "Z Khan", "bowler": "Sohail Tanvir", "non_striker": "P Kumar", "runs": {"batsman": 0, "extras": 0, "total": 0}}}, {"16.3": {"batsman": "Z Khan", "bowler": "Sohail Tanvir", "non_striker": "P Kumar", "runs": {"batsman": 2, "extras": 0, "total": 2}}}, {"16.4": {"batsman": "Z Khan", "bowler": "Sohail Tanvir", "non_striker": "P Kumar", "runs": {"batsman": 0, "extras": 0, "total": 0}}}, {"16.5": {"batsman": "Z Khan", "bowler": "Sohail Tanvir", "non_striker": "P Kumar", "runs": {"batsman": 0, "extras": 0, "total": 0}}}, {"16.6": {"batsman": "Z Khan", "bowler": "Sohail Tanvir", "non_striker": "P Kumar", "runs": {"batsman": 1, "extras": 0, "total": 1}}}, {"17.1": {"batsman": "Z Khan", "bowler": "SK Warne", "non_striker": "P Kumar", "runs": {"batsman": 1, "extras": 0, "total": 1}}}, {"17.2": {"batsman": "P Kumar", "bowler": "SK Warne", "non_striker": "Z Khan", "runs": {"batsman": 0, "extras": 0, "total": 0}}}, {"17.3": {"batsman": "P Kumar", "bowler": "SK Warne", "non_striker": "Z Khan", "runs": {"batsman": 4, "extras": 0, "total": 4}}}, {"17.4": {"batsman": "P Kumar", "bowler": "SK Warne", "non_striker": "Z Khan", "runs": {"batsman": 2, "extras": 0, "total": 2}}}, {"17.5": {"batsman": "P Kumar", "bowler": "SK Warne", "extras": {"legbyes": 1}, "non_striker": "Z Khan", "runs": {"batsman": 0, "extras": 1, "total": 1}}}, {"17.6": {"batsman": "Z Khan", "bowler": "SK Warne", "non_striker": "P Kumar", "runs": {"batsman": 1, "extras": 0, "total": 1}}}, {"18.1": {"batsman": "Z Khan", "bowler": "SK Trivedi", "non_striker": "P Kumar", "runs": {"batsman": 4, "extras": 0, "total": 4}}}, {"18.2": {"batsman": "Z Khan", "bowler": "SK Trivedi", "non_striker": "P Kumar", "runs": {"batsman": 4, "extras": 0, "total": 4}}}, {"18.3": {"batsman": "Z Khan", "bowler": "SK Trivedi", "non_striker": "P Kumar", "runs": {"batsman": 1, "extras": 0, "total": 1}}}, {"18.4": {"batsman": "P Kumar", "bowler": "SK Trivedi", "non_striker": "Z Khan", "runs": {"batsman": 0, "extras": 0, "total": 0}}}, {"18.5": {"batsman": "P Kumar", "bowler": "SK Trivedi", "non_striker": "Z Khan", "runs": {"batsman": 0, "extras": 0, "total": 0}}}, {"18.6": {"batsman": "P Kumar", "bowler": "SK Trivedi", "non_striker": "Z Khan", "runs": {"batsman": 0, "extras": 0, "total": 0}}}, {"19.1": {"batsman": "Z Khan", "bowler": "SR Watson", "non_striker": "P Kumar", "runs": {"batsman": 1, "extras": 0, "total": 1}}}, {"19.2": {"batsman": "P Kumar", "bowler": "SR Watson", "non_striker": "Z Khan", "runs": {"batsman": 0, "extras": 0, "total": 0}, "wicket": {"fielders": ["M Rawat", "SR Watson"], "kind": "run out", "player_out": "P Kumar"}}}, {"19.3": {"batsman": "Z Khan", "bowler": "SR Watson", "extras": {"noballs": 1}, "non_striker": "R Vinay Kumar", "runs": {"batsman": 1, "extras": 1, "total": 2}}}, {"19.4": {"batsman": "R Vinay Kumar", "bowler": "SR Watson", "non_striker": "Z Khan", "runs": {"batsman": 1, "extras": 0, "total": 1}}}, {"19.5": {"batsman": "Z Khan", "bowler": "SR Watson", "non_striker": "R Vinay Kumar", "runs": {"batsman": 0, "extras": 0, "total": 0}}}, {"19.6": {"batsman": "Z Khan", "bowler": "SR Watson", "non_striker": "R Vinay Kumar", "runs": {"batsman": 0, "extras": 0, "total": 0}}}, {"19.7": {"batsman": "Z Khan", "bowler": "SR Watson", "non_striker": "R Vinay Kumar", "runs": {"batsman": 1, "extras": 0, "total": 1}}}]