[{"0.1": {"batsman": "G Gambhir", "bowler": "DW Steyn", "non_striker": "V Sehwag", "runs": {"batsman": 1, "extras": 0, "total": 1}}}, {"0.2": {"batsman": "V Sehwag", "bowler": "DW Steyn", "non_striker": "G Gambhir", "runs": {"batsman": 0, "extras": 0, "total": 0}}}, {"0.3": {"batsman": "V Sehwag", "bowler": "DW Steyn", "non_striker": "G Gambhir", "runs": {"batsman": 1, "extras": 0, "total": 1}}}, {"0.4": {"batsman": "G Gambhir", "bowler": "DW Steyn", "non_striker": "V Sehwag", "runs": {"batsman": 0, "extras": 0, "total": 0}}}, {"0.5": {"batsman": "G Gambhir", "bowler": "DW Steyn", "non_striker": "V Sehwag", "runs": {"batsman": 1, "extras": 0, "total": 1}}}, {"0.6": {"batsman": "V Sehwag", "bowler": "DW Steyn", "non_striker": "G Gambhir", "runs": {"batsman": 0, "extras": 0, "total": 0}}}, {"1.1": {"batsman": "G Gambhir", "bowler": "Z Khan", "non_striker": "V Sehwag", "runs": {"batsman": 1, "extras": 0, "total": 1}}}, {"1.2": {"batsman": "V Sehwag", "bowler": "Z Khan", "non_striker": "G Gambhir", "runs": {"batsman": 1, "extras": 0, "total": 1}}}, {"1.3": {"batsman": "G Gambhir", "bowler": "Z Khan", "non_striker": "V Sehwag", "runs": {"batsman": 0, "extras": 0, "total": 0}}}, {"1.4": {"batsman": "G Gambhir", "bowler": "Z Khan", "non_striker": "V Sehwag", "runs": {"batsman": 4, "extras": 0, "total": 4}}}, {"1.5": {"batsman": "G Gambhir", "bowler": "Z Khan", "non_striker": "V Sehwag", "runs": {"batsman": 4, "extras": 0, "total": 4}}}, {"1.6": {"batsman": "G Gambhir", "bowler": "Z Khan", "non_striker": "V Sehwag", "runs": {"batsman": 4, "extras": 0, "total": 4}}}, {"2.1": {"batsman": "V Sehwag", "bowler": "DW Steyn", "extras": {"wides": 1}, "non_striker": "G Gambhir", "runs": {"batsman": 0, "extras": 1, "total": 1}}}, {"2.2": {"batsman": "V Sehwag", "bowler": "DW Steyn", "non_striker": "G Gambhir", "runs": {"batsman": 1, "extras": 0, "total": 1}}}, {"2.3": {"batsman": "G Gambhir", "bowler": "DW Steyn", "non_striker": "V Sehwag", "runs": {"batsman": 0, "extras": 0, "total": 0}}}, {"2.4": {"batsman": "G Gambhir", "bowler": "DW Steyn", "non_striker": "V Sehwag", "runs": {"batsman": 4, "extras": 0, "total": 4}}}, {"2.5": {"batsman": "G Gambhir", "bowler": "DW Steyn", "non_striker": "V Sehwag", "runs": {"batsman": 0, "extras": 0, "total": 0}}}, {"2.6": {"batsman": "G Gambhir", "bowler": "DW Steyn", "non_striker": "V Sehwag", "runs": {"batsman": 4, "extras": 0, "total": 4}}}, {"2.7": {"batsman": "G Gambhir", "bowler": "DW Steyn", "non_striker": "V Sehwag", "runs": {"batsman": 0, "extras": 0, "total": 0}}}, {"3.1": {"batsman": "V Sehwag", "bowler": "Z Khan", "non_striker": "G Gambhir", "runs": {"batsman": 6, "extras": 0, "total": 6}}}, {"3.2": {"batsman": "V Sehwag", "bowler": "Z Khan", "non_striker": "G Gambhir", "runs": {"batsman": 4, "extras": 0, "total": 4}}}, {"3.3": {"batsman": "V Sehwag", "bowler": "Z Khan", "non_striker": "G Gambhir", "runs": {"batsman": 4, "extras": 0, "total": 4}}}, {"3.4": {"batsman": "V Sehwag", "bowler": "Z Khan", "extras": {"legbyes": 1}, "non_striker": "G Gambhir", "runs": {"batsman": 0, "extras": 1, "total": 1}}}, {"3.5": {"batsman": "G Gambhir", "bowler": "Z Khan", "extras": {"legbyes": 1}, "non_striker": "V Sehwag", "runs": {"batsman": 0, "extras": 1, "total": 1}}}, {"3.6": {"batsman": "V Sehwag", "bowler": "Z Khan", "non_striker": "G Gambhir", "runs": {"batsman": 2, "extras": 0, "total": 2}}}, {"4.1": {"batsman": "G Gambhir", "bowler": "DW Steyn", "non_striker": "V Sehwag", "runs": {"batsman": 2, "extras": 0, "total": 2}}}, {"4.2": {"batsman": "G Gambhir", "bowler": "DW Steyn", "non_striker": "V Sehwag", "runs": {"batsman": 1, "extras": 0, "total": 1}}}, {"4.3": {"batsman": "V Sehwag", "bowler": "DW Steyn", "non_striker": "G Gambhir", "runs": {"batsman": 4, "extras": 0, "total": 4}}}, {"4.4": {"batsman": "V Sehwag", "bowler": "DW Steyn", "non_striker": "G Gambhir", "runs": {"batsman": 1, "extras": 0, "total": 1}}}, {"4.5": {"batsman": "G Gambhir", "bowler": "DW Steyn", "non_striker": "V Sehwag", "runs": {"batsman": 0, "extras": 0, "total": 0}}}, {"4.6": {"batsman": "G Gambhir", "bowler": "DW Steyn", "non_striker": "V Sehwag", "runs": {"batsman": 0, "extras": 0, "total": 0}, "wicket": {"fielders": ["LRPL Taylor"], "kind": "run out", "player_out": "V Sehwag"}}}, {"5.1": {"batsman": "G Gambhir", "bowler": "P Kumar", "non_striker": "S Dhawan", "runs": {"batsman": 1, "extras": 0, "total": 1}}}, {"5.2": {"batsman": "S Dhawan", "bowler": "P Kumar", "non_striker": "G Gambhir", "runs": {"batsman": 0, "extras": 0, "total": 0}}}, {"5.3": {"batsman": "S Dhawan", "bowler": "P Kumar", "non_striker": "G Gambhir", "runs": {"batsman": 0, "extras": 0, "total": 0}}}, {"5.4": {"batsman": "S Dhawan", "bowler": "P Kumar", "non_striker": "G Gambhir", "runs": {"batsman": 0, "extras": 0, "total": 0}}}, {"5.5": {"batsman": "S Dhawan", "bowler": "P Kumar", "non_striker": "G Gambhir", "runs": {"batsman": 0, "extras": 0, "total": 0}}}, {"5.6": {"batsman": "S Dhawan", "bowler": "P Kumar", "non_striker": "G Gambhir", "runs": {"batsman": 4, "extras": 0, "total": 4}}}, {"6.1": {"batsman": "G Gambhir", "bowler": "R Vinay Kumar", "non_striker": "S Dhawan", "runs": {"batsman": 2, "extras": 0, "total": 2}}}, {"6.2": {"batsman": "G Gambhir", "bowler": "R Vinay Kumar", "non_striker": "S Dhawan", "runs": {"batsman": 1, "extras": 0, "total": 1}}}, {"6.3": {"batsman": "S Dhawan", "bowler": "R Vinay Kumar", "non_striker": "G Gambhir", "runs": {"batsman": 4, "extras": 0, "total": 4}}}, {"6.4": {"batsman": "S Dhawan", "bowler": "R Vinay Kumar", "non_striker": "G Gambhir", "runs": {"batsman": 4, "extras": 0, "total": 4}}}, {"6.5": {"batsman": "S Dhawan", "bowler": "R Vinay Kumar", "non_striker": "G Gambhir", "runs": {"batsman": 1, "extras": 0, "total": 1}}}, {"6.6": {"batsman": "G Gambhir", "bowler": "R Vinay Kumar", "non_striker": "S Dhawan", "runs": {"batsman": 1, "extras": 0, "total": 1}}}, {"7.1": {"batsman": "G Gambhir", "bowler": "P Kumar", "non_striker": "S Dhawan", "runs": {"batsman": 1, "extras": 0, "total": 1}}}, {"7.2": {"batsman": "S Dhawan", "bowler": "P Kumar", "non_striker": "G Gambhir", "runs": {"batsman": 1, "extras": 0, "total": 1}}}, {"7.3": {"batsman": "G Gambhir", "bowler": "P Kumar", "non_striker": "S Dhawan", "runs": {"batsman": 0, "extras": 0, "total": 0}}}, {"7.4": {"batsman": "G Gambhir", "bowler": "P Kumar", "non_striker": "S Dhawan", "runs": {"batsman": 1, "extras": 0, "total": 1}}}, {"7.5": {"batsman": "S Dhawan", "bowler": "P Kumar", "non_striker": "G Gambhir", "runs": {"batsman": 0, "extras": 0, "total": 0}}}, {"7.6": {"batsman": "S Dhawan", "bowler": "P Kumar", "non_striker": "G Gambhir", "runs": {"batsman": 1, "extras": 0, "total": 1}}}, {"8.1": {"batsman": "S Dhawan", "bowler": "JH Kallis", "non_striker": "G Gambhir", "runs": {"batsman": 0, "extras": 0, "total": 0}}}, {"8.2": {"batsman": "S Dhawan", "bowler": "JH Kallis", "non_striker": "G Gambhir", "runs": {"batsman": 0, "extras": 0, "total": 0}}}, {"8.3": {"batsman": "S Dhawan", "bowler": "JH Kallis", "non_striker": "G Gambhir", "runs": {"batsman": 2, "extras": 0, "total": 2}}}, {"8.4": {"batsman": "S Dhawan", "bowler": "JH Kallis", "non_striker": "G Gambhir", "runs": {"batsman": 1, "extras": 0, "total": 1}}}, {"8.5": {"batsman": "G Gambhir", "bowler": "JH Kallis", "non_striker": "S Dhawan", "runs": {"batsman": 1, "extras": 0, "total": 1}}}, {"8.6": {"batsman": "S Dhawan", "bowler": "JH Kallis", "non_striker": "G Gambhir", "runs": {"batsman": 0, "extras": 0, "total": 0}}}, {"9.1": {"batsman": "G Gambhir", "bowler": "R Vinay Kumar", "non_striker": "S Dhawan", "runs": {"batsman": 4, "extras": 0, "total": 4}}}, {"9.2": {"batsman": "G Gambhir", "bowler": "R Vinay Kumar", "non_striker": "S Dhawan", "runs": {"batsman": 2, "extras": 0, "total": 2}}}, {"9.3": {"batsman": "G Gambhir", "bowler": "R Vinay Kumar", "non_striker": "S Dhawan", "runs": {"batsman": 4, "extras": 0, "total": 4}}}, {"9.4": {"batsman": "G Gambhir", "bowler": "R Vinay Kumar", "non_striker": "S Dhawan", "runs": {"batsman": 0, "extras": 0, "total": 0}}}, {"9.5": {"batsman": "G Gambhir", "bowler": "R Vinay Kumar", "non_striker": "S Dhawan", "runs": {"batsman": 1, "extras": 0, "total": 1}}}, {"9.6": {"batsman": "S Dhawan", "bowler": "R Vinay Kumar", "non_striker": "G Gambhir", "runs": {"batsman": 1, "extras": 0, "total": 1}}}, {"10.1": {"batsman": "S Dhawan", "bowler": "JH Kallis", "non_striker": "G Gambhir", "runs": {"batsman": 2, "extras": 0, "total": 2}}}, {"10.2": {"batsman": "S Dhawan", "bowler": "JH Kallis", "non_striker": "G Gambhir", "runs": {"batsman": 6, "extras": 0, "total": 6}}}, {"10.3": {"batsman": "S Dhawan", "bowler": "JH Kallis", "non_striker": "G Gambhir", "runs": {"batsman": 1, "extras": 0, "total": 1}}}, {"10.4": {"batsman": "G Gambhir", "bowler": "JH Kallis", "non_striker": "S Dhawan", "runs": {"batsman": 1, "extras": 0, "total": 1}}}, {"10.5": {"batsman": "S Dhawan", "bowler": "JH Kallis", "non_striker": "G Gambhir", "runs": {"batsman": 1, "extras": 0, "total": 1}}}, {"10.6": {"batsman": "G Gambhir", "bowler": "JH Kallis", "non_striker": "S Dhawan", "runs": {"batsman": 0, "extras": 0, "total": 0}}}, {"11.1": {"batsman": "S Dhawan", "bowler": "V Kohli", "non_striker": "G Gambhir", "runs": {"batsman": 1, "extras": 0, "total": 1}}}, {"11.2": {"batsman": "G Gambhir", "bowler": "V Kohli", "non_striker": "S Dhawan", "runs": {"batsman": 1, "extras": 0, "total": 1}}}, {"11.3": {"batsman": "S Dhawan", "bowler": "V Kohli", "non_striker": "G Gambhir", "runs": {"batsman": 4, "extras": 0, "total": 4}}}, {"11.4": {"batsman": "S Dhawan", "bowler": "V Kohli", "non_striker": "G Gambhir", "runs": {"batsman": 1, "extras": 0, "total": 1}}}, {"11.5": {"batsman": "G Gambhir", "bowler": "V Kohli", "non_striker": "S Dhawan", "runs": {"batsman": 2, "extras": 0, "total": 2}}}, {"11.6": {"batsman": "G Gambhir", "bowler": "V Kohli", "non_striker": "S Dhawan", "runs": {"batsman": 2, "extras": 0, "total": 2}}}, {"12.1": {"batsman": "S Dhawan", "bowler": "Z Khan", "non_striker": "G Gambhir", "runs": {"batsman": 1, "extras": 0, "total": 1}}}, {"12.2": {"batsman": "G Gambhir", "bowler": "Z Khan", "non_striker": "S Dhawan", "runs": {"batsman": 4, "extras": 0, "total": 4}}}, {"12.3": {"batsman": "G Gambhir", "bowler": "Z Khan", "non_striker": "S Dhawan", "runs": {"batsman": 1, "extras": 0, "total": 1}}}, {"12.4": {"batsman": "S Dhawan", "bowler": "Z Khan", "non_striker": "G Gambhir", "runs": {"batsman": 0, "extras": 0, "total": 0}}}, {"12.5": {"batsman": "S Dhawan", "bowler": "Z Khan", "non_striker": "G Gambhir", "runs": {"batsman": 0, "extras": 0, "total": 0}}}, {"12.6": {"batsman": "S Dhawan", "bowler": "Z Khan", "non_striker": "G Gambhir", "runs": {"batsman": 0, "extras": 0, "total": 0}}}, {"13.1": {"batsman": "G Gambhir", "bowler": "SB Joshi", "non_striker": "S Dhawan", "runs": {"batsman": 1, "extras": 0, "total": 1}}}, {"13.2": {"batsman": "S Dhawan", "bowler": "SB Joshi", "non_striker": "G Gambhir", "runs": {"batsman": 6, "extras": 0, "total": 6}}}, {"13.3": {"batsman": "S Dhawan", "bowler": "SB Joshi", "non_striker": "G Gambhir", "runs": {"batsman": 1, "extras": 0, "total": 1}}}, {"13.4": {"batsman": "G Gambhir", "bowler": "SB Joshi", "non_striker": "S Dhawan", "runs": {"batsman": 6, "extras": 0, "total": 6}}}, {"13.5": {"batsman": "G Gambhir", "bowler": "SB Joshi", "non_striker": "S Dhawan", "runs": {"batsman": 4, "extras": 0, "total": 4}}}, {"13.6": {"batsman": "G Gambhir", "bowler": "SB Joshi", "non_striker": "S Dhawan", "runs": {"batsman": 1, "extras": 0, "total": 1}}}, {"14.1": {"batsman": "G Gambhir", "bowler": "JH Kallis", "non_striker": "S Dhawan", "runs": {"batsman": 1, "extras": 0, "total": 1}}}, {"14.2": {"batsman": "S Dhawan", "bowler": "JH Kallis", "non_striker": "G Gambhir", "runs": {"batsman": 6, "extras": 0, "total": 6}}}, {"14.3": {"batsman": "S Dhawan", "bowler": "JH Kallis", "non_striker": "G Gambhir", "runs": {"batsman": 1, "extras": 0, "total": 1}}}, {"14.4": {"batsman": "G Gambhir", "bowler": "JH Kallis", "non_striker": "S Dhawan", "runs": {"batsman": 4, "extras": 0, "total": 4}}}, {"14.5": {"batsman": "G Gambhir", "bowler": "JH Kallis", "non_striker": "S Dhawan", "runs": {"batsman": 1, "extras": 0, "total": 1}}}, {"14.6": {"batsman": "S Dhawan", "bowler": "JH Kallis", "non_striker": "G Gambhir", "runs": {"batsman": 0, "extras": 0, "total": 0}, "wicket": {"fielders": ["R Dravid"], "kind": "caught", "player_out": "S Dhawan"}}}, {"15.1": {"batsman": "G Gambhir", "bowler": "P Kumar", "non_striker": "Shoaib Malik", "runs": {"batsman": 1, "extras": 0, "total": 1}}}, {"15.2": {"batsman": "Shoaib Malik", "bowler": "P Kumar", "non_striker": "G Gambhir", "runs": {"batsman": 1, "extras": 0, "total": 1}}}, {"15.3": {"batsman": "G Gambhir", "bowler": "P Kumar", "non_striker": "Shoaib Malik", "runs": {"batsman": 0, "extras": 0, "total": 0}}}, {"15.4": {"batsman": "G Gambhir", "bowler": "P Kumar", "non_striker": "Shoaib Malik", "runs": {"batsman": 1, "extras": 0, "total": 1}}}, {"15.5": {"batsman": "Shoaib Malik", "bowler": "P Kumar", "non_striker": "G Gambhir", "runs": {"batsman": 4, "extras": 0, "total": 4}}}, {"15.6": {"batsman": "Shoaib Malik", "bowler": "P Kumar", "non_striker": "G Gambhir", "runs": {"batsman": 1, "extras": 0, "total": 1}}}, {"16.1": {"batsman": "Shoaib Malik", "bowler": "DW Steyn", "non_striker": "G Gambhir", "runs": {"batsman": 0, "extras": 0, "total": 0}, "wicket": {"kind": "bowled", "player_out": "Shoaib Malik"}}}, {"16.2": {"batsman": "KD Karthik", "bowler": "DW Steyn", "non_striker": "G Gambhir", "runs": {"batsman": 1, "extras": 0, "total": 1}}}, {"16.3": {"batsman": "G Gambhir", "bowler": "DW Steyn", "extras": {"noballs": 1}, "non_striker": "KD Karthik", "runs": {"batsman": 2, "extras": 1, "total": 3}}}, {"16.4": {"batsman": "G Gambhir", "bowler": "DW Steyn", "non_striker": "KD Karthik", "runs": {"batsman": 1, "extras": 0, "total": 1}}}, {"16.5": {"batsman": "KD Karthik", "bowler": "DW Steyn", "non_striker": "G Gambhir", "runs": {"batsman": 0, "extras": 0, "total": 0}}}, {"16.6": {"batsman": "KD Karthik", "bowler": "DW Steyn", "non_striker": "G Gambhir", "runs": {"batsman": 1, "extras": 0, "total": 1}}}, {"16.7": {"batsman": "G Gambhir", "bowler": "DW Steyn", "non_striker": "KD Karthik", "runs": {"batsman": 2, "extras": 0, "total": 2}}}, {"17.1": {"batsman": "KD Karthik", "bowler": "JH Kallis", "non_striker": "G Gambhir", "runs": {"batsman": 0, "extras": 0, "total": 0}, "wicket": {"kind": "bowled", "player_out": "KD Karthik"}}}, {"17.2": {"batsman": "MK Tiwary", "bowler": "JH Kallis", "non_striker": "G Gambhir", "runs": {"batsman": 4, "extras": 0, "total": 4}}}, {"17.3": {"batsman": "MK Tiwary", "bowler": "JH Kallis", "non_striker": "G Gambhir", "runs": {"batsman": 1, "extras": 0, "total": 1}}}, {"17.4": {"batsman": "G Gambhir", "bowler": "JH Kallis", "non_striker": "MK Tiwary", "runs": {"batsman": 4, "extras": 0, "total": 4}}}, {"17.5": {"batsman": "G Gambhir", "bowler": "JH Kallis", "non_striker": "MK Tiwary", "runs": {"batsman": 1, "extras": 0, "total": 1}}}, {"17.6": {"batsman": "MK Tiwary", "bowler": "JH Kallis", "non_striker": "G Gambhir", "runs": {"batsman": 1, "extras": 0, "total": 1}}}, {"18.1": {"batsman": "MK Tiwary", "bowler": "Z Khan", "non_striker": "G Gambhir", "runs": {"batsman": 1, "extras": 0, "total": 1}}}, {"18.2": {"batsman": "G Gambhir", "bowler": "Z Khan", "non_striker": "MK Tiwary", "runs": {"batsman": 0, "extras": 0, "total": 0}, "wicket": {"fielders": ["P Kumar"], "kind": "caught", "player_out": "G Gambhir"}}}, {"18.3": {"batsman": "MK Tiwary", "bowler": "Z Khan", "non_striker": "R Bhatia", "runs": {"batsman": 0, "extras": 0, "total": 0}}}, {"18.4": {"batsman": "MK Tiwary", "bowler": "Z Khan", "non_striker": "R Bhatia", "runs": {"batsman": 1, "extras": 0, "total": 1}}}, {"18.5": {"batsman": "R Bhatia", "bowler": "Z Khan", "non_striker": "MK Tiwary", "runs": {"batsman": 4, "extras": 0, "total": 4}}}, {"18.6": {"batsman": "R Bhatia", "bowler": "Z Khan", "non_striker": "MK Tiwary", "runs": {"batsman": 0, "extras": 0, "total": 0}}}, {"19.1": {"batsman": "MK Tiwary", "bowler": "P Kumar", "non_striker": "R Bhatia", "runs": {"batsman": 1, "extras": 0, "total": 1}}}, {"19.2": {"batsman": "R Bhatia", "bowler": "P Kumar", "non_striker": "MK Tiwary", "runs": {"batsman": 2, "extras": 0, "total": 2}}}, {"19.3": {"batsman": "R Bhatia", "bowler": "P Kumar", "non_striker": "MK Tiwary", "runs": {"batsman": 1, "extras": 0, "total": 1}}}, {"19.4": {"batsman": "MK Tiwary", "bowler": "P Kumar", "non_striker": "R Bhatia", "runs": {"batsman": 1, "extras": 0, "total": 1}}}, {"19.5": {"batsman": "R Bhatia", "bowler": "P Kumar", "non_striker": "MK Tiwary", "runs": {"batsman": 1, "extras": 0, "total": 1}}}, {"19.6": {"batsman": "MK Tiwary", "bowler": "P Kumar", "non_striker": "R Bhatia", "runs": {"batsman": 1, "extras": 0, "total": 1}}}]