[{"0.1": {"batsman": "K Goel", "bowler": "SM Pollock", "non_striker": "IK Pathan", "runs": {"batsman": 0, "extras": 0, "total": 0}}}, {"0.2": {"batsman": "K Goel", "bowler": "SM Pollock", "non_striker": "IK Pathan", "runs": {"batsman": 0, "extras": 0, "total": 0}}}, {"0.3": {"batsman": "K Goel", "bowler": "SM Pollock", "non_striker": "IK Pathan", "runs": {"batsman": 1, "extras": 0, "total": 1}}}, {"0.4": {"batsman": "IK Pathan", "bowler": "SM Pollock", "non_striker": "K Goel", "runs": {"batsman": 1, "extras": 0, "total": 1}}}, {"0.5": {"batsman": "K Goel", "bowler": "SM Pollock", "non_striker": "IK Pathan", "runs": {"batsman": 0, "extras": 0, "total": 0}}}, {"0.6": {"batsman": "K Goel", "bowler": "SM Pollock", "non_striker": "IK Pathan", "runs": {"batsman": 0, "extras": 0, "total": 0}}}, {"1.1": {"batsman": "IK Pathan", "bowler": "A Nehra", "non_striker": "K Goel", "runs": {"batsman": 5, "extras": 0, "total": 5}}}, {"1.2": {"batsman": "K Goel", "bowler": "A Nehra", "non_striker": "IK Pathan", "runs": {"batsman": 0, "extras": 0, "total": 0}}}, {"1.3": {"batsman": "K Goel", "bowler": "A Nehra", "non_striker": "IK Pathan", "runs": {"batsman": 1, "extras": 0, "total": 1}}}, {"1.4": {"batsman": "IK Pathan", "bowler": "A Nehra", "non_striker": "K Goel", "runs": {"batsman": 0, "extras": 0, "total": 0}, "wicket": {"fielders": ["DS Kulkarni"], "kind": "caught", "player_out": "IK Pathan"}}}, {"1.5": {"batsman": "KC Sangakkara", "bowler": "A Nehra", "non_striker": "K Goel", "runs": {"batsman": 0, "extras": 0, "total": 0}}}, {"1.6": {"batsman": "KC Sangakkara", "bowler": "A Nehra", "non_striker": "K Goel", "runs": {"batsman": 0, "extras": 0, "total": 0}}}, {"2.1": {"batsman": "K Goel", "bowler": "SM Pollock", "non_striker": "KC Sangakkara", "runs": {"batsman": 1, "extras": 0, "total": 1}}}, {"2.2": {"batsman": "KC Sangakkara", "bowler": "SM Pollock", "non_striker": "K Goel", "runs": {"batsman": 0, "extras": 0, "total": 0}}}, {"2.3": {"batsman": "KC Sangakkara", "bowler": "SM Pollock", "non_striker": "K Goel", "runs": {"batsman": 4, "extras": 0, "total": 4}}}, {"2.4": {"batsman": "KC Sangakkara", "bowler": "SM Pollock", "non_striker": "K Goel", "runs": {"batsman": 1, "extras": 0, "total": 1}}}, {"2.5": {"batsman": "K Goel", "bowler": "SM Pollock", "non_striker": "KC Sangakkara", "runs": {"batsman": 0, "extras": 0, "total": 0}}}, {"2.6": {"batsman": "K Goel", "bowler": "SM Pollock", "non_striker": "KC Sangakkara", "runs": {"batsman": 1, "extras": 0, "total": 1}}}, {"3.1": {"batsman": "K Goel", "bowler": "A Nehra", "non_striker": "KC Sangakkara", "runs": {"batsman": 0, "extras": 0, "total": 0}}}, {"3.2": {"batsman": "K Goel", "bowler": "A Nehra", "non_striker": "KC Sangakkara", "runs": {"batsman": 0, "extras": 0, "total": 0}}}, {"3.3": {"batsman": "K Goel", "bowler": "A Nehra", "non_striker": "KC Sangakkara", "runs": {"batsman": 1, "extras": 0, "total": 1}}}, {"3.4": {"batsman": "KC Sangakkara", "bowler": "A Nehra", "non_striker": "K Goel", "runs": {"batsman": 4, "extras": 0, "total": 4}}}, {"3.5": {"batsman": "KC Sangakkara", "bowler": "A Nehra", "non_striker": "K Goel", "runs": {"batsman": 1, "extras": 0, "total": 1}}}, {"3.6": {"batsman": "K Goel", "bowler": "A Nehra", "non_striker": "KC Sangakkara", "runs": {"batsman": 4, "extras": 0, "total": 4}}}, {"4.1": {"batsman": "KC Sangakkara", "bowler": "SM Pollock", "non_striker": "K Goel", "runs": {"batsman": 4, "extras": 0, "total": 4}}}, {"4.2": {"batsman": "KC Sangakkara", "bowler": "SM Pollock", "extras": {"wides": 1}, "non_striker": "K Goel", "runs": {"batsman": 0, "extras": 1, "total": 1}}}, {"4.3": {"batsman": "KC Sangakkara", "bowler": "SM Pollock", "non_striker": "K Goel", "runs": {"batsman": 0, "extras": 0, "total": 0}}}, {"4.4": {"batsman": "KC Sangakkara", "bowler": "SM Pollock", "non_striker": "K Goel", "runs": {"batsman": 4, "extras": 0, "total": 4}}}, {"4.5": {"batsman": "KC Sangakkara", "bowler": "SM Pollock", "non_striker": "K Goel", "runs": {"batsman": 4, "extras": 0, "total": 4}}}, {"4.6": {"batsman": "KC Sangakkara", "bowler": "SM Pollock", "non_striker": "K Goel", "runs": {"batsman": 2, "extras": 0, "total": 2}}}, {"4.7": {"batsman": "KC Sangakkara", "bowler": "SM Pollock", "non_striker": "K Goel", "runs": {"batsman": 3, "extras": 0, "total": 3}}}, {"5.1": {"batsman": "KC Sangakkara", "bowler": "DS Kulkarni", "non_striker": "K Goel", "runs": {"batsman": 0, "extras": 0, "total": 0}}}, {"5.2": {"batsman": "KC Sangakkara", "bowler": "DS Kulkarni", "non_striker": "K Goel", "runs": {"batsman": 2, "extras": 0, "total": 2}}}, {"5.3": {"batsman": "KC Sangakkara", "bowler": "DS Kulkarni", "non_striker": "K Goel", "runs": {"batsman": 6, "extras": 0, "total": 6}}}, {"5.4": {"batsman": "KC Sangakkara", "bowler": "DS Kulkarni", "non_striker": "K Goel", "runs": {"batsman": 0, "extras": 0, "total": 0}}}, {"5.5": {"batsman": "KC Sangakkara", "bowler": "DS Kulkarni", "non_striker": "K Goel", "runs": {"batsman": 4, "extras": 0, "total": 4}}}, {"5.6": {"batsman": "KC Sangakkara", "bowler": "DS Kulkarni", "extras": {"wides": 1}, "non_striker": "K Goel", "runs": {"batsman": 0, "extras": 1, "total": 1}}}, {"5.7": {"batsman": "KC Sangakkara", "bowler": "DS Kulkarni", "non_striker": "K Goel", "runs": {"batsman": 4, "extras": 0, "total": 4}}}, {"6.1": {"batsman": "K Goel", "bowler": "Harbhajan Singh", "extras": {"legbyes": 1}, "non_striker": "KC Sangakkara", "runs": {"batsman": 0, "extras": 1, "total": 1}}}, {"6.2": {"batsman": "KC Sangakkara", "bowler": "Harbhajan Singh", "non_striker": "K Goel", "runs": {"batsman": 4, "extras": 0, "total": 4}}}, {"6.3": {"batsman": "KC Sangakkara", "bowler": "Harbhajan Singh", "non_striker": "K Goel", "runs": {"batsman": 1, "extras": 0, "total": 1}}}, {"6.4": {"batsman": "K Goel", "bowler": "Harbhajan Singh", "non_striker": "KC Sangakkara", "runs": {"batsman": 2, "extras": 0, "total": 2}}}, {"6.5": {"batsman": "K Goel", "bowler": "Harbhajan Singh", "non_striker": "KC Sangakkara", "runs": {"batsman": 1, "extras": 0, "total": 1}}}, {"6.6": {"batsman": "KC Sangakkara", "bowler": "Harbhajan Singh", "non_striker": "K Goel", "runs": {"batsman": 1, "extras": 0, "total": 1}}}, {"7.1": {"batsman": "KC Sangakkara", "bowler": "DJ Bravo", "non_striker": "K Goel", "runs": {"batsman": 4, "extras": 0, "total": 4}}}, {"7.2": {"batsman": "KC Sangakkara", "bowler": "DJ Bravo", "non_striker": "K Goel", "runs": {"batsman": 1, "extras": 0, "total": 1}}}, {"7.3": {"batsman": "K Goel", "bowler": "DJ Bravo", "non_striker": "KC Sangakkara", "runs": {"batsman": 0, "extras": 0, "total": 0}}}, {"7.4": {"batsman": "K Goel", "bowler": "DJ Bravo", "non_striker": "KC Sangakkara", "runs": {"batsman": 0, "extras": 0, "total": 0}}}, {"7.5": {"batsman": "K Goel", "bowler": "DJ Bravo", "non_striker": "KC Sangakkara", "runs": {"batsman": 6, "extras": 0, "total": 6}}}, {"7.6": {"batsman": "K Goel", "bowler": "DJ Bravo", "non_striker": "KC Sangakkara", "runs": {"batsman": 0, "extras": 0, "total": 0}}}, {"8.1": {"batsman": "KC Sangakkara", "bowler": "Harbhajan Singh", "non_striker": "K Goel", "runs": {"batsman": 0, "extras": 0, "total": 0}, "wicket": {"fielders": ["DJ Bravo", "L Ronchi"], "kind": "run out", "player_out": "K Goel"}}}, {"8.2": {"batsman": "Yuvraj Singh", "bowler": "Harbhajan Singh", "non_striker": "KC Sangakkara", "runs": {"batsman": 2, "extras": 0, "total": 2}}}, {"8.3": {"batsman": "Yuvraj Singh", "bowler": "Harbhajan Singh", "non_striker": "KC Sangakkara", "runs": {"batsman": 1, "extras": 0, "total": 1}}}, {"8.4": {"batsman": "KC Sangakkara", "bowler": "Harbhajan Singh", "non_striker": "Yuvraj Singh", "runs": {"batsman": 1, "extras": 0, "total": 1}}}, {"8.5": {"batsman": "Yuvraj Singh", "bowler": "Harbhajan Singh", "non_striker": "KC Sangakkara", "runs": {"batsman": 1, "extras": 0, "total": 1}}}, {"8.6": {"batsman": "KC Sangakkara", "bowler": "Harbhajan Singh", "non_striker": "Yuvraj Singh", "runs": {"batsman": 0, "extras": 0, "total": 0}}}, {"9.1": {"batsman": "Yuvraj Singh", "bowler": "DJ Bravo", "non_striker": "KC Sangakkara", "runs": {"batsman": 1, "extras": 0, "total": 1}}}, {"9.2": {"batsman": "KC Sangakkara", "bowler": "DJ Bravo", "non_striker": "Yuvraj Singh", "runs": {"batsman": 2, "extras": 0, "total": 2}}}, {"9.3": {"batsman": "KC Sangakkara", "bowler": "DJ Bravo", "non_striker": "Yuvraj Singh", "runs": {"batsman": 2, "extras": 0, "total": 2}}}, {"9.4": {"batsman": "KC Sangakkara", "bowler": "DJ Bravo", "non_striker": "Yuvraj Singh", "runs": {"batsman": 0, "extras": 0, "total": 0}}}, {"9.5": {"batsman": "KC Sangakkara", "bowler": "DJ Bravo", "non_striker": "Yuvraj Singh", "runs": {"batsman": 1, "extras": 0, "total": 1}}}, {"9.6": {"batsman": "Yuvraj Singh", "bowler": "DJ Bravo", "non_striker": "KC Sangakkara", "runs": {"batsman": 2, "extras": 0, "total": 2}}}, {"10.1": {"batsman": "KC Sangakkara", "bowler": "SM Pollock", "non_striker": "Yuvraj Singh", "runs": {"batsman": 1, "extras": 0, "total": 1}}}, {"10.2": {"batsman": "Yuvraj Singh", "bowler": "SM Pollock", "non_striker": "KC Sangakkara", "runs": {"batsman": 6, "extras": 0, "total": 6}}}, {"10.3": {"batsman": "Yuvraj Singh", "bowler": "SM Pollock", "non_striker": "KC Sangakkara", "runs": {"batsman": 4, "extras": 0, "total": 4}}}, {"10.4": {"batsman": "Yuvraj Singh", "bowler": "SM Pollock", "non_striker": "KC Sangakkara", "runs": {"batsman": 1, "extras": 0, "total": 1}}}, {"10.5": {"batsman": "KC Sangakkara", "bowler": "SM Pollock", "non_striker": "Yuvraj Singh", "runs": {"batsman": 1, "extras": 0, "total": 1}}}, {"10.6": {"batsman": "Yuvraj Singh", "bowler": "SM Pollock", "non_striker": "KC Sangakkara", "runs": {"batsman": 0, "extras": 0, "total": 0}, "wicket": {"fielders": ["DJ Bravo"], "kind": "caught", "player_out": "Yuvraj Singh"}}}, {"11.1": {"batsman": "RR Sarwan", "bowler": "DS Kulkarni", "non_striker": "KC Sangakkara", "runs": {"batsman": 0, "extras": 0, "total": 0}}}, {"11.2": {"batsman": "RR Sarwan", "bowler": "DS Kulkarni", "non_striker": "KC Sangakkara", "runs": {"batsman": 1, "extras": 0, "total": 1}}}, {"11.3": {"batsman": "KC Sangakkara", "bowler": "DS Kulkarni", "non_striker": "RR Sarwan", "runs": {"batsman": 0, "extras": 0, "total": 0}}}, {"11.4": {"batsman": "KC Sangakkara", "bowler": "DS Kulkarni", "non_striker": "RR Sarwan", "runs": {"batsman": 1, "extras": 0, "total": 1}}}, {"11.5": {"batsman": "RR Sarwan", "bowler": "DS Kulkarni", "non_striker": "KC Sangakkara", "runs": {"batsman": 0, "extras": 0, "total": 0}}}, {"11.6": {"batsman": "RR Sarwan", "bowler": "DS Kulkarni", "non_striker": "KC Sangakkara", "runs": {"batsman": 1, "extras": 0, "total": 1}}}, {"12.1": {"batsman": "RR Sarwan", "bowler": "MA Khote", "non_striker": "KC Sangakkara", "runs": {"batsman": 1, "extras": 0, "total": 1}}}, {"12.2": {"batsman": "KC Sangakkara", "bowler": "MA Khote", "non_striker": "RR Sarwan", "runs": {"batsman": 2, "extras": 0, "total": 2}}}, {"12.3": {"batsman": "KC Sangakkara", "bowler": "MA Khote", "non_striker": "RR Sarwan", "runs": {"batsman": 0, "extras": 0, "total": 0}}}, {"12.4": {"batsman": "KC Sangakkara", "bowler": "MA Khote", "non_striker": "RR Sarwan", "runs": {"batsman": 1, "extras": 0, "total": 1}}}, {"12.5": {"batsman": "RR Sarwan", "bowler": "MA Khote", "non_striker": "KC Sangakkara", "runs": {"batsman": 1, "extras": 0, "total": 1}}}, {"12.6": {"batsman": "KC Sangakkara", "bowler": "MA Khote", "non_striker": "RR Sarwan", "runs": {"batsman": 1, "extras": 0, "total": 1}}}, {"13.1": {"batsman": "KC Sangakkara", "bowler": "A Nehra", "non_striker": "RR Sarwan", "runs": {"batsman": 1, "extras": 0, "total": 1}}}, {"13.2": {"batsman": "RR Sarwan", "bowler": "A Nehra", "non_striker": "KC Sangakkara", "runs": {"batsman": 1, "extras": 0, "total": 1}}}, {"13.3": {"batsman": "KC Sangakkara", "bowler": "A Nehra", "non_striker": "RR Sarwan", "runs": {"batsman": 1, "extras": 0, "total": 1}}}, {"13.4": {"batsman": "RR Sarwan", "bowler": "A Nehra", "non_striker": "KC Sangakkara", "runs": {"batsman": 2, "extras": 0, "total": 2}}}, {"13.5": {"batsman": "RR Sarwan", "bowler": "A Nehra", "non_striker": "KC Sangakkara", "runs": {"batsman": 0, "extras": 0, "total": 0}, "wicket": {"fielders": ["Harbhajan Singh"], "kind": "caught", "player_out": "RR Sarwan"}}}, {"13.6": {"batsman": "DPMD Jayawardene", "bowler": "A Nehra", "non_striker": "KC Sangakkara", "runs": {"batsman": 1, "extras": 0, "total": 1}}}, {"14.1": {"batsman": "DPMD Jayawardene", "bowler": "MA Khote", "non_striker": "KC Sangakkara", "runs": {"batsman": 1, "extras": 0, "total": 1}}}, {"14.2": {"batsman": "KC Sangakkara", "bowler": "MA Khote", "non_striker": "DPMD Jayawardene", "runs": {"batsman": 4, "extras": 0, "total": 4}}}, {"14.3": {"batsman": "KC Sangakkara", "bowler": "MA Khote", "non_striker": "DPMD Jayawardene", "runs": {"batsman": 0, "extras": 0, "total": 0}}}, {"14.4": {"batsman": "KC Sangakkara", "bowler": "MA Khote", "non_striker": "DPMD Jayawardene", "runs": {"batsman": 4, "extras": 0, "total": 4}}}, {"14.5": {"batsman": "KC Sangakkara", "bowler": "MA Khote", "non_striker": "DPMD Jayawardene", "runs": {"batsman": 1, "extras": 0, "total": 1}}}, {"14.6": {"batsman": "DPMD Jayawardene", "bowler": "MA Khote", "non_striker": "KC Sangakkara", "runs": {"batsman": 6, "extras": 0, "total": 6}}}, {"15.1": {"batsman": "KC Sangakkara", "bowler": "DJ Bravo", "non_striker": "DPMD Jayawardene", "runs": {"batsman": 4, "extras": 0, "total": 4}}}, {"15.2": {"batsman": "KC Sangakkara", "bowler": "DJ Bravo", "non_striker": "DPMD Jayawardene", "runs": {"batsman": 0, "extras": 0, "total": 0}}}, {"15.3": {"batsman": "KC Sangakkara", "bowler": "DJ Bravo", "non_striker": "DPMD Jayawardene", "runs": {"batsman": 0, "extras": 0, "total": 0}}}, {"15.4": {"batsman": "KC Sangakkara", "bowler": "DJ Bravo", "non_striker": "DPMD Jayawardene", "runs": {"batsman": 1, "extras": 0, "total": 1}}}, {"15.5": {"batsman": "DPMD Jayawardene", "bowler": "DJ Bravo", "non_striker": "KC Sangakkara", "runs": {"batsman": 2, "extras": 0, "total": 2}}}, {"15.6": {"batsman": "DPMD Jayawardene", "bowler": "DJ Bravo", "non_striker": "KC Sangakkara", "runs": {"batsman": 1, "extras": 0, "total": 1}}}, {"16.1": {"batsman": "DPMD Jayawardene", "bowler": "Harbhajan Singh", "non_striker": "KC Sangakkara", "runs": {"batsman": 1, "extras": 0, "total": 1}}}, {"16.2": {"batsman": "KC Sangakkara", "bowler": "Harbhajan Singh", "non_striker": "DPMD Jayawardene", "runs": {"batsman": 4, "extras": 0, "total": 4}}}, {"16.3": {"batsman": "KC Sangakkara", "bowler": "Harbhajan Singh", "non_striker": "DPMD Jayawardene", "runs": {"batsman": 1, "extras": 0, "total": 1}}}, {"16.4": {"batsman": "DPMD Jayawardene", "bowler": "Harbhajan Singh", "non_striker": "KC Sangakkara", "runs": {"batsman": 0, "extras": 0, "total": 0}, "wicket": {"fielders": ["AM Rahane (sub)"], "kind": "caught", "player_out": "DPMD Jayawardene"}}}, {"16.5": {"batsman": "S Sohal", "bowler": "Harbhajan Singh", "non_striker": "KC Sangakkara", "runs": {"batsman": 0, "extras": 0, "total": 0}}}, {"16.6": {"batsman": "S Sohal", "bowler": "Harbhajan Singh", "non_striker": "KC Sangakkara", "runs": {"batsman": 0, "extras": 0, "total": 0}}}, {"17.1": {"batsman": "KC Sangakkara", "bowler": "DS Kulkarni", "non_striker": "S Sohal", "runs": {"batsman": 2, "extras": 0, "total": 2}}}, {"17.2": {"batsman": "KC Sangakkara", "bowler": "DS Kulkarni", "non_striker": "S Sohal", "runs": {"batsman": 1, "extras": 0, "total": 1}}}, {"17.3": {"batsman": "S Sohal", "bowler": "DS Kulkarni", "non_striker": "KC Sangakkara", "runs": {"batsman": 0, "extras": 0, "total": 0}}}, {"17.4": {"batsman": "S Sohal", "bowler": "DS Kulkarni", "non_striker": "KC Sangakkara", "runs": {"batsman": 0, "extras": 0, "total": 0}, "wicket": {"fielders": ["A Nehra"], "kind": "caught", "player_out": "S Sohal"}}}, {"17.5": {"batsman": "KC Sangakkara", "bowler": "DS Kulkarni", "non_striker": "B Lee", "runs": {"batsman": 1, "extras": 0, "total": 1}}}, {"17.6": {"batsman": "B Lee", "bowler": "DS Kulkarni", "extras": {"noballs": 1}, "non_striker": "KC Sangakkara", "runs": {"batsman": 0, "extras": 1, "total": 1}}}, {"17.7": {"batsman": "B Lee", "bowler": "DS Kulkarni", "non_striker": "KC Sangakkara", "runs": {"batsman": 0, "extras": 0, "total": 0}}}, {"18.1": {"batsman": "KC Sangakkara", "bowler": "Harbhajan Singh", "non_striker": "B Lee", "runs": {"batsman": 2, "extras": 0, "total": 2}}}, {"18.2": {"batsman": "KC Sangakkara", "bowler": "Harbhajan Singh", "non_striker": "B Lee", "runs": {"batsman": 0, "extras": 0, "total": 0}, "wicket": {"fielders": ["DS Kulkarni"], "kind": "caught", "player_out": "KC Sangakkara"}}}, {"18.3": {"batsman": "B Lee", "bowler": "Harbhajan Singh", "non_striker": "PP Chawla", "runs": {"batsman": 4, "extras": 0, "total": 4}}}, {"18.4": {"batsman": "B Lee", "bowler": "Harbhajan Singh", "non_striker": "PP Chawla", "runs": {"batsman": 0, "extras": 0, "total": 0}}}, {"18.5": {"batsman": "B Lee", "bowler": "Harbhajan Singh", "non_striker": "PP Chawla", "runs": {"batsman": 4, "extras": 0, "total": 4}}}, {"18.6": {"batsman": "B Lee", "bowler": "Harbhajan Singh", "extras": {"wides": 2}, "non_striker": "PP Chawla", "runs": {"batsman": 0, "extras": 2, "total": 2}}}, {"18.7": {"batsman": "PP Chawla", "bowler": "Harbhajan Singh", "non_striker": "B Lee", "runs": {"batsman": 0, "extras": 0, "total": 0}, "wicket": {"kind": "lbw", "player_out": "PP Chawla"}}}, {"19.1": {"batsman": "B Lee", "bowler": "DS Kulkarni", "non_striker": "S Sreesanth", "runs": {"batsman": 1, "extras": 0, "total": 1}}}, {"19.2": {"batsman": "S Sreesanth", "bowler": "DS Kulkarni", "non_striker": "B Lee", "runs": {"batsman": 0, "extras": 0, "total": 0}, "wicket": {"fielders": ["L Ronchi"], "kind": "caught", "player_out": "S Sreesanth"}}}, {"19.3": {"batsman": "VRV Singh", "bowler": "DS Kulkarni", "non_striker": "B Lee", "runs": {"batsman": 4, "extras": 0, "total": 4}}}, {"19.4": {"batsman": "VRV Singh", "bowler": "DS Kulkarni", "extras": {"byes": 1}, "non_striker": "B Lee", "runs": {"batsman": 0, "extras": 1, "total": 1}}}, {"19.5": {"batsman": "B Lee", "bowler": "DS Kulkarni", "non_striker": "VRV Singh", "runs": {"batsman": 6, "extras": 0, "total": 6}}}, {"19.6": {"batsman": "B Lee", "bowler": "DS Kulkarni", "non_striker": "VRV Singh", "runs": {"batsman": 1, "extras": 0, "total": 1}, "wicket": {"fielders": ["Harbhajan Singh", "L Ronchi"], "kind": "run out", "player_out": "VRV Singh"}}}]