[{"0.1": {"batsman": "PA Patel", "bowler": "SM Pollock", "extras": {"wides": 1}, "non_striker": "ML Hayden", "runs": {"batsman": 0, "extras": 1, "total": 1}}}, {"0.2": {"batsman": "PA Patel", "bowler": "SM Pollock", "non_striker": "ML Hayden", "runs": {"batsman": 0, "extras": 0, "total": 0}}}, {"0.3": {"batsman": "PA Patel", "bowler": "SM Pollock", "non_striker": "ML Hayden", "runs": {"batsman": 0, "extras": 0, "total": 0}}}, {"0.4": {"batsman": "PA Patel", "bowler": "SM Pollock", "non_striker": "ML Hayden", "runs": {"batsman": 0, "extras": 0, "total": 0}}}, {"0.5": {"batsman": "PA Patel", "bowler": "SM Pollock", "non_striker": "ML Hayden", "runs": {"batsman": 4, "extras": 0, "total": 4}}}, {"0.6": {"batsman": "PA Patel", "bowler": "SM Pollock", "non_striker": "ML Hayden", "runs": {"batsman": 0, "extras": 0, "total": 0}}}, {"0.7": {"batsman": "PA Patel", "bowler": "SM Pollock", "non_striker": "ML Hayden", "runs": {"batsman": 2, "extras": 0, "total": 2}}}, {"1.1": {"batsman": "ML Hayden", "bowler": "A Nehra", "non_striker": "PA Patel", "runs": {"batsman": 0, "extras": 0, "total": 0}}}, {"1.2": {"batsman": "ML Hayden", "bowler": "A Nehra", "non_striker": "PA Patel", "runs": {"batsman": 1, "extras": 0, "total": 1}}}, {"1.3": {"batsman": "PA Patel", "bowler": "A Nehra", "non_striker": "ML Hayden", "runs": {"batsman": 0, "extras": 0, "total": 0}}}, {"1.4": {"batsman": "PA Patel", "bowler": "A Nehra", "non_striker": "ML Hayden", "runs": {"batsman": 4, "extras": 0, "total": 4}}}, {"1.5": {"batsman": "PA Patel", "bowler": "A Nehra", "non_striker": "ML Hayden", "runs": {"batsman": 0, "extras": 0, "total": 0}}}, {"1.6": {"batsman": "PA Patel", "bowler": "A Nehra", "non_striker": "ML Hayden", "runs": {"batsman": 4, "extras": 0, "total": 4}}}, {"2.1": {"batsman": "ML Hayden", "bowler": "SM Pollock", "non_striker": "PA Patel", "runs": {"batsman": 0, "extras": 0, "total": 0}}}, {"2.2": {"batsman": "ML Hayden", "bowler": "SM Pollock", "non_striker": "PA Patel", "runs": {"batsman": 4, "extras": 0, "total": 4}}}, {"2.3": {"batsman": "ML Hayden", "bowler": "SM Pollock", "non_striker": "PA Patel", "runs": {"batsman": 6, "extras": 0, "total": 6}}}, {"2.4": {"batsman": "ML Hayden", "bowler": "SM Pollock", "non_striker": "PA Patel", "runs": {"batsman": 0, "extras": 0, "total": 0}}}, {"2.5": {"batsman": "ML Hayden", "bowler": "SM Pollock", "non_striker": "PA Patel", "runs": {"batsman": 4, "extras": 0, "total": 4}}}, {"2.6": {"batsman": "ML Hayden", "bowler": "SM Pollock", "extras": {"byes": 4}, "non_striker": "PA Patel", "runs": {"batsman": 0, "extras": 4, "total": 4}}}, {"3.1": {"batsman": "PA Patel", "bowler": "A Nehra", "non_striker": "ML Hayden", "runs": {"batsman": 0, "extras": 0, "total": 0}, "wicket": {"fielders": ["L Ronchi"], "kind": "caught", "player_out": "PA Patel"}}}, {"3.2": {"batsman": "MEK Hussey", "bowler": "A Nehra", "non_striker": "ML Hayden", "runs": {"batsman": 0, "extras": 0, "total": 0}}}, {"3.3": {"batsman": "MEK Hussey", "bowler": "A Nehra", "non_striker": "ML Hayden", "runs": {"batsman": 0, "extras": 0, "total": 0}}}, {"3.4": {"batsman": "MEK Hussey", "bowler": "A Nehra", "non_striker": "ML Hayden", "runs": {"batsman": 0, "extras": 0, "total": 0}}}, {"3.5": {"batsman": "MEK Hussey", "bowler": "A Nehra", "non_striker": "ML Hayden", "runs": {"batsman": 0, "extras": 0, "total": 0}}}, {"3.6": {"batsman": "MEK Hussey", "bowler": "A Nehra", "non_striker": "ML Hayden", "runs": {"batsman": 1, "extras": 0, "total": 1}}}, {"4.1": {"batsman": "MEK Hussey", "bowler": "DS Kulkarni", "non_striker": "ML Hayden", "runs": {"batsman": 0, "extras": 0, "total": 0}}}, {"4.2": {"batsman": "MEK Hussey", "bowler": "DS Kulkarni", "non_striker": "ML Hayden", "runs": {"batsman": 0, "extras": 0, "total": 0}}}, {"4.3": {"batsman": "MEK Hussey", "bowler": "DS Kulkarni", "non_striker": "ML Hayden", "runs": {"batsman": 4, "extras": 0, "total": 4}}}, {"4.4": {"batsman": "MEK Hussey", "bowler": "DS Kulkarni", "non_striker": "ML Hayden", "runs": {"batsman": 0, "extras": 0, "total": 0}, "wicket": {"kind": "bowled", "player_out": "MEK Hussey"}}}, {"4.5": {"batsman": "SK Raina", "bowler": "DS Kulkarni", "non_striker": "ML Hayden", "runs": {"batsman": 0, "extras": 0, "total": 0}}}, {"4.6": {"batsman": "SK Raina", "bowler": "DS Kulkarni", "non_striker": "ML Hayden", "runs": {"batsman": 1, "extras": 0, "total": 1}}}, {"5.1": {"batsman": "SK Raina", "bowler": "A Nehra", "non_striker": "ML Hayden", "runs": {"batsman": 1, "extras": 0, "total": 1}}}, {"5.2": {"batsman": "ML Hayden", "bowler": "A Nehra", "extras": {"wides": 1}, "non_striker": "SK Raina", "runs": {"batsman": 0, "extras": 1, "total": 1}}}, {"5.3": {"batsman": "ML Hayden", "bowler": "A Nehra", "non_striker": "SK Raina", "runs": {"batsman": 4, "extras": 0, "total": 4}}}, {"5.4": {"batsman": "ML Hayden", "bowler": "A Nehra", "non_striker": "SK Raina", "runs": {"batsman": 4, "extras": 0, "total": 4}}}, {"5.5": {"batsman": "ML Hayden", "bowler": "A Nehra", "non_striker": "SK Raina", "runs": {"batsman": 1, "extras": 0, "total": 1}}}, {"5.6": {"batsman": "SK Raina", "bowler": "A Nehra", "extras": {"wides": 1}, "non_striker": "ML Hayden", "runs": {"batsman": 0, "extras": 1, "total": 1}}}, {"5.7": {"batsman": "SK Raina", "bowler": "A Nehra", "non_striker": "ML Hayden", "runs": {"batsman": 1, "extras": 0, "total": 1}}}, {"5.8": {"batsman": "ML Hayden", "bowler": "A Nehra", "non_striker": "SK Raina", "runs": {"batsman": 0, "extras": 0, "total": 0}}}, {"6.1": {"batsman": "SK Raina", "bowler": "DS Kulkarni", "non_striker": "ML Hayden", "runs": {"batsman": 0, "extras": 0, "total": 0}}}, {"6.2": {"batsman": "SK Raina", "bowler": "DS Kulkarni", "non_striker": "ML Hayden", "runs": {"batsman": 1, "extras": 0, "total": 1}}}, {"6.3": {"batsman": "ML Hayden", "bowler": "DS Kulkarni", "non_striker": "SK Raina", "runs": {"batsman": 1, "extras": 0, "total": 1}}}, {"6.4": {"batsman": "SK Raina", "bowler": "DS Kulkarni", "non_striker": "ML Hayden", "runs": {"batsman": 0, "extras": 0, "total": 0}}}, {"6.5": {"batsman": "SK Raina", "bowler": "DS Kulkarni", "non_striker": "ML Hayden", "runs": {"batsman": 1, "extras": 0, "total": 1}}}, {"6.6": {"batsman": "ML Hayden", "bowler": "DS Kulkarni", "extras": {"noballs": 1}, "non_striker": "SK Raina", "runs": {"batsman": 1, "extras": 1, "total": 2}}}, {"6.7": {"batsman": "SK Raina", "bowler": "DS Kulkarni", "non_striker": "ML Hayden", "runs": {"batsman": 1, "extras": 0, "total": 1}}}, {"7.1": {"batsman": "SK Raina", "bowler": "Harbhajan Singh", "non_striker": "ML Hayden", "runs": {"batsman": 0, "extras": 0, "total": 0}}}, {"7.2": {"batsman": "SK Raina", "bowler": "Harbhajan Singh", "non_striker": "ML Hayden", "runs": {"batsman": 1, "extras": 0, "total": 1}}}, {"7.3": {"batsman": "ML Hayden", "bowler": "Harbhajan Singh", "non_striker": "SK Raina", "runs": {"batsman": 1, "extras": 0, "total": 1}}}, {"7.4": {"batsman": "SK Raina", "bowler": "Harbhajan Singh", "non_striker": "ML Hayden", "runs": {"batsman": 1, "extras": 0, "total": 1}}}, {"7.5": {"batsman": "ML Hayden", "bowler": "Harbhajan Singh", "non_striker": "SK Raina", "runs": {"batsman": 1, "extras": 0, "total": 1}}}, {"7.6": {"batsman": "SK Raina", "bowler": "Harbhajan Singh", "non_striker": "ML Hayden", "runs": {"batsman": 1, "extras": 0, "total": 1}}}, {"8.1": {"batsman": "SK Raina", "bowler": "DJ Bravo", "non_striker": "ML Hayden", "runs": {"batsman": 0, "extras": 0, "total": 0}}}, {"8.2": {"batsman": "SK Raina", "bowler": "DJ Bravo", "non_striker": "ML Hayden", "runs": {"batsman": 0, "extras": 0, "total": 0}}}, {"8.3": {"batsman": "SK Raina", "bowler": "DJ Bravo", "extras": {"legbyes": 1}, "non_striker": "ML Hayden", "runs": {"batsman": 0, "extras": 1, "total": 1}}}, {"8.4": {"batsman": "ML Hayden", "bowler": "DJ Bravo", "non_striker": "SK Raina", "runs": {"batsman": 4, "extras": 0, "total": 4}}}, {"8.5": {"batsman": "ML Hayden", "bowler": "DJ Bravo", "non_striker": "SK Raina", "runs": {"batsman": 1, "extras": 0, "total": 1}}}, {"8.6": {"batsman": "SK Raina", "bowler": "DJ Bravo", "non_striker": "ML Hayden", "runs": {"batsman": 2, "extras": 0, "total": 2}}}, {"9.1": {"batsman": "ML Hayden", "bowler": "Harbhajan Singh", "non_striker": "SK Raina", "runs": {"batsman": 0, "extras": 0, "total": 0}}}, {"9.2": {"batsman": "ML Hayden", "bowler": "Harbhajan Singh", "extras": {"legbyes": 1}, "non_striker": "SK Raina", "runs": {"batsman": 0, "extras": 1, "total": 1}}}, {"9.3": {"batsman": "SK Raina", "bowler": "Harbhajan Singh", "non_striker": "ML Hayden", "runs": {"batsman": 6, "extras": 0, "total": 6}}}, {"9.4": {"batsman": "SK Raina", "bowler": "Harbhajan Singh", "non_striker": "ML Hayden", "runs": {"batsman": 1, "extras": 0, "total": 1}}}, {"9.5": {"batsman": "ML Hayden", "bowler": "Harbhajan Singh", "non_striker": "SK Raina", "runs": {"batsman": 1, "extras": 0, "total": 1}}}, {"9.6": {"batsman": "SK Raina", "bowler": "Harbhajan Singh", "non_striker": "ML Hayden", "runs": {"batsman": 1, "extras": 0, "total": 1}}}, {"10.1": {"batsman": "SK Raina", "bowler": "DJ Bravo", "non_striker": "ML Hayden", "runs": {"batsman": 6, "extras": 0, "total": 6}}}, {"10.2": {"batsman": "SK Raina", "bowler": "DJ Bravo", "non_striker": "ML Hayden", "runs": {"batsman": 1, "extras": 0, "total": 1}}}, {"10.3": {"batsman": "ML Hayden", "bowler": "DJ Bravo", "non_striker": "SK Raina", "runs": {"batsman": 1, "extras": 0, "total": 1}}}, {"10.4": {"batsman": "SK Raina", "bowler": "DJ Bravo", "non_striker": "ML Hayden", "runs": {"batsman": 1, "extras": 0, "total": 1}}}, {"10.5": {"batsman": "ML Hayden", "bowler": "DJ Bravo", "non_striker": "SK Raina", "runs": {"batsman": 4, "extras": 0, "total": 4}}}, {"10.6": {"batsman": "ML Hayden", "bowler": "DJ Bravo", "non_striker": "SK Raina", "runs": {"batsman": 1, "extras": 0, "total": 1}}}, {"11.1": {"batsman": "ML Hayden", "bowler": "VS Yeligati", "non_striker": "SK Raina", "runs": {"batsman": 0, "extras": 0, "total": 0}}}, {"11.2": {"batsman": "ML Hayden", "bowler": "VS Yeligati", "non_striker": "SK Raina", "runs": {"batsman": 1, "extras": 0, "total": 1}}}, {"11.3": {"batsman": "SK Raina", "bowler": "VS Yeligati", "non_striker": "ML Hayden", "runs": {"batsman": 4, "extras": 0, "total": 4}}}, {"11.4": {"batsman": "SK Raina", "bowler": "VS Yeligati", "non_striker": "ML Hayden", "runs": {"batsman": 4, "extras": 0, "total": 4}}}, {"11.5": {"batsman": "SK Raina", "bowler": "VS Yeligati", "extras": {"wides": 5}, "non_striker": "ML Hayden", "runs": {"batsman": 0, "extras": 5, "total": 5}}}, {"11.6": {"batsman": "SK Raina", "bowler": "VS Yeligati", "non_striker": "ML Hayden", "runs": {"batsman": 1, "extras": 0, "total": 1}}}, {"11.7": {"batsman": "ML Hayden", "bowler": "VS Yeligati", "non_striker": "SK Raina", "runs": {"batsman": 1, "extras": 0, "total": 1}}}, {"12.1": {"batsman": "ML Hayden", "bowler": "SM Pollock", "non_striker": "SK Raina", "runs": {"batsman": 1, "extras": 0, "total": 1}}}, {"12.2": {"batsman": "SK Raina", "bowler": "SM Pollock", "non_striker": "ML Hayden", "runs": {"batsman": 0, "extras": 0, "total": 0}}}, {"12.3": {"batsman": "SK Raina", "bowler": "SM Pollock", "non_striker": "ML Hayden", "runs": {"batsman": 1, "extras": 0, "total": 1}}}, {"12.4": {"batsman": "ML Hayden", "bowler": "SM Pollock", "non_striker": "SK Raina", "runs": {"batsman": 4, "extras": 0, "total": 4}}}, {"12.5": {"batsman": "ML Hayden", "bowler": "SM Pollock", "non_striker": "SK Raina", "runs": {"batsman": 1, "extras": 0, "total": 1}}}, {"12.6": {"batsman": "SK Raina", "bowler": "SM Pollock", "non_striker": "ML Hayden", "runs": {"batsman": 4, "extras": 0, "total": 4}}}, {"13.1": {"batsman": "ML Hayden", "bowler": "AM Nayar", "non_striker": "SK Raina", "runs": {"batsman": 0, "extras": 0, "total": 0}}}, {"13.2": {"batsman": "ML Hayden", "bowler": "AM Nayar", "non_striker": "SK Raina", "runs": {"batsman": 1, "extras": 0, "total": 1}}}, {"13.3": {"batsman": "SK Raina", "bowler": "AM Nayar", "non_striker": "ML Hayden", "runs": {"batsman": 6, "extras": 0, "total": 6}}}, {"13.4": {"batsman": "SK Raina", "bowler": "AM Nayar", "non_striker": "ML Hayden", "runs": {"batsman": 0, "extras": 0, "total": 0}}}, {"13.5": {"batsman": "SK Raina", "bowler": "AM Nayar", "non_striker": "ML Hayden", "runs": {"batsman": 1, "extras": 0, "total": 1}}}, {"13.6": {"batsman": "ML Hayden", "bowler": "AM Nayar", "non_striker": "SK Raina", "runs": {"batsman": 6, "extras": 0, "total": 6}}}, {"14.1": {"batsman": "SK Raina", "bowler": "MA Khote", "non_striker": "ML Hayden", "runs": {"batsman": 2, "extras": 0, "total": 2}}}, {"14.2": {"batsman": "SK Raina", "bowler": "MA Khote", "non_striker": "ML Hayden", "runs": {"batsman": 1, "extras": 0, "total": 1}}}, {"14.3": {"batsman": "ML Hayden", "bowler": "MA Khote", "non_striker": "SK Raina", "runs": {"batsman": 1, "extras": 0, "total": 1}}}, {"14.4": {"batsman": "SK Raina", "bowler": "MA Khote", "non_striker": "ML Hayden", "runs": {"batsman": 2, "extras": 0, "total": 2}}}, {"14.5": {"batsman": "SK Raina", "bowler": "MA Khote", "non_striker": "ML Hayden", "runs": {"batsman": 0, "extras": 0, "total": 0}}}, {"14.6": {"batsman": "SK Raina", "bowler": "MA Khote", "non_striker": "ML Hayden", "runs": {"batsman": 0, "extras": 0, "total": 0}, "wicket": {"fielders": ["DJ Bravo"], "kind": "caught", "player_out": "SK Raina"}}}, {"15.1": {"batsman": "MS Dhoni", "bowler": "DJ Bravo", "extras": {"wides": 1}, "non_striker": "ML Hayden", "runs": {"batsman": 0, "extras": 1, "total": 1}}}, {"15.2": {"batsman": "MS Dhoni", "bowler": "DJ Bravo", "non_striker": "ML Hayden", "runs": {"batsman": 4, "extras": 0, "total": 4}}}, {"15.3": {"batsman": "MS Dhoni", "bowler": "DJ Bravo", "non_striker": "ML Hayden", "runs": {"batsman": 0, "extras": 0, "total": 0}}}, {"15.4": {"batsman": "MS Dhoni", "bowler": "DJ Bravo", "non_striker": "ML Hayden", "runs": {"batsman": 4, "extras": 0, "total": 4}}}, {"15.5": {"batsman": "MS Dhoni", "bowler": "DJ Bravo", "non_striker": "ML Hayden", "runs": {"batsman": 1, "extras": 0, "total": 1}}}, {"15.6": {"batsman": "ML Hayden", "bowler": "DJ Bravo", "non_striker": "MS Dhoni", "runs": {"batsman": 4, "extras": 0, "total": 4}}}, {"15.7": {"batsman": "ML Hayden", "bowler": "DJ Bravo", "non_striker": "MS Dhoni", "runs": {"batsman": 1, "extras": 0, "total": 1}}}, {"16.1": {"batsman": "ML Hayden", "bowler": "MA Khote", "non_striker": "MS Dhoni", "runs": {"batsman": 4, "extras": 0, "total": 4}}}, {"16.2": {"batsman": "ML Hayden", "bowler": "MA Khote", "non_striker": "MS Dhoni", "runs": {"batsman": 1, "extras": 0, "total": 1}}}, {"16.3": {"batsman": "MS Dhoni", "bowler": "MA Khote", "non_striker": "ML Hayden", "runs": {"batsman": 1, "extras": 0, "total": 1}}}, {"16.4": {"batsman": "ML Hayden", "bowler": "MA Khote", "non_striker": "MS Dhoni", "runs": {"batsman": 1, "extras": 0, "total": 1}}}, {"16.5": {"batsman": "MS Dhoni", "bowler": "MA Khote", "non_striker": "ML Hayden", "runs": {"batsman": 2, "extras": 0, "total": 2}}}, {"16.6": {"batsman": "MS Dhoni", "bowler": "MA Khote", "non_striker": "ML Hayden", "runs": {"batsman": 1, "extras": 0, "total": 1}}}, {"17.1": {"batsman": "MS Dhoni", "bowler": "DS Kulkarni", "non_striker": "ML Hayden", "runs": {"batsman": 4, "extras": 0, "total": 4}}}, {"17.2": {"batsman": "MS Dhoni", "bowler": "DS Kulkarni", "non_striker": "ML Hayden", "runs": {"batsman": 1, "extras": 0, "total": 1}}}, {"17.3": {"batsman": "ML Hayden", "bowler": "DS Kulkarni", "non_striker": "MS Dhoni", "runs": {"batsman": 4, "extras": 0, "total": 4}}}, {"17.4": {"batsman": "ML Hayden", "bowler": "DS Kulkarni", "non_striker": "MS Dhoni", "runs": {"batsman": 4, "extras": 0, "total": 4}}}, {"17.5": {"batsman": "ML Hayden", "bowler": "DS Kulkarni", "non_striker": "MS Dhoni", "runs": {"batsman": 1, "extras": 0, "total": 1}}}, {"17.6": {"batsman": "MS Dhoni", "bowler": "DS Kulkarni", "non_striker": "ML Hayden", "runs": {"batsman": 0, "extras": 0, "total": 0}}}, {"18.1": {"batsman": "ML Hayden", "bowler": "A Nehra", "non_striker": "MS Dhoni", "runs": {"batsman": 0, "extras": 0, "total": 0}}}, {"18.2": {"batsman": "ML Hayden", "bowler": "A Nehra", "extras": {"noballs": 1}, "non_striker": "MS Dhoni", "runs": {"batsman": 4, "extras": 1, "total": 5}}}, {"18.3": {"batsman": "ML Hayden", "bowler": "A Nehra", "non_striker": "MS Dhoni", "runs": {"batsman": 0, "extras": 0, "total": 0}}}, {"18.4": {"batsman": "ML Hayden", "bowler": "A Nehra", "non_striker": "MS Dhoni", "runs": {"batsman": 1, "extras": 0, "total": 1}}}, {"18.5": {"batsman": "MS Dhoni", "bowler": "A Nehra", "non_striker": "ML Hayden", "runs": {"batsman": 4, "extras": 0, "total": 4}}}, {"18.6": {"batsman": "MS Dhoni", "bowler": "A Nehra", "non_striker": "ML Hayden", "runs": {"batsman": 2, "extras": 0, "total": 2}}}, {"18.7": {"batsman": "MS Dhoni", "bowler": "A Nehra", "non_striker": "ML Hayden", "runs": {"batsman": 0, "extras": 0, "total": 0}, "wicket": {"fielders": ["Harbhajan Singh"], "kind": "run out", "player_out": "ML Hayden"}}}, {"19.1": {"batsman": "MS Dhoni", "bowler": "MA Khote", "non_striker": "JDP Oram", "runs": {"batsman": 6, "extras": 0, "total": 6}}}, {"19.2": {"batsman": "MS Dhoni", "bowler": "MA Khote", "extras": {"legbyes": 1}, "non_striker": "JDP Oram", "runs": {"batsman": 0, "extras": 1, "total": 1}}}, {"19.3": {"batsman": "JDP Oram", "bowler": "MA Khote", "non_striker": "MS Dhoni", "runs": {"batsman": 4, "extras": 0, "total": 4}}}, {"19.4": {"batsman": "JDP Oram", "bowler": "MA Khote", "non_striker": "MS Dhoni", "runs": {"batsman": 1, "extras": 0, "total": 1}}}, {"19.5": {"batsman": "MS Dhoni", "bowler": "MA Khote", "non_striker": "JDP Oram", "runs": {"batsman": 0, "extras": 0, "total": 0}, "wicket": {"fielders": ["DJ Bravo"], "kind": "caught", "player_out": "MS Dhoni"}}}, {"19.6": {"batsman": "S Badrinath", "bowler": "MA Khote", "non_striker": "JDP Oram", "runs": {"batsman": 2, "extras": 0, "total": 2}}}]