[{"0.1": {"batsman": "K Goel", "bowler": "GD McGrath", "non_striker": "SM Katich", "runs": {"batsman": 1, "extras": 0, "total": 1}}}, {"0.2": {"batsman": "SM Katich", "bowler": "GD McGrath", "non_striker": "K Goel", "runs": {"batsman": 0, "extras": 0, "total": 0}}}, {"0.3": {"batsman": "SM Katich", "bowler": "GD McGrath", "non_striker": "K Goel", "runs": {"batsman": 0, "extras": 0, "total": 0}}}, {"0.4": {"batsman": "SM Katich", "bowler": "GD McGrath", "extras": {"legbyes": 1}, "non_striker": "K Goel", "runs": {"batsman": 0, "extras": 1, "total": 1}}}, {"0.5": {"batsman": "K Goel", "bowler": "GD McGrath", "non_striker": "SM Katich", "runs": {"batsman": 0, "extras": 0, "total": 0}}}, {"0.6": {"batsman": "K Goel", "bowler": "GD McGrath", "non_striker": "SM Katich", "runs": {"batsman": 0, "extras": 0, "total": 0}, "wicket": {"kind": "lbw", "player_out": "K Goel"}}}, {"1.1": {"batsman": "SM Katich", "bowler": "Mohammad Asif", "non_striker": "KC Sangakkara", "runs": {"batsman": 0, "extras": 0, "total": 0}}}, {"1.2": {"batsman": "SM Katich", "bowler": "Mohammad Asif", "non_striker": "KC Sangakkara", "runs": {"batsman": 0, "extras": 0, "total": 0}}}, {"1.3": {"batsman": "SM Katich", "bowler": "Mohammad Asif", "non_striker": "KC Sangakkara", "runs": {"batsman": 2, "extras": 0, "total": 2}}}, {"1.4": {"batsman": "SM Katich", "bowler": "Mohammad Asif", "non_striker": "KC Sangakkara", "runs": {"batsman": 3, "extras": 0, "total": 3}}}, {"1.5": {"batsman": "KC Sangakkara", "bowler": "Mohammad Asif", "non_striker": "SM Katich", "runs": {"batsman": 4, "extras": 0, "total": 4}}}, {"1.6": {"batsman": "KC Sangakkara", "bowler": "Mohammad Asif", "non_striker": "SM Katich", "runs": {"batsman": 0, "extras": 0, "total": 0}, "wicket": {"fielders": ["KD Karthik"], "kind": "caught", "player_out": "KC Sangakkara"}}}, {"2.1": {"batsman": "SM Katich", "bowler": "GD McGrath", "non_striker": "DPMD Jayawardene", "runs": {"batsman": 0, "extras": 0, "total": 0}}}, {"2.2": {"batsman": "SM Katich", "bowler": "GD McGrath", "non_striker": "DPMD Jayawardene", "runs": {"batsman": 0, "extras": 0, "total": 0}}}, {"2.3": {"batsman": "SM Katich", "bowler": "GD McGrath", "non_striker": "DPMD Jayawardene", "runs": {"batsman": 4, "extras": 0, "total": 4}}}, {"2.4": {"batsman": "SM Katich", "bowler": "GD McGrath", "non_striker": "DPMD Jayawardene", "runs": {"batsman": 4, "extras": 0, "total": 4}}}, {"2.5": {"batsman": "SM Katich", "bowler": "GD McGrath", "non_striker": "DPMD Jayawardene", "runs": {"batsman": 1, "extras": 0, "total": 1}}}, {"2.6": {"batsman": "DPMD Jayawardene", "bowler": "GD McGrath", "extras": {"legbyes": 1}, "non_striker": "SM Katich", "runs": {"batsman": 0, "extras": 1, "total": 1}}}, {"3.1": {"batsman": "DPMD Jayawardene", "bowler": "Mohammad Asif", "non_striker": "SM Katich", "runs": {"batsman": 0, "extras": 0, "total": 0}}}, {"3.2": {"batsman": "DPMD Jayawardene", "bowler": "Mohammad Asif", "non_striker": "SM Katich", "runs": {"batsman": 0, "extras": 0, "total": 0}}}, {"3.3": {"batsman": "DPMD Jayawardene", "bowler": "Mohammad Asif", "non_striker": "SM Katich", "runs": {"batsman": 1, "extras": 0, "total": 1}}}, {"3.4": {"batsman": "SM Katich", "bowler": "Mohammad Asif", "non_striker": "DPMD Jayawardene", "runs": {"batsman": 4, "extras": 0, "total": 4}}}, {"3.5": {"batsman": "SM Katich", "bowler": "Mohammad Asif", "non_striker": "DPMD Jayawardene", "runs": {"batsman": 4, "extras": 0, "total": 4}}}, {"3.6": {"batsman": "SM Katich", "bowler": "Mohammad Asif", "non_striker": "DPMD Jayawardene", "runs": {"batsman": 4, "extras": 0, "total": 4}}}, {"4.1": {"batsman": "DPMD Jayawardene", "bowler": "GD McGrath", "non_striker": "SM Katich", "runs": {"batsman": 1, "extras": 0, "total": 1}}}, {"4.2": {"batsman": "SM Katich", "bowler": "GD McGrath", "non_striker": "DPMD Jayawardene", "runs": {"batsman": 0, "extras": 0, "total": 0}}}, {"4.3": {"batsman": "SM Katich", "bowler": "GD McGrath", "non_striker": "DPMD Jayawardene", "runs": {"batsman": 0, "extras": 0, "total": 0}}}, {"4.4": {"batsman": "SM Katich", "bowler": "GD McGrath", "non_striker": "DPMD Jayawardene", "runs": {"batsman": 0, "extras": 0, "total": 0}}}, {"4.5": {"batsman": "SM Katich", "bowler": "GD McGrath", "non_striker": "DPMD Jayawardene", "runs": {"batsman": 4, "extras": 0, "total": 4}}}, {"4.6": {"batsman": "SM Katich", "bowler": "GD McGrath", "non_striker": "DPMD Jayawardene", "runs": {"batsman": 4, "extras": 0, "total": 4}}}, {"5.1": {"batsman": "DPMD Jayawardene", "bowler": "MF Maharoof", "non_striker": "SM Katich", "runs": {"batsman": 2, "extras": 0, "total": 2}}}, {"5.2": {"batsman": "DPMD Jayawardene", "bowler": "MF Maharoof", "non_striker": "SM Katich", "runs": {"batsman": 4, "extras": 0, "total": 4}}}, {"5.3": {"batsman": "DPMD Jayawardene", "bowler": "MF Maharoof", "non_striker": "SM Katich", "runs": {"batsman": 1, "extras": 0, "total": 1}}}, {"5.4": {"batsman": "SM Katich", "bowler": "MF Maharoof", "non_striker": "DPMD Jayawardene", "runs": {"batsman": 1, "extras": 0, "total": 1}}}, {"5.5": {"batsman": "DPMD Jayawardene", "bowler": "MF Maharoof", "non_striker": "SM Katich", "runs": {"batsman": 0, "extras": 0, "total": 0}}}, {"5.6": {"batsman": "DPMD Jayawardene", "bowler": "MF Maharoof", "non_striker": "SM Katich", "runs": {"batsman": 4, "extras": 0, "total": 4}}}, {"6.1": {"batsman": "SM Katich", "bowler": "VY Mahesh", "non_striker": "DPMD Jayawardene", "runs": {"batsman": 0, "extras": 0, "total": 0}}}, {"6.2": {"batsman": "SM Katich", "bowler": "VY Mahesh", "non_striker": "DPMD Jayawardene", "runs": {"batsman": 1, "extras": 0, "total": 1}}}, {"6.3": {"batsman": "DPMD Jayawardene", "bowler": "VY Mahesh", "non_striker": "SM Katich", "runs": {"batsman": 1, "extras": 0, "total": 1}}}, {"6.4": {"batsman": "SM Katich", "bowler": "VY Mahesh", "non_striker": "DPMD Jayawardene", "runs": {"batsman": 4, "extras": 0, "total": 4}}}, {"6.5": {"batsman": "SM Katich", "bowler": "VY Mahesh", "non_striker": "DPMD Jayawardene", "runs": {"batsman": 1, "extras": 0, "total": 1}}}, {"6.6": {"batsman": "DPMD Jayawardene", "bowler": "VY Mahesh", "non_striker": "SM Katich", "runs": {"batsman": 0, "extras": 0, "total": 0}}}, {"7.1": {"batsman": "SM Katich", "bowler": "Shoaib Malik", "extras": {"wides": 1}, "non_striker": "DPMD Jayawardene", "runs": {"batsman": 0, "extras": 1, "total": 1}}}, {"7.2": {"batsman": "SM Katich", "bowler": "Shoaib Malik", "non_striker": "DPMD Jayawardene", "runs": {"batsman": 1, "extras": 0, "total": 1}}}, {"7.3": {"batsman": "DPMD Jayawardene", "bowler": "Shoaib Malik", "non_striker": "SM Katich", "runs": {"batsman": 1, "extras": 0, "total": 1}}}, {"7.4": {"batsman": "SM Katich", "bowler": "Shoaib Malik", "non_striker": "DPMD Jayawardene", "runs": {"batsman": 2, "extras": 0, "total": 2}}}, {"7.5": {"batsman": "SM Katich", "bowler": "Shoaib Malik", "non_striker": "DPMD Jayawardene", "runs": {"batsman": 1, "extras": 0, "total": 1}}}, {"7.6": {"batsman": "DPMD Jayawardene", "bowler": "Shoaib Malik", "extras": {"wides": 1}, "non_striker": "SM Katich", "runs": {"batsman": 0, "extras": 1, "total": 1}}}, {"7.7": {"batsman": "DPMD Jayawardene", "bowler": "Shoaib Malik", "non_striker": "SM Katich", "runs": {"batsman": 0, "extras": 0, "total": 0}, "wicket": {"kind": "caught and bowled", "player_out": "DPMD Jayawardene"}}}, {"7.8": {"batsman": "Yuvraj Singh", "bowler": "Shoaib Malik", "non_striker": "SM Katich", "runs": {"batsman": 1, "extras": 0, "total": 1}}}, {"8.1": {"batsman": "Yuvraj Singh", "bowler": "Mohammad Asif", "non_striker": "SM Katich", "runs": {"batsman": 0, "extras": 0, "total": 0}}}, {"8.2": {"batsman": "Yuvraj Singh", "bowler": "Mohammad Asif", "non_striker": "SM Katich", "runs": {"batsman": 0, "extras": 0, "total": 0}}}, {"8.3": {"batsman": "Yuvraj Singh", "bowler": "Mohammad Asif", "non_striker": "SM Katich", "runs": {"batsman": 1, "extras": 0, "total": 1}}}, {"8.4": {"batsman": "SM Katich", "bowler": "Mohammad Asif", "non_striker": "Yuvraj Singh", "runs": {"batsman": 4, "extras": 0, "total": 4}}}, {"8.5": {"batsman": "SM Katich", "bowler": "Mohammad Asif", "non_striker": "Yuvraj Singh", "runs": {"batsman": 0, "extras": 0, "total": 0}}}, {"8.6": {"batsman": "SM Katich", "bowler": "Mohammad Asif", "non_striker": "Yuvraj Singh", "runs": {"batsman": 0, "extras": 0, "total": 0}}}, {"9.1": {"batsman": "Yuvraj Singh", "bowler": "Shoaib Malik", "non_striker": "SM Katich", "runs": {"batsman": 1, "extras": 0, "total": 1}}}, {"9.2": {"batsman": "SM Katich", "bowler": "Shoaib Malik", "non_striker": "Yuvraj Singh", "runs": {"batsman": 1, "extras": 0, "total": 1}}}, {"9.3": {"batsman": "Yuvraj Singh", "bowler": "Shoaib Malik", "non_striker": "SM Katich", "runs": {"batsman": 0, "extras": 0, "total": 0}}}, {"9.4": {"batsman": "Yuvraj Singh", "bowler": "Shoaib Malik", "non_striker": "SM Katich", "runs": {"batsman": 4, "extras": 0, "total": 4}}}, {"9.5": {"batsman": "Yuvraj Singh", "bowler": "Shoaib Malik", "non_striker": "SM Katich", "runs": {"batsman": 0, "extras": 0, "total": 0}}}, {"9.6": {"batsman": "Yuvraj Singh", "bowler": "Shoaib Malik", "non_striker": "SM Katich", "runs": {"batsman": 0, "extras": 0, "total": 0}}}, {"10.1": {"batsman": "SM Katich", "bowler": "MF Maharoof", "non_striker": "Yuvraj Singh", "runs": {"batsman": 4, "extras": 0, "total": 4}}}, {"10.2": {"batsman": "SM Katich", "bowler": "MF Maharoof", "non_striker": "Yuvraj Singh", "runs": {"batsman": 0, "extras": 0, "total": 0}}}, {"10.3": {"batsman": "SM Katich", "bowler": "MF Maharoof", "extras": {"wides": 1}, "non_striker": "Yuvraj Singh", "runs": {"batsman": 0, "extras": 1, "total": 1}}}, {"10.4": {"batsman": "SM Katich", "bowler": "MF Maharoof", "non_striker": "Yuvraj Singh", "runs": {"batsman": 2, "extras": 0, "total": 2}}}, {"10.5": {"batsman": "SM Katich", "bowler": "MF Maharoof", "non_striker": "Yuvraj Singh", "runs": {"batsman": 0, "extras": 0, "total": 0}}}, {"10.6": {"batsman": "SM Katich", "bowler": "MF Maharoof", "non_striker": "Yuvraj Singh", "runs": {"batsman": 1, "extras": 0, "total": 1}}}, {"10.7": {"batsman": "Yuvraj Singh", "bowler": "MF Maharoof", "non_striker": "SM Katich", "runs": {"batsman": 0, "extras": 0, "total": 0}}}, {"11.1": {"batsman": "SM Katich", "bowler": "Shoaib Malik", "non_striker": "Yuvraj Singh", "runs": {"batsman": 2, "extras": 0, "total": 2}}}, {"11.2": {"batsman": "SM Katich", "bowler": "Shoaib Malik", "non_striker": "Yuvraj Singh", "runs": {"batsman": 6, "extras": 0, "total": 6}}}, {"11.3": {"batsman": "SM Katich", "bowler": "Shoaib Malik", "non_striker": "Yuvraj Singh", "runs": {"batsman": 0, "extras": 0, "total": 0}}}, {"11.4": {"batsman": "SM Katich", "bowler": "Shoaib Malik", "non_striker": "Yuvraj Singh", "runs": {"batsman": 2, "extras": 0, "total": 2}}}, {"11.5": {"batsman": "SM Katich", "bowler": "Shoaib Malik", "non_striker": "Yuvraj Singh", "runs": {"batsman": 0, "extras": 0, "total": 0}}}, {"11.6": {"batsman": "SM Katich", "bowler": "Shoaib Malik", "extras": {"noballs": 1}, "non_striker": "Yuvraj Singh", "runs": {"batsman": 1, "extras": 1, "total": 2}}}, {"11.7": {"batsman": "Yuvraj Singh", "bowler": "Shoaib Malik", "non_striker": "SM Katich", "runs": {"batsman": 2, "extras": 0, "total": 2}}}, {"12.1": {"batsman": "SM Katich", "bowler": "MF Maharoof", "non_striker": "Yuvraj Singh", "runs": {"batsman": 0, "extras": 0, "total": 0}}}, {"12.2": {"batsman": "SM Katich", "bowler": "MF Maharoof", "non_striker": "Yuvraj Singh", "runs": {"batsman": 0, "extras": 0, "total": 0}}}, {"12.3": {"batsman": "SM Katich", "bowler": "MF Maharoof", "non_striker": "Yuvraj Singh", "runs": {"batsman": 0, "extras": 0, "total": 0}}}, {"12.4": {"batsman": "SM Katich", "bowler": "MF Maharoof", "non_striker": "Yuvraj Singh", "runs": {"batsman": 4, "extras": 0, "total": 4}}}, {"12.5": {"batsman": "SM Katich", "bowler": "MF Maharoof", "non_striker": "Yuvraj Singh", "runs": {"batsman": 1, "extras": 0, "total": 1}}}, {"12.6": {"batsman": "Yuvraj Singh", "bowler": "MF Maharoof", "non_striker": "SM Katich", "runs": {"batsman": 6, "extras": 0, "total": 6}}}, {"13.1": {"batsman": "SM Katich", "bowler": "R Bhatia", "non_striker": "Yuvraj Singh", "runs": {"batsman": 0, "extras": 0, "total": 0}}}, {"13.2": {"batsman": "SM Katich", "bowler": "R Bhatia", "extras": {"wides": 1}, "non_striker": "Yuvraj Singh", "runs": {"batsman": 0, "extras": 1, "total": 1}}}, {"13.3": {"batsman": "SM Katich", "bowler": "R Bhatia", "non_striker": "Yuvraj Singh", "runs": {"batsman": 1, "extras": 0, "total": 1}}}, {"13.4": {"batsman": "Yuvraj Singh", "bowler": "R Bhatia", "non_striker": "SM Katich", "runs": {"batsman": 1, "extras": 0, "total": 1}}}, {"13.5": {"batsman": "SM Katich", "bowler": "R Bhatia", "non_striker": "Yuvraj Singh", "runs": {"batsman": 1, "extras": 0, "total": 1}}}, {"13.6": {"batsman": "Yuvraj Singh", "bowler": "R Bhatia", "non_striker": "SM Katich", "runs": {"batsman": 1, "extras": 0, "total": 1}}}, {"13.7": {"batsman": "SM Katich", "bowler": "R Bhatia", "non_striker": "Yuvraj Singh", "runs": {"batsman": 0, "extras": 0, "total": 0}, "wicket": {"fielders": ["V Sehwag", "R Bhatia"], "kind": "run out", "player_out": "SM Katich"}}}, {"14.1": {"batsman": "TM Srivastava", "bowler": "VY Mahesh", "non_striker": "Yuvraj Singh", "runs": {"batsman": 0, "extras": 0, "total": 0}}}, {"14.2": {"batsman": "TM Srivastava", "bowler": "VY Mahesh", "non_striker": "Yuvraj Singh", "runs": {"batsman": 1, "extras": 0, "total": 1}}}, {"14.3": {"batsman": "Yuvraj Singh", "bowler": "VY Mahesh", "non_striker": "TM Srivastava", "runs": {"batsman": 1, "extras": 0, "total": 1}}}, {"14.4": {"batsman": "TM Srivastava", "bowler": "VY Mahesh", "non_striker": "Yuvraj Singh", "runs": {"batsman": 0, "extras": 0, "total": 0}}}, {"14.5": {"batsman": "TM Srivastava", "bowler": "VY Mahesh", "non_striker": "Yuvraj Singh", "runs": {"batsman": 1, "extras": 0, "total": 1}}}, {"14.6": {"batsman": "Yuvraj Singh", "bowler": "VY Mahesh", "non_striker": "TM Srivastava", "runs": {"batsman": 1, "extras": 0, "total": 1}}}, {"15.1": {"batsman": "Yuvraj Singh", "bowler": "GD McGrath", "non_striker": "TM Srivastava", "runs": {"batsman": 1, "extras": 0, "total": 1}}}, {"15.2": {"batsman": "TM Srivastava", "bowler": "GD McGrath", "non_striker": "Yuvraj Singh", "runs": {"batsman": 1, "extras": 0, "total": 1}}}, {"15.3": {"batsman": "Yuvraj Singh", "bowler": "GD McGrath", "non_striker": "TM Srivastava", "runs": {"batsman": 6, "extras": 0, "total": 6}}}, {"15.4": {"batsman": "Yuvraj Singh", "bowler": "GD McGrath", "non_striker": "TM Srivastava", "runs": {"batsman": 1, "extras": 0, "total": 1}}}, {"15.5": {"batsman": "TM Srivastava", "bowler": "GD McGrath", "non_striker": "Yuvraj Singh", "runs": {"batsman": 0, "extras": 0, "total": 0}}}, {"15.6": {"batsman": "TM Srivastava", "bowler": "GD McGrath", "non_striker": "Yuvraj Singh", "runs": {"batsman": 1, "extras": 0, "total": 1}}}, {"16.1": {"batsman": "TM Srivastava", "bowler": "VY Mahesh", "non_striker": "Yuvraj Singh", "runs": {"batsman": 3, "extras": 0, "total": 3}}}, {"16.2": {"batsman": "Yuvraj Singh", "bowler": "VY Mahesh", "non_striker": "TM Srivastava", "runs": {"batsman": 4, "extras": 0, "total": 4}}}, {"16.3": {"batsman": "Yuvraj Singh", "bowler": "VY Mahesh", "non_striker": "TM Srivastava", "runs": {"batsman": 1, "extras": 0, "total": 1}}}, {"16.4": {"batsman": "TM Srivastava", "bowler": "VY Mahesh", "non_striker": "Yuvraj Singh", "runs": {"batsman": 0, "extras": 0, "total": 0}, "wicket": {"fielders": ["KD Karthik"], "kind": "caught", "player_out": "TM Srivastava"}}}, {"16.5": {"batsman": "IK Pathan", "bowler": "VY Mahesh", "non_striker": "Yuvraj Singh", "runs": {"batsman": 0, "extras": 0, "total": 0}}}, {"16.6": {"batsman": "IK Pathan", "bowler": "VY Mahesh", "non_striker": "Yuvraj Singh", "runs": {"batsman": 1, "extras": 0, "total": 1}}}, {"17.1": {"batsman": "IK Pathan", "bowler": "Mohammad Asif", "non_striker": "Yuvraj Singh", "runs": {"batsman": 4, "extras": 0, "total": 4}}}, {"17.2": {"batsman": "IK Pathan", "bowler": "Mohammad Asif", "extras": {"legbyes": 1}, "non_striker": "Yuvraj Singh", "runs": {"batsman": 0, "extras": 1, "total": 1}}}, {"17.3": {"batsman": "Yuvraj Singh", "bowler": "Mohammad Asif", "non_striker": "IK Pathan", "runs": {"batsman": 1, "extras": 0, "total": 1}}}, {"17.4": {"batsman": "IK Pathan", "bowler": "Mohammad Asif", "extras": {"noballs": 1}, "non_striker": "Yuvraj Singh", "runs": {"batsman": 1, "extras": 1, "total": 2}}}, {"17.5": {"batsman": "Yuvraj Singh", "bowler": "Mohammad Asif", "non_striker": "IK Pathan", "runs": {"batsman": 1, "extras": 0, "total": 1}}}, {"17.6": {"batsman": "IK Pathan", "bowler": "Mohammad Asif", "non_striker": "Yuvraj Singh", "runs": {"batsman": 4, "extras": 0, "total": 4}}}, {"17.7": {"batsman": "IK Pathan", "bowler": "Mohammad Asif", "non_striker": "Yuvraj Singh", "runs": {"batsman": 0, "extras": 0, "total": 0}, "wicket": {"fielders": ["KD Karthik"], "kind": "caught", "player_out": "IK Pathan"}}}, {"18.1": {"batsman": "Yuvraj Singh", "bowler": "VY Mahesh", "non_striker": "B Lee", "runs": {"batsman": 0, "extras": 0, "total": 0}}}, {"18.2": {"batsman": "Yuvraj Singh", "bowler": "VY Mahesh", "non_striker": "B Lee", "runs": {"batsman": 1, "extras": 0, "total": 1}}}, {"18.3": {"batsman": "B Lee", "bowler": "VY Mahesh", "non_striker": "Yuvraj Singh", "runs": {"batsman": 0, "extras": 0, "total": 0}}}, {"18.4": {"batsman": "B Lee", "bowler": "VY Mahesh", "non_striker": "Yuvraj Singh", "runs": {"batsman": 0, "extras": 0, "total": 0}}}, {"18.5": {"batsman": "B Lee", "bowler": "VY Mahesh", "non_striker": "Yuvraj Singh", "runs": {"batsman": 1, "extras": 0, "total": 1}}}, {"18.6": {"batsman": "Yuvraj Singh", "bowler": "VY Mahesh", "non_striker": "B Lee", "runs": {"batsman": 1, "extras": 0, "total": 1}}}, {"19.1": {"batsman": "Yuvraj Singh", "bowler": "Shoaib Malik", "non_striker": "B Lee", "runs": {"batsman": 0, "extras": 0, "total": 0}}}, {"19.2": {"batsman": "Yuvraj Singh", "bowler": "Shoaib Malik", "non_striker": "B Lee", "runs": {"batsman": 0, "extras": 0, "total": 0}}}, {"19.3": {"batsman": "Yuvraj Singh", "bowler": "Shoaib Malik", "non_striker": "B Lee", "runs": {"batsman": 4, "extras": 0, "total": 4}}}]