[{"0.1": {"batsman": "B Chipli", "bowler": "JDP Oram", "non_striker": "W Jaffer", "runs": {"batsman": 1, "extras": 0, "total": 1}}}, {"0.2": {"batsman": "W Jaffer", "bowler": "JDP Oram", "extras": {"wides": 1}, "non_striker": "B Chipli", "runs": {"batsman": 0, "extras": 1, "total": 1}}}, {"0.3": {"batsman": "W Jaffer", "bowler": "JDP Oram", "non_striker": "B Chipli", "runs": {"batsman": 0, "extras": 0, "total": 0}}}, {"0.4": {"batsman": "W Jaffer", "bowler": "JDP Oram", "non_striker": "B Chipli", "runs": {"batsman": 1, "extras": 0, "total": 1}}}, {"0.5": {"batsman": "B Chipli", "bowler": "JDP Oram", "non_striker": "W Jaffer", "runs": {"batsman": 0, "extras": 0, "total": 0}}}, {"0.6": {"batsman": "B Chipli", "bowler": "JDP Oram", "extras": {"wides": 1}, "non_striker": "W Jaffer", "runs": {"batsman": 0, "extras": 1, "total": 1}}}, {"0.7": {"batsman": "B Chipli", "bowler": "JDP Oram", "non_striker": "W Jaffer", "runs": {"batsman": 1, "extras": 0, "total": 1}}}, {"0.8": {"batsman": "W Jaffer", "bowler": "JDP Oram", "non_striker": "B Chipli", "runs": {"batsman": 1, "extras": 0, "total": 1}}}, {"1.1": {"batsman": "W Jaffer", "bowler": "MS Gony", "non_striker": "B Chipli", "runs": {"batsman": 1, "extras": 0, "total": 1}}}, {"1.2": {"batsman": "B Chipli", "bowler": "MS Gony", "non_striker": "W Jaffer", "runs": {"batsman": 0, "extras": 0, "total": 0}}}, {"1.3": {"batsman": "B Chipli", "bowler": "MS Gony", "non_striker": "W Jaffer", "runs": {"batsman": 0, "extras": 0, "total": 0}}}, {"1.4": {"batsman": "B Chipli", "bowler": "MS Gony", "non_striker": "W Jaffer", "runs": {"batsman": 4, "extras": 0, "total": 4}}}, {"1.5": {"batsman": "B Chipli", "bowler": "MS Gony", "non_striker": "W Jaffer", "runs": {"batsman": 0, "extras": 0, "total": 0}}}, {"1.6": {"batsman": "B Chipli", "bowler": "MS Gony", "non_striker": "W Jaffer", "runs": {"batsman": 1, "extras": 0, "total": 1}}}, {"2.1": {"batsman": "B Chipli", "bowler": "JDP Oram", "non_striker": "W Jaffer", "runs": {"batsman": 0, "extras": 0, "total": 0}}}, {"2.2": {"batsman": "B Chipli", "bowler": "JDP Oram", "non_striker": "W Jaffer", "runs": {"batsman": 1, "extras": 0, "total": 1}}}, {"2.3": {"batsman": "W Jaffer", "bowler": "JDP Oram", "non_striker": "B Chipli", "runs": {"batsman": 0, "extras": 0, "total": 0}}}, {"2.4": {"batsman": "W Jaffer", "bowler": "JDP Oram", "non_striker": "B Chipli", "runs": {"batsman": 0, "extras": 0, "total": 0}}}, {"2.5": {"batsman": "W Jaffer", "bowler": "JDP Oram", "non_striker": "B Chipli", "runs": {"batsman": 0, "extras": 0, "total": 0}}}, {"2.6": {"batsman": "W Jaffer", "bowler": "JDP Oram", "non_striker": "B Chipli", "runs": {"batsman": 0, "extras": 0, "total": 0}}}, {"3.1": {"batsman": "B Chipli", "bowler": "MS Gony", "non_striker": "W Jaffer", "runs": {"batsman": 0, "extras": 0, "total": 0}, "wicket": {"kind": "bowled", "player_out": "B Chipli"}}}, {"3.2": {"batsman": "LRPL Taylor", "bowler": "MS Gony", "non_striker": "W Jaffer", "runs": {"batsman": 2, "extras": 0, "total": 2}}}, {"3.3": {"batsman": "LRPL Taylor", "bowler": "MS Gony", "non_striker": "W Jaffer", "runs": {"batsman": 1, "extras": 0, "total": 1}}}, {"3.4": {"batsman": "W Jaffer", "bowler": "MS Gony", "non_striker": "LRPL Taylor", "runs": {"batsman": 4, "extras": 0, "total": 4}}}, {"3.5": {"batsman": "W Jaffer", "bowler": "MS Gony", "non_striker": "LRPL Taylor", "runs": {"batsman": 0, "extras": 0, "total": 0}}}, {"3.6": {"batsman": "W Jaffer", "bowler": "MS Gony", "non_striker": "LRPL Taylor", "runs": {"batsman": 0, "extras": 0, "total": 0}}}, {"4.1": {"batsman": "LRPL Taylor", "bowler": "JDP Oram", "non_striker": "W Jaffer", "runs": {"batsman": 0, "extras": 0, "total": 0}}}, {"4.2": {"batsman": "LRPL Taylor", "bowler": "JDP Oram", "non_striker": "W Jaffer", "runs": {"batsman": 6, "extras": 0, "total": 6}}}, {"4.3": {"batsman": "LRPL Taylor", "bowler": "JDP Oram", "non_striker": "W Jaffer", "runs": {"batsman": 1, "extras": 0, "total": 1}}}, {"4.4": {"batsman": "W Jaffer", "bowler": "JDP Oram", "non_striker": "LRPL Taylor", "runs": {"batsman": 1, "extras": 0, "total": 1}}}, {"4.5": {"batsman": "LRPL Taylor", "bowler": "JDP Oram", "non_striker": "W Jaffer", "runs": {"batsman": 0, "extras": 0, "total": 0}}}, {"4.6": {"batsman": "LRPL Taylor", "bowler": "JDP Oram", "non_striker": "W Jaffer", "runs": {"batsman": 4, "extras": 0, "total": 4}}}, {"5.1": {"batsman": "W Jaffer", "bowler": "MS Gony", "non_striker": "LRPL Taylor", "runs": {"batsman": 2, "extras": 0, "total": 2}}}, {"5.2": {"batsman": "W Jaffer", "bowler": "MS Gony", "non_striker": "LRPL Taylor", "runs": {"batsman": 0, "extras": 0, "total": 0}}}, {"5.3": {"batsman": "W Jaffer", "bowler": "MS Gony", "non_striker": "LRPL Taylor", "runs": {"batsman": 4, "extras": 0, "total": 4}}}, {"5.4": {"batsman": "W Jaffer", "bowler": "MS Gony", "non_striker": "LRPL Taylor", "runs": {"batsman": 1, "extras": 0, "total": 1}}}, {"5.5": {"batsman": "LRPL Taylor", "bowler": "MS Gony", "non_striker": "W Jaffer", "runs": {"batsman": 0, "extras": 0, "total": 0}}}, {"5.6": {"batsman": "LRPL Taylor", "bowler": "MS Gony", "non_striker": "W Jaffer", "runs": {"batsman": 6, "extras": 0, "total": 6}}}, {"6.1": {"batsman": "W Jaffer", "bowler": "JA Morkel", "non_striker": "LRPL Taylor", "runs": {"batsman": 1, "extras": 0, "total": 1}}}, {"6.2": {"batsman": "LRPL Taylor", "bowler": "JA Morkel", "non_striker": "W Jaffer", "runs": {"batsman": 1, "extras": 0, "total": 1}}}, {"6.3": {"batsman": "W Jaffer", "bowler": "JA Morkel", "non_striker": "LRPL Taylor", "runs": {"batsman": 1, "extras": 0, "total": 1}}}, {"6.4": {"batsman": "LRPL Taylor", "bowler": "JA Morkel", "extras": {"wides": 1}, "non_striker": "W Jaffer", "runs": {"batsman": 0, "extras": 1, "total": 1}}}, {"6.5": {"batsman": "LRPL Taylor", "bowler": "JA Morkel", "non_striker": "W Jaffer", "runs": {"batsman": 4, "extras": 0, "total": 4}}}, {"6.6": {"batsman": "LRPL Taylor", "bowler": "JA Morkel", "non_striker": "W Jaffer", "runs": {"batsman": 1, "extras": 0, "total": 1}}}, {"6.7": {"batsman": "W Jaffer", "bowler": "JA Morkel", "extras": {"wides": 1}, "non_striker": "LRPL Taylor", "runs": {"batsman": 0, "extras": 1, "total": 1}}}, {"6.8": {"batsman": "W Jaffer", "bowler": "JA Morkel", "non_striker": "LRPL Taylor", "runs": {"batsman": 1, "extras": 0, "total": 1}}}, {"7.1": {"batsman": "W Jaffer", "bowler": "P Amarnath", "non_striker": "LRPL Taylor", "runs": {"batsman": 4, "extras": 0, "total": 4}}}, {"7.2": {"batsman": "W Jaffer", "bowler": "P Amarnath", "non_striker": "LRPL Taylor", "runs": {"batsman": 1, "extras": 0, "total": 1}}}, {"7.3": {"batsman": "LRPL Taylor", "bowler": "P Amarnath", "non_striker": "W Jaffer", "runs": {"batsman": 2, "extras": 0, "total": 2}}}, {"7.4": {"batsman": "LRPL Taylor", "bowler": "P Amarnath", "non_striker": "W Jaffer", "runs": {"batsman": 1, "extras": 0, "total": 1}}}, {"7.5": {"batsman": "W Jaffer", "bowler": "P Amarnath", "non_striker": "LRPL Taylor", "runs": {"batsman": 4, "extras": 0, "total": 4}}}, {"7.6": {"batsman": "W Jaffer", "bowler": "P Amarnath", "non_striker": "LRPL Taylor", "runs": {"batsman": 1, "extras": 0, "total": 1}}}, {"8.1": {"batsman": "W Jaffer", "bowler": "JA Morkel", "extras": {"wides": 1}, "non_striker": "LRPL Taylor", "runs": {"batsman": 0, "extras": 1, "total": 1}}}, {"8.2": {"batsman": "W Jaffer", "bowler": "JA Morkel", "non_striker": "LRPL Taylor", "runs": {"batsman": 0, "extras": 0, "total": 0}}}, {"8.3": {"batsman": "W Jaffer", "bowler": "JA Morkel", "non_striker": "LRPL Taylor", "runs": {"batsman": 1, "extras": 0, "total": 1}}}, {"8.4": {"batsman": "LRPL Taylor", "bowler": "JA Morkel", "non_striker": "W Jaffer", "runs": {"batsman": 4, "extras": 0, "total": 4}}}, {"8.5": {"batsman": "LRPL Taylor", "bowler": "JA Morkel", "non_striker": "W Jaffer", "runs": {"batsman": 1, "extras": 0, "total": 1}}}, {"8.6": {"batsman": "W Jaffer", "bowler": "JA Morkel", "non_striker": "LRPL Taylor", "runs": {"batsman": 0, "extras": 0, "total": 0}}}, {"8.7": {"batsman": "W Jaffer", "bowler": "JA Morkel", "non_striker": "LRPL Taylor", "runs": {"batsman": 6, "extras": 0, "total": 6}}}, {"9.1": {"batsman": "LRPL Taylor", "bowler": "Joginder Sharma", "non_striker": "W Jaffer", "runs": {"batsman": 1, "extras": 0, "total": 1}}}, {"9.2": {"batsman": "W Jaffer", "bowler": "Joginder Sharma", "non_striker": "LRPL Taylor", "runs": {"batsman": 6, "extras": 0, "total": 6}}}, {"9.3": {"batsman": "W Jaffer", "bowler": "Joginder Sharma", "non_striker": "LRPL Taylor", "runs": {"batsman": 1, "extras": 0, "total": 1}}}, {"9.4": {"batsman": "LRPL Taylor", "bowler": "Joginder Sharma", "non_striker": "W Jaffer", "runs": {"batsman": 1, "extras": 0, "total": 1}}}, {"9.5": {"batsman": "W Jaffer", "bowler": "Joginder Sharma", "non_striker": "LRPL Taylor", "runs": {"batsman": 1, "extras": 0, "total": 1}}}, {"9.6": {"batsman": "LRPL Taylor", "bowler": "Joginder Sharma", "non_striker": "W Jaffer", "runs": {"batsman": 1, "extras": 0, "total": 1}}}, {"10.1": {"batsman": "LRPL Taylor", "bowler": "P Amarnath", "non_striker": "W Jaffer", "runs": {"batsman": 1, "extras": 0, "total": 1}}}, {"10.2": {"batsman": "W Jaffer", "bowler": "P Amarnath", "non_striker": "LRPL Taylor", "runs": {"batsman": 3, "extras": 0, "total": 3}}}, {"10.3": {"batsman": "LRPL Taylor", "bowler": "P Amarnath", "non_striker": "W Jaffer", "runs": {"batsman": 0, "extras": 0, "total": 0}}}, {"10.4": {"batsman": "LRPL Taylor", "bowler": "P Amarnath", "non_striker": "W Jaffer", "runs": {"batsman": 1, "extras": 0, "total": 1}}}, {"10.5": {"batsman": "W Jaffer", "bowler": "P Amarnath", "non_striker": "LRPL Taylor", "runs": {"batsman": 4, "extras": 0, "total": 4}}}, {"10.6": {"batsman": "W Jaffer", "bowler": "P Amarnath", "non_striker": "LRPL Taylor", "runs": {"batsman": 0, "extras": 0, "total": 0}, "wicket": {"fielders": ["JDP Oram"], "kind": "caught", "player_out": "W Jaffer"}}}, {"11.1": {"batsman": "JH Kallis", "bowler": "Joginder Sharma", "non_striker": "LRPL Taylor", "runs": {"batsman": 4, "extras": 0, "total": 4}}}, {"11.2": {"batsman": "JH Kallis", "bowler": "Joginder Sharma", "non_striker": "LRPL Taylor", "runs": {"batsman": 1, "extras": 0, "total": 1}}}, {"11.3": {"batsman": "LRPL Taylor", "bowler": "Joginder Sharma", "non_striker": "JH Kallis", "runs": {"batsman": 1, "extras": 0, "total": 1}}}, {"11.4": {"batsman": "JH Kallis", "bowler": "Joginder Sharma", "non_striker": "LRPL Taylor", "runs": {"batsman": 1, "extras": 0, "total": 1}}}, {"11.5": {"batsman": "LRPL Taylor", "bowler": "Joginder Sharma", "non_striker": "JH Kallis", "runs": {"batsman": 1, "extras": 0, "total": 1}}}, {"11.6": {"batsman": "JH Kallis", "bowler": "Joginder Sharma", "non_striker": "LRPL Taylor", "runs": {"batsman": 1, "extras": 0, "total": 1}}}, {"12.1": {"batsman": "JH Kallis", "bowler": "P Amarnath", "non_striker": "LRPL Taylor", "runs": {"batsman": 0, "extras": 0, "total": 0}}}, {"12.2": {"batsman": "JH Kallis", "bowler": "P Amarnath", "non_striker": "LRPL Taylor", "runs": {"batsman": 4, "extras": 0, "total": 4}}}, {"12.3": {"batsman": "JH Kallis", "bowler": "P Amarnath", "non_striker": "LRPL Taylor", "runs": {"batsman": 1, "extras": 0, "total": 1}}}, {"12.4": {"batsman": "LRPL Taylor", "bowler": "P Amarnath", "non_striker": "JH Kallis", "runs": {"batsman": 1, "extras": 0, "total": 1}}}, {"12.5": {"batsman": "JH Kallis", "bowler": "P Amarnath", "non_striker": "LRPL Taylor", "runs": {"batsman": 1, "extras": 0, "total": 1}}}, {"12.6": {"batsman": "LRPL Taylor", "bowler": "P Amarnath", "non_striker": "JH Kallis", "runs": {"batsman": 1, "extras": 0, "total": 1}}}, {"13.1": {"batsman": "LRPL Taylor", "bowler": "JA Morkel", "non_striker": "JH Kallis", "runs": {"batsman": 0, "extras": 0, "total": 0}}}, {"13.2": {"batsman": "LRPL Taylor", "bowler": "JA Morkel", "non_striker": "JH Kallis", "runs": {"batsman": 0, "extras": 0, "total": 0}}}, {"13.3": {"batsman": "LRPL Taylor", "bowler": "JA Morkel", "non_striker": "JH Kallis", "runs": {"batsman": 6, "extras": 0, "total": 6}}}, {"13.4": {"batsman": "LRPL Taylor", "bowler": "JA Morkel", "non_striker": "JH Kallis", "runs": {"batsman": 1, "extras": 0, "total": 1}}}, {"13.5": {"batsman": "JH Kallis", "bowler": "JA Morkel", "non_striker": "LRPL Taylor", "runs": {"batsman": 1, "extras": 0, "total": 1}}}, {"13.6": {"batsman": "LRPL Taylor", "bowler": "JA Morkel", "non_striker": "JH Kallis", "runs": {"batsman": 0, "extras": 0, "total": 0}}}, {"14.1": {"batsman": "JH Kallis", "bowler": "Joginder Sharma", "non_striker": "LRPL Taylor", "runs": {"batsman": 0, "extras": 0, "total": 0}, "wicket": {"fielders": ["MS Dhoni"], "kind": "caught", "player_out": "JH Kallis"}}}, {"14.2": {"batsman": "MV Boucher", "bowler": "Joginder Sharma", "non_striker": "LRPL Taylor", "runs": {"batsman": 0, "extras": 0, "total": 0}}}, {"14.3": {"batsman": "MV Boucher", "bowler": "Joginder Sharma", "non_striker": "LRPL Taylor", "runs": {"batsman": 1, "extras": 0, "total": 1}}}, {"14.4": {"batsman": "LRPL Taylor", "bowler": "Joginder Sharma", "non_striker": "MV Boucher", "runs": {"batsman": 2, "extras": 0, "total": 2}}}, {"14.5": {"batsman": "LRPL Taylor", "bowler": "Joginder Sharma", "extras": {"wides": 1}, "non_striker": "MV Boucher", "runs": {"batsman": 0, "extras": 1, "total": 1}}}, {"14.6": {"batsman": "LRPL Taylor", "bowler": "Joginder Sharma", "non_striker": "MV Boucher", "runs": {"batsman": 1, "extras": 0, "total": 1}}}, {"14.7": {"batsman": "MV Boucher", "bowler": "Joginder Sharma", "non_striker": "LRPL Taylor", "runs": {"batsman": 0, "extras": 0, "total": 0}}}, {"15.1": {"batsman": "LRPL Taylor", "bowler": "P Amarnath", "non_striker": "MV Boucher", "runs": {"batsman": 0, "extras": 0, "total": 0}, "wicket": {"fielders": ["SK Raina"], "kind": "caught", "player_out": "LRPL Taylor"}}}, {"15.2": {"batsman": "V Kohli", "bowler": "P Amarnath", "non_striker": "MV Boucher", "runs": {"batsman": 1, "extras": 0, "total": 1}}}, {"15.3": {"batsman": "MV Boucher", "bowler": "P Amarnath", "non_striker": "V Kohli", "runs": {"batsman": 1, "extras": 0, "total": 1}}}, {"15.4": {"batsman": "V Kohli", "bowler": "P Amarnath", "non_striker": "MV Boucher", "runs": {"batsman": 2, "extras": 0, "total": 2}}}, {"15.5": {"batsman": "V Kohli", "bowler": "P Amarnath", "non_striker": "MV Boucher", "runs": {"batsman": 0, "extras": 0, "total": 0}}}, {"15.6": {"batsman": "V Kohli", "bowler": "P Amarnath", "non_striker": "MV Boucher", "runs": {"batsman": 4, "extras": 0, "total": 4}}}, {"16.1": {"batsman": "MV Boucher", "bowler": "MS Gony", "non_striker": "V Kohli", "runs": {"batsman": 2, "extras": 0, "total": 2}}}, {"16.2": {"batsman": "MV Boucher", "bowler": "MS Gony", "non_striker": "V Kohli", "runs": {"batsman": 0, "extras": 0, "total": 0}, "wicket": {"fielders": ["MEK Hussey"], "kind": "caught", "player_out": "MV Boucher"}}}, {"16.3": {"batsman": "V Kohli", "bowler": "MS Gony", "non_striker": "R Dravid", "runs": {"batsman": 1, "extras": 0, "total": 1}}}, {"16.4": {"batsman": "R Dravid", "bowler": "MS Gony", "non_striker": "V Kohli", "runs": {"batsman": 0, "extras": 0, "total": 0}, "wicket": {"kind": "lbw", "player_out": "R Dravid"}}}, {"16.5": {"batsman": "P Kumar", "bowler": "MS Gony", "non_striker": "V Kohli", "runs": {"batsman": 1, "extras": 0, "total": 1}}}, {"16.6": {"batsman": "V Kohli", "bowler": "MS Gony", "non_striker": "P Kumar", "runs": {"batsman": 4, "extras": 0, "total": 4}}}, {"17.1": {"batsman": "P Kumar", "bowler": "JA Morkel", "non_striker": "V Kohli", "runs": {"batsman": 1, "extras": 0, "total": 1}}}, {"17.2": {"batsman": "V Kohli", "bowler": "JA Morkel", "non_striker": "P Kumar", "runs": {"batsman": 0, "extras": 0, "total": 0}, "wicket": {"kind": "bowled", "player_out": "V Kohli"}}}, {"17.3": {"batsman": "Z Khan", "bowler": "JA Morkel", "non_striker": "P Kumar", "runs": {"batsman": 1, "extras": 0, "total": 1}}}, {"17.4": {"batsman": "P Kumar", "bowler": "JA Morkel", "non_striker": "Z Khan", "runs": {"batsman": 1, "extras": 0, "total": 1}}}, {"17.5": {"batsman": "Z Khan", "bowler": "JA Morkel", "non_striker": "P Kumar", "runs": {"batsman": 1, "extras": 0, "total": 1}}}, {"17.6": {"batsman": "P Kumar", "bowler": "JA Morkel", "non_striker": "Z Khan", "runs": {"batsman": 2, "extras": 0, "total": 2}}}, {"18.1": {"batsman": "Z Khan", "bowler": "JDP Oram", "non_striker": "P Kumar", "runs": {"batsman": 1, "extras": 0, "total": 1}}}, {"18.2": {"batsman": "P Kumar", "bowler": "JDP Oram", "non_striker": "Z Khan", "runs": {"batsman": 1, "extras": 0, "total": 1}}}, {"18.3": {"batsman": "Z Khan", "bowler": "JDP Oram", "non_striker": "P Kumar", "runs": {"batsman": 4, "extras": 0, "total": 4}}}, {"18.4": {"batsman": "Z Khan", "bowler": "JDP Oram", "non_striker": "P Kumar", "runs": {"batsman": 0, "extras": 0, "total": 0}}}, {"18.5": {"batsman": "Z Khan", "bowler": "JDP Oram", "non_striker": "P Kumar", "runs": {"batsman": 1, "extras": 0, "total": 1}, "wicket": {"fielders": ["SK Raina", "MS Dhoni"], "kind": "run out", "player_out": "Z Khan"}}}, {"18.6": {"batsman": "B Akhil", "bowler": "JDP Oram", "non_striker": "P Kumar", "runs": {"batsman": 1, "extras": 0, "total": 1}, "wicket": {"fielders": ["Joginder Sharma", "JDP Oram", "MS Dhoni"], "kind": "run out", "player_out": "P Kumar"}}}, {"19.1": {"batsman": "B Akhil", "bowler": "Joginder Sharma", "non_striker": "DW Steyn", "runs": {"batsman": 1, "extras": 0, "total": 1}}}, {"19.2": {"batsman": "DW Steyn", "bowler": "Joginder Sharma", "non_striker": "B Akhil", "runs": {"batsman": 1, "extras": 0, "total": 1}}}, {"19.3": {"batsman": "B Akhil", "bowler": "Joginder Sharma", "extras": {"legbyes": 1}, "non_striker": "DW Steyn", "runs": {"batsman": 0, "extras": 1, "total": 1}}}, {"19.4": {"batsman": "DW Steyn", "bowler": "Joginder Sharma", "non_striker": "B Akhil", "runs": {"batsman": 0, "extras": 0, "total": 0}, "wicket": {"fielders": ["MEK Hussey"], "kind": "caught", "player_out": "DW Steyn"}}}]