[{"0.1": {"batsman": "P Kumar", "bowler": "GD McGrath", "non_striker": "W Jaffer", "runs": {"batsman": 0, "extras": 0, "total": 0}}}, {"0.2": {"batsman": "P Kumar", "bowler": "GD McGrath", "non_striker": "W Jaffer", "runs": {"batsman": 4, "extras": 0, "total": 4}}}, {"0.3": {"batsman": "P Kumar", "bowler": "GD McGrath", "non_striker": "W Jaffer", "runs": {"batsman": 0, "extras": 0, "total": 0}}}, {"0.4": {"batsman": "P Kumar", "bowler": "GD McGrath", "non_striker": "W Jaffer", "runs": {"batsman": 2, "extras": 0, "total": 2}}}, {"0.5": {"batsman": "P Kumar", "bowler": "GD McGrath", "non_striker": "W Jaffer", "runs": {"batsman": 0, "extras": 0, "total": 0}, "wicket": {"fielders": ["S Dhawan"], "kind": "caught", "player_out": "P Kumar"}}}, {"0.6": {"batsman": "LRPL Taylor", "bowler": "GD McGrath", "non_striker": "W Jaffer", "runs": {"batsman": 1, "extras": 0, "total": 1}}}, {"1.1": {"batsman": "LRPL Taylor", "bowler": "Mohammad Asif", "non_striker": "W Jaffer", "runs": {"batsman": 0, "extras": 0, "total": 0}}}, {"1.2": {"batsman": "LRPL Taylor", "bowler": "Mohammad Asif", "non_striker": "W Jaffer", "runs": {"batsman": 0, "extras": 0, "total": 0}}}, {"1.3": {"batsman": "LRPL Taylor", "bowler": "Mohammad Asif", "non_striker": "W Jaffer", "runs": {"batsman": 4, "extras": 0, "total": 4}}}, {"1.4": {"batsman": "LRPL Taylor", "bowler": "Mohammad Asif", "non_striker": "W Jaffer", "runs": {"batsman": 1, "extras": 0, "total": 1}}}, {"1.5": {"batsman": "W Jaffer", "bowler": "Mohammad Asif", "non_striker": "LRPL Taylor", "runs": {"batsman": 1, "extras": 0, "total": 1}}}, {"1.6": {"batsman": "LRPL Taylor", "bowler": "Mohammad Asif", "non_striker": "W Jaffer", "runs": {"batsman": 4, "extras": 0, "total": 4}}}, {"2.1": {"batsman": "W Jaffer", "bowler": "GD McGrath", "non_striker": "LRPL Taylor", "runs": {"batsman": 1, "extras": 0, "total": 1}}}, {"2.2": {"batsman": "LRPL Taylor", "bowler": "GD McGrath", "non_striker": "W Jaffer", "runs": {"batsman": 1, "extras": 0, "total": 1}}}, {"2.3": {"batsman": "W Jaffer", "bowler": "GD McGrath", "non_striker": "LRPL Taylor", "runs": {"batsman": 1, "extras": 0, "total": 1}}}, {"2.4": {"batsman": "LRPL Taylor", "bowler": "GD McGrath", "non_striker": "W Jaffer", "runs": {"batsman": 6, "extras": 0, "total": 6}}}, {"2.5": {"batsman": "LRPL Taylor", "bowler": "GD McGrath", "non_striker": "W Jaffer", "runs": {"batsman": 1, "extras": 0, "total": 1}}}, {"2.6": {"batsman": "W Jaffer", "bowler": "GD McGrath", "non_striker": "LRPL Taylor", "runs": {"batsman": 0, "extras": 0, "total": 0}}}, {"3.1": {"batsman": "LRPL Taylor", "bowler": "Mohammad Asif", "non_striker": "W Jaffer", "runs": {"batsman": 6, "extras": 0, "total": 6}}}, {"3.2": {"batsman": "LRPL Taylor", "bowler": "Mohammad Asif", "extras": {"legbyes": 2}, "non_striker": "W Jaffer", "runs": {"batsman": 0, "extras": 2, "total": 2}}}, {"3.3": {"batsman": "LRPL Taylor", "bowler": "Mohammad Asif", "non_striker": "W Jaffer", "runs": {"batsman": 0, "extras": 0, "total": 0}}}, {"3.4": {"batsman": "LRPL Taylor", "bowler": "Mohammad Asif", "non_striker": "W Jaffer", "runs": {"batsman": 1, "extras": 0, "total": 1}}}, {"3.5": {"batsman": "W Jaffer", "bowler": "Mohammad Asif", "non_striker": "LRPL Taylor", "runs": {"batsman": 6, "extras": 0, "total": 6}}}, {"3.6": {"batsman": "W Jaffer", "bowler": "Mohammad Asif", "non_striker": "LRPL Taylor", "runs": {"batsman": 0, "extras": 0, "total": 0}}}, {"4.1": {"batsman": "LRPL Taylor", "bowler": "GD McGrath", "non_striker": "W Jaffer", "runs": {"batsman": 4, "extras": 0, "total": 4}}}, {"4.2": {"batsman": "LRPL Taylor", "bowler": "GD McGrath", "non_striker": "W Jaffer", "runs": {"batsman": 0, "extras": 0, "total": 0}, "wicket": {"fielders": ["S Dhawan"], "kind": "caught", "player_out": "LRPL Taylor"}}}, {"4.3": {"batsman": "W Jaffer", "bowler": "GD McGrath", "non_striker": "JH Kallis", "runs": {"batsman": 1, "extras": 0, "total": 1}}}, {"4.4": {"batsman": "JH Kallis", "bowler": "GD McGrath", "non_striker": "W Jaffer", "runs": {"batsman": 1, "extras": 0, "total": 1}}}, {"4.5": {"batsman": "W Jaffer", "bowler": "GD McGrath", "non_striker": "JH Kallis", "runs": {"batsman": 0, "extras": 0, "total": 0}}}, {"4.6": {"batsman": "W Jaffer", "bowler": "GD McGrath", "non_striker": "JH Kallis", "runs": {"batsman": 0, "extras": 0, "total": 0}, "wicket": {"fielders": ["VY Mahesh"], "kind": "caught", "player_out": "W Jaffer"}}}, {"5.1": {"batsman": "R Dravid", "bowler": "VY Mahesh", "non_striker": "JH Kallis", "runs": {"batsman": 0, "extras": 0, "total": 0}}}, {"5.2": {"batsman": "R Dravid", "bowler": "VY Mahesh", "non_striker": "JH Kallis", "runs": {"batsman": 1, "extras": 0, "total": 1}}}, {"5.3": {"batsman": "JH Kallis", "bowler": "VY Mahesh", "non_striker": "R Dravid", "runs": {"batsman": 0, "extras": 0, "total": 0}}}, {"5.4": {"batsman": "JH Kallis", "bowler": "VY Mahesh", "non_striker": "R Dravid", "runs": {"batsman": 4, "extras": 0, "total": 4}}}, {"5.5": {"batsman": "JH Kallis", "bowler": "VY Mahesh", "non_striker": "R Dravid", "runs": {"batsman": 1, "extras": 0, "total": 1}}}, {"5.6": {"batsman": "R Dravid", "bowler": "VY Mahesh", "non_striker": "JH Kallis", "runs": {"batsman": 1, "extras": 0, "total": 1}}}, {"6.1": {"batsman": "R Dravid", "bowler": "DL Vettori", "non_striker": "JH Kallis", "runs": {"batsman": 1, "extras": 0, "total": 1}}}, {"6.2": {"batsman": "JH Kallis", "bowler": "DL Vettori", "non_striker": "R Dravid", "runs": {"batsman": 0, "extras": 0, "total": 0}}}, {"6.3": {"batsman": "JH Kallis", "bowler": "DL Vettori", "non_striker": "R Dravid", "runs": {"batsman": 1, "extras": 0, "total": 1}}}, {"6.4": {"batsman": "R Dravid", "bowler": "DL Vettori", "non_striker": "JH Kallis", "runs": {"batsman": 0, "extras": 0, "total": 0}}}, {"6.5": {"batsman": "R Dravid", "bowler": "DL Vettori", "non_striker": "JH Kallis", "runs": {"batsman": 1, "extras": 0, "total": 1}}}, {"6.6": {"batsman": "JH Kallis", "bowler": "DL Vettori", "non_striker": "R Dravid", "runs": {"batsman": 1, "extras": 0, "total": 1}}}, {"7.1": {"batsman": "JH Kallis", "bowler": "VY Mahesh", "non_striker": "R Dravid", "runs": {"batsman": 0, "extras": 0, "total": 0}}}, {"7.2": {"batsman": "JH Kallis", "bowler": "VY Mahesh", "non_striker": "R Dravid", "runs": {"batsman": 1, "extras": 0, "total": 1}}}, {"7.3": {"batsman": "R Dravid", "bowler": "VY Mahesh", "extras": {"noballs": 1}, "non_striker": "JH Kallis", "runs": {"batsman": 1, "extras": 1, "total": 2}}}, {"7.4": {"batsman": "JH Kallis", "bowler": "VY Mahesh", "non_striker": "R Dravid", "runs": {"batsman": 1, "extras": 0, "total": 1}}}, {"7.5": {"batsman": "R Dravid", "bowler": "VY Mahesh", "non_striker": "JH Kallis", "runs": {"batsman": 1, "extras": 0, "total": 1}}}, {"7.6": {"batsman": "JH Kallis", "bowler": "VY Mahesh", "non_striker": "R Dravid", "runs": {"batsman": 1, "extras": 0, "total": 1}}}, {"7.7": {"batsman": "R Dravid", "bowler": "VY Mahesh", "non_striker": "JH Kallis", "runs": {"batsman": 0, "extras": 0, "total": 0}}}, {"8.1": {"batsman": "JH Kallis", "bowler": "DL Vettori", "non_striker": "R Dravid", "runs": {"batsman": 1, "extras": 0, "total": 1}}}, {"8.2": {"batsman": "R Dravid", "bowler": "DL Vettori", "non_striker": "JH Kallis", "runs": {"batsman": 4, "extras": 0, "total": 4}}}, {"8.3": {"batsman": "R Dravid", "bowler": "DL Vettori", "non_striker": "JH Kallis", "runs": {"batsman": 0, "extras": 0, "total": 0}}}, {"8.4": {"batsman": "R Dravid", "bowler": "DL Vettori", "non_striker": "JH Kallis", "runs": {"batsman": 0, "extras": 0, "total": 0}}}, {"8.5": {"batsman": "R Dravid", "bowler": "DL Vettori", "non_striker": "JH Kallis", "runs": {"batsman": 0, "extras": 0, "total": 0}}}, {"8.6": {"batsman": "R Dravid", "bowler": "DL Vettori", "non_striker": "JH Kallis", "runs": {"batsman": 1, "extras": 0, "total": 1}}}, {"9.1": {"batsman": "R Dravid", "bowler": "VY Mahesh", "non_striker": "JH Kallis", "runs": {"batsman": 1, "extras": 0, "total": 1}}}, {"9.2": {"batsman": "JH Kallis", "bowler": "VY Mahesh", "non_striker": "R Dravid", "runs": {"batsman": 4, "extras": 0, "total": 4}}}, {"9.3": {"batsman": "JH Kallis", "bowler": "VY Mahesh", "extras": {"legbyes": 1}, "non_striker": "R Dravid", "runs": {"batsman": 0, "extras": 1, "total": 1}}}, {"9.4": {"batsman": "R Dravid", "bowler": "VY Mahesh", "non_striker": "JH Kallis", "runs": {"batsman": 1, "extras": 0, "total": 1}}}, {"9.5": {"batsman": "JH Kallis", "bowler": "VY Mahesh", "non_striker": "R Dravid", "runs": {"batsman": 1, "extras": 0, "total": 1}}}, {"9.6": {"batsman": "R Dravid", "bowler": "VY Mahesh", "non_striker": "JH Kallis", "runs": {"batsman": 4, "extras": 0, "total": 4}}}, {"10.1": {"batsman": "JH Kallis", "bowler": "R Bhatia", "non_striker": "R Dravid", "runs": {"batsman": 1, "extras": 0, "total": 1}}}, {"10.2": {"batsman": "R Dravid", "bowler": "R Bhatia", "non_striker": "JH Kallis", "runs": {"batsman": 4, "extras": 0, "total": 4}}}, {"10.3": {"batsman": "R Dravid", "bowler": "R Bhatia", "non_striker": "JH Kallis", "runs": {"batsman": 4, "extras": 0, "total": 4}}}, {"10.4": {"batsman": "R Dravid", "bowler": "R Bhatia", "non_striker": "JH Kallis", "runs": {"batsman": 1, "extras": 0, "total": 1}}}, {"10.5": {"batsman": "JH Kallis", "bowler": "R Bhatia", "non_striker": "R Dravid", "runs": {"batsman": 4, "extras": 0, "total": 4}}}, {"10.6": {"batsman": "JH Kallis", "bowler": "R Bhatia", "non_striker": "R Dravid", "runs": {"batsman": 0, "extras": 0, "total": 0}}}, {"11.1": {"batsman": "R Dravid", "bowler": "Shoaib Malik", "non_striker": "JH Kallis", "runs": {"batsman": 1, "extras": 0, "total": 1}}}, {"11.2": {"batsman": "JH Kallis", "bowler": "Shoaib Malik", "non_striker": "R Dravid", "runs": {"batsman": 0, "extras": 0, "total": 0}}}, {"11.3": {"batsman": "JH Kallis", "bowler": "Shoaib Malik", "non_striker": "R Dravid", "runs": {"batsman": 1, "extras": 0, "total": 1}}}, {"11.4": {"batsman": "R Dravid", "bowler": "Shoaib Malik", "non_striker": "JH Kallis", "runs": {"batsman": 6, "extras": 0, "total": 6}}}, {"11.5": {"batsman": "R Dravid", "bowler": "Shoaib Malik", "extras": {"byes": 1}, "non_striker": "JH Kallis", "runs": {"batsman": 0, "extras": 1, "total": 1}}}, {"11.6": {"batsman": "JH Kallis", "bowler": "Shoaib Malik", "extras": {"legbyes": 1}, "non_striker": "R Dravid", "runs": {"batsman": 0, "extras": 1, "total": 1}}}, {"12.1": {"batsman": "JH Kallis", "bowler": "Mohammad Asif", "non_striker": "R Dravid", "runs": {"batsman": 1, "extras": 0, "total": 1}}}, {"12.2": {"batsman": "R Dravid", "bowler": "Mohammad Asif", "non_striker": "JH Kallis", "runs": {"batsman": 1, "extras": 0, "total": 1}}}, {"12.3": {"batsman": "JH Kallis", "bowler": "Mohammad Asif", "extras": {"legbyes": 4}, "non_striker": "R Dravid", "runs": {"batsman": 0, "extras": 4, "total": 4}}}, {"12.4": {"batsman": "JH Kallis", "bowler": "Mohammad Asif", "non_striker": "R Dravid", "runs": {"batsman": 0, "extras": 0, "total": 0}}}, {"12.5": {"batsman": "JH Kallis", "bowler": "Mohammad Asif", "non_striker": "R Dravid", "runs": {"batsman": 4, "extras": 0, "total": 4}}}, {"12.6": {"batsman": "JH Kallis", "bowler": "Mohammad Asif", "non_striker": "R Dravid", "runs": {"batsman": 1, "extras": 0, "total": 1}}}, {"13.1": {"batsman": "JH Kallis", "bowler": "V Sehwag", "non_striker": "R Dravid", "runs": {"batsman": 1, "extras": 0, "total": 1}}}, {"13.2": {"batsman": "R Dravid", "bowler": "V Sehwag", "non_striker": "JH Kallis", "runs": {"batsman": 1, "extras": 0, "total": 1}}}, {"13.3": {"batsman": "JH Kallis", "bowler": "V Sehwag", "extras": {"legbyes": 1}, "non_striker": "R Dravid", "runs": {"batsman": 0, "extras": 1, "total": 1}}}, {"13.4": {"batsman": "R Dravid", "bowler": "V Sehwag", "non_striker": "JH Kallis", "runs": {"batsman": 1, "extras": 0, "total": 1}}}, {"13.5": {"batsman": "JH Kallis", "bowler": "V Sehwag", "non_striker": "R Dravid", "runs": {"batsman": 2, "extras": 0, "total": 2}}}, {"13.6": {"batsman": "JH Kallis", "bowler": "V Sehwag", "non_striker": "R Dravid", "runs": {"batsman": 6, "extras": 0, "total": 6}}}, {"14.1": {"batsman": "R Dravid", "bowler": "DL Vettori", "non_striker": "JH Kallis", "runs": {"batsman": 0, "extras": 0, "total": 0}}}, {"14.2": {"batsman": "R Dravid", "bowler": "DL Vettori", "non_striker": "JH Kallis", "runs": {"batsman": 1, "extras": 0, "total": 1}}}, {"14.3": {"batsman": "JH Kallis", "bowler": "DL Vettori", "non_striker": "R Dravid", "runs": {"batsman": 0, "extras": 0, "total": 0}}}, {"14.4": {"batsman": "JH Kallis", "bowler": "DL Vettori", "non_striker": "R Dravid", "runs": {"batsman": 1, "extras": 0, "total": 1}}}, {"14.5": {"batsman": "R Dravid", "bowler": "DL Vettori", "non_striker": "JH Kallis", "runs": {"batsman": 1, "extras": 0, "total": 1}}}, {"14.6": {"batsman": "JH Kallis", "bowler": "DL Vettori", "non_striker": "R Dravid", "runs": {"batsman": 1, "extras": 0, "total": 1}}}, {"15.1": {"batsman": "JH Kallis", "bowler": "GD McGrath", "non_striker": "R Dravid", "runs": {"batsman": 0, "extras": 0, "total": 0}}}, {"15.2": {"batsman": "JH Kallis", "bowler": "GD McGrath", "non_striker": "R Dravid", "runs": {"batsman": 1, "extras": 0, "total": 1}}}, {"15.3": {"batsman": "R Dravid", "bowler": "GD McGrath", "non_striker": "JH Kallis", "runs": {"batsman": 0, "extras": 0, "total": 0}, "wicket": {"fielders": ["V Sehwag"], "kind": "caught", "player_out": "R Dravid"}}}, {"15.4": {"batsman": "JH Kallis", "bowler": "GD McGrath", "non_striker": "MV Boucher", "runs": {"batsman": 1, "extras": 0, "total": 1}}}, {"15.5": {"batsman": "MV Boucher", "bowler": "GD McGrath", "non_striker": "JH Kallis", "runs": {"batsman": 0, "extras": 0, "total": 0}}}, {"15.6": {"batsman": "MV Boucher", "bowler": "GD McGrath", "non_striker": "JH Kallis", "runs": {"batsman": 4, "extras": 0, "total": 4}}}, {"16.1": {"batsman": "JH Kallis", "bowler": "VY Mahesh", "non_striker": "MV Boucher", "runs": {"batsman": 0, "extras": 0, "total": 0}}}, {"16.2": {"batsman": "JH Kallis", "bowler": "VY Mahesh", "non_striker": "MV Boucher", "runs": {"batsman": 1, "extras": 0, "total": 1}}}, {"16.3": {"batsman": "MV Boucher", "bowler": "VY Mahesh", "non_striker": "JH Kallis", "runs": {"batsman": 0, "extras": 0, "total": 0}}}, {"16.4": {"batsman": "MV Boucher", "bowler": "VY Mahesh", "non_striker": "JH Kallis", "runs": {"batsman": 0, "extras": 0, "total": 0}}}, {"16.5": {"batsman": "MV Boucher", "bowler": "VY Mahesh", "non_striker": "JH Kallis", "runs": {"batsman": 2, "extras": 0, "total": 2}}}, {"16.6": {"batsman": "MV Boucher", "bowler": "VY Mahesh", "non_striker": "JH Kallis", "runs": {"batsman": 1, "extras": 0, "total": 1}}}, {"17.1": {"batsman": "MV Boucher", "bowler": "Mohammad Asif", "extras": {"legbyes": 1}, "non_striker": "JH Kallis", "runs": {"batsman": 0, "extras": 1, "total": 1}}}, {"17.2": {"batsman": "JH Kallis", "bowler": "Mohammad Asif", "non_striker": "MV Boucher", "runs": {"batsman": 4, "extras": 0, "total": 4}}}, {"17.3": {"batsman": "JH Kallis", "bowler": "Mohammad Asif", "non_striker": "MV Boucher", "runs": {"batsman": 4, "extras": 0, "total": 4}}}, {"17.4": {"batsman": "JH Kallis", "bowler": "Mohammad Asif", "non_striker": "MV Boucher", "runs": {"batsman": 1, "extras": 0, "total": 1}}}, {"17.5": {"batsman": "MV Boucher", "bowler": "Mohammad Asif", "non_striker": "JH Kallis", "runs": {"batsman": 2, "extras": 0, "total": 2}}}, {"17.6": {"batsman": "MV Boucher", "bowler": "Mohammad Asif", "non_striker": "JH Kallis", "runs": {"batsman": 1, "extras": 0, "total": 1}}}, {"18.1": {"batsman": "MV Boucher", "bowler": "DL Vettori", "non_striker": "JH Kallis", "runs": {"batsman": 1, "extras": 0, "total": 1}}}, {"18.2": {"batsman": "JH Kallis", "bowler": "DL Vettori", "non_striker": "MV Boucher", "runs": {"batsman": 1, "extras": 0, "total": 1}}}, {"18.3": {"batsman": "MV Boucher", "bowler": "DL Vettori", "non_striker": "JH Kallis", "runs": {"batsman": 1, "extras": 0, "total": 1}}}, {"18.4": {"batsman": "JH Kallis", "bowler": "DL Vettori", "non_striker": "MV Boucher", "runs": {"batsman": 1, "extras": 0, "total": 1}}}, {"18.5": {"batsman": "MV Boucher", "bowler": "DL Vettori", "non_striker": "JH Kallis", "runs": {"batsman": 1, "extras": 0, "total": 1}}}, {"18.6": {"batsman": "JH Kallis", "bowler": "DL Vettori", "non_striker": "MV Boucher", "runs": {"batsman": 0, "extras": 0, "total": 0}, "wicket": {"kind": "bowled", "player_out": "JH Kallis"}}}, {"19.1": {"batsman": "MV Boucher", "bowler": "V Sehwag", "non_striker": "V Kohli", "runs": {"batsman": 6, "extras": 0, "total": 6}}}, {"19.2": {"batsman": "MV Boucher", "bowler": "V Sehwag", "non_striker": "V Kohli", "runs": {"batsman": 1, "extras": 0, "total": 1}}}, {"19.3": {"batsman": "V Kohli", "bowler": "V Sehwag", "non_striker": "MV Boucher", "runs": {"batsman": 1, "extras": 0, "total": 1}}}, {"19.4": {"batsman": "MV Boucher", "bowler": "V Sehwag", "non_striker": "V Kohli", "runs": {"batsman": 6, "extras": 0, "total": 6}}}, {"19.5": {"batsman": "MV Boucher", "bowler": "V Sehwag", "non_striker": "V Kohli", "runs": {"batsman": 4, "extras": 0, "total": 4}}}, {"19.6": {"batsman": "MV Boucher", "bowler": "V Sehwag", "non_striker": "V Kohli", "runs": {"batsman": 1, "extras": 0, "total": 1}}}]