[{"0.1": {"batsman": "L Ronchi", "bowler": "JDP Oram", "non_striker": "ST Jayasuriya", "runs": {"batsman": 0, "extras": 0, "total": 0}}}, {"0.2": {"batsman": "L Ronchi", "bowler": "JDP Oram", "extras": {"wides": 1}, "non_striker": "ST Jayasuriya", "runs": {"batsman": 0, "extras": 1, "total": 1}}}, {"0.3": {"batsman": "L Ronchi", "bowler": "JDP Oram", "non_striker": "ST Jayasuriya", "runs": {"batsman": 1, "extras": 0, "total": 1}}}, {"0.4": {"batsman": "ST Jayasuriya", "bowler": "JDP Oram", "non_striker": "L Ronchi", "runs": {"batsman": 4, "extras": 0, "total": 4}}}, {"0.5": {"batsman": "ST Jayasuriya", "bowler": "JDP Oram", "extras": {"wides": 1}, "non_striker": "L Ronchi", "runs": {"batsman": 0, "extras": 1, "total": 1}}}, {"0.6": {"batsman": "ST Jayasuriya", "bowler": "JDP Oram", "non_striker": "L Ronchi", "runs": {"batsman": 1, "extras": 0, "total": 1}}}, {"0.7": {"batsman": "L Ronchi", "bowler": "JDP Oram", "non_striker": "ST Jayasuriya", "runs": {"batsman": 1, "extras": 0, "total": 1}}}, {"0.8": {"batsman": "ST Jayasuriya", "bowler": "JDP Oram", "non_striker": "L Ronchi", "runs": {"batsman": 0, "extras": 0, "total": 0}, "wicket": {"fielders": ["S Badrinath"], "kind": "run out", "player_out": "L Ronchi"}}}, {"1.1": {"batsman": "RV Uthappa", "bowler": "MS Gony", "extras": {"legbyes": 4}, "non_striker": "ST Jayasuriya", "runs": {"batsman": 0, "extras": 4, "total": 4}}}, {"1.2": {"batsman": "RV Uthappa", "bowler": "MS Gony", "non_striker": "ST Jayasuriya", "runs": {"batsman": 0, "extras": 0, "total": 0}}}, {"1.3": {"batsman": "RV Uthappa", "bowler": "MS Gony", "non_striker": "ST Jayasuriya", "runs": {"batsman": 0, "extras": 0, "total": 0}}}, {"1.4": {"batsman": "RV Uthappa", "bowler": "MS Gony", "non_striker": "ST Jayasuriya", "runs": {"batsman": 0, "extras": 0, "total": 0}}}, {"1.5": {"batsman": "RV Uthappa", "bowler": "MS Gony", "non_striker": "ST Jayasuriya", "runs": {"batsman": 0, "extras": 0, "total": 0}}}, {"1.6": {"batsman": "RV Uthappa", "bowler": "MS Gony", "non_striker": "ST Jayasuriya", "runs": {"batsman": 0, "extras": 0, "total": 0}}}, {"2.1": {"batsman": "ST Jayasuriya", "bowler": "JDP Oram", "non_striker": "RV Uthappa", "runs": {"batsman": 1, "extras": 0, "total": 1}}}, {"2.2": {"batsman": "RV Uthappa", "bowler": "JDP Oram", "non_striker": "ST Jayasuriya", "runs": {"batsman": 1, "extras": 0, "total": 1}}}, {"2.3": {"batsman": "ST Jayasuriya", "bowler": "JDP Oram", "non_striker": "RV Uthappa", "runs": {"batsman": 4, "extras": 0, "total": 4}}}, {"2.4": {"batsman": "ST Jayasuriya", "bowler": "JDP Oram", "non_striker": "RV Uthappa", "runs": {"batsman": 4, "extras": 0, "total": 4}}}, {"2.5": {"batsman": "ST Jayasuriya", "bowler": "JDP Oram", "non_striker": "RV Uthappa", "runs": {"batsman": 2, "extras": 0, "total": 2}}}, {"2.6": {"batsman": "ST Jayasuriya", "bowler": "JDP Oram", "non_striker": "RV Uthappa", "runs": {"batsman": 0, "extras": 0, "total": 0}}}, {"3.1": {"batsman": "RV Uthappa", "bowler": "MS Gony", "non_striker": "ST Jayasuriya", "runs": {"batsman": 1, "extras": 0, "total": 1}}}, {"3.2": {"batsman": "ST Jayasuriya", "bowler": "MS Gony", "non_striker": "RV Uthappa", "runs": {"batsman": 0, "extras": 0, "total": 0}}}, {"3.3": {"batsman": "ST Jayasuriya", "bowler": "MS Gony", "non_striker": "RV Uthappa", "runs": {"batsman": 4, "extras": 0, "total": 4}}}, {"3.4": {"batsman": "ST Jayasuriya", "bowler": "MS Gony", "non_striker": "RV Uthappa", "runs": {"batsman": 0, "extras": 0, "total": 0}, "wicket": {"fielders": ["Joginder Sharma"], "kind": "caught", "player_out": "ST Jayasuriya"}}}, {"3.5": {"batsman": "RV Uthappa", "bowler": "MS Gony", "non_striker": "SM Pollock", "runs": {"batsman": 0, "extras": 0, "total": 0}}}, {"3.6": {"batsman": "RV Uthappa", "bowler": "MS Gony", "extras": {"legbyes": 1}, "non_striker": "SM Pollock", "runs": {"batsman": 0, "extras": 1, "total": 1}}}, {"4.1": {"batsman": "RV Uthappa", "bowler": "JDP Oram", "non_striker": "SM Pollock", "runs": {"batsman": 4, "extras": 0, "total": 4}}}, {"4.2": {"batsman": "RV Uthappa", "bowler": "JDP Oram", "non_striker": "SM Pollock", "runs": {"batsman": 0, "extras": 0, "total": 0}}}, {"4.3": {"batsman": "RV Uthappa", "bowler": "JDP Oram", "non_striker": "SM Pollock", "runs": {"batsman": 4, "extras": 0, "total": 4}}}, {"4.4": {"batsman": "RV Uthappa", "bowler": "JDP Oram", "non_striker": "SM Pollock", "runs": {"batsman": 6, "extras": 0, "total": 6}}}, {"4.5": {"batsman": "RV Uthappa", "bowler": "JDP Oram", "non_striker": "SM Pollock", "runs": {"batsman": 4, "extras": 0, "total": 4}}}, {"4.6": {"batsman": "RV Uthappa", "bowler": "JDP Oram", "non_striker": "SM Pollock", "runs": {"batsman": 1, "extras": 0, "total": 1}}}, {"5.1": {"batsman": "RV Uthappa", "bowler": "MS Gony", "non_striker": "SM Pollock", "runs": {"batsman": 0, "extras": 0, "total": 0}}}, {"5.2": {"batsman": "RV Uthappa", "bowler": "MS Gony", "non_striker": "SM Pollock", "runs": {"batsman": 0, "extras": 0, "total": 0}}}, {"5.3": {"batsman": "RV Uthappa", "bowler": "MS Gony", "non_striker": "SM Pollock", "runs": {"batsman": 0, "extras": 0, "total": 0}}}, {"5.4": {"batsman": "RV Uthappa", "bowler": "MS Gony", "non_striker": "SM Pollock", "runs": {"batsman": 1, "extras": 0, "total": 1}}}, {"5.5": {"batsman": "SM Pollock", "bowler": "MS Gony", "non_striker": "RV Uthappa", "runs": {"batsman": 0, "extras": 0, "total": 0}}}, {"5.6": {"batsman": "SM Pollock", "bowler": "MS Gony", "non_striker": "RV Uthappa", "runs": {"batsman": 1, "extras": 0, "total": 1}}}, {"6.1": {"batsman": "SM Pollock", "bowler": "Joginder Sharma", "non_striker": "RV Uthappa", "runs": {"batsman": 1, "extras": 0, "total": 1}}}, {"6.2": {"batsman": "RV Uthappa", "bowler": "Joginder Sharma", "non_striker": "SM Pollock", "runs": {"batsman": 0, "extras": 0, "total": 0}}}, {"6.3": {"batsman": "RV Uthappa", "bowler": "Joginder Sharma", "non_striker": "SM Pollock", "runs": {"batsman": 1, "extras": 0, "total": 1}}}, {"6.4": {"batsman": "SM Pollock", "bowler": "Joginder Sharma", "non_striker": "RV Uthappa", "runs": {"batsman": 1, "extras": 0, "total": 1}}}, {"6.5": {"batsman": "RV Uthappa", "bowler": "Joginder Sharma", "non_striker": "SM Pollock", "runs": {"batsman": 0, "extras": 0, "total": 0}}}, {"6.6": {"batsman": "RV Uthappa", "bowler": "Joginder Sharma", "non_striker": "SM Pollock", "runs": {"batsman": 2, "extras": 0, "total": 2}}}, {"7.1": {"batsman": "SM Pollock", "bowler": "MS Gony", "non_striker": "RV Uthappa", "runs": {"batsman": 1, "extras": 0, "total": 1}}}, {"7.2": {"batsman": "RV Uthappa", "bowler": "MS Gony", "extras": {"noballs": 1}, "non_striker": "SM Pollock", "runs": {"batsman": 1, "extras": 1, "total": 2}}}, {"7.3": {"batsman": "SM Pollock", "bowler": "MS Gony", "non_striker": "RV Uthappa", "runs": {"batsman": 1, "extras": 0, "total": 1}}}, {"7.4": {"batsman": "RV Uthappa", "bowler": "MS Gony", "non_striker": "SM Pollock", "runs": {"batsman": 1, "extras": 0, "total": 1}}}, {"7.5": {"batsman": "SM Pollock", "bowler": "MS Gony", "non_striker": "RV Uthappa", "runs": {"batsman": 1, "extras": 0, "total": 1}}}, {"7.6": {"batsman": "RV Uthappa", "bowler": "MS Gony", "non_striker": "SM Pollock", "runs": {"batsman": 4, "extras": 0, "total": 4}}}, {"7.7": {"batsman": "RV Uthappa", "bowler": "MS Gony", "non_striker": "SM Pollock", "runs": {"batsman": 1, "extras": 0, "total": 1}}}, {"8.1": {"batsman": "RV Uthappa", "bowler": "P Amarnath", "non_striker": "SM Pollock", "runs": {"batsman": 1, "extras": 0, "total": 1}}}, {"8.2": {"batsman": "SM Pollock", "bowler": "P Amarnath", "non_striker": "RV Uthappa", "runs": {"batsman": 1, "extras": 0, "total": 1}}}, {"8.3": {"batsman": "RV Uthappa", "bowler": "P Amarnath", "non_striker": "SM Pollock", "runs": {"batsman": 0, "extras": 0, "total": 0}}}, {"8.4": {"batsman": "RV Uthappa", "bowler": "P Amarnath", "non_striker": "SM Pollock", "runs": {"batsman": 4, "extras": 0, "total": 4}}}, {"8.5": {"batsman": "RV Uthappa", "bowler": "P Amarnath", "non_striker": "SM Pollock", "runs": {"batsman": 0, "extras": 0, "total": 0}}}, {"8.6": {"batsman": "RV Uthappa", "bowler": "P Amarnath", "non_striker": "SM Pollock", "runs": {"batsman": 1, "extras": 0, "total": 1}}}, {"9.1": {"batsman": "RV Uthappa", "bowler": "Joginder Sharma", "non_striker": "SM Pollock", "runs": {"batsman": 4, "extras": 0, "total": 4}}}, {"9.2": {"batsman": "RV Uthappa", "bowler": "Joginder Sharma", "non_striker": "SM Pollock", "runs": {"batsman": 1, "extras": 0, "total": 1}}}, {"9.3": {"batsman": "SM Pollock", "bowler": "Joginder Sharma", "non_striker": "RV Uthappa", "runs": {"batsman": 1, "extras": 0, "total": 1}}}, {"9.4": {"batsman": "RV Uthappa", "bowler": "Joginder Sharma", "non_striker": "SM Pollock", "runs": {"batsman": 0, "extras": 0, "total": 0}, "wicket": {"kind": "bowled", "player_out": "RV Uthappa"}}}, {"9.5": {"batsman": "DJ Bravo", "bowler": "Joginder Sharma", "non_striker": "SM Pollock", "runs": {"batsman": 1, "extras": 0, "total": 1}}}, {"9.6": {"batsman": "SM Pollock", "bowler": "Joginder Sharma", "non_striker": "DJ Bravo", "runs": {"batsman": 1, "extras": 0, "total": 1}}}, {"10.1": {"batsman": "SM Pollock", "bowler": "M Muralitharan", "extras": {"wides": 1}, "non_striker": "DJ Bravo", "runs": {"batsman": 0, "extras": 1, "total": 1}}}, {"10.2": {"batsman": "SM Pollock", "bowler": "M Muralitharan", "extras": {"wides": 1}, "non_striker": "DJ Bravo", "runs": {"batsman": 0, "extras": 1, "total": 1}}}, {"10.3": {"batsman": "SM Pollock", "bowler": "M Muralitharan", "extras": {"wides": 1}, "non_striker": "DJ Bravo", "runs": {"batsman": 0, "extras": 1, "total": 1}}}, {"10.4": {"batsman": "SM Pollock", "bowler": "M Muralitharan", "non_striker": "DJ Bravo", "runs": {"batsman": 1, "extras": 0, "total": 1}}}, {"10.5": {"batsman": "DJ Bravo", "bowler": "M Muralitharan", "non_striker": "SM Pollock", "runs": {"batsman": 1, "extras": 0, "total": 1}}}, {"10.6": {"batsman": "SM Pollock", "bowler": "M Muralitharan", "non_striker": "DJ Bravo", "runs": {"batsman": 1, "extras": 0, "total": 1}}}, {"10.7": {"batsman": "DJ Bravo", "bowler": "M Muralitharan", "non_striker": "SM Pollock", "runs": {"batsman": 0, "extras": 0, "total": 0}}}, {"10.8": {"batsman": "DJ Bravo", "bowler": "M Muralitharan", "non_striker": "SM Pollock", "runs": {"batsman": 1, "extras": 0, "total": 1}}}, {"10.9": {"batsman": "SM Pollock", "bowler": "M Muralitharan", "non_striker": "DJ Bravo", "runs": {"batsman": 0, "extras": 0, "total": 0}}}, {"11.1": {"batsman": "DJ Bravo", "bowler": "P Amarnath", "non_striker": "SM Pollock", "runs": {"batsman": 0, "extras": 0, "total": 0}}}, {"11.2": {"batsman": "DJ Bravo", "bowler": "P Amarnath", "non_striker": "SM Pollock", "runs": {"batsman": 1, "extras": 0, "total": 1}}}, {"11.3": {"batsman": "SM Pollock", "bowler": "P Amarnath", "non_striker": "DJ Bravo", "runs": {"batsman": 6, "extras": 0, "total": 6}}}, {"11.4": {"batsman": "SM Pollock", "bowler": "P Amarnath", "non_striker": "DJ Bravo", "runs": {"batsman": 0, "extras": 0, "total": 0}, "wicket": {"kind": "bowled", "player_out": "SM Pollock"}}}, {"11.5": {"batsman": "AM Nayar", "bowler": "P Amarnath", "non_striker": "DJ Bravo", "runs": {"batsman": 1, "extras": 0, "total": 1}}}, {"11.6": {"batsman": "DJ Bravo", "bowler": "P Amarnath", "non_striker": "AM Nayar", "runs": {"batsman": 1, "extras": 0, "total": 1}}}, {"12.1": {"batsman": "DJ Bravo", "bowler": "M Muralitharan", "non_striker": "AM Nayar", "runs": {"batsman": 6, "extras": 0, "total": 6}}}, {"12.2": {"batsman": "DJ Bravo", "bowler": "M Muralitharan", "extras": {"wides": 1}, "non_striker": "AM Nayar", "runs": {"batsman": 0, "extras": 1, "total": 1}}}, {"12.3": {"batsman": "DJ Bravo", "bowler": "M Muralitharan", "non_striker": "AM Nayar", "runs": {"batsman": 1, "extras": 0, "total": 1}}}, {"12.4": {"batsman": "AM Nayar", "bowler": "M Muralitharan", "non_striker": "DJ Bravo", "runs": {"batsman": 1, "extras": 0, "total": 1}}}, {"12.5": {"batsman": "DJ Bravo", "bowler": "M Muralitharan", "non_striker": "AM Nayar", "runs": {"batsman": 0, "extras": 0, "total": 0}}}, {"12.6": {"batsman": "DJ Bravo", "bowler": "M Muralitharan", "non_striker": "AM Nayar", "runs": {"batsman": 1, "extras": 0, "total": 1}}}, {"12.7": {"batsman": "AM Nayar", "bowler": "M Muralitharan", "non_striker": "DJ Bravo", "runs": {"batsman": 1, "extras": 0, "total": 1}}}, {"13.1": {"batsman": "AM Nayar", "bowler": "P Amarnath", "non_striker": "DJ Bravo", "runs": {"batsman": 0, "extras": 0, "total": 0}}}, {"13.2": {"batsman": "AM Nayar", "bowler": "P Amarnath", "non_striker": "DJ Bravo", "runs": {"batsman": 4, "extras": 0, "total": 4}}}, {"13.3": {"batsman": "AM Nayar", "bowler": "P Amarnath", "non_striker": "DJ Bravo", "runs": {"batsman": 5, "extras": 0, "total": 5}}}, {"13.4": {"batsman": "DJ Bravo", "bowler": "P Amarnath", "non_striker": "AM Nayar", "runs": {"batsman": 4, "extras": 0, "total": 4}}}, {"13.5": {"batsman": "DJ Bravo", "bowler": "P Amarnath", "non_striker": "AM Nayar", "runs": {"batsman": 4, "extras": 0, "total": 4}}}, {"13.6": {"batsman": "DJ Bravo", "bowler": "P Amarnath", "non_striker": "AM Nayar", "runs": {"batsman": 3, "extras": 0, "total": 3}}}, {"14.1": {"batsman": "DJ Bravo", "bowler": "Joginder Sharma", "non_striker": "AM Nayar", "runs": {"batsman": 0, "extras": 0, "total": 0}}}, {"14.2": {"batsman": "DJ Bravo", "bowler": "Joginder Sharma", "non_striker": "AM Nayar", "runs": {"batsman": 0, "extras": 0, "total": 0}, "wicket": {"fielders": ["JDP Oram"], "kind": "caught", "player_out": "DJ Bravo"}}}, {"14.3": {"batsman": "MA Khote", "bowler": "Joginder Sharma", "non_striker": "AM Nayar", "runs": {"batsman": 2, "extras": 0, "total": 2}}}, {"14.4": {"batsman": "MA Khote", "bowler": "Joginder Sharma", "non_striker": "AM Nayar", "runs": {"batsman": 1, "extras": 0, "total": 1}}}, {"14.5": {"batsman": "AM Nayar", "bowler": "Joginder Sharma", "non_striker": "MA Khote", "runs": {"batsman": 1, "extras": 0, "total": 1}}}, {"14.6": {"batsman": "MA Khote", "bowler": "Joginder Sharma", "non_striker": "AM Nayar", "runs": {"batsman": 0, "extras": 0, "total": 0}}}, {"15.1": {"batsman": "AM Nayar", "bowler": "M Muralitharan", "non_striker": "MA Khote", "runs": {"batsman": 1, "extras": 0, "total": 1}}}, {"15.2": {"batsman": "MA Khote", "bowler": "M Muralitharan", "non_striker": "AM Nayar", "runs": {"batsman": 6, "extras": 0, "total": 6}}}, {"15.3": {"batsman": "MA Khote", "bowler": "M Muralitharan", "non_striker": "AM Nayar", "runs": {"batsman": 0, "extras": 0, "total": 0}, "wicket": {"fielders": ["SK Raina"], "kind": "caught", "player_out": "MA Khote"}}}, {"15.4": {"batsman": "AM Nayar", "bowler": "M Muralitharan", "non_striker": "Harbhajan Singh", "runs": {"batsman": 4, "extras": 0, "total": 4}}}, {"15.5": {"batsman": "AM Nayar", "bowler": "M Muralitharan", "non_striker": "Harbhajan Singh", "runs": {"batsman": 1, "extras": 0, "total": 1}}}, {"15.6": {"batsman": "Harbhajan Singh", "bowler": "M Muralitharan", "non_striker": "AM Nayar", "runs": {"batsman": 1, "extras": 0, "total": 1}}}, {"16.1": {"batsman": "Harbhajan Singh", "bowler": "P Amarnath", "non_striker": "AM Nayar", "runs": {"batsman": 0, "extras": 0, "total": 0}}}, {"16.2": {"batsman": "Harbhajan Singh", "bowler": "P Amarnath", "non_striker": "AM Nayar", "runs": {"batsman": 6, "extras": 0, "total": 6}}}, {"16.3": {"batsman": "Harbhajan Singh", "bowler": "P Amarnath", "non_striker": "AM Nayar", "runs": {"batsman": 1, "extras": 0, "total": 1}}}, {"16.4": {"batsman": "AM Nayar", "bowler": "P Amarnath", "non_striker": "Harbhajan Singh", "runs": {"batsman": 4, "extras": 0, "total": 4}}}, {"16.5": {"batsman": "AM Nayar", "bowler": "P Amarnath", "non_striker": "Harbhajan Singh", "runs": {"batsman": 4, "extras": 0, "total": 4}}}, {"16.6": {"batsman": "AM Nayar", "bowler": "P Amarnath", "non_striker": "Harbhajan Singh", "runs": {"batsman": 6, "extras": 0, "total": 6}}}, {"17.1": {"batsman": "Harbhajan Singh", "bowler": "JDP Oram", "non_striker": "AM Nayar", "runs": {"batsman": 0, "extras": 0, "total": 0}}}, {"17.2": {"batsman": "Harbhajan Singh", "bowler": "JDP Oram", "non_striker": "AM Nayar", "runs": {"batsman": 0, "extras": 0, "total": 0}}}, {"17.3": {"batsman": "Harbhajan Singh", "bowler": "JDP Oram", "non_striker": "AM Nayar", "runs": {"batsman": 6, "extras": 0, "total": 6}}}, {"17.4": {"batsman": "Harbhajan Singh", "bowler": "JDP Oram", "non_striker": "AM Nayar", "runs": {"batsman": 6, "extras": 0, "total": 6}}}, {"17.5": {"batsman": "Harbhajan Singh", "bowler": "JDP Oram", "non_striker": "AM Nayar", "runs": {"batsman": 0, "extras": 0, "total": 0}}}, {"17.6": {"batsman": "Harbhajan Singh", "bowler": "JDP Oram", "non_striker": "AM Nayar", "runs": {"batsman": 1, "extras": 0, "total": 1}}}, {"18.1": {"batsman": "Harbhajan Singh", "bowler": "M Muralitharan", "non_striker": "AM Nayar", "runs": {"batsman": 2, "extras": 0, "total": 2}}}, {"18.2": {"batsman": "Harbhajan Singh", "bowler": "M Muralitharan", "non_striker": "AM Nayar", "runs": {"batsman": 1, "extras": 0, "total": 1}}}, {"18.3": {"batsman": "AM Nayar", "bowler": "M Muralitharan", "non_striker": "Harbhajan Singh", "runs": {"batsman": 1, "extras": 0, "total": 1}}}, {"18.4": {"batsman": "Harbhajan Singh", "bowler": "M Muralitharan", "non_striker": "AM Nayar", "runs": {"batsman": 4, "extras": 0, "total": 4}}}, {"18.5": {"batsman": "Harbhajan Singh", "bowler": "M Muralitharan", "non_striker": "AM Nayar", "runs": {"batsman": 0, "extras": 0, "total": 0}, "wicket": {"fielders": ["S Badrinath"], "kind": "caught", "player_out": "Harbhajan Singh"}}}, {"18.6": {"batsman": "AM Nayar", "bowler": "M Muralitharan", "non_striker": "A Nehra", "runs": {"batsman": 1, "extras": 0, "total": 1}}}, {"19.1": {"batsman": "AM Nayar", "bowler": "Joginder Sharma", "non_striker": "A Nehra", "runs": {"batsman": 4, "extras": 0, "total": 4}}}, {"19.2": {"batsman": "AM Nayar", "bowler": "Joginder Sharma", "non_striker": "A Nehra", "runs": {"batsman": 4, "extras": 0, "total": 4}}}, {"19.3": {"batsman": "AM Nayar", "bowler": "Joginder Sharma", "extras": {"noballs": 1}, "non_striker": "A Nehra", "runs": {"batsman": 1, "extras": 1, "total": 2}}}, {"19.4": {"batsman": "A Nehra", "bowler": "Joginder Sharma", "non_striker": "AM Nayar", "runs": {"batsman": 0, "extras": 0, "total": 0}}}, {"19.5": {"batsman": "A Nehra", "bowler": "Joginder Sharma", "non_striker": "AM Nayar", "runs": {"batsman": 1, "extras": 0, "total": 1}}}, {"19.6": {"batsman": "AM Nayar", "bowler": "Joginder Sharma", "non_striker": "A Nehra", "runs": {"batsman": 0, "extras": 0, "total": 0}}}, {"19.7": {"batsman": "AM Nayar", "bowler": "Joginder Sharma", "non_striker": "A Nehra", "runs": {"batsman": 1, "extras": 0, "total": 1}}}]