[{"0.1": {"batsman": "K Goel", "bowler": "MM Patel", "non_striker": "JR Hopes", "runs": {"batsman": 0, "extras": 0, "total": 0}}}, {"0.2": {"batsman": "K Goel", "bowler": "MM Patel", "non_striker": "JR Hopes", "runs": {"batsman": 0, "extras": 0, "total": 0}}}, {"0.3": {"batsman": "K Goel", "bowler": "MM Patel", "non_striker": "JR Hopes", "runs": {"batsman": 0, "extras": 0, "total": 0}}}, {"0.4": {"batsman": "K Goel", "bowler": "MM Patel", "non_striker": "JR Hopes", "runs": {"batsman": 0, "extras": 0, "total": 0}}}, {"0.5": {"batsman": "K Goel", "bowler": "MM Patel", "non_striker": "JR Hopes", "runs": {"batsman": 1, "extras": 0, "total": 1}}}, {"0.6": {"batsman": "JR Hopes", "bowler": "MM Patel", "non_striker": "K Goel", "runs": {"batsman": 0, "extras": 0, "total": 0}}}, {"1.1": {"batsman": "K Goel", "bowler": "SR Watson", "non_striker": "JR Hopes", "runs": {"batsman": 4, "extras": 0, "total": 4}}}, {"1.2": {"batsman": "K Goel", "bowler": "SR Watson", "non_striker": "JR Hopes", "runs": {"batsman": 0, "extras": 0, "total": 0}}}, {"1.3": {"batsman": "K Goel", "bowler": "SR Watson", "non_striker": "JR Hopes", "runs": {"batsman": 0, "extras": 0, "total": 0}}}, {"1.4": {"batsman": "K Goel", "bowler": "SR Watson", "non_striker": "JR Hopes", "runs": {"batsman": 0, "extras": 0, "total": 0}}}, {"1.5": {"batsman": "K Goel", "bowler": "SR Watson", "non_striker": "JR Hopes", "runs": {"batsman": 1, "extras": 0, "total": 1}}}, {"1.6": {"batsman": "JR Hopes", "bowler": "SR Watson", "non_striker": "K Goel", "runs": {"batsman": 0, "extras": 0, "total": 0}}}, {"2.1": {"batsman": "K Goel", "bowler": "MM Patel", "non_striker": "JR Hopes", "runs": {"batsman": 4, "extras": 0, "total": 4}}}, {"2.2": {"batsman": "K Goel", "bowler": "MM Patel", "non_striker": "JR Hopes", "runs": {"batsman": 0, "extras": 0, "total": 0}}}, {"2.3": {"batsman": "K Goel", "bowler": "MM Patel", "non_striker": "JR Hopes", "runs": {"batsman": 0, "extras": 0, "total": 0}}}, {"2.4": {"batsman": "K Goel", "bowler": "MM Patel", "non_striker": "JR Hopes", "runs": {"batsman": 6, "extras": 0, "total": 6}}}, {"2.5": {"batsman": "K Goel", "bowler": "MM Patel", "non_striker": "JR Hopes", "runs": {"batsman": 0, "extras": 0, "total": 0}}}, {"2.6": {"batsman": "K Goel", "bowler": "MM Patel", "non_striker": "JR Hopes", "runs": {"batsman": 0, "extras": 0, "total": 0}}}, {"3.1": {"batsman": "JR Hopes", "bowler": "SR Watson", "non_striker": "K Goel", "runs": {"batsman": 4, "extras": 0, "total": 4}}}, {"3.2": {"batsman": "JR Hopes", "bowler": "SR Watson", "non_striker": "K Goel", "runs": {"batsman": 0, "extras": 0, "total": 0}}}, {"3.3": {"batsman": "JR Hopes", "bowler": "SR Watson", "non_striker": "K Goel", "runs": {"batsman": 0, "extras": 0, "total": 0}}}, {"3.4": {"batsman": "JR Hopes", "bowler": "SR Watson", "non_striker": "K Goel", "runs": {"batsman": 0, "extras": 0, "total": 0}}}, {"3.5": {"batsman": "JR Hopes", "bowler": "SR Watson", "non_striker": "K Goel", "runs": {"batsman": 4, "extras": 0, "total": 4}}}, {"3.6": {"batsman": "JR Hopes", "bowler": "SR Watson", "non_striker": "K Goel", "runs": {"batsman": 0, "extras": 0, "total": 0}}}, {"4.1": {"batsman": "K Goel", "bowler": "MM Patel", "non_striker": "JR Hopes", "runs": {"batsman": 0, "extras": 0, "total": 0}}}, {"4.2": {"batsman": "K Goel", "bowler": "MM Patel", "non_striker": "JR Hopes", "runs": {"batsman": 0, "extras": 0, "total": 0}}}, {"4.3": {"batsman": "K Goel", "bowler": "MM Patel", "non_striker": "JR Hopes", "runs": {"batsman": 4, "extras": 0, "total": 4}}}, {"4.4": {"batsman": "K Goel", "bowler": "MM Patel", "non_striker": "JR Hopes", "runs": {"batsman": 6, "extras": 0, "total": 6}}}, {"4.5": {"batsman": "K Goel", "bowler": "MM Patel", "non_striker": "JR Hopes", "runs": {"batsman": 0, "extras": 0, "total": 0}, "wicket": {"kind": "bowled", "player_out": "K Goel"}}}, {"4.6": {"batsman": "KC Sangakkara", "bowler": "MM Patel", "non_striker": "JR Hopes", "runs": {"batsman": 4, "extras": 0, "total": 4}}}, {"5.1": {"batsman": "JR Hopes", "bowler": "SK Trivedi", "non_striker": "KC Sangakkara", "runs": {"batsman": 1, "extras": 0, "total": 1}}}, {"5.2": {"batsman": "KC Sangakkara", "bowler": "SK Trivedi", "non_striker": "JR Hopes", "runs": {"batsman": 6, "extras": 0, "total": 6}}}, {"5.3": {"batsman": "KC Sangakkara", "bowler": "SK Trivedi", "non_striker": "JR Hopes", "runs": {"batsman": 4, "extras": 0, "total": 4}}}, {"5.4": {"batsman": "KC Sangakkara", "bowler": "SK Trivedi", "non_striker": "JR Hopes", "runs": {"batsman": 4, "extras": 0, "total": 4}}}, {"5.5": {"batsman": "KC Sangakkara", "bowler": "SK Trivedi", "non_striker": "JR Hopes", "runs": {"batsman": 0, "extras": 0, "total": 0}}}, {"5.6": {"batsman": "KC Sangakkara", "bowler": "SK Trivedi", "non_striker": "JR Hopes", "runs": {"batsman": 1, "extras": 0, "total": 1}}}, {"6.1": {"batsman": "KC Sangakkara", "bowler": "SK Warne", "non_striker": "JR Hopes", "runs": {"batsman": 1, "extras": 0, "total": 1}}}, {"6.2": {"batsman": "JR Hopes", "bowler": "SK Warne", "non_striker": "KC Sangakkara", "runs": {"batsman": 1, "extras": 0, "total": 1}}}, {"6.3": {"batsman": "KC Sangakkara", "bowler": "SK Warne", "non_striker": "JR Hopes", "runs": {"batsman": 0, "extras": 0, "total": 0}, "wicket": {"kind": "caught and bowled", "player_out": "KC Sangakkara"}}}, {"6.4": {"batsman": "DPMD Jayawardene", "bowler": "SK Warne", "non_striker": "JR Hopes", "runs": {"batsman": 0, "extras": 0, "total": 0}}}, {"6.5": {"batsman": "DPMD Jayawardene", "bowler": "SK Warne", "non_striker": "JR Hopes", "runs": {"batsman": 1, "extras": 0, "total": 1}}}, {"6.6": {"batsman": "JR Hopes", "bowler": "SK Warne", "non_striker": "DPMD Jayawardene", "runs": {"batsman": 2, "extras": 0, "total": 2}}}, {"7.1": {"batsman": "DPMD Jayawardene", "bowler": "D Salunkhe", "extras": {"wides": 1}, "non_striker": "JR Hopes", "runs": {"batsman": 0, "extras": 1, "total": 1}}}, {"7.2": {"batsman": "DPMD Jayawardene", "bowler": "D Salunkhe", "non_striker": "JR Hopes", "runs": {"batsman": 1, "extras": 0, "total": 1}}}, {"7.3": {"batsman": "JR Hopes", "bowler": "D Salunkhe", "non_striker": "DPMD Jayawardene", "runs": {"batsman": 3, "extras": 0, "total": 3}}}, {"7.4": {"batsman": "DPMD Jayawardene", "bowler": "D Salunkhe", "non_striker": "JR Hopes", "runs": {"batsman": 0, "extras": 0, "total": 0}, "wicket": {"fielders": ["Kamran Akmal"], "kind": "stumped", "player_out": "DPMD Jayawardene"}}}, {"7.5": {"batsman": "Yuvraj Singh", "bowler": "D Salunkhe", "non_striker": "JR Hopes", "runs": {"batsman": 4, "extras": 0, "total": 4}}}, {"7.6": {"batsman": "Yuvraj Singh", "bowler": "D Salunkhe", "extras": {"wides": 1}, "non_striker": "JR Hopes", "runs": {"batsman": 0, "extras": 1, "total": 1}}}, {"7.7": {"batsman": "Yuvraj Singh", "bowler": "D Salunkhe", "extras": {"legbyes": 1}, "non_striker": "JR Hopes", "runs": {"batsman": 0, "extras": 1, "total": 1}}}, {"8.1": {"batsman": "Yuvraj Singh", "bowler": "SK Warne", "non_striker": "JR Hopes", "runs": {"batsman": 1, "extras": 0, "total": 1}}}, {"8.2": {"batsman": "JR Hopes", "bowler": "SK Warne", "non_striker": "Yuvraj Singh", "runs": {"batsman": 0, "extras": 0, "total": 0}}}, {"8.3": {"batsman": "JR Hopes", "bowler": "SK Warne", "non_striker": "Yuvraj Singh", "runs": {"batsman": 1, "extras": 0, "total": 1}}}, {"8.4": {"batsman": "Yuvraj Singh", "bowler": "SK Warne", "non_striker": "JR Hopes", "runs": {"batsman": 1, "extras": 0, "total": 1}}}, {"8.5": {"batsman": "JR Hopes", "bowler": "SK Warne", "non_striker": "Yuvraj Singh", "runs": {"batsman": 0, "extras": 0, "total": 0}}}, {"8.6": {"batsman": "JR Hopes", "bowler": "SK Warne", "non_striker": "Yuvraj Singh", "runs": {"batsman": 0, "extras": 0, "total": 0}, "wicket": {"kind": "lbw", "player_out": "JR Hopes"}}}, {"9.1": {"batsman": "Yuvraj Singh", "bowler": "SR Watson", "non_striker": "IK Pathan", "runs": {"batsman": 0, "extras": 0, "total": 0}}}, {"9.2": {"batsman": "Yuvraj Singh", "bowler": "SR Watson", "non_striker": "IK Pathan", "runs": {"batsman": 4, "extras": 0, "total": 4}}}, {"9.3": {"batsman": "Yuvraj Singh", "bowler": "SR Watson", "non_striker": "IK Pathan", "runs": {"batsman": 4, "extras": 0, "total": 4}}}, {"9.4": {"batsman": "Yuvraj Singh", "bowler": "SR Watson", "non_striker": "IK Pathan", "runs": {"batsman": 1, "extras": 0, "total": 1}}}, {"9.5": {"batsman": "IK Pathan", "bowler": "SR Watson", "non_striker": "Yuvraj Singh", "runs": {"batsman": 0, "extras": 0, "total": 0}}}, {"9.6": {"batsman": "IK Pathan", "bowler": "SR Watson", "non_striker": "Yuvraj Singh", "runs": {"batsman": 0, "extras": 0, "total": 0}}}, {"10.1": {"batsman": "Yuvraj Singh", "bowler": "SK Warne", "non_striker": "IK Pathan", "runs": {"batsman": 1, "extras": 0, "total": 1}}}, {"10.2": {"batsman": "IK Pathan", "bowler": "SK Warne", "non_striker": "Yuvraj Singh", "runs": {"batsman": 1, "extras": 0, "total": 1}}}, {"10.3": {"batsman": "Yuvraj Singh", "bowler": "SK Warne", "non_striker": "IK Pathan", "runs": {"batsman": 0, "extras": 0, "total": 0}}}, {"10.4": {"batsman": "Yuvraj Singh", "bowler": "SK Warne", "non_striker": "IK Pathan", "runs": {"batsman": 0, "extras": 0, "total": 0}}}, {"10.5": {"batsman": "Yuvraj Singh", "bowler": "SK Warne", "non_striker": "IK Pathan", "runs": {"batsman": 1, "extras": 0, "total": 1}}}, {"10.6": {"batsman": "IK Pathan", "bowler": "SK Warne", "non_striker": "Yuvraj Singh", "runs": {"batsman": 0, "extras": 0, "total": 0}}}, {"11.1": {"batsman": "Yuvraj Singh", "bowler": "Pankaj Singh", "non_striker": "IK Pathan", "runs": {"batsman": 1, "extras": 0, "total": 1}}}, {"11.2": {"batsman": "IK Pathan", "bowler": "Pankaj Singh", "non_striker": "Yuvraj Singh", "runs": {"batsman": 1, "extras": 0, "total": 1}}}, {"11.3": {"batsman": "Yuvraj Singh", "bowler": "Pankaj Singh", "non_striker": "IK Pathan", "runs": {"batsman": 1, "extras": 0, "total": 1}}}, {"11.4": {"batsman": "IK Pathan", "bowler": "Pankaj Singh", "non_striker": "Yuvraj Singh", "runs": {"batsman": 1, "extras": 0, "total": 1}}}, {"11.5": {"batsman": "Yuvraj Singh", "bowler": "Pankaj Singh", "non_striker": "IK Pathan", "runs": {"batsman": 4, "extras": 0, "total": 4}}}, {"11.6": {"batsman": "Yuvraj Singh", "bowler": "Pankaj Singh", "non_striker": "IK Pathan", "runs": {"batsman": 4, "extras": 0, "total": 4}}}, {"12.1": {"batsman": "IK Pathan", "bowler": "SK Trivedi", "non_striker": "Yuvraj Singh", "runs": {"batsman": 1, "extras": 0, "total": 1}}}, {"12.2": {"batsman": "Yuvraj Singh", "bowler": "SK Trivedi", "non_striker": "IK Pathan", "runs": {"batsman": 0, "extras": 0, "total": 0}}}, {"12.3": {"batsman": "Yuvraj Singh", "bowler": "SK Trivedi", "non_striker": "IK Pathan", "runs": {"batsman": 0, "extras": 0, "total": 0}}}, {"12.4": {"batsman": "Yuvraj Singh", "bowler": "SK Trivedi", "non_striker": "IK Pathan", "runs": {"batsman": 2, "extras": 0, "total": 2}}}, {"12.5": {"batsman": "Yuvraj Singh", "bowler": "SK Trivedi", "non_striker": "IK Pathan", "runs": {"batsman": 1, "extras": 0, "total": 1}}}, {"12.6": {"batsman": "IK Pathan", "bowler": "SK Trivedi", "non_striker": "Yuvraj Singh", "runs": {"batsman": 0, "extras": 0, "total": 0}}}, {"13.1": {"batsman": "Yuvraj Singh", "bowler": "D Salunkhe", "non_striker": "IK Pathan", "runs": {"batsman": 6, "extras": 0, "total": 6}}}, {"13.2": {"batsman": "Yuvraj Singh", "bowler": "D Salunkhe", "non_striker": "IK Pathan", "runs": {"batsman": 0, "extras": 0, "total": 0}}}, {"13.3": {"batsman": "Yuvraj Singh", "bowler": "D Salunkhe", "non_striker": "IK Pathan", "runs": {"batsman": 4, "extras": 0, "total": 4}}}, {"13.4": {"batsman": "Yuvraj Singh", "bowler": "D Salunkhe", "non_striker": "IK Pathan", "runs": {"batsman": 1, "extras": 0, "total": 1}}}, {"13.5": {"batsman": "IK Pathan", "bowler": "D Salunkhe", "non_striker": "Yuvraj Singh", "runs": {"batsman": 0, "extras": 0, "total": 0}}}, {"13.6": {"batsman": "IK Pathan", "bowler": "D Salunkhe", "non_striker": "Yuvraj Singh", "runs": {"batsman": 0, "extras": 0, "total": 0}}}, {"14.1": {"batsman": "Yuvraj Singh", "bowler": "SK Trivedi", "non_striker": "IK Pathan", "runs": {"batsman": 1, "extras": 0, "total": 1}}}, {"14.2": {"batsman": "IK Pathan", "bowler": "SK Trivedi", "non_striker": "Yuvraj Singh", "runs": {"batsman": 0, "extras": 0, "total": 0}}}, {"14.3": {"batsman": "IK Pathan", "bowler": "SK Trivedi", "non_striker": "Yuvraj Singh", "runs": {"batsman": 0, "extras": 0, "total": 0}}}, {"14.4": {"batsman": "IK Pathan", "bowler": "SK Trivedi", "non_striker": "Yuvraj Singh", "runs": {"batsman": 1, "extras": 0, "total": 1}}}, {"14.5": {"batsman": "Yuvraj Singh", "bowler": "SK Trivedi", "non_striker": "IK Pathan", "runs": {"batsman": 0, "extras": 0, "total": 0}}}, {"14.6": {"batsman": "Yuvraj Singh", "bowler": "SK Trivedi", "non_striker": "IK Pathan", "runs": {"batsman": 1, "extras": 0, "total": 1}}}, {"15.1": {"batsman": "Yuvraj Singh", "bowler": "YK Pathan", "non_striker": "IK Pathan", "runs": {"batsman": 6, "extras": 0, "total": 6}}}, {"15.2": {"batsman": "Yuvraj Singh", "bowler": "YK Pathan", "non_striker": "IK Pathan", "runs": {"batsman": 6, "extras": 0, "total": 6}}}, {"15.3": {"batsman": "Yuvraj Singh", "bowler": "YK Pathan", "non_striker": "IK Pathan", "runs": {"batsman": 0, "extras": 0, "total": 0}}}, {"15.4": {"batsman": "Yuvraj Singh", "bowler": "YK Pathan", "non_striker": "IK Pathan", "runs": {"batsman": 1, "extras": 0, "total": 1}}}, {"15.5": {"batsman": "IK Pathan", "bowler": "YK Pathan", "non_striker": "Yuvraj Singh", "runs": {"batsman": 0, "extras": 0, "total": 0}}}, {"15.6": {"batsman": "IK Pathan", "bowler": "YK Pathan", "non_striker": "Yuvraj Singh", "runs": {"batsman": 0, "extras": 0, "total": 0}}}, {"16.1": {"batsman": "Yuvraj Singh", "bowler": "SK Warne", "non_striker": "IK Pathan", "runs": {"batsman": 0, "extras": 0, "total": 0}}}, {"16.2": {"batsman": "Yuvraj Singh", "bowler": "SK Warne", "non_striker": "IK Pathan", "runs": {"batsman": 1, "extras": 0, "total": 1}}}, {"16.3": {"batsman": "IK Pathan", "bowler": "SK Warne", "non_striker": "Yuvraj Singh", "runs": {"batsman": 6, "extras": 0, "total": 6}}}, {"16.4": {"batsman": "IK Pathan", "bowler": "SK Warne", "non_striker": "Yuvraj Singh", "runs": {"batsman": 1, "extras": 0, "total": 1}}}, {"16.5": {"batsman": "Yuvraj Singh", "bowler": "SK Warne", "non_striker": "IK Pathan", "runs": {"batsman": 0, "extras": 0, "total": 0}, "wicket": {"kind": "lbw", "player_out": "Yuvraj Singh"}}}, {"16.6": {"batsman": "S Sohal", "bowler": "SK Warne", "non_striker": "IK Pathan", "runs": {"batsman": 0, "extras": 0, "total": 0}}}, {"17.1": {"batsman": "IK Pathan", "bowler": "SK Trivedi", "non_striker": "S Sohal", "runs": {"batsman": 0, "extras": 0, "total": 0}}}, {"17.2": {"batsman": "IK Pathan", "bowler": "SK Trivedi", "non_striker": "S Sohal", "runs": {"batsman": 0, "extras": 0, "total": 0}, "wicket": {"kind": "bowled", "player_out": "IK Pathan"}}}, {"17.3": {"batsman": "B Lee", "bowler": "SK Trivedi", "non_striker": "S Sohal", "runs": {"batsman": 0, "extras": 0, "total": 0}}}, {"17.4": {"batsman": "B Lee", "bowler": "SK Trivedi", "non_striker": "S Sohal", "runs": {"batsman": 0, "extras": 0, "total": 0}, "wicket": {"fielders": ["Kamran Akmal"], "kind": "caught", "player_out": "B Lee"}}}, {"17.5": {"batsman": "PP Chawla", "bowler": "SK Trivedi", "non_striker": "S Sohal", "runs": {"batsman": 0, "extras": 0, "total": 0}}}, {"17.6": {"batsman": "PP Chawla", "bowler": "SK Trivedi", "non_striker": "S Sohal", "runs": {"batsman": 2, "extras": 0, "total": 2}}}, {"18.1": {"batsman": "S Sohal", "bowler": "MM Patel", "non_striker": "PP Chawla", "runs": {"batsman": 2, "extras": 0, "total": 2}}}, {"18.2": {"batsman": "S Sohal", "bowler": "MM Patel", "non_striker": "PP Chawla", "runs": {"batsman": 1, "extras": 0, "total": 1}}}, {"18.3": {"batsman": "PP Chawla", "bowler": "MM Patel", "non_striker": "S Sohal", "runs": {"batsman": 4, "extras": 0, "total": 4}}}, {"18.4": {"batsman": "PP Chawla", "bowler": "MM Patel", "non_striker": "S Sohal", "runs": {"batsman": 2, "extras": 0, "total": 2}}}, {"18.5": {"batsman": "PP Chawla", "bowler": "MM Patel", "non_striker": "S Sohal", "runs": {"batsman": 1, "extras": 0, "total": 1}}}, {"18.6": {"batsman": "S Sohal", "bowler": "MM Patel", "non_striker": "PP Chawla", "runs": {"batsman": 1, "extras": 0, "total": 1}, "wicket": {"fielders": ["RA Jadeja", "Kamran Akmal"], "kind": "run out", "player_out": "S Sohal"}}}, {"19.1": {"batsman": "PP Chawla", "bowler": "SR Watson", "non_striker": "WA Mota", "runs": {"batsman": 4, "extras": 0, "total": 4}}}, {"19.2": {"batsman": "PP Chawla", "bowler": "SR Watson", "extras": {"noballs": 1}, "non_striker": "WA Mota", "runs": {"batsman": 1, "extras": 1, "total": 2}}}, {"19.3": {"batsman": "WA Mota", "bowler": "SR Watson", "non_striker": "PP Chawla", "runs": {"batsman": 1, "extras": 0, "total": 1}}}, {"19.4": {"batsman": "PP Chawla", "bowler": "SR Watson", "non_striker": "WA Mota", "runs": {"batsman": 0, "extras": 0, "total": 0}}}, {"19.5": {"batsman": "PP Chawla", "bowler": "SR Watson", "non_striker": "WA Mota", "runs": {"batsman": 2, "extras": 0, "total": 2}}}, {"19.6": {"batsman": "PP Chawla", "bowler": "SR Watson", "non_striker": "WA Mota", "runs": {"batsman": 4, "extras": 0, "total": 4}}}, {"19.7": {"batsman": "PP Chawla", "bowler": "SR Watson", "non_striker": "WA Mota", "runs": {"batsman": 4, "extras": 0, "total": 4}}}]