[{"0.1": {"batsman": "GC Smith", "bowler": "DP Vijaykumar", "non_striker": "YK Pathan", "runs": {"batsman": 4, "extras": 0, "total": 4}}}, {"0.2": {"batsman": "GC Smith", "bowler": "DP Vijaykumar", "non_striker": "YK Pathan", "runs": {"batsman": 4, "extras": 0, "total": 4}}}, {"0.3": {"batsman": "GC Smith", "bowler": "DP Vijaykumar", "non_striker": "YK Pathan", "runs": {"batsman": 0, "extras": 0, "total": 0}}}, {"0.4": {"batsman": "GC Smith", "bowler": "DP Vijaykumar", "non_striker": "YK Pathan", "runs": {"batsman": 0, "extras": 0, "total": 0}}}, {"0.5": {"batsman": "GC Smith", "bowler": "DP Vijaykumar", "non_striker": "YK Pathan", "runs": {"batsman": 1, "extras": 0, "total": 1}}}, {"0.6": {"batsman": "YK Pathan", "bowler": "DP Vijaykumar", "non_striker": "GC Smith", "runs": {"batsman": 1, "extras": 0, "total": 1}}}, {"1.1": {"batsman": "YK Pathan", "bowler": "RP Singh", "non_striker": "GC Smith", "runs": {"batsman": 0, "extras": 0, "total": 0}}}, {"1.2": {"batsman": "YK Pathan", "bowler": "RP Singh", "non_striker": "GC Smith", "runs": {"batsman": 0, "extras": 0, "total": 0}}}, {"1.3": {"batsman": "YK Pathan", "bowler": "RP Singh", "non_striker": "GC Smith", "runs": {"batsman": 1, "extras": 0, "total": 1}}}, {"1.4": {"batsman": "GC Smith", "bowler": "RP Singh", "non_striker": "YK Pathan", "runs": {"batsman": 0, "extras": 0, "total": 0}}}, {"1.5": {"batsman": "GC Smith", "bowler": "RP Singh", "non_striker": "YK Pathan", "runs": {"batsman": 0, "extras": 0, "total": 0}}}, {"1.6": {"batsman": "GC Smith", "bowler": "RP Singh", "non_striker": "YK Pathan", "runs": {"batsman": 0, "extras": 0, "total": 0}}}, {"2.1": {"batsman": "YK Pathan", "bowler": "SB Styris", "non_striker": "GC Smith", "runs": {"batsman": 0, "extras": 0, "total": 0}}}, {"2.2": {"batsman": "YK Pathan", "bowler": "SB Styris", "extras": {"wides": 1}, "non_striker": "GC Smith", "runs": {"batsman": 0, "extras": 1, "total": 1}}}, {"2.3": {"batsman": "YK Pathan", "bowler": "SB Styris", "non_striker": "GC Smith", "runs": {"batsman": 0, "extras": 0, "total": 0}}}, {"2.4": {"batsman": "YK Pathan", "bowler": "SB Styris", "non_striker": "GC Smith", "runs": {"batsman": 1, "extras": 0, "total": 1}}}, {"2.5": {"batsman": "GC Smith", "bowler": "SB Styris", "non_striker": "YK Pathan", "runs": {"batsman": 1, "extras": 0, "total": 1}}}, {"2.6": {"batsman": "YK Pathan", "bowler": "SB Styris", "non_striker": "GC Smith", "runs": {"batsman": 6, "extras": 0, "total": 6}}}, {"2.7": {"batsman": "YK Pathan", "bowler": "SB Styris", "non_striker": "GC Smith", "runs": {"batsman": 0, "extras": 0, "total": 0}}}, {"3.1": {"batsman": "GC Smith", "bowler": "RP Singh", "non_striker": "YK Pathan", "runs": {"batsman": 0, "extras": 0, "total": 0}}}, {"3.2": {"batsman": "GC Smith", "bowler": "RP Singh", "non_striker": "YK Pathan", "runs": {"batsman": 1, "extras": 0, "total": 1}}}, {"3.3": {"batsman": "YK Pathan", "bowler": "RP Singh", "non_striker": "GC Smith", "runs": {"batsman": 1, "extras": 0, "total": 1}}}, {"3.4": {"batsman": "GC Smith", "bowler": "RP Singh", "non_striker": "YK Pathan", "runs": {"batsman": 0, "extras": 0, "total": 0}}}, {"3.5": {"batsman": "GC Smith", "bowler": "RP Singh", "non_striker": "YK Pathan", "runs": {"batsman": 1, "extras": 0, "total": 1}}}, {"3.6": {"batsman": "YK Pathan", "bowler": "RP Singh", "extras": {"wides": 1}, "non_striker": "GC Smith", "runs": {"batsman": 0, "extras": 1, "total": 1}}}, {"3.7": {"batsman": "YK Pathan", "bowler": "RP Singh", "non_striker": "GC Smith", "runs": {"batsman": 4, "extras": 0, "total": 4}}}, {"4.1": {"batsman": "GC Smith", "bowler": "SB Styris", "non_striker": "YK Pathan", "runs": {"batsman": 0, "extras": 0, "total": 0}}}, {"4.2": {"batsman": "GC Smith", "bowler": "SB Styris", "non_striker": "YK Pathan", "runs": {"batsman": 1, "extras": 0, "total": 1}}}, {"4.3": {"batsman": "YK Pathan", "bowler": "SB Styris", "non_striker": "GC Smith", "runs": {"batsman": 1, "extras": 0, "total": 1}}}, {"4.4": {"batsman": "GC Smith", "bowler": "SB Styris", "non_striker": "YK Pathan", "runs": {"batsman": 2, "extras": 0, "total": 2}}}, {"4.5": {"batsman": "GC Smith", "bowler": "SB Styris", "non_striker": "YK Pathan", "runs": {"batsman": 0, "extras": 0, "total": 0}}}, {"4.6": {"batsman": "GC Smith", "bowler": "SB Styris", "non_striker": "YK Pathan", "runs": {"batsman": 1, "extras": 0, "total": 1}}}, {"5.1": {"batsman": "GC Smith", "bowler": "PP Ojha", "non_striker": "YK Pathan", "runs": {"batsman": 1, "extras": 0, "total": 1}}}, {"5.2": {"batsman": "YK Pathan", "bowler": "PP Ojha", "non_striker": "GC Smith", "runs": {"batsman": 1, "extras": 0, "total": 1}}}, {"5.3": {"batsman": "GC Smith", "bowler": "PP Ojha", "non_striker": "YK Pathan", "runs": {"batsman": 1, "extras": 0, "total": 1}}}, {"5.4": {"batsman": "YK Pathan", "bowler": "PP Ojha", "non_striker": "GC Smith", "runs": {"batsman": 6, "extras": 0, "total": 6}}}, {"5.5": {"batsman": "YK Pathan", "bowler": "PP Ojha", "non_striker": "GC Smith", "runs": {"batsman": 4, "extras": 0, "total": 4}}}, {"5.6": {"batsman": "YK Pathan", "bowler": "PP Ojha", "non_striker": "GC Smith", "runs": {"batsman": 4, "extras": 0, "total": 4}}}, {"6.1": {"batsman": "GC Smith", "bowler": "Shahid Afridi", "non_striker": "YK Pathan", "runs": {"batsman": 0, "extras": 0, "total": 0}}}, {"6.2": {"batsman": "GC Smith", "bowler": "Shahid Afridi", "extras": {"byes": 1}, "non_striker": "YK Pathan", "runs": {"batsman": 0, "extras": 1, "total": 1}}}, {"6.3": {"batsman": "YK Pathan", "bowler": "Shahid Afridi", "non_striker": "GC Smith", "runs": {"batsman": 1, "extras": 0, "total": 1}}}, {"6.4": {"batsman": "GC Smith", "bowler": "Shahid Afridi", "non_striker": "YK Pathan", "runs": {"batsman": 0, "extras": 0, "total": 0}}}, {"6.5": {"batsman": "GC Smith", "bowler": "Shahid Afridi", "non_striker": "YK Pathan", "runs": {"batsman": 4, "extras": 0, "total": 4}}}, {"6.6": {"batsman": "GC Smith", "bowler": "Shahid Afridi", "non_striker": "YK Pathan", "runs": {"batsman": 1, "extras": 0, "total": 1}}}, {"7.1": {"batsman": "GC Smith", "bowler": "SB Bangar", "non_striker": "YK Pathan", "runs": {"batsman": 1, "extras": 0, "total": 1}}}, {"7.2": {"batsman": "YK Pathan", "bowler": "SB Bangar", "non_striker": "GC Smith", "runs": {"batsman": 0, "extras": 0, "total": 0}}}, {"7.3": {"batsman": "YK Pathan", "bowler": "SB Bangar", "non_striker": "GC Smith", "runs": {"batsman": 4, "extras": 0, "total": 4}}}, {"7.4": {"batsman": "YK Pathan", "bowler": "SB Bangar", "non_striker": "GC Smith", "runs": {"batsman": 1, "extras": 0, "total": 1}}}, {"7.5": {"batsman": "GC Smith", "bowler": "SB Bangar", "non_striker": "YK Pathan", "runs": {"batsman": 1, "extras": 0, "total": 1}}}, {"7.6": {"batsman": "YK Pathan", "bowler": "SB Bangar", "non_striker": "GC Smith", "runs": {"batsman": 1, "extras": 0, "total": 1}}}, {"8.1": {"batsman": "YK Pathan", "bowler": "Shahid Afridi", "non_striker": "GC Smith", "runs": {"batsman": 1, "extras": 0, "total": 1}}}, {"8.2": {"batsman": "GC Smith", "bowler": "Shahid Afridi", "non_striker": "YK Pathan", "runs": {"batsman": 0, "extras": 0, "total": 0}}}, {"8.3": {"batsman": "GC Smith", "bowler": "Shahid Afridi", "non_striker": "YK Pathan", "runs": {"batsman": 2, "extras": 0, "total": 2}}}, {"8.4": {"batsman": "GC Smith", "bowler": "Shahid Afridi", "non_striker": "YK Pathan", "runs": {"batsman": 0, "extras": 0, "total": 0}}}, {"8.5": {"batsman": "GC Smith", "bowler": "Shahid Afridi", "non_striker": "YK Pathan", "runs": {"batsman": 0, "extras": 0, "total": 0}}}, {"8.6": {"batsman": "GC Smith", "bowler": "Shahid Afridi", "non_striker": "YK Pathan", "runs": {"batsman": 1, "extras": 0, "total": 1}}}, {"9.1": {"batsman": "GC Smith", "bowler": "SB Bangar", "non_striker": "YK Pathan", "runs": {"batsman": 1, "extras": 0, "total": 1}}}, {"9.2": {"batsman": "YK Pathan", "bowler": "SB Bangar", "non_striker": "GC Smith", "runs": {"batsman": 4, "extras": 0, "total": 4}}}, {"9.3": {"batsman": "YK Pathan", "bowler": "SB Bangar", "non_striker": "GC Smith", "runs": {"batsman": 2, "extras": 0, "total": 2}}}, {"9.4": {"batsman": "YK Pathan", "bowler": "SB Bangar", "non_striker": "GC Smith", "runs": {"batsman": 0, "extras": 0, "total": 0}}}, {"9.5": {"batsman": "YK Pathan", "bowler": "SB Bangar", "non_striker": "GC Smith", "runs": {"batsman": 4, "extras": 0, "total": 4}}}, {"9.6": {"batsman": "YK Pathan", "bowler": "SB Bangar", "non_striker": "GC Smith", "runs": {"batsman": 1, "extras": 0, "total": 1}}}, {"10.1": {"batsman": "YK Pathan", "bowler": "PP Ojha", "non_striker": "GC Smith", "runs": {"batsman": 2, "extras": 0, "total": 2}}}, {"10.2": {"batsman": "YK Pathan", "bowler": "PP Ojha", "non_striker": "GC Smith", "runs": {"batsman": 1, "extras": 0, "total": 1}}}, {"10.3": {"batsman": "GC Smith", "bowler": "PP Ojha", "non_striker": "YK Pathan", "runs": {"batsman": 0, "extras": 0, "total": 0}}}, {"10.4": {"batsman": "GC Smith", "bowler": "PP Ojha", "non_striker": "YK Pathan", "runs": {"batsman": 1, "extras": 0, "total": 1}}}, {"10.5": {"batsman": "YK Pathan", "bowler": "PP Ojha", "non_striker": "GC Smith", "runs": {"batsman": 0, "extras": 0, "total": 0}}}, {"10.6": {"batsman": "YK Pathan", "bowler": "PP Ojha", "non_striker": "GC Smith", "runs": {"batsman": 1, "extras": 0, "total": 1}}}, {"11.1": {"batsman": "YK Pathan", "bowler": "Y Venugopal Rao", "extras": {"wides": 2}, "non_striker": "GC Smith", "runs": {"batsman": 0, "extras": 2, "total": 2}}}, {"11.2": {"batsman": "GC Smith", "bowler": "Y Venugopal Rao", "non_striker": "YK Pathan", "runs": {"batsman": 2, "extras": 0, "total": 2}}}, {"11.3": {"batsman": "GC Smith", "bowler": "Y Venugopal Rao", "non_striker": "YK Pathan", "runs": {"batsman": 1, "extras": 0, "total": 1}}}, {"11.4": {"batsman": "YK Pathan", "bowler": "Y Venugopal Rao", "non_striker": "GC Smith", "runs": {"batsman": 4, "extras": 0, "total": 4}}}, {"11.5": {"batsman": "YK Pathan", "bowler": "Y Venugopal Rao", "non_striker": "GC Smith", "runs": {"batsman": 1, "extras": 0, "total": 1}}}, {"11.6": {"batsman": "GC Smith", "bowler": "Y Venugopal Rao", "non_striker": "YK Pathan", "runs": {"batsman": 1, "extras": 0, "total": 1}}}, {"11.7": {"batsman": "YK Pathan", "bowler": "Y Venugopal Rao", "non_striker": "GC Smith", "runs": {"batsman": 4, "extras": 0, "total": 4}}}, {"12.1": {"batsman": "GC Smith", "bowler": "PP Ojha", "non_striker": "YK Pathan", "runs": {"batsman": 1, "extras": 0, "total": 1}}}, {"12.2": {"batsman": "YK Pathan", "bowler": "PP Ojha", "non_striker": "GC Smith", "runs": {"batsman": 4, "extras": 0, "total": 4}}}, {"12.3": {"batsman": "YK Pathan", "bowler": "PP Ojha", "non_striker": "GC Smith", "runs": {"batsman": 2, "extras": 0, "total": 2}}}, {"12.4": {"batsman": "YK Pathan", "bowler": "PP Ojha", "extras": {"wides": 1}, "non_striker": "GC Smith", "runs": {"batsman": 0, "extras": 1, "total": 1}}}, {"12.5": {"batsman": "YK Pathan", "bowler": "PP Ojha", "non_striker": "GC Smith", "runs": {"batsman": 0, "extras": 0, "total": 0}, "wicket": {"fielders": ["HH Gibbs"], "kind": "caught", "player_out": "YK Pathan"}}}, {"12.6": {"batsman": "GC Smith", "bowler": "PP Ojha", "non_striker": "M Kaif", "runs": {"batsman": 1, "extras": 0, "total": 1}}}, {"12.7": {"batsman": "M Kaif", "bowler": "PP Ojha", "non_striker": "GC Smith", "runs": {"batsman": 1, "extras": 0, "total": 1}}}, {"13.1": {"batsman": "M Kaif", "bowler": "RP Singh", "non_striker": "GC Smith", "runs": {"batsman": 0, "extras": 0, "total": 0}}}, {"13.2": {"batsman": "M Kaif", "bowler": "RP Singh", "non_striker": "GC Smith", "runs": {"batsman": 2, "extras": 0, "total": 2}}}, {"13.3": {"batsman": "M Kaif", "bowler": "RP Singh", "non_striker": "GC Smith", "runs": {"batsman": 0, "extras": 0, "total": 0}}}, {"13.4": {"batsman": "M Kaif", "bowler": "RP Singh", "non_striker": "GC Smith", "runs": {"batsman": 0, "extras": 0, "total": 0}}}, {"13.5": {"batsman": "M Kaif", "bowler": "RP Singh", "non_striker": "GC Smith", "runs": {"batsman": 0, "extras": 0, "total": 0}}}, {"13.6": {"batsman": "M Kaif", "bowler": "RP Singh", "non_striker": "GC Smith", "runs": {"batsman": 1, "extras": 0, "total": 1}}}, {"14.1": {"batsman": "M Kaif", "bowler": "PP Ojha", "non_striker": "GC Smith", "runs": {"batsman": 0, "extras": 0, "total": 0}}}, {"14.2": {"batsman": "M Kaif", "bowler": "PP Ojha", "non_striker": "GC Smith", "runs": {"batsman": 4, "extras": 0, "total": 4}}}, {"14.3": {"batsman": "M Kaif", "bowler": "PP Ojha", "non_striker": "GC Smith", "runs": {"batsman": 0, "extras": 0, "total": 0}}}, {"14.4": {"batsman": "M Kaif", "bowler": "PP Ojha", "non_striker": "GC Smith", "runs": {"batsman": 4, "extras": 0, "total": 4}}}, {"14.5": {"batsman": "M Kaif", "bowler": "PP Ojha", "extras": {"wides": 5}, "non_striker": "GC Smith", "runs": {"batsman": 0, "extras": 5, "total": 5}}}, {"14.6": {"batsman": "M Kaif", "bowler": "PP Ojha", "non_striker": "GC Smith", "runs": {"batsman": 2, "extras": 0, "total": 2}}}, {"14.7": {"batsman": "M Kaif", "bowler": "PP Ojha", "non_striker": "GC Smith", "runs": {"batsman": 0, "extras": 0, "total": 0}}}, {"15.1": {"batsman": "GC Smith", "bowler": "RP Singh", "non_striker": "M Kaif", "runs": {"batsman": 4, "extras": 0, "total": 4}}}, {"15.2": {"batsman": "GC Smith", "bowler": "RP Singh", "non_striker": "M Kaif", "runs": {"batsman": 0, "extras": 0, "total": 0}}}, {"15.3": {"batsman": "GC Smith", "bowler": "RP Singh", "non_striker": "M Kaif", "runs": {"batsman": 0, "extras": 0, "total": 0}, "wicket": {"fielders": ["PP Ojha"], "kind": "caught", "player_out": "GC Smith"}}}, {"15.4": {"batsman": "SR Watson", "bowler": "RP Singh", "non_striker": "M Kaif", "runs": {"batsman": 1, "extras": 0, "total": 1}}}, {"15.5": {"batsman": "M Kaif", "bowler": "RP Singh", "non_striker": "SR Watson", "runs": {"batsman": 3, "extras": 0, "total": 3}}}, {"15.6": {"batsman": "SR Watson", "bowler": "RP Singh", "non_striker": "M Kaif", "runs": {"batsman": 4, "extras": 0, "total": 4}}}]