[{"0.1": {"batsman": "PA Patel", "bowler": "DW Steyn", "non_striker": "SP Fleming", "runs": {"batsman": 0, "extras": 0, "total": 0}}}, {"0.2": {"batsman": "PA Patel", "bowler": "DW Steyn", "extras": {"wides": 1}, "non_striker": "SP Fleming", "runs": {"batsman": 0, "extras": 1, "total": 1}}}, {"0.3": {"batsman": "PA Patel", "bowler": "DW Steyn", "non_striker": "SP Fleming", "runs": {"batsman": 0, "extras": 0, "total": 0}}}, {"0.4": {"batsman": "PA Patel", "bowler": "DW Steyn", "non_striker": "SP Fleming", "runs": {"batsman": 4, "extras": 0, "total": 4}}}, {"0.5": {"batsman": "PA Patel", "bowler": "DW Steyn", "non_striker": "SP Fleming", "runs": {"batsman": 0, "extras": 0, "total": 0}}}, {"0.6": {"batsman": "PA Patel", "bowler": "DW Steyn", "non_striker": "SP Fleming", "runs": {"batsman": 0, "extras": 0, "total": 0}}}, {"0.7": {"batsman": "PA Patel", "bowler": "DW Steyn", "non_striker": "SP Fleming", "runs": {"batsman": 0, "extras": 0, "total": 0}}}, {"1.1": {"batsman": "SP Fleming", "bowler": "P Kumar", "non_striker": "PA Patel", "runs": {"batsman": 0, "extras": 0, "total": 0}}}, {"1.2": {"batsman": "SP Fleming", "bowler": "P Kumar", "non_striker": "PA Patel", "runs": {"batsman": 0, "extras": 0, "total": 0}}}, {"1.3": {"batsman": "SP Fleming", "bowler": "P Kumar", "non_striker": "PA Patel", "runs": {"batsman": 0, "extras": 0, "total": 0}}}, {"1.4": {"batsman": "SP Fleming", "bowler": "P Kumar", "non_striker": "PA Patel", "runs": {"batsman": 0, "extras": 0, "total": 0}}}, {"1.5": {"batsman": "SP Fleming", "bowler": "P Kumar", "non_striker": "PA Patel", "runs": {"batsman": 0, "extras": 0, "total": 0}}}, {"1.6": {"batsman": "SP Fleming", "bowler": "P Kumar", "non_striker": "PA Patel", "runs": {"batsman": 2, "extras": 0, "total": 2}}}, {"2.1": {"batsman": "PA Patel", "bowler": "DW Steyn", "non_striker": "SP Fleming", "runs": {"batsman": 2, "extras": 0, "total": 2}}}, {"2.2": {"batsman": "PA Patel", "bowler": "DW Steyn", "non_striker": "SP Fleming", "runs": {"batsman": 4, "extras": 0, "total": 4}}}, {"2.3": {"batsman": "PA Patel", "bowler": "DW Steyn", "extras": {"wides": 5}, "non_striker": "SP Fleming", "runs": {"batsman": 0, "extras": 5, "total": 5}}}, {"2.4": {"batsman": "PA Patel", "bowler": "DW Steyn", "extras": {"noballs": 1}, "non_striker": "SP Fleming", "runs": {"batsman": 4, "extras": 1, "total": 5}}}, {"2.5": {"batsman": "PA Patel", "bowler": "DW Steyn", "non_striker": "SP Fleming", "runs": {"batsman": 4, "extras": 0, "total": 4}}}, {"2.6": {"batsman": "PA Patel", "bowler": "DW Steyn", "non_striker": "SP Fleming", "runs": {"batsman": 0, "extras": 0, "total": 0}}}, {"2.7": {"batsman": "PA Patel", "bowler": "DW Steyn", "non_striker": "SP Fleming", "runs": {"batsman": 0, "extras": 0, "total": 0}}}, {"2.8": {"batsman": "PA Patel", "bowler": "DW Steyn", "non_striker": "SP Fleming", "runs": {"batsman": 0, "extras": 0, "total": 0}}}, {"3.1": {"batsman": "SP Fleming", "bowler": "P Kumar", "non_striker": "PA Patel", "runs": {"batsman": 0, "extras": 0, "total": 0}}}, {"3.2": {"batsman": "SP Fleming", "bowler": "P Kumar", "non_striker": "PA Patel", "runs": {"batsman": 0, "extras": 0, "total": 0}}}, {"3.3": {"batsman": "SP Fleming", "bowler": "P Kumar", "non_striker": "PA Patel", "runs": {"batsman": 4, "extras": 0, "total": 4}}}, {"3.4": {"batsman": "SP Fleming", "bowler": "P Kumar", "non_striker": "PA Patel", "runs": {"batsman": 6, "extras": 0, "total": 6}}}, {"3.5": {"batsman": "SP Fleming", "bowler": "P Kumar", "non_striker": "PA Patel", "runs": {"batsman": 3, "extras": 0, "total": 3}}}, {"3.6": {"batsman": "PA Patel", "bowler": "P Kumar", "non_striker": "SP Fleming", "runs": {"batsman": 0, "extras": 0, "total": 0}}}, {"4.1": {"batsman": "SP Fleming", "bowler": "A Kumble", "non_striker": "PA Patel", "runs": {"batsman": 0, "extras": 0, "total": 0}}}, {"4.2": {"batsman": "SP Fleming", "bowler": "A Kumble", "non_striker": "PA Patel", "runs": {"batsman": 0, "extras": 0, "total": 0}}}, {"4.3": {"batsman": "SP Fleming", "bowler": "A Kumble", "non_striker": "PA Patel", "runs": {"batsman": 1, "extras": 0, "total": 1}}}, {"4.4": {"batsman": "PA Patel", "bowler": "A Kumble", "non_striker": "SP Fleming", "runs": {"batsman": 0, "extras": 0, "total": 0}}}, {"4.5": {"batsman": "PA Patel", "bowler": "A Kumble", "non_striker": "SP Fleming", "runs": {"batsman": 0, "extras": 0, "total": 0}}}, {"4.6": {"batsman": "PA Patel", "bowler": "A Kumble", "non_striker": "SP Fleming", "runs": {"batsman": 1, "extras": 0, "total": 1}}}, {"5.1": {"batsman": "PA Patel", "bowler": "JH Kallis", "non_striker": "SP Fleming", "runs": {"batsman": 0, "extras": 0, "total": 0}}}, {"5.2": {"batsman": "PA Patel", "bowler": "JH Kallis", "non_striker": "SP Fleming", "runs": {"batsman": 1, "extras": 0, "total": 1}}}, {"5.3": {"batsman": "SP Fleming", "bowler": "JH Kallis", "non_striker": "PA Patel", "runs": {"batsman": 0, "extras": 0, "total": 0}}}, {"5.4": {"batsman": "SP Fleming", "bowler": "JH Kallis", "non_striker": "PA Patel", "runs": {"batsman": 1, "extras": 0, "total": 1}}}, {"5.5": {"batsman": "PA Patel", "bowler": "JH Kallis", "non_striker": "SP Fleming", "runs": {"batsman": 0, "extras": 0, "total": 0}}}, {"5.6": {"batsman": "PA Patel", "bowler": "JH Kallis", "non_striker": "SP Fleming", "runs": {"batsman": 0, "extras": 0, "total": 0}}}, {"6.1": {"batsman": "SP Fleming", "bowler": "A Kumble", "non_striker": "PA Patel", "runs": {"batsman": 0, "extras": 0, "total": 0}}}, {"6.2": {"batsman": "SP Fleming", "bowler": "A Kumble", "non_striker": "PA Patel", "runs": {"batsman": 4, "extras": 0, "total": 4}}}, {"6.3": {"batsman": "SP Fleming", "bowler": "A Kumble", "non_striker": "PA Patel", "runs": {"batsman": 2, "extras": 0, "total": 2}}}, {"6.4": {"batsman": "SP Fleming", "bowler": "A Kumble", "non_striker": "PA Patel", "runs": {"batsman": 1, "extras": 0, "total": 1}}}, {"6.5": {"batsman": "PA Patel", "bowler": "A Kumble", "non_striker": "SP Fleming", "runs": {"batsman": 1, "extras": 0, "total": 1}}}, {"6.6": {"batsman": "SP Fleming", "bowler": "A Kumble", "non_striker": "PA Patel", "runs": {"batsman": 1, "extras": 0, "total": 1}}}, {"7.1": {"batsman": "SP Fleming", "bowler": "JH Kallis", "non_striker": "PA Patel", "runs": {"batsman": 1, "extras": 0, "total": 1}}}, {"7.2": {"batsman": "PA Patel", "bowler": "JH Kallis", "non_striker": "SP Fleming", "runs": {"batsman": 1, "extras": 0, "total": 1}}}, {"7.3": {"batsman": "SP Fleming", "bowler": "JH Kallis", "non_striker": "PA Patel", "runs": {"batsman": 1, "extras": 0, "total": 1}}}, {"7.4": {"batsman": "PA Patel", "bowler": "JH Kallis", "non_striker": "SP Fleming", "runs": {"batsman": 0, "extras": 0, "total": 0}}}, {"7.5": {"batsman": "PA Patel", "bowler": "JH Kallis", "non_striker": "SP Fleming", "runs": {"batsman": 0, "extras": 0, "total": 0}}}, {"7.6": {"batsman": "PA Patel", "bowler": "JH Kallis", "non_striker": "SP Fleming", "runs": {"batsman": 0, "extras": 0, "total": 0}}}, {"8.1": {"batsman": "SP Fleming", "bowler": "R Vinay Kumar", "non_striker": "PA Patel", "runs": {"batsman": 0, "extras": 0, "total": 0}}}, {"8.2": {"batsman": "SP Fleming", "bowler": "R Vinay Kumar", "non_striker": "PA Patel", "runs": {"batsman": 1, "extras": 0, "total": 1}}}, {"8.3": {"batsman": "PA Patel", "bowler": "R Vinay Kumar", "non_striker": "SP Fleming", "runs": {"batsman": 1, "extras": 0, "total": 1}}}, {"8.4": {"batsman": "SP Fleming", "bowler": "R Vinay Kumar", "non_striker": "PA Patel", "runs": {"batsman": 0, "extras": 0, "total": 0}}}, {"8.5": {"batsman": "SP Fleming", "bowler": "R Vinay Kumar", "non_striker": "PA Patel", "runs": {"batsman": 1, "extras": 0, "total": 1}}}, {"8.6": {"batsman": "PA Patel", "bowler": "R Vinay Kumar", "non_striker": "SP Fleming", "runs": {"batsman": 1, "extras": 0, "total": 1}}}, {"9.1": {"batsman": "PA Patel", "bowler": "A Kumble", "non_striker": "SP Fleming", "runs": {"batsman": 0, "extras": 0, "total": 0}, "wicket": {"kind": "caught and bowled", "player_out": "PA Patel"}}}, {"9.2": {"batsman": "MS Dhoni", "bowler": "A Kumble", "non_striker": "SP Fleming", "runs": {"batsman": 0, "extras": 0, "total": 0}}}, {"9.3": {"batsman": "MS Dhoni", "bowler": "A Kumble", "non_striker": "SP Fleming", "runs": {"batsman": 0, "extras": 0, "total": 0}}}, {"9.4": {"batsman": "MS Dhoni", "bowler": "A Kumble", "non_striker": "SP Fleming", "runs": {"batsman": 0, "extras": 0, "total": 0}}}, {"9.5": {"batsman": "MS Dhoni", "bowler": "A Kumble", "non_striker": "SP Fleming", "runs": {"batsman": 1, "extras": 0, "total": 1}}}, {"9.6": {"batsman": "SP Fleming", "bowler": "A Kumble", "non_striker": "MS Dhoni", "runs": {"batsman": 0, "extras": 0, "total": 0}}}, {"10.1": {"batsman": "MS Dhoni", "bowler": "R Vinay Kumar", "non_striker": "SP Fleming", "runs": {"batsman": 1, "extras": 0, "total": 1}}}, {"10.2": {"batsman": "SP Fleming", "bowler": "R Vinay Kumar", "non_striker": "MS Dhoni", "runs": {"batsman": 0, "extras": 0, "total": 0}}}, {"10.3": {"batsman": "SP Fleming", "bowler": "R Vinay Kumar", "non_striker": "MS Dhoni", "runs": {"batsman": 1, "extras": 0, "total": 1}}}, {"10.4": {"batsman": "MS Dhoni", "bowler": "R Vinay Kumar", "non_striker": "SP Fleming", "runs": {"batsman": 0, "extras": 0, "total": 0}}}, {"10.5": {"batsman": "MS Dhoni", "bowler": "R Vinay Kumar", "non_striker": "SP Fleming", "runs": {"batsman": 2, "extras": 0, "total": 2}}}, {"10.6": {"batsman": "MS Dhoni", "bowler": "R Vinay Kumar", "non_striker": "SP Fleming", "runs": {"batsman": 0, "extras": 0, "total": 0}, "wicket": {"fielders": ["A Kumble"], "kind": "caught", "player_out": "MS Dhoni"}}}, {"11.1": {"batsman": "SK Raina", "bowler": "B Akhil", "non_striker": "SP Fleming", "runs": {"batsman": 1, "extras": 0, "total": 1}}}, {"11.2": {"batsman": "SP Fleming", "bowler": "B Akhil", "non_striker": "SK Raina", "runs": {"batsman": 1, "extras": 0, "total": 1}}}, {"11.3": {"batsman": "SK Raina", "bowler": "B Akhil", "non_striker": "SP Fleming", "runs": {"batsman": 1, "extras": 0, "total": 1}}}, {"11.4": {"batsman": "SP Fleming", "bowler": "B Akhil", "non_striker": "SK Raina", "runs": {"batsman": 0, "extras": 0, "total": 0}}}, {"11.5": {"batsman": "SP Fleming", "bowler": "B Akhil", "non_striker": "SK Raina", "runs": {"batsman": 1, "extras": 0, "total": 1}}}, {"11.6": {"batsman": "SK Raina", "bowler": "B Akhil", "non_striker": "SP Fleming", "runs": {"batsman": 0, "extras": 0, "total": 0}}}, {"12.1": {"batsman": "SP Fleming", "bowler": "R Vinay Kumar", "non_striker": "SK Raina", "runs": {"batsman": 6, "extras": 0, "total": 6}}}, {"12.2": {"batsman": "SP Fleming", "bowler": "R Vinay Kumar", "non_striker": "SK Raina", "runs": {"batsman": 0, "extras": 0, "total": 0}}}, {"12.3": {"batsman": "SP Fleming", "bowler": "R Vinay Kumar", "non_striker": "SK Raina", "runs": {"batsman": 4, "extras": 0, "total": 4}}}, {"12.4": {"batsman": "SP Fleming", "bowler": "R Vinay Kumar", "non_striker": "SK Raina", "runs": {"batsman": 1, "extras": 0, "total": 1}}}, {"12.5": {"batsman": "SK Raina", "bowler": "R Vinay Kumar", "non_striker": "SP Fleming", "runs": {"batsman": 1, "extras": 0, "total": 1}}}, {"12.6": {"batsman": "SP Fleming", "bowler": "R Vinay Kumar", "extras": {"noballs": 1}, "non_striker": "SK Raina", "runs": {"batsman": 0, "extras": 1, "total": 1}}}, {"12.7": {"batsman": "SP Fleming", "bowler": "R Vinay Kumar", "non_striker": "SK Raina", "runs": {"batsman": 2, "extras": 0, "total": 2}}}, {"13.1": {"batsman": "SK Raina", "bowler": "A Kumble", "non_striker": "SP Fleming", "runs": {"batsman": 1, "extras": 0, "total": 1}}}, {"13.2": {"batsman": "SP Fleming", "bowler": "A Kumble", "non_striker": "SK Raina", "runs": {"batsman": 0, "extras": 0, "total": 0}, "wicket": {"fielders": ["B Akhil"], "kind": "caught", "player_out": "SP Fleming"}}}, {"13.3": {"batsman": "S Badrinath", "bowler": "A Kumble", "non_striker": "SK Raina", "runs": {"batsman": 1, "extras": 0, "total": 1}}}, {"13.4": {"batsman": "SK Raina", "bowler": "A Kumble", "extras": {"legbyes": 1}, "non_striker": "S Badrinath", "runs": {"batsman": 0, "extras": 1, "total": 1}}}, {"13.5": {"batsman": "S Badrinath", "bowler": "A Kumble", "non_striker": "SK Raina", "runs": {"batsman": 0, "extras": 0, "total": 0}}}, {"13.6": {"batsman": "S Badrinath", "bowler": "A Kumble", "non_striker": "SK Raina", "runs": {"batsman": 0, "extras": 0, "total": 0}, "wicket": {"kind": "lbw", "player_out": "S Badrinath"}}}, {"14.1": {"batsman": "SK Raina", "bowler": "JH Kallis", "non_striker": "JA Morkel", "runs": {"batsman": 1, "extras": 0, "total": 1}}}, {"14.2": {"batsman": "JA Morkel", "bowler": "JH Kallis", "non_striker": "SK Raina", "runs": {"batsman": 0, "extras": 0, "total": 0}}}, {"14.3": {"batsman": "JA Morkel", "bowler": "JH Kallis", "non_striker": "SK Raina", "runs": {"batsman": 0, "extras": 0, "total": 0}}}, {"14.4": {"batsman": "JA Morkel", "bowler": "JH Kallis", "non_striker": "SK Raina", "runs": {"batsman": 1, "extras": 0, "total": 1}}}, {"14.5": {"batsman": "SK Raina", "bowler": "JH Kallis", "non_striker": "JA Morkel", "runs": {"batsman": 2, "extras": 0, "total": 2}}}, {"14.6": {"batsman": "SK Raina", "bowler": "JH Kallis", "non_striker": "JA Morkel", "runs": {"batsman": 1, "extras": 0, "total": 1}}}, {"15.1": {"batsman": "SK Raina", "bowler": "DW Steyn", "non_striker": "JA Morkel", "runs": {"batsman": 1, "extras": 0, "total": 1}}}, {"15.2": {"batsman": "JA Morkel", "bowler": "DW Steyn", "non_striker": "SK Raina", "runs": {"batsman": 0, "extras": 0, "total": 0}}}, {"15.3": {"batsman": "JA Morkel", "bowler": "DW Steyn", "non_striker": "SK Raina", "runs": {"batsman": 0, "extras": 0, "total": 0}, "wicket": {"fielders": ["R Vinay Kumar"], "kind": "caught", "player_out": "JA Morkel"}}}, {"15.4": {"batsman": "S Vidyut", "bowler": "DW Steyn", "non_striker": "SK Raina", "runs": {"batsman": 0, "extras": 0, "total": 0}}}, {"15.5": {"batsman": "S Vidyut", "bowler": "DW Steyn", "non_striker": "SK Raina", "runs": {"batsman": 0, "extras": 0, "total": 0}}}, {"15.6": {"batsman": "S Vidyut", "bowler": "DW Steyn", "non_striker": "SK Raina", "runs": {"batsman": 0, "extras": 0, "total": 0}, "wicket": {"fielders": ["JH Kallis"], "kind": "caught", "player_out": "S Vidyut"}}}, {"16.1": {"batsman": "SK Raina", "bowler": "JH Kallis", "non_striker": "MS Gony", "runs": {"batsman": 0, "extras": 0, "total": 0}}}, {"16.2": {"batsman": "SK Raina", "bowler": "JH Kallis", "non_striker": "MS Gony", "runs": {"batsman": 4, "extras": 0, "total": 4}}}, {"16.3": {"batsman": "SK Raina", "bowler": "JH Kallis", "non_striker": "MS Gony", "runs": {"batsman": 0, "extras": 0, "total": 0}}}, {"16.4": {"batsman": "SK Raina", "bowler": "JH Kallis", "non_striker": "MS Gony", "runs": {"batsman": 1, "extras": 0, "total": 1}}}, {"16.5": {"batsman": "MS Gony", "bowler": "JH Kallis", "non_striker": "SK Raina", "runs": {"batsman": 0, "extras": 0, "total": 0}}}, {"16.6": {"batsman": "MS Gony", "bowler": "JH Kallis", "non_striker": "SK Raina", "runs": {"batsman": 0, "extras": 0, "total": 0}}}, {"17.1": {"batsman": "SK Raina", "bowler": "P Kumar", "non_striker": "MS Gony", "runs": {"batsman": 4, "extras": 0, "total": 4}}}, {"17.2": {"batsman": "SK Raina", "bowler": "P Kumar", "non_striker": "MS Gony", "runs": {"batsman": 1, "extras": 0, "total": 1}}}, {"17.3": {"batsman": "MS Gony", "bowler": "P Kumar", "extras": {"wides": 1}, "non_striker": "SK Raina", "runs": {"batsman": 0, "extras": 1, "total": 1}}}, {"17.4": {"batsman": "MS Gony", "bowler": "P Kumar", "non_striker": "SK Raina", "runs": {"batsman": 4, "extras": 0, "total": 4}}}, {"17.5": {"batsman": "MS Gony", "bowler": "P Kumar", "non_striker": "SK Raina", "runs": {"batsman": 0, "extras": 0, "total": 0}, "wicket": {"fielders": ["DW Steyn"], "kind": "caught", "player_out": "MS Gony"}}}, {"17.6": {"batsman": "L Balaji", "bowler": "P Kumar", "non_striker": "SK Raina", "runs": {"batsman": 0, "extras": 0, "total": 0}}}, {"17.7": {"batsman": "L Balaji", "bowler": "P Kumar", "extras": {"legbyes": 1}, "non_striker": "SK Raina", "runs": {"batsman": 0, "extras": 1, "total": 1}}}, {"18.1": {"batsman": "L Balaji", "bowler": "DW Steyn", "non_striker": "SK Raina", "runs": {"batsman": 0, "extras": 0, "total": 0}}}, {"18.2": {"batsman": "L Balaji", "bowler": "DW Steyn", "extras": {"wides": 1}, "non_striker": "SK Raina", "runs": {"batsman": 0, "extras": 1, "total": 1}}}, {"18.3": {"batsman": "L Balaji", "bowler": "DW Steyn", "non_striker": "SK Raina", "runs": {"batsman": 0, "extras": 0, "total": 0}, "wicket": {"fielders": ["R Dravid", "SP Goswami"], "kind": "run out", "player_out": "L Balaji"}}}, {"18.4": {"batsman": "SK Raina", "bowler": "DW Steyn", "non_striker": "M Ntini", "runs": {"batsman": 1, "extras": 0, "total": 1}}}, {"18.5": {"batsman": "M Ntini", "bowler": "DW Steyn", "non_striker": "SK Raina", "runs": {"batsman": 0, "extras": 0, "total": 0}}}, {"18.6": {"batsman": "M Ntini", "bowler": "DW Steyn", "non_striker": "SK Raina", "runs": {"batsman": 0, "extras": 0, "total": 0}}}, {"18.7": {"batsman": "M Ntini", "bowler": "DW Steyn", "non_striker": "SK Raina", "runs": {"batsman": 0, "extras": 0, "total": 0}}}, {"19.1": {"batsman": "SK Raina", "bowler": "P Kumar", "non_striker": "M Ntini", "runs": {"batsman": 0, "extras": 0, "total": 0}}}, {"19.2": {"batsman": "SK Raina", "bowler": "P Kumar", "non_striker": "M Ntini", "runs": {"batsman": 0, "extras": 0, "total": 0}}}, {"19.3": {"batsman": "SK Raina", "bowler": "P Kumar", "non_striker": "M Ntini", "runs": {"batsman": 1, "extras": 0, "total": 1}}}, {"19.4": {"batsman": "M Ntini", "bowler": "P Kumar", "non_striker": "SK Raina", "runs": {"batsman": 0, "extras": 0, "total": 0}}}, {"19.5": {"batsman": "M Ntini", "bowler": "P Kumar", "non_striker": "SK Raina", "runs": {"batsman": 0, "extras": 0, "total": 0}}}, {"19.6": {"batsman": "M Ntini", "bowler": "P Kumar", "non_striker": "SK Raina", "runs": {"batsman": 0, "extras": 0, "total": 0}}}]