[{"0.1": {"batsman": "SE Marsh", "bowler": "DW Steyn", "extras": {"wides": 2}, "non_striker": "JR Hopes", "runs": {"batsman": 0, "extras": 2, "total": 2}}}, {"0.2": {"batsman": "JR Hopes", "bowler": "DW Steyn", "non_striker": "SE Marsh", "runs": {"batsman": 1, "extras": 0, "total": 1}}}, {"0.3": {"batsman": "SE Marsh", "bowler": "DW Steyn", "non_striker": "JR Hopes", "runs": {"batsman": 0, "extras": 0, "total": 0}}}, {"0.4": {"batsman": "SE Marsh", "bowler": "DW Steyn", "non_striker": "JR Hopes", "runs": {"batsman": 4, "extras": 0, "total": 4}}}, {"0.5": {"batsman": "SE Marsh", "bowler": "DW Steyn", "non_striker": "JR Hopes", "runs": {"batsman": 2, "extras": 0, "total": 2}}}, {"0.6": {"batsman": "SE Marsh", "bowler": "DW Steyn", "non_striker": "JR Hopes", "runs": {"batsman": 1, "extras": 0, "total": 1}}}, {"0.7": {"batsman": "JR Hopes", "bowler": "DW Steyn", "non_striker": "SE Marsh", "runs": {"batsman": 2, "extras": 0, "total": 2}}}, {"1.1": {"batsman": "SE Marsh", "bowler": "Z Khan", "non_striker": "JR Hopes", "runs": {"batsman": 0, "extras": 0, "total": 0}}}, {"1.2": {"batsman": "SE Marsh", "bowler": "Z Khan", "non_striker": "JR Hopes", "runs": {"batsman": 0, "extras": 0, "total": 0}}}, {"1.3": {"batsman": "SE Marsh", "bowler": "Z Khan", "non_striker": "JR Hopes", "runs": {"batsman": 0, "extras": 0, "total": 0}}}, {"1.4": {"batsman": "SE Marsh", "bowler": "Z Khan", "non_striker": "JR Hopes", "runs": {"batsman": 0, "extras": 0, "total": 0}}}, {"1.5": {"batsman": "SE Marsh", "bowler": "Z Khan", "non_striker": "JR Hopes", "runs": {"batsman": 0, "extras": 0, "total": 0}}}, {"1.6": {"batsman": "SE Marsh", "bowler": "Z Khan", "non_striker": "JR Hopes", "runs": {"batsman": 1, "extras": 0, "total": 1}}}, {"2.1": {"batsman": "SE Marsh", "bowler": "P Kumar", "non_striker": "JR Hopes", "runs": {"batsman": 0, "extras": 0, "total": 0}}}, {"2.2": {"batsman": "SE Marsh", "bowler": "P Kumar", "non_striker": "JR Hopes", "runs": {"batsman": 1, "extras": 0, "total": 1}}}, {"2.3": {"batsman": "JR Hopes", "bowler": "P Kumar", "non_striker": "SE Marsh", "runs": {"batsman": 1, "extras": 0, "total": 1}}}, {"2.4": {"batsman": "SE Marsh", "bowler": "P Kumar", "non_striker": "JR Hopes", "runs": {"batsman": 1, "extras": 0, "total": 1}}}, {"2.5": {"batsman": "JR Hopes", "bowler": "P Kumar", "non_striker": "SE Marsh", "runs": {"batsman": 1, "extras": 0, "total": 1}}}, {"2.6": {"batsman": "SE Marsh", "bowler": "P Kumar", "non_striker": "JR Hopes", "runs": {"batsman": 0, "extras": 0, "total": 0}}}, {"3.1": {"batsman": "JR Hopes", "bowler": "Z Khan", "non_striker": "SE Marsh", "runs": {"batsman": 0, "extras": 0, "total": 0}}}, {"3.2": {"batsman": "JR Hopes", "bowler": "Z Khan", "non_striker": "SE Marsh", "runs": {"batsman": 0, "extras": 0, "total": 0}}}, {"3.3": {"batsman": "JR Hopes", "bowler": "Z Khan", "non_striker": "SE Marsh", "runs": {"batsman": 0, "extras": 0, "total": 0}}}, {"3.4": {"batsman": "JR Hopes", "bowler": "Z Khan", "non_striker": "SE Marsh", "runs": {"batsman": 6, "extras": 0, "total": 6}}}, {"3.5": {"batsman": "JR Hopes", "bowler": "Z Khan", "non_striker": "SE Marsh", "runs": {"batsman": 1, "extras": 0, "total": 1}}}, {"3.6": {"batsman": "SE Marsh", "bowler": "Z Khan", "non_striker": "JR Hopes", "runs": {"batsman": 1, "extras": 0, "total": 1}}}, {"4.1": {"batsman": "SE Marsh", "bowler": "P Kumar", "non_striker": "JR Hopes", "runs": {"batsman": 1, "extras": 0, "total": 1}}}, {"4.2": {"batsman": "JR Hopes", "bowler": "P Kumar", "non_striker": "SE Marsh", "runs": {"batsman": 0, "extras": 0, "total": 0}}}, {"4.3": {"batsman": "JR Hopes", "bowler": "P Kumar", "non_striker": "SE Marsh", "runs": {"batsman": 6, "extras": 0, "total": 6}}}, {"4.4": {"batsman": "JR Hopes", "bowler": "P Kumar", "non_striker": "SE Marsh", "runs": {"batsman": 1, "extras": 0, "total": 1}}}, {"4.5": {"batsman": "SE Marsh", "bowler": "P Kumar", "non_striker": "JR Hopes", "runs": {"batsman": 0, "extras": 0, "total": 0}}}, {"4.6": {"batsman": "SE Marsh", "bowler": "P Kumar", "non_striker": "JR Hopes", "runs": {"batsman": 0, "extras": 0, "total": 0}}}, {"5.1": {"batsman": "JR Hopes", "bowler": "Z Khan", "non_striker": "SE Marsh", "runs": {"batsman": 0, "extras": 0, "total": 0}}}, {"5.2": {"batsman": "JR Hopes", "bowler": "Z Khan", "non_striker": "SE Marsh", "runs": {"batsman": 0, "extras": 0, "total": 0}}}, {"5.3": {"batsman": "JR Hopes", "bowler": "Z Khan", "non_striker": "SE Marsh", "runs": {"batsman": 1, "extras": 0, "total": 1}}}, {"5.4": {"batsman": "SE Marsh", "bowler": "Z Khan", "non_striker": "JR Hopes", "runs": {"batsman": 1, "extras": 0, "total": 1}}}, {"5.5": {"batsman": "JR Hopes", "bowler": "Z Khan", "non_striker": "SE Marsh", "runs": {"batsman": 6, "extras": 0, "total": 6}}}, {"5.6": {"batsman": "JR Hopes", "bowler": "Z Khan", "non_striker": "SE Marsh", "runs": {"batsman": 1, "extras": 0, "total": 1}}}, {"6.1": {"batsman": "JR Hopes", "bowler": "R Vinay Kumar", "non_striker": "SE Marsh", "runs": {"batsman": 0, "extras": 0, "total": 0}}}, {"6.2": {"batsman": "JR Hopes", "bowler": "R Vinay Kumar", "non_striker": "SE Marsh", "runs": {"batsman": 0, "extras": 0, "total": 0}, "wicket": {"fielders": ["DW Steyn"], "kind": "caught", "player_out": "JR Hopes"}}}, {"6.3": {"batsman": "SE Marsh", "bowler": "R Vinay Kumar", "non_striker": "LA Pomersbach", "runs": {"batsman": 1, "extras": 0, "total": 1}}}, {"6.4": {"batsman": "LA Pomersbach", "bowler": "R Vinay Kumar", "non_striker": "SE Marsh", "runs": {"batsman": 0, "extras": 0, "total": 0}}}, {"6.5": {"batsman": "LA Pomersbach", "bowler": "R Vinay Kumar", "non_striker": "SE Marsh", "runs": {"batsman": 1, "extras": 0, "total": 1}}}, {"6.6": {"batsman": "SE Marsh", "bowler": "R Vinay Kumar", "non_striker": "LA Pomersbach", "runs": {"batsman": 1, "extras": 0, "total": 1}}}, {"7.1": {"batsman": "SE Marsh", "bowler": "A Kumble", "non_striker": "LA Pomersbach", "runs": {"batsman": 1, "extras": 0, "total": 1}}}, {"7.2": {"batsman": "LA Pomersbach", "bowler": "A Kumble", "non_striker": "SE Marsh", "runs": {"batsman": 1, "extras": 0, "total": 1}}}, {"7.3": {"batsman": "SE Marsh", "bowler": "A Kumble", "non_striker": "LA Pomersbach", "runs": {"batsman": 6, "extras": 0, "total": 6}}}, {"7.4": {"batsman": "SE Marsh", "bowler": "A Kumble", "non_striker": "LA Pomersbach", "runs": {"batsman": 1, "extras": 0, "total": 1}}}, {"7.5": {"batsman": "LA Pomersbach", "bowler": "A Kumble", "non_striker": "SE Marsh", "runs": {"batsman": 0, "extras": 0, "total": 0}}}, {"7.6": {"batsman": "LA Pomersbach", "bowler": "A Kumble", "extras": {"legbyes": 4}, "non_striker": "SE Marsh", "runs": {"batsman": 0, "extras": 4, "total": 4}}}, {"8.1": {"batsman": "SE Marsh", "bowler": "R Vinay Kumar", "non_striker": "LA Pomersbach", "runs": {"batsman": 2, "extras": 0, "total": 2}}}, {"8.2": {"batsman": "SE Marsh", "bowler": "R Vinay Kumar", "non_striker": "LA Pomersbach", "runs": {"batsman": 0, "extras": 0, "total": 0}}}, {"8.3": {"batsman": "SE Marsh", "bowler": "R Vinay Kumar", "non_striker": "LA Pomersbach", "runs": {"batsman": 0, "extras": 0, "total": 0}}}, {"8.4": {"batsman": "SE Marsh", "bowler": "R Vinay Kumar", "non_striker": "LA Pomersbach", "runs": {"batsman": 0, "extras": 0, "total": 0}}}, {"8.5": {"batsman": "SE Marsh", "bowler": "R Vinay Kumar", "non_striker": "LA Pomersbach", "runs": {"batsman": 4, "extras": 0, "total": 4}}}, {"8.6": {"batsman": "SE Marsh", "bowler": "R Vinay Kumar", "non_striker": "LA Pomersbach", "runs": {"batsman": 2, "extras": 0, "total": 2}}}, {"9.1": {"batsman": "LA Pomersbach", "bowler": "A Kumble", "non_striker": "SE Marsh", "runs": {"batsman": 4, "extras": 0, "total": 4}}}, {"9.2": {"batsman": "LA Pomersbach", "bowler": "A Kumble", "non_striker": "SE Marsh", "runs": {"batsman": 0, "extras": 0, "total": 0}}}, {"9.3": {"batsman": "LA Pomersbach", "bowler": "A Kumble", "non_striker": "SE Marsh", "runs": {"batsman": 0, "extras": 0, "total": 0}}}, {"9.4": {"batsman": "LA Pomersbach", "bowler": "A Kumble", "non_striker": "SE Marsh", "runs": {"batsman": 0, "extras": 0, "total": 0}}}, {"9.5": {"batsman": "LA Pomersbach", "bowler": "A Kumble", "non_striker": "SE Marsh", "runs": {"batsman": 0, "extras": 0, "total": 0}}}, {"9.6": {"batsman": "LA Pomersbach", "bowler": "A Kumble", "non_striker": "SE Marsh", "runs": {"batsman": 0, "extras": 0, "total": 0}}}, {"10.1": {"batsman": "SE Marsh", "bowler": "DW Steyn", "non_striker": "LA Pomersbach", "runs": {"batsman": 4, "extras": 0, "total": 4}}}, {"10.2": {"batsman": "SE Marsh", "bowler": "DW Steyn", "non_striker": "LA Pomersbach", "runs": {"batsman": 6, "extras": 0, "total": 6}}}, {"10.3": {"batsman": "SE Marsh", "bowler": "DW Steyn", "non_striker": "LA Pomersbach", "runs": {"batsman": 4, "extras": 0, "total": 4}}}, {"10.4": {"batsman": "SE Marsh", "bowler": "DW Steyn", "non_striker": "LA Pomersbach", "runs": {"batsman": 4, "extras": 0, "total": 4}}}, {"10.5": {"batsman": "SE Marsh", "bowler": "DW Steyn", "extras": {"wides": 1}, "non_striker": "LA Pomersbach", "runs": {"batsman": 0, "extras": 1, "total": 1}}}, {"10.6": {"batsman": "SE Marsh", "bowler": "DW Steyn", "non_striker": "LA Pomersbach", "runs": {"batsman": 1, "extras": 0, "total": 1}}}, {"10.7": {"batsman": "LA Pomersbach", "bowler": "DW Steyn", "non_striker": "SE Marsh", "runs": {"batsman": 1, "extras": 0, "total": 1}}}, {"11.1": {"batsman": "LA Pomersbach", "bowler": "A Kumble", "non_striker": "SE Marsh", "runs": {"batsman": 1, "extras": 0, "total": 1}}}, {"11.2": {"batsman": "SE Marsh", "bowler": "A Kumble", "non_striker": "LA Pomersbach", "runs": {"batsman": 1, "extras": 0, "total": 1}}}, {"11.3": {"batsman": "LA Pomersbach", "bowler": "A Kumble", "non_striker": "SE Marsh", "runs": {"batsman": 6, "extras": 0, "total": 6}}}, {"11.4": {"batsman": "LA Pomersbach", "bowler": "A Kumble", "non_striker": "SE Marsh", "runs": {"batsman": 1, "extras": 0, "total": 1}}}, {"11.5": {"batsman": "SE Marsh", "bowler": "A Kumble", "non_striker": "LA Pomersbach", "runs": {"batsman": 0, "extras": 0, "total": 0}}}, {"11.6": {"batsman": "SE Marsh", "bowler": "A Kumble", "non_striker": "LA Pomersbach", "runs": {"batsman": 1, "extras": 0, "total": 1}}}, {"12.1": {"batsman": "SE Marsh", "bowler": "V Kohli", "non_striker": "LA Pomersbach", "runs": {"batsman": 1, "extras": 0, "total": 1}}}, {"12.2": {"batsman": "LA Pomersbach", "bowler": "V Kohli", "non_striker": "SE Marsh", "runs": {"batsman": 4, "extras": 0, "total": 4}}}, {"12.3": {"batsman": "LA Pomersbach", "bowler": "V Kohli", "non_striker": "SE Marsh", "runs": {"batsman": 1, "extras": 0, "total": 1}}}, {"12.4": {"batsman": "SE Marsh", "bowler": "V Kohli", "non_striker": "LA Pomersbach", "runs": {"batsman": 1, "extras": 0, "total": 1}}}, {"12.5": {"batsman": "LA Pomersbach", "bowler": "V Kohli", "non_striker": "SE Marsh", "runs": {"batsman": 1, "extras": 0, "total": 1}}}, {"12.6": {"batsman": "SE Marsh", "bowler": "V Kohli", "non_striker": "LA Pomersbach", "runs": {"batsman": 1, "extras": 0, "total": 1}}}, {"13.1": {"batsman": "SE Marsh", "bowler": "A Kumble", "extras": {"wides": 1}, "non_striker": "LA Pomersbach", "runs": {"batsman": 0, "extras": 1, "total": 1}}}, {"13.2": {"batsman": "SE Marsh", "bowler": "A Kumble", "non_striker": "LA Pomersbach", "runs": {"batsman": 1, "extras": 0, "total": 1}}}, {"13.3": {"batsman": "LA Pomersbach", "bowler": "A Kumble", "non_striker": "SE Marsh", "runs": {"batsman": 6, "extras": 0, "total": 6}}}, {"13.4": {"batsman": "LA Pomersbach", "bowler": "A Kumble", "non_striker": "SE Marsh", "runs": {"batsman": 0, "extras": 0, "total": 0}}}, {"13.5": {"batsman": "LA Pomersbach", "bowler": "A Kumble", "non_striker": "SE Marsh", "runs": {"batsman": 1, "extras": 0, "total": 1}}}, {"13.6": {"batsman": "SE Marsh", "bowler": "A Kumble", "non_striker": "LA Pomersbach", "runs": {"batsman": 4, "extras": 0, "total": 4}}}, {"13.7": {"batsman": "SE Marsh", "bowler": "A Kumble", "non_striker": "LA Pomersbach", "runs": {"batsman": 0, "extras": 0, "total": 0}}}, {"14.1": {"batsman": "LA Pomersbach", "bowler": "Z Khan", "non_striker": "SE Marsh", "runs": {"batsman": 1, "extras": 0, "total": 1}}}, {"14.2": {"batsman": "SE Marsh", "bowler": "Z Khan", "non_striker": "LA Pomersbach", "runs": {"batsman": 4, "extras": 0, "total": 4}}}, {"14.3": {"batsman": "SE Marsh", "bowler": "Z Khan", "non_striker": "LA Pomersbach", "runs": {"batsman": 4, "extras": 0, "total": 4}}}, {"14.4": {"batsman": "SE Marsh", "bowler": "Z Khan", "non_striker": "LA Pomersbach", "runs": {"batsman": 4, "extras": 0, "total": 4}}}, {"14.5": {"batsman": "SE Marsh", "bowler": "Z Khan", "extras": {"legbyes": 1}, "non_striker": "LA Pomersbach", "runs": {"batsman": 0, "extras": 1, "total": 1}}}, {"14.6": {"batsman": "LA Pomersbach", "bowler": "Z Khan", "non_striker": "SE Marsh", "runs": {"batsman": 4, "extras": 0, "total": 4}}}, {"15.1": {"batsman": "SE Marsh", "bowler": "P Kumar", "non_striker": "LA Pomersbach", "runs": {"batsman": 1, "extras": 0, "total": 1}}}, {"15.2": {"batsman": "LA Pomersbach", "bowler": "P Kumar", "non_striker": "SE Marsh", "runs": {"batsman": 1, "extras": 0, "total": 1}}}, {"15.3": {"batsman": "SE Marsh", "bowler": "P Kumar", "non_striker": "LA Pomersbach", "runs": {"batsman": 0, "extras": 0, "total": 0}}}, {"15.4": {"batsman": "SE Marsh", "bowler": "P Kumar", "non_striker": "LA Pomersbach", "runs": {"batsman": 1, "extras": 0, "total": 1}}}]