[{"0.1": {"batsman": "PA Patel", "bowler": "IK Pathan", "non_striker": "S Vidyut", "runs": {"batsman": 0, "extras": 0, "total": 0}}}, {"0.2": {"batsman": "PA Patel", "bowler": "IK Pathan", "non_striker": "S Vidyut", "runs": {"batsman": 1, "extras": 0, "total": 1}}}, {"0.3": {"batsman": "S Vidyut", "bowler": "IK Pathan", "non_striker": "PA Patel", "runs": {"batsman": 1, "extras": 0, "total": 1}}}, {"0.4": {"batsman": "PA Patel", "bowler": "IK Pathan", "non_striker": "S Vidyut", "runs": {"batsman": 1, "extras": 0, "total": 1}}}, {"0.5": {"batsman": "S Vidyut", "bowler": "IK Pathan", "non_striker": "PA Patel", "runs": {"batsman": 4, "extras": 0, "total": 4}}}, {"0.6": {"batsman": "S Vidyut", "bowler": "IK Pathan", "non_striker": "PA Patel", "runs": {"batsman": 0, "extras": 0, "total": 0}}}, {"1.1": {"batsman": "PA Patel", "bowler": "S Sreesanth", "non_striker": "S Vidyut", "runs": {"batsman": 4, "extras": 0, "total": 4}}}, {"1.2": {"batsman": "PA Patel", "bowler": "S Sreesanth", "non_striker": "S Vidyut", "runs": {"batsman": 1, "extras": 0, "total": 1}}}, {"1.3": {"batsman": "S Vidyut", "bowler": "S Sreesanth", "non_striker": "PA Patel", "runs": {"batsman": 0, "extras": 0, "total": 0}}}, {"1.4": {"batsman": "S Vidyut", "bowler": "S Sreesanth", "non_striker": "PA Patel", "runs": {"batsman": 1, "extras": 0, "total": 1}}}, {"1.5": {"batsman": "PA Patel", "bowler": "S Sreesanth", "non_striker": "S Vidyut", "runs": {"batsman": 0, "extras": 0, "total": 0}}}, {"1.6": {"batsman": "PA Patel", "bowler": "S Sreesanth", "extras": {"wides": 1}, "non_striker": "S Vidyut", "runs": {"batsman": 0, "extras": 1, "total": 1}}}, {"1.7": {"batsman": "PA Patel", "bowler": "S Sreesanth", "non_striker": "S Vidyut", "runs": {"batsman": 0, "extras": 0, "total": 0}}}, {"2.1": {"batsman": "S Vidyut", "bowler": "IK Pathan", "non_striker": "PA Patel", "runs": {"batsman": 0, "extras": 0, "total": 0}}}, {"2.2": {"batsman": "S Vidyut", "bowler": "IK Pathan", "non_striker": "PA Patel", "runs": {"batsman": 0, "extras": 0, "total": 0}, "wicket": {"fielders": ["WA Mota"], "kind": "caught", "player_out": "S Vidyut"}}}, {"2.3": {"batsman": "PA Patel", "bowler": "IK Pathan", "non_striker": "SK Raina", "runs": {"batsman": 0, "extras": 0, "total": 0}}}, {"2.4": {"batsman": "PA Patel", "bowler": "IK Pathan", "extras": {"wides": 1}, "non_striker": "SK Raina", "runs": {"batsman": 0, "extras": 1, "total": 1}}}, {"2.5": {"batsman": "PA Patel", "bowler": "IK Pathan", "non_striker": "SK Raina", "runs": {"batsman": 0, "extras": 0, "total": 0}}}, {"2.6": {"batsman": "PA Patel", "bowler": "IK Pathan", "non_striker": "SK Raina", "runs": {"batsman": 1, "extras": 0, "total": 1}}}, {"2.7": {"batsman": "SK Raina", "bowler": "IK Pathan", "non_striker": "PA Patel", "runs": {"batsman": 0, "extras": 0, "total": 0}}}, {"3.1": {"batsman": "PA Patel", "bowler": "RR Powar", "non_striker": "SK Raina", "runs": {"batsman": 0, "extras": 0, "total": 0}}}, {"3.2": {"batsman": "PA Patel", "bowler": "RR Powar", "non_striker": "SK Raina", "runs": {"batsman": 0, "extras": 0, "total": 0}}}, {"3.3": {"batsman": "PA Patel", "bowler": "RR Powar", "non_striker": "SK Raina", "runs": {"batsman": 1, "extras": 0, "total": 1}}}, {"3.4": {"batsman": "SK Raina", "bowler": "RR Powar", "non_striker": "PA Patel", "runs": {"batsman": 0, "extras": 0, "total": 0}}}, {"3.5": {"batsman": "SK Raina", "bowler": "RR Powar", "non_striker": "PA Patel", "runs": {"batsman": 4, "extras": 0, "total": 4}}}, {"3.6": {"batsman": "SK Raina", "bowler": "RR Powar", "non_striker": "PA Patel", "runs": {"batsman": 4, "extras": 0, "total": 4}}}, {"4.1": {"batsman": "PA Patel", "bowler": "IK Pathan", "non_striker": "SK Raina", "runs": {"batsman": 4, "extras": 0, "total": 4}}}, {"4.2": {"batsman": "PA Patel", "bowler": "IK Pathan", "non_striker": "SK Raina", "runs": {"batsman": 0, "extras": 0, "total": 0}}}, {"4.3": {"batsman": "PA Patel", "bowler": "IK Pathan", "non_striker": "SK Raina", "runs": {"batsman": 0, "extras": 0, "total": 0}}}, {"4.4": {"batsman": "PA Patel", "bowler": "IK Pathan", "non_striker": "SK Raina", "runs": {"batsman": 1, "extras": 0, "total": 1}}}, {"4.5": {"batsman": "SK Raina", "bowler": "IK Pathan", "non_striker": "PA Patel", "runs": {"batsman": 0, "extras": 0, "total": 0}}}, {"4.6": {"batsman": "SK Raina", "bowler": "IK Pathan", "non_striker": "PA Patel", "runs": {"batsman": 0, "extras": 0, "total": 0}}}, {"5.1": {"batsman": "PA Patel", "bowler": "VRV Singh", "non_striker": "SK Raina", "runs": {"batsman": 0, "extras": 0, "total": 0}}}, {"5.2": {"batsman": "PA Patel", "bowler": "VRV Singh", "non_striker": "SK Raina", "runs": {"batsman": 4, "extras": 0, "total": 4}}}, {"5.3": {"batsman": "PA Patel", "bowler": "VRV Singh", "non_striker": "SK Raina", "runs": {"batsman": 0, "extras": 0, "total": 0}}}, {"5.4": {"batsman": "PA Patel", "bowler": "VRV Singh", "non_striker": "SK Raina", "runs": {"batsman": 1, "extras": 0, "total": 1}}}, {"5.5": {"batsman": "SK Raina", "bowler": "VRV Singh", "non_striker": "PA Patel", "runs": {"batsman": 0, "extras": 0, "total": 0}}}, {"5.6": {"batsman": "SK Raina", "bowler": "VRV Singh", "non_striker": "PA Patel", "runs": {"batsman": 0, "extras": 0, "total": 0}}}, {"6.1": {"batsman": "PA Patel", "bowler": "RR Powar", "non_striker": "SK Raina", "runs": {"batsman": 4, "extras": 0, "total": 4}}}, {"6.2": {"batsman": "PA Patel", "bowler": "RR Powar", "extras": {"wides": 1}, "non_striker": "SK Raina", "runs": {"batsman": 0, "extras": 1, "total": 1}}}, {"6.3": {"batsman": "PA Patel", "bowler": "RR Powar", "non_striker": "SK Raina", "runs": {"batsman": 0, "extras": 0, "total": 0}}}, {"6.4": {"batsman": "PA Patel", "bowler": "RR Powar", "non_striker": "SK Raina", "runs": {"batsman": 1, "extras": 0, "total": 1}}}, {"6.5": {"batsman": "SK Raina", "bowler": "RR Powar", "non_striker": "PA Patel", "runs": {"batsman": 1, "extras": 0, "total": 1}}}, {"6.6": {"batsman": "PA Patel", "bowler": "RR Powar", "non_striker": "SK Raina", "runs": {"batsman": 1, "extras": 0, "total": 1}}}, {"6.7": {"batsman": "SK Raina", "bowler": "RR Powar", "non_striker": "PA Patel", "runs": {"batsman": 1, "extras": 0, "total": 1}}}, {"7.1": {"batsman": "SK Raina", "bowler": "VRV Singh", "non_striker": "PA Patel", "runs": {"batsman": 6, "extras": 0, "total": 6}}}, {"7.2": {"batsman": "SK Raina", "bowler": "VRV Singh", "non_striker": "PA Patel", "runs": {"batsman": 1, "extras": 0, "total": 1}}}, {"7.3": {"batsman": "PA Patel", "bowler": "VRV Singh", "non_striker": "SK Raina", "runs": {"batsman": 0, "extras": 0, "total": 0}}}, {"7.4": {"batsman": "PA Patel", "bowler": "VRV Singh", "non_striker": "SK Raina", "runs": {"batsman": 0, "extras": 0, "total": 0}}}, {"7.5": {"batsman": "PA Patel", "bowler": "VRV Singh", "non_striker": "SK Raina", "runs": {"batsman": 1, "extras": 0, "total": 1}}}, {"7.6": {"batsman": "SK Raina", "bowler": "VRV Singh", "non_striker": "PA Patel", "runs": {"batsman": 1, "extras": 0, "total": 1}}}, {"8.1": {"batsman": "SK Raina", "bowler": "JR Hopes", "non_striker": "PA Patel", "runs": {"batsman": 1, "extras": 0, "total": 1}}}, {"8.2": {"batsman": "PA Patel", "bowler": "JR Hopes", "non_striker": "SK Raina", "runs": {"batsman": 0, "extras": 0, "total": 0}}}, {"8.3": {"batsman": "PA Patel", "bowler": "JR Hopes", "non_striker": "SK Raina", "runs": {"batsman": 4, "extras": 0, "total": 4}}}, {"8.4": {"batsman": "PA Patel", "bowler": "JR Hopes", "non_striker": "SK Raina", "runs": {"batsman": 1, "extras": 0, "total": 1}}}, {"8.5": {"batsman": "SK Raina", "bowler": "JR Hopes", "non_striker": "PA Patel", "runs": {"batsman": 1, "extras": 0, "total": 1}}}, {"8.6": {"batsman": "PA Patel", "bowler": "JR Hopes", "non_striker": "SK Raina", "runs": {"batsman": 0, "extras": 0, "total": 0}}}, {"9.1": {"batsman": "SK Raina", "bowler": "PP Chawla", "non_striker": "PA Patel", "runs": {"batsman": 0, "extras": 0, "total": 0}}}, {"9.2": {"batsman": "SK Raina", "bowler": "PP Chawla", "non_striker": "PA Patel", "runs": {"batsman": 1, "extras": 0, "total": 1}}}, {"9.3": {"batsman": "PA Patel", "bowler": "PP Chawla", "non_striker": "SK Raina", "runs": {"batsman": 0, "extras": 0, "total": 0}}}, {"9.4": {"batsman": "PA Patel", "bowler": "PP Chawla", "non_striker": "SK Raina", "runs": {"batsman": 1, "extras": 0, "total": 1}}}, {"9.5": {"batsman": "SK Raina", "bowler": "PP Chawla", "non_striker": "PA Patel", "runs": {"batsman": 0, "extras": 0, "total": 0}}}, {"9.6": {"batsman": "SK Raina", "bowler": "PP Chawla", "non_striker": "PA Patel", "runs": {"batsman": 0, "extras": 0, "total": 0}}}, {"10.1": {"batsman": "PA Patel", "bowler": "JR Hopes", "non_striker": "SK Raina", "runs": {"batsman": 4, "extras": 0, "total": 4}}}, {"10.2": {"batsman": "PA Patel", "bowler": "JR Hopes", "non_striker": "SK Raina", "runs": {"batsman": 0, "extras": 0, "total": 0}}}, {"10.3": {"batsman": "PA Patel", "bowler": "JR Hopes", "non_striker": "SK Raina", "runs": {"batsman": 1, "extras": 0, "total": 1}}}, {"10.4": {"batsman": "SK Raina", "bowler": "JR Hopes", "non_striker": "PA Patel", "runs": {"batsman": 1, "extras": 0, "total": 1}}}, {"10.5": {"batsman": "PA Patel", "bowler": "JR Hopes", "non_striker": "SK Raina", "runs": {"batsman": 1, "extras": 0, "total": 1}}}, {"10.6": {"batsman": "SK Raina", "bowler": "JR Hopes", "non_striker": "PA Patel", "runs": {"batsman": 6, "extras": 0, "total": 6}}}, {"11.1": {"batsman": "PA Patel", "bowler": "PP Chawla", "non_striker": "SK Raina", "runs": {"batsman": 1, "extras": 0, "total": 1}}}, {"11.2": {"batsman": "SK Raina", "bowler": "PP Chawla", "non_striker": "PA Patel", "runs": {"batsman": 0, "extras": 0, "total": 0}}}, {"11.3": {"batsman": "SK Raina", "bowler": "PP Chawla", "non_striker": "PA Patel", "runs": {"batsman": 0, "extras": 0, "total": 0}}}, {"11.4": {"batsman": "SK Raina", "bowler": "PP Chawla", "non_striker": "PA Patel", "runs": {"batsman": 1, "extras": 0, "total": 1}}}, {"11.5": {"batsman": "PA Patel", "bowler": "PP Chawla", "non_striker": "SK Raina", "runs": {"batsman": 1, "extras": 0, "total": 1}}}, {"11.6": {"batsman": "SK Raina", "bowler": "PP Chawla", "non_striker": "PA Patel", "runs": {"batsman": 2, "extras": 0, "total": 2}}}, {"12.1": {"batsman": "PA Patel", "bowler": "RR Powar", "non_striker": "SK Raina", "runs": {"batsman": 0, "extras": 0, "total": 0}}}, {"12.2": {"batsman": "PA Patel", "bowler": "RR Powar", "non_striker": "SK Raina", "runs": {"batsman": 0, "extras": 0, "total": 0}}}, {"12.3": {"batsman": "PA Patel", "bowler": "RR Powar", "non_striker": "SK Raina", "runs": {"batsman": 4, "extras": 0, "total": 4}}}, {"12.4": {"batsman": "PA Patel", "bowler": "RR Powar", "non_striker": "SK Raina", "runs": {"batsman": 1, "extras": 0, "total": 1}}}, {"12.5": {"batsman": "SK Raina", "bowler": "RR Powar", "non_striker": "PA Patel", "runs": {"batsman": 1, "extras": 0, "total": 1}}}, {"12.6": {"batsman": "PA Patel", "bowler": "RR Powar", "non_striker": "SK Raina", "runs": {"batsman": 4, "extras": 0, "total": 4}}}, {"13.1": {"batsman": "SK Raina", "bowler": "IK Pathan", "non_striker": "PA Patel", "runs": {"batsman": 6, "extras": 0, "total": 6}}}, {"13.2": {"batsman": "SK Raina", "bowler": "IK Pathan", "non_striker": "PA Patel", "runs": {"batsman": 0, "extras": 0, "total": 0}}}, {"13.3": {"batsman": "SK Raina", "bowler": "IK Pathan", "non_striker": "PA Patel", "runs": {"batsman": 1, "extras": 0, "total": 1}}}, {"13.4": {"batsman": "PA Patel", "bowler": "IK Pathan", "extras": {"wides": 1}, "non_striker": "SK Raina", "runs": {"batsman": 0, "extras": 1, "total": 1}}}, {"13.5": {"batsman": "PA Patel", "bowler": "IK Pathan", "non_striker": "SK Raina", "runs": {"batsman": 0, "extras": 0, "total": 0}}}, {"13.6": {"batsman": "PA Patel", "bowler": "IK Pathan", "non_striker": "SK Raina", "runs": {"batsman": 1, "extras": 0, "total": 1}}}, {"13.7": {"batsman": "SK Raina", "bowler": "IK Pathan", "non_striker": "PA Patel", "runs": {"batsman": 1, "extras": 0, "total": 1}}}, {"14.1": {"batsman": "SK Raina", "bowler": "PP Chawla", "non_striker": "PA Patel", "runs": {"batsman": 6, "extras": 0, "total": 6}}}, {"14.2": {"batsman": "SK Raina", "bowler": "PP Chawla", "non_striker": "PA Patel", "runs": {"batsman": 4, "extras": 0, "total": 4}}}, {"14.3": {"batsman": "SK Raina", "bowler": "PP Chawla", "non_striker": "PA Patel", "runs": {"batsman": 1, "extras": 0, "total": 1}}}, {"14.4": {"batsman": "PA Patel", "bowler": "PP Chawla", "non_striker": "SK Raina", "runs": {"batsman": 1, "extras": 0, "total": 1}}}, {"14.5": {"batsman": "SK Raina", "bowler": "PP Chawla", "non_striker": "PA Patel", "runs": {"batsman": 4, "extras": 0, "total": 4}}}]