[{"0.1": {"batsman": "ST Jayasuriya", "bowler": "Shoaib Akhtar", "non_striker": "SR Tendulkar", "runs": {"batsman": 4, "extras": 0, "total": 4}}}, {"0.2": {"batsman": "ST Jayasuriya", "bowler": "Shoaib Akhtar", "extras": {"wides": 1}, "non_striker": "SR Tendulkar", "runs": {"batsman": 0, "extras": 1, "total": 1}}}, {"0.3": {"batsman": "ST Jayasuriya", "bowler": "Shoaib Akhtar", "non_striker": "SR Tendulkar", "runs": {"batsman": 1, "extras": 0, "total": 1}}}, {"0.4": {"batsman": "SR Tendulkar", "bowler": "Shoaib Akhtar", "non_striker": "ST Jayasuriya", "runs": {"batsman": 0, "extras": 0, "total": 0}}}, {"0.5": {"batsman": "SR Tendulkar", "bowler": "Shoaib Akhtar", "non_striker": "ST Jayasuriya", "runs": {"batsman": 0, "extras": 0, "total": 0}}}, {"0.6": {"batsman": "SR Tendulkar", "bowler": "Shoaib Akhtar", "non_striker": "ST Jayasuriya", "runs": {"batsman": 0, "extras": 0, "total": 0}, "wicket": {"fielders": ["WP Saha"], "kind": "caught", "player_out": "SR Tendulkar"}}}, {"0.7": {"batsman": "RV Uthappa", "bowler": "Shoaib Akhtar", "non_striker": "ST Jayasuriya", "runs": {"batsman": 0, "extras": 0, "total": 0}}}, {"1.1": {"batsman": "ST Jayasuriya", "bowler": "I Sharma", "non_striker": "RV Uthappa", "runs": {"batsman": 4, "extras": 0, "total": 4}}}, {"1.2": {"batsman": "ST Jayasuriya", "bowler": "I Sharma", "extras": {"wides": 1}, "non_striker": "RV Uthappa", "runs": {"batsman": 0, "extras": 1, "total": 1}}}, {"1.3": {"batsman": "ST Jayasuriya", "bowler": "I Sharma", "non_striker": "RV Uthappa", "runs": {"batsman": 1, "extras": 0, "total": 1}}}, {"1.4": {"batsman": "RV Uthappa", "bowler": "I Sharma", "non_striker": "ST Jayasuriya", "runs": {"batsman": 4, "extras": 0, "total": 4}}}, {"1.5": {"batsman": "RV Uthappa", "bowler": "I Sharma", "extras": {"legbyes": 1}, "non_striker": "ST Jayasuriya", "runs": {"batsman": 0, "extras": 1, "total": 1}}}, {"1.6": {"batsman": "ST Jayasuriya", "bowler": "I Sharma", "non_striker": "RV Uthappa", "runs": {"batsman": 4, "extras": 0, "total": 4}}}, {"1.7": {"batsman": "ST Jayasuriya", "bowler": "I Sharma", "non_striker": "RV Uthappa", "runs": {"batsman": 0, "extras": 0, "total": 0}}}, {"2.1": {"batsman": "RV Uthappa", "bowler": "Shoaib Akhtar", "non_striker": "ST Jayasuriya", "runs": {"batsman": 1, "extras": 0, "total": 1}}}, {"2.2": {"batsman": "ST Jayasuriya", "bowler": "Shoaib Akhtar", "non_striker": "RV Uthappa", "runs": {"batsman": 4, "extras": 0, "total": 4}}}, {"2.3": {"batsman": "ST Jayasuriya", "bowler": "Shoaib Akhtar", "non_striker": "RV Uthappa", "runs": {"batsman": 6, "extras": 0, "total": 6}}}, {"2.4": {"batsman": "ST Jayasuriya", "bowler": "Shoaib Akhtar", "non_striker": "RV Uthappa", "runs": {"batsman": 2, "extras": 0, "total": 2}}}, {"2.5": {"batsman": "ST Jayasuriya", "bowler": "Shoaib Akhtar", "non_striker": "RV Uthappa", "runs": {"batsman": 4, "extras": 0, "total": 4}}}, {"2.6": {"batsman": "ST Jayasuriya", "bowler": "Shoaib Akhtar", "non_striker": "RV Uthappa", "runs": {"batsman": 6, "extras": 0, "total": 6}}}, {"3.1": {"batsman": "RV Uthappa", "bowler": "I Sharma", "non_striker": "ST Jayasuriya", "runs": {"batsman": 0, "extras": 0, "total": 0}}}, {"3.2": {"batsman": "RV Uthappa", "bowler": "I Sharma", "non_striker": "ST Jayasuriya", "runs": {"batsman": 0, "extras": 0, "total": 0}}}, {"3.3": {"batsman": "RV Uthappa", "bowler": "I Sharma", "non_striker": "ST Jayasuriya", "runs": {"batsman": 4, "extras": 0, "total": 4}}}, {"3.4": {"batsman": "RV Uthappa", "bowler": "I Sharma", "non_striker": "ST Jayasuriya", "runs": {"batsman": 0, "extras": 0, "total": 0}, "wicket": {"fielders": ["SC Ganguly"], "kind": "caught", "player_out": "RV Uthappa"}}}, {"3.5": {"batsman": "DJ Thornely", "bowler": "I Sharma", "non_striker": "ST Jayasuriya", "runs": {"batsman": 0, "extras": 0, "total": 0}}}, {"3.6": {"batsman": "DJ Thornely", "bowler": "I Sharma", "non_striker": "ST Jayasuriya", "runs": {"batsman": 0, "extras": 0, "total": 0}}}, {"4.1": {"batsman": "ST Jayasuriya", "bowler": "AB Agarkar", "extras": {"wides": 1}, "non_striker": "DJ Thornely", "runs": {"batsman": 0, "extras": 1, "total": 1}}}, {"4.2": {"batsman": "ST Jayasuriya", "bowler": "AB Agarkar", "non_striker": "DJ Thornely", "runs": {"batsman": 1, "extras": 0, "total": 1}}}, {"4.3": {"batsman": "DJ Thornely", "bowler": "AB Agarkar", "non_striker": "ST Jayasuriya", "runs": {"batsman": 1, "extras": 0, "total": 1}}}, {"4.4": {"batsman": "ST Jayasuriya", "bowler": "AB Agarkar", "extras": {"wides": 1}, "non_striker": "DJ Thornely", "runs": {"batsman": 0, "extras": 1, "total": 1}}}, {"4.5": {"batsman": "ST Jayasuriya", "bowler": "AB Agarkar", "non_striker": "DJ Thornely", "runs": {"batsman": 1, "extras": 0, "total": 1}}}, {"4.6": {"batsman": "DJ Thornely", "bowler": "AB Agarkar", "non_striker": "ST Jayasuriya", "runs": {"batsman": 0, "extras": 0, "total": 0}}}, {"4.7": {"batsman": "DJ Thornely", "bowler": "AB Agarkar", "non_striker": "ST Jayasuriya", "runs": {"batsman": 0, "extras": 0, "total": 0}}}, {"4.8": {"batsman": "DJ Thornely", "bowler": "AB Agarkar", "non_striker": "ST Jayasuriya", "runs": {"batsman": 0, "extras": 0, "total": 0}}}, {"5.1": {"batsman": "ST Jayasuriya", "bowler": "I Sharma", "non_striker": "DJ Thornely", "runs": {"batsman": 4, "extras": 0, "total": 4}}}, {"5.2": {"batsman": "ST Jayasuriya", "bowler": "I Sharma", "non_striker": "DJ Thornely", "runs": {"batsman": 0, "extras": 0, "total": 0}}}, {"5.3": {"batsman": "ST Jayasuriya", "bowler": "I Sharma", "extras": {"noballs": 1}, "non_striker": "DJ Thornely", "runs": {"batsman": 6, "extras": 1, "total": 7}}}, {"5.4": {"batsman": "ST Jayasuriya", "bowler": "I Sharma", "extras": {"legbyes": 4}, "non_striker": "DJ Thornely", "runs": {"batsman": 0, "extras": 4, "total": 4}}}]