[{"0.1": {"batsman": "G Gambhir", "bowler": "MS Gony", "non_striker": "V Sehwag", "runs": {"batsman": 0, "extras": 0, "total": 0}}}, {"0.2": {"batsman": "G Gambhir", "bowler": "MS Gony", "extras": {"legbyes": 1}, "non_striker": "V Sehwag", "runs": {"batsman": 0, "extras": 1, "total": 1}}}, {"0.3": {"batsman": "V Sehwag", "bowler": "MS Gony", "non_striker": "G Gambhir", "runs": {"batsman": 4, "extras": 0, "total": 4}}}, {"0.4": {"batsman": "V Sehwag", "bowler": "MS Gony", "non_striker": "G Gambhir", "runs": {"batsman": 0, "extras": 0, "total": 0}}}, {"0.5": {"batsman": "V Sehwag", "bowler": "MS Gony", "non_striker": "G Gambhir", "runs": {"batsman": 1, "extras": 0, "total": 1}}}, {"0.6": {"batsman": "G Gambhir", "bowler": "MS Gony", "non_striker": "V Sehwag", "runs": {"batsman": 1, "extras": 0, "total": 1}}}, {"1.1": {"batsman": "G Gambhir", "bowler": "JA Morkel", "non_striker": "V Sehwag", "runs": {"batsman": 1, "extras": 0, "total": 1}}}, {"1.2": {"batsman": "V Sehwag", "bowler": "JA Morkel", "non_striker": "G Gambhir", "runs": {"batsman": 4, "extras": 0, "total": 4}}}, {"1.3": {"batsman": "V Sehwag", "bowler": "JA Morkel", "non_striker": "G Gambhir", "runs": {"batsman": 4, "extras": 0, "total": 4}}}, {"1.4": {"batsman": "V Sehwag", "bowler": "JA Morkel", "non_striker": "G Gambhir", "runs": {"batsman": 0, "extras": 0, "total": 0}}}, {"1.5": {"batsman": "V Sehwag", "bowler": "JA Morkel", "non_striker": "G Gambhir", "runs": {"batsman": 0, "extras": 0, "total": 0}}}, {"1.6": {"batsman": "V Sehwag", "bowler": "JA Morkel", "extras": {"noballs": 1}, "non_striker": "G Gambhir", "runs": {"batsman": 0, "extras": 1, "total": 1}}}, {"1.7": {"batsman": "V Sehwag", "bowler": "JA Morkel", "extras": {"noballs": 1}, "non_striker": "G Gambhir", "runs": {"batsman": 0, "extras": 1, "total": 1}}}, {"1.8": {"batsman": "V Sehwag", "bowler": "JA Morkel", "non_striker": "G Gambhir", "runs": {"batsman": 1, "extras": 0, "total": 1}}}, {"2.1": {"batsman": "V Sehwag", "bowler": "MS Gony", "non_striker": "G Gambhir", "runs": {"batsman": 3, "extras": 0, "total": 3}}}, {"2.2": {"batsman": "G Gambhir", "bowler": "MS Gony", "non_striker": "V Sehwag", "runs": {"batsman": 1, "extras": 0, "total": 1}}}, {"2.3": {"batsman": "V Sehwag", "bowler": "MS Gony", "non_striker": "G Gambhir", "runs": {"batsman": 1, "extras": 0, "total": 1}}}, {"2.4": {"batsman": "G Gambhir", "bowler": "MS Gony", "non_striker": "V Sehwag", "runs": {"batsman": 4, "extras": 0, "total": 4}}}, {"2.5": {"batsman": "G Gambhir", "bowler": "MS Gony", "non_striker": "V Sehwag", "runs": {"batsman": 1, "extras": 0, "total": 1}}}, {"2.6": {"batsman": "V Sehwag", "bowler": "MS Gony", "non_striker": "G Gambhir", "runs": {"batsman": 1, "extras": 0, "total": 1}}}, {"3.1": {"batsman": "V Sehwag", "bowler": "JA Morkel", "non_striker": "G Gambhir", "runs": {"batsman": 1, "extras": 0, "total": 1}}}, {"3.2": {"batsman": "G Gambhir", "bowler": "JA Morkel", "non_striker": "V Sehwag", "runs": {"batsman": 1, "extras": 0, "total": 1}}}, {"3.3": {"batsman": "V Sehwag", "bowler": "JA Morkel", "non_striker": "G Gambhir", "runs": {"batsman": 1, "extras": 0, "total": 1}}}, {"3.4": {"batsman": "G Gambhir", "bowler": "JA Morkel", "non_striker": "V Sehwag", "runs": {"batsman": 1, "extras": 0, "total": 1}}}, {"3.5": {"batsman": "V Sehwag", "bowler": "JA Morkel", "non_striker": "G Gambhir", "runs": {"batsman": 1, "extras": 0, "total": 1}}}, {"3.6": {"batsman": "G Gambhir", "bowler": "JA Morkel", "non_striker": "V Sehwag", "runs": {"batsman": 4, "extras": 0, "total": 4}}}, {"4.1": {"batsman": "V Sehwag", "bowler": "MS Gony", "non_striker": "G Gambhir", "runs": {"batsman": 1, "extras": 0, "total": 1}}}, {"4.2": {"batsman": "G Gambhir", "bowler": "MS Gony", "non_striker": "V Sehwag", "runs": {"batsman": 0, "extras": 0, "total": 0}}}, {"4.3": {"batsman": "G Gambhir", "bowler": "MS Gony", "non_striker": "V Sehwag", "runs": {"batsman": 4, "extras": 0, "total": 4}}}, {"4.4": {"batsman": "G Gambhir", "bowler": "MS Gony", "non_striker": "V Sehwag", "runs": {"batsman": 0, "extras": 0, "total": 0}}}, {"4.5": {"batsman": "G Gambhir", "bowler": "MS Gony", "non_striker": "V Sehwag", "runs": {"batsman": 1, "extras": 0, "total": 1}}}, {"4.6": {"batsman": "V Sehwag", "bowler": "MS Gony", "non_striker": "G Gambhir", "runs": {"batsman": 0, "extras": 0, "total": 0}, "wicket": {"kind": "bowled", "player_out": "V Sehwag"}}}, {"5.1": {"batsman": "G Gambhir", "bowler": "JA Morkel", "non_striker": "AB de Villiers", "runs": {"batsman": 1, "extras": 0, "total": 1}}}, {"5.2": {"batsman": "AB de Villiers", "bowler": "JA Morkel", "non_striker": "G Gambhir", "runs": {"batsman": 0, "extras": 0, "total": 0}, "wicket": {"kind": "bowled", "player_out": "AB de Villiers"}}}, {"5.3": {"batsman": "S Dhawan", "bowler": "JA Morkel", "non_striker": "G Gambhir", "runs": {"batsman": 0, "extras": 0, "total": 0}}}, {"5.4": {"batsman": "S Dhawan", "bowler": "JA Morkel", "non_striker": "G Gambhir", "runs": {"batsman": 4, "extras": 0, "total": 4}}}, {"5.5": {"batsman": "S Dhawan", "bowler": "JA Morkel", "non_striker": "G Gambhir", "runs": {"batsman": 0, "extras": 0, "total": 0}}}, {"5.6": {"batsman": "S Dhawan", "bowler": "JA Morkel", "non_striker": "G Gambhir", "runs": {"batsman": 0, "extras": 0, "total": 0}}}, {"6.1": {"batsman": "G Gambhir", "bowler": "M Muralitharan", "non_striker": "S Dhawan", "runs": {"batsman": 4, "extras": 0, "total": 4}}}, {"6.2": {"batsman": "G Gambhir", "bowler": "M Muralitharan", "non_striker": "S Dhawan", "runs": {"batsman": 1, "extras": 0, "total": 1}}}, {"6.3": {"batsman": "S Dhawan", "bowler": "M Muralitharan", "non_striker": "G Gambhir", "runs": {"batsman": 1, "extras": 0, "total": 1}}}, {"6.4": {"batsman": "G Gambhir", "bowler": "M Muralitharan", "non_striker": "S Dhawan", "runs": {"batsman": 1, "extras": 0, "total": 1}}}, {"6.5": {"batsman": "S Dhawan", "bowler": "M Muralitharan", "extras": {"wides": 1}, "non_striker": "G Gambhir", "runs": {"batsman": 0, "extras": 1, "total": 1}}}, {"6.6": {"batsman": "S Dhawan", "bowler": "M Muralitharan", "extras": {"legbyes": 1}, "non_striker": "G Gambhir", "runs": {"batsman": 0, "extras": 1, "total": 1}}}, {"6.7": {"batsman": "G Gambhir", "bowler": "M Muralitharan", "non_striker": "S Dhawan", "runs": {"batsman": 0, "extras": 0, "total": 0}}}, {"7.1": {"batsman": "S Dhawan", "bowler": "P Amarnath", "non_striker": "G Gambhir", "runs": {"batsman": 2, "extras": 0, "total": 2}}}, {"7.2": {"batsman": "S Dhawan", "bowler": "P Amarnath", "non_striker": "G Gambhir", "runs": {"batsman": 0, "extras": 0, "total": 0}}}, {"7.3": {"batsman": "S Dhawan", "bowler": "P Amarnath", "non_striker": "G Gambhir", "runs": {"batsman": 1, "extras": 0, "total": 1}}}, {"7.4": {"batsman": "G Gambhir", "bowler": "P Amarnath", "non_striker": "S Dhawan", "runs": {"batsman": 4, "extras": 0, "total": 4}}}, {"7.5": {"batsman": "G Gambhir", "bowler": "P Amarnath", "non_striker": "S Dhawan", "runs": {"batsman": 1, "extras": 0, "total": 1}}}, {"7.6": {"batsman": "S Dhawan", "bowler": "P Amarnath", "non_striker": "G Gambhir", "runs": {"batsman": 0, "extras": 0, "total": 0}}}, {"8.1": {"batsman": "G Gambhir", "bowler": "M Muralitharan", "non_striker": "S Dhawan", "runs": {"batsman": 1, "extras": 0, "total": 1}}}, {"8.2": {"batsman": "S Dhawan", "bowler": "M Muralitharan", "non_striker": "G Gambhir", "runs": {"batsman": 4, "extras": 0, "total": 4}}}, {"8.3": {"batsman": "S Dhawan", "bowler": "M Muralitharan", "non_striker": "G Gambhir", "runs": {"batsman": 1, "extras": 0, "total": 1}}}, {"8.4": {"batsman": "G Gambhir", "bowler": "M Muralitharan", "non_striker": "S Dhawan", "runs": {"batsman": 1, "extras": 0, "total": 1}}}, {"8.5": {"batsman": "S Dhawan", "bowler": "M Muralitharan", "non_striker": "G Gambhir", "runs": {"batsman": 0, "extras": 0, "total": 0}}}, {"8.6": {"batsman": "S Dhawan", "bowler": "M Muralitharan", "non_striker": "G Gambhir", "runs": {"batsman": 0, "extras": 0, "total": 0}}}, {"9.1": {"batsman": "G Gambhir", "bowler": "L Balaji", "non_striker": "S Dhawan", "runs": {"batsman": 1, "extras": 0, "total": 1}}}, {"9.2": {"batsman": "S Dhawan", "bowler": "L Balaji", "extras": {"legbyes": 1}, "non_striker": "G Gambhir", "runs": {"batsman": 0, "extras": 1, "total": 1}}}, {"9.3": {"batsman": "G Gambhir", "bowler": "L Balaji", "non_striker": "S Dhawan", "runs": {"batsman": 1, "extras": 0, "total": 1}}}, {"9.4": {"batsman": "S Dhawan", "bowler": "L Balaji", "non_striker": "G Gambhir", "runs": {"batsman": 4, "extras": 0, "total": 4}}}, {"9.5": {"batsman": "S Dhawan", "bowler": "L Balaji", "non_striker": "G Gambhir", "runs": {"batsman": 1, "extras": 0, "total": 1}}}, {"9.6": {"batsman": "G Gambhir", "bowler": "L Balaji", "non_striker": "S Dhawan", "runs": {"batsman": 1, "extras": 0, "total": 1}}}, {"10.1": {"batsman": "G Gambhir", "bowler": "P Amarnath", "non_striker": "S Dhawan", "runs": {"batsman": 1, "extras": 0, "total": 1}}}, {"10.2": {"batsman": "S Dhawan", "bowler": "P Amarnath", "extras": {"legbyes": 1}, "non_striker": "G Gambhir", "runs": {"batsman": 0, "extras": 1, "total": 1}}}, {"10.3": {"batsman": "G Gambhir", "bowler": "P Amarnath", "non_striker": "S Dhawan", "runs": {"batsman": 4, "extras": 0, "total": 4}}}, {"10.4": {"batsman": "G Gambhir", "bowler": "P Amarnath", "non_striker": "S Dhawan", "runs": {"batsman": 1, "extras": 0, "total": 1}}}, {"10.5": {"batsman": "S Dhawan", "bowler": "P Amarnath", "non_striker": "G Gambhir", "runs": {"batsman": 6, "extras": 0, "total": 6}}}, {"10.6": {"batsman": "S Dhawan", "bowler": "P Amarnath", "non_striker": "G Gambhir", "runs": {"batsman": 1, "extras": 0, "total": 1}}}, {"11.1": {"batsman": "S Dhawan", "bowler": "L Balaji", "non_striker": "G Gambhir", "runs": {"batsman": 1, "extras": 0, "total": 1}}}, {"11.2": {"batsman": "G Gambhir", "bowler": "L Balaji", "non_striker": "S Dhawan", "runs": {"batsman": 0, "extras": 0, "total": 0}}}, {"11.3": {"batsman": "G Gambhir", "bowler": "L Balaji", "non_striker": "S Dhawan", "runs": {"batsman": 1, "extras": 0, "total": 1}}}, {"11.4": {"batsman": "S Dhawan", "bowler": "L Balaji", "non_striker": "G Gambhir", "runs": {"batsman": 0, "extras": 0, "total": 0}}}, {"11.5": {"batsman": "S Dhawan", "bowler": "L Balaji", "non_striker": "G Gambhir", "runs": {"batsman": 1, "extras": 0, "total": 1}}}, {"11.6": {"batsman": "G Gambhir", "bowler": "L Balaji", "non_striker": "S Dhawan", "runs": {"batsman": 0, "extras": 0, "total": 0}}}, {"12.1": {"batsman": "S Dhawan", "bowler": "M Muralitharan", "non_striker": "G Gambhir", "runs": {"batsman": 0, "extras": 0, "total": 0}}}, {"12.2": {"batsman": "S Dhawan", "bowler": "M Muralitharan", "non_striker": "G Gambhir", "runs": {"batsman": 1, "extras": 0, "total": 1}}}, {"12.3": {"batsman": "G Gambhir", "bowler": "M Muralitharan", "extras": {"wides": 1}, "non_striker": "S Dhawan", "runs": {"batsman": 0, "extras": 1, "total": 1}}}, {"12.4": {"batsman": "G Gambhir", "bowler": "M Muralitharan", "non_striker": "S Dhawan", "runs": {"batsman": 1, "extras": 0, "total": 1}}}, {"12.5": {"batsman": "S Dhawan", "bowler": "M Muralitharan", "extras": {"legbyes": 1}, "non_striker": "G Gambhir", "runs": {"batsman": 0, "extras": 1, "total": 1}}}, {"12.6": {"batsman": "G Gambhir", "bowler": "M Muralitharan", "extras": {"wides": 1}, "non_striker": "S Dhawan", "runs": {"batsman": 0, "extras": 1, "total": 1}}}, {"12.7": {"batsman": "G Gambhir", "bowler": "M Muralitharan", "non_striker": "S Dhawan", "runs": {"batsman": 1, "extras": 0, "total": 1}}}, {"12.8": {"batsman": "S Dhawan", "bowler": "M Muralitharan", "non_striker": "G Gambhir", "runs": {"batsman": 0, "extras": 0, "total": 0}}}, {"13.1": {"batsman": "G Gambhir", "bowler": "MS Gony", "non_striker": "S Dhawan", "runs": {"batsman": 6, "extras": 0, "total": 6}}}, {"13.2": {"batsman": "G Gambhir", "bowler": "MS Gony", "non_striker": "S Dhawan", "runs": {"batsman": 1, "extras": 0, "total": 1}}}, {"13.3": {"batsman": "S Dhawan", "bowler": "MS Gony", "extras": {"wides": 1}, "non_striker": "G Gambhir", "runs": {"batsman": 0, "extras": 1, "total": 1}}}, {"13.4": {"batsman": "S Dhawan", "bowler": "MS Gony", "non_striker": "G Gambhir", "runs": {"batsman": 1, "extras": 0, "total": 1}}}, {"13.5": {"batsman": "G Gambhir", "bowler": "MS Gony", "non_striker": "S Dhawan", "runs": {"batsman": 1, "extras": 0, "total": 1}}}, {"13.6": {"batsman": "S Dhawan", "bowler": "MS Gony", "non_striker": "G Gambhir", "runs": {"batsman": 1, "extras": 0, "total": 1}}}, {"13.7": {"batsman": "G Gambhir", "bowler": "MS Gony", "non_striker": "S Dhawan", "runs": {"batsman": 2, "extras": 0, "total": 2}}}, {"14.1": {"batsman": "S Dhawan", "bowler": "P Amarnath", "non_striker": "G Gambhir", "runs": {"batsman": 0, "extras": 0, "total": 0}}}, {"14.2": {"batsman": "S Dhawan", "bowler": "P Amarnath", "non_striker": "G Gambhir", "runs": {"batsman": 1, "extras": 0, "total": 1}}}, {"14.3": {"batsman": "G Gambhir", "bowler": "P Amarnath", "non_striker": "S Dhawan", "runs": {"batsman": 4, "extras": 0, "total": 4}}}, {"14.4": {"batsman": "G Gambhir", "bowler": "P Amarnath", "non_striker": "S Dhawan", "runs": {"batsman": 4, "extras": 0, "total": 4}}}, {"14.5": {"batsman": "G Gambhir", "bowler": "P Amarnath", "non_striker": "S Dhawan", "runs": {"batsman": 4, "extras": 0, "total": 4}}}, {"14.6": {"batsman": "G Gambhir", "bowler": "P Amarnath", "non_striker": "S Dhawan", "runs": {"batsman": 1, "extras": 0, "total": 1}}}, {"15.1": {"batsman": "G Gambhir", "bowler": "M Muralitharan", "non_striker": "S Dhawan", "runs": {"batsman": 1, "extras": 0, "total": 1}}}, {"15.2": {"batsman": "S Dhawan", "bowler": "M Muralitharan", "non_striker": "G Gambhir", "runs": {"batsman": 2, "extras": 0, "total": 2}}}, {"15.3": {"batsman": "S Dhawan", "bowler": "M Muralitharan", "non_striker": "G Gambhir", "runs": {"batsman": 0, "extras": 0, "total": 0}}}, {"15.4": {"batsman": "S Dhawan", "bowler": "M Muralitharan", "non_striker": "G Gambhir", "runs": {"batsman": 1, "extras": 0, "total": 1}}}, {"15.5": {"batsman": "G Gambhir", "bowler": "M Muralitharan", "non_striker": "S Dhawan", "runs": {"batsman": 1, "extras": 0, "total": 1}}}, {"15.6": {"batsman": "S Dhawan", "bowler": "M Muralitharan", "extras": {"legbyes": 1}, "non_striker": "G Gambhir", "runs": {"batsman": 0, "extras": 1, "total": 1}}}, {"16.1": {"batsman": "S Dhawan", "bowler": "CK Kapugedera", "non_striker": "G Gambhir", "runs": {"batsman": 1, "extras": 0, "total": 1}}}, {"16.2": {"batsman": "G Gambhir", "bowler": "CK Kapugedera", "non_striker": "S Dhawan", "runs": {"batsman": 4, "extras": 0, "total": 4}}}, {"16.3": {"batsman": "G Gambhir", "bowler": "CK Kapugedera", "non_striker": "S Dhawan", "runs": {"batsman": 1, "extras": 0, "total": 1}}}, {"16.4": {"batsman": "S Dhawan", "bowler": "CK Kapugedera", "non_striker": "G Gambhir", "runs": {"batsman": 4, "extras": 0, "total": 4}}}, {"16.5": {"batsman": "S Dhawan", "bowler": "CK Kapugedera", "non_striker": "G Gambhir", "runs": {"batsman": 4, "extras": 0, "total": 4}}}, {"16.6": {"batsman": "S Dhawan", "bowler": "CK Kapugedera", "non_striker": "G Gambhir", "runs": {"batsman": 1, "extras": 0, "total": 1}}}, {"17.1": {"batsman": "S Dhawan", "bowler": "L Balaji", "non_striker": "G Gambhir", "runs": {"batsman": 6, "extras": 0, "total": 6}}}, {"17.2": {"batsman": "S Dhawan", "bowler": "L Balaji", "non_striker": "G Gambhir", "runs": {"batsman": 1, "extras": 0, "total": 1}}}, {"17.3": {"batsman": "G Gambhir", "bowler": "L Balaji", "non_striker": "S Dhawan", "runs": {"batsman": 4, "extras": 0, "total": 4}}}, {"17.4": {"batsman": "G Gambhir", "bowler": "L Balaji", "non_striker": "S Dhawan", "runs": {"batsman": 1, "extras": 0, "total": 1}}}, {"17.5": {"batsman": "S Dhawan", "bowler": "L Balaji", "non_striker": "G Gambhir", "runs": {"batsman": 1, "extras": 0, "total": 1}}}, {"17.6": {"batsman": "G Gambhir", "bowler": "L Balaji", "non_striker": "S Dhawan", "runs": {"batsman": 0, "extras": 0, "total": 0}, "wicket": {"fielders": ["CK Kapugedera"], "kind": "caught", "player_out": "G Gambhir"}}}, {"18.1": {"batsman": "S Dhawan", "bowler": "JA Morkel", "non_striker": "Shoaib Malik", "runs": {"batsman": 1, "extras": 0, "total": 1}}}, {"18.2": {"batsman": "Shoaib Malik", "bowler": "JA Morkel", "non_striker": "S Dhawan", "runs": {"batsman": 1, "extras": 0, "total": 1}}}, {"18.3": {"batsman": "S Dhawan", "bowler": "JA Morkel", "non_striker": "Shoaib Malik", "runs": {"batsman": 4, "extras": 0, "total": 4}}}, {"18.4": {"batsman": "S Dhawan", "bowler": "JA Morkel", "non_striker": "Shoaib Malik", "runs": {"batsman": 2, "extras": 0, "total": 2}}}, {"18.5": {"batsman": "S Dhawan", "bowler": "JA Morkel", "non_striker": "Shoaib Malik", "runs": {"batsman": 0, "extras": 0, "total": 0}, "wicket": {"fielders": ["CK Kapugedera"], "kind": "caught", "player_out": "S Dhawan"}}}, {"18.6": {"batsman": "Shoaib Malik", "bowler": "JA Morkel", "non_striker": "KD Karthik", "runs": {"batsman": 1, "extras": 0, "total": 1}}}, {"19.1": {"batsman": "Shoaib Malik", "bowler": "L Balaji", "non_striker": "KD Karthik", "runs": {"batsman": 0, "extras": 0, "total": 0}, "wicket": {"fielders": ["SK Raina"], "kind": "caught", "player_out": "Shoaib Malik"}}}, {"19.2": {"batsman": "KD Karthik", "bowler": "L Balaji", "non_striker": "MK Tiwary", "runs": {"batsman": 1, "extras": 0, "total": 1}}}, {"19.3": {"batsman": "MK Tiwary", "bowler": "L Balaji", "non_striker": "KD Karthik", "runs": {"batsman": 4, "extras": 0, "total": 4}}}, {"19.4": {"batsman": "MK Tiwary", "bowler": "L Balaji", "non_striker": "KD Karthik", "runs": {"batsman": 1, "extras": 0, "total": 1}}}, {"19.5": {"batsman": "KD Karthik", "bowler": "L Balaji", "non_striker": "MK Tiwary", "runs": {"batsman": 4, "extras": 0, "total": 4}}}, {"19.6": {"batsman": "KD Karthik", "bowler": "L Balaji", "non_striker": "MK Tiwary", "runs": {"batsman": 1, "extras": 0, "total": 1}}}]