[{"0.1": {"batsman": "ST Jayasuriya", "bowler": "MS Gony", "non_striker": "SR Tendulkar", "runs": {"batsman": 0, "extras": 0, "total": 0}}}, {"0.2": {"batsman": "ST Jayasuriya", "bowler": "MS Gony", "non_striker": "SR Tendulkar", "runs": {"batsman": 0, "extras": 0, "total": 0}}}, {"0.3": {"batsman": "ST Jayasuriya", "bowler": "MS Gony", "non_striker": "SR Tendulkar", "runs": {"batsman": 3, "extras": 0, "total": 3}}}, {"0.4": {"batsman": "SR Tendulkar", "bowler": "MS Gony", "non_striker": "ST Jayasuriya", "runs": {"batsman": 0, "extras": 0, "total": 0}}}, {"0.5": {"batsman": "SR Tendulkar", "bowler": "MS Gony", "non_striker": "ST Jayasuriya", "runs": {"batsman": 0, "extras": 0, "total": 0}}}, {"0.6": {"batsman": "SR Tendulkar", "bowler": "MS Gony", "non_striker": "ST Jayasuriya", "runs": {"batsman": 4, "extras": 0, "total": 4}}}, {"1.1": {"batsman": "ST Jayasuriya", "bowler": "JA Morkel", "extras": {"wides": 1}, "non_striker": "SR Tendulkar", "runs": {"batsman": 0, "extras": 1, "total": 1}}}, {"1.2": {"batsman": "ST Jayasuriya", "bowler": "JA Morkel", "non_striker": "SR Tendulkar", "runs": {"batsman": 4, "extras": 0, "total": 4}}}, {"1.3": {"batsman": "ST Jayasuriya", "bowler": "JA Morkel", "non_striker": "SR Tendulkar", "runs": {"batsman": 0, "extras": 0, "total": 0}}}, {"1.4": {"batsman": "ST Jayasuriya", "bowler": "JA Morkel", "non_striker": "SR Tendulkar", "runs": {"batsman": 0, "extras": 0, "total": 0}}}, {"1.5": {"batsman": "ST Jayasuriya", "bowler": "JA Morkel", "non_striker": "SR Tendulkar", "runs": {"batsman": 6, "extras": 0, "total": 6}}}, {"1.6": {"batsman": "ST Jayasuriya", "bowler": "JA Morkel", "non_striker": "SR Tendulkar", "runs": {"batsman": 0, "extras": 0, "total": 0}}}, {"1.7": {"batsman": "ST Jayasuriya", "bowler": "JA Morkel", "extras": {"legbyes": 1}, "non_striker": "SR Tendulkar", "runs": {"batsman": 0, "extras": 1, "total": 1}}}, {"2.1": {"batsman": "ST Jayasuriya", "bowler": "MS Gony", "non_striker": "SR Tendulkar", "runs": {"batsman": 0, "extras": 0, "total": 0}}}, {"2.2": {"batsman": "ST Jayasuriya", "bowler": "MS Gony", "non_striker": "SR Tendulkar", "runs": {"batsman": 0, "extras": 0, "total": 0}}}, {"2.3": {"batsman": "ST Jayasuriya", "bowler": "MS Gony", "non_striker": "SR Tendulkar", "runs": {"batsman": 1, "extras": 0, "total": 1}}}, {"2.4": {"batsman": "SR Tendulkar", "bowler": "MS Gony", "non_striker": "ST Jayasuriya", "runs": {"batsman": 0, "extras": 0, "total": 0}}}, {"2.5": {"batsman": "SR Tendulkar", "bowler": "MS Gony", "non_striker": "ST Jayasuriya", "runs": {"batsman": 1, "extras": 0, "total": 1}}}, {"2.6": {"batsman": "ST Jayasuriya", "bowler": "MS Gony", "extras": {"wides": 1}, "non_striker": "SR Tendulkar", "runs": {"batsman": 0, "extras": 1, "total": 1}}}, {"2.7": {"batsman": "ST Jayasuriya", "bowler": "MS Gony", "extras": {"wides": 1}, "non_striker": "SR Tendulkar", "runs": {"batsman": 0, "extras": 1, "total": 1}}}, {"2.8": {"batsman": "ST Jayasuriya", "bowler": "MS Gony", "non_striker": "SR Tendulkar", "runs": {"batsman": 0, "extras": 0, "total": 0}}}, {"3.1": {"batsman": "SR Tendulkar", "bowler": "JA Morkel", "non_striker": "ST Jayasuriya", "runs": {"batsman": 6, "extras": 0, "total": 6}}}, {"3.2": {"batsman": "SR Tendulkar", "bowler": "JA Morkel", "extras": {"legbyes": 1}, "non_striker": "ST Jayasuriya", "runs": {"batsman": 0, "extras": 1, "total": 1}}}, {"3.3": {"batsman": "ST Jayasuriya", "bowler": "JA Morkel", "non_striker": "SR Tendulkar", "runs": {"batsman": 0, "extras": 0, "total": 0}}}, {"3.4": {"batsman": "ST Jayasuriya", "bowler": "JA Morkel", "non_striker": "SR Tendulkar", "runs": {"batsman": 6, "extras": 0, "total": 6}}}, {"3.5": {"batsman": "ST Jayasuriya", "bowler": "JA Morkel", "extras": {"legbyes": 1}, "non_striker": "SR Tendulkar", "runs": {"batsman": 0, "extras": 1, "total": 1}}}, {"3.6": {"batsman": "SR Tendulkar", "bowler": "JA Morkel", "non_striker": "ST Jayasuriya", "runs": {"batsman": 0, "extras": 0, "total": 0}}}, {"4.1": {"batsman": "ST Jayasuriya", "bowler": "MS Gony", "non_striker": "SR Tendulkar", "runs": {"batsman": 0, "extras": 0, "total": 0}}}, {"4.2": {"batsman": "ST Jayasuriya", "bowler": "MS Gony", "non_striker": "SR Tendulkar", "runs": {"batsman": 6, "extras": 0, "total": 6}}}, {"4.3": {"batsman": "ST Jayasuriya", "bowler": "MS Gony", "non_striker": "SR Tendulkar", "runs": {"batsman": 0, "extras": 0, "total": 0}}}, {"4.4": {"batsman": "ST Jayasuriya", "bowler": "MS Gony", "non_striker": "SR Tendulkar", "runs": {"batsman": 6, "extras": 0, "total": 6}}}, {"4.5": {"batsman": "ST Jayasuriya", "bowler": "MS Gony", "extras": {"wides": 1}, "non_striker": "SR Tendulkar", "runs": {"batsman": 0, "extras": 1, "total": 1}}}, {"4.6": {"batsman": "ST Jayasuriya", "bowler": "MS Gony", "non_striker": "SR Tendulkar", "runs": {"batsman": 6, "extras": 0, "total": 6}}}, {"4.7": {"batsman": "ST Jayasuriya", "bowler": "MS Gony", "non_striker": "SR Tendulkar", "runs": {"batsman": 1, "extras": 0, "total": 1}}}, {"5.1": {"batsman": "ST Jayasuriya", "bowler": "JA Morkel", "non_striker": "SR Tendulkar", "runs": {"batsman": 6, "extras": 0, "total": 6}}}, {"5.2": {"batsman": "ST Jayasuriya", "bowler": "JA Morkel", "non_striker": "SR Tendulkar", "runs": {"batsman": 4, "extras": 0, "total": 4}}}, {"5.3": {"batsman": "ST Jayasuriya", "bowler": "JA Morkel", "non_striker": "SR Tendulkar", "runs": {"batsman": 4, "extras": 0, "total": 4}}}, {"5.4": {"batsman": "ST Jayasuriya", "bowler": "JA Morkel", "extras": {"wides": 1}, "non_striker": "SR Tendulkar", "runs": {"batsman": 0, "extras": 1, "total": 1}}}, {"5.5": {"batsman": "ST Jayasuriya", "bowler": "JA Morkel", "non_striker": "SR Tendulkar", "runs": {"batsman": 0, "extras": 0, "total": 0}}}, {"5.6": {"batsman": "ST Jayasuriya", "bowler": "JA Morkel", "non_striker": "SR Tendulkar", "runs": {"batsman": 6, "extras": 0, "total": 6}}}, {"5.7": {"batsman": "ST Jayasuriya", "bowler": "JA Morkel", "non_striker": "SR Tendulkar", "runs": {"batsman": 0, "extras": 0, "total": 0}}}, {"6.1": {"batsman": "SR Tendulkar", "bowler": "L Balaji", "non_striker": "ST Jayasuriya", "runs": {"batsman": 0, "extras": 0, "total": 0}}}, {"6.2": {"batsman": "SR Tendulkar", "bowler": "L Balaji", "extras": {"wides": 1}, "non_striker": "ST Jayasuriya", "runs": {"batsman": 0, "extras": 1, "total": 1}}}, {"6.3": {"batsman": "SR Tendulkar", "bowler": "L Balaji", "extras": {"wides": 1}, "non_striker": "ST Jayasuriya", "runs": {"batsman": 0, "extras": 1, "total": 1}}}, {"6.4": {"batsman": "SR Tendulkar", "bowler": "L Balaji", "non_striker": "ST Jayasuriya", "runs": {"batsman": 0, "extras": 0, "total": 0}}}, {"6.5": {"batsman": "SR Tendulkar", "bowler": "L Balaji", "non_striker": "ST Jayasuriya", "runs": {"batsman": 0, "extras": 0, "total": 0}}}, {"6.6": {"batsman": "SR Tendulkar", "bowler": "L Balaji", "non_striker": "ST Jayasuriya", "runs": {"batsman": 0, "extras": 0, "total": 0}}}, {"6.7": {"batsman": "SR Tendulkar", "bowler": "L Balaji", "non_striker": "ST Jayasuriya", "runs": {"batsman": 0, "extras": 0, "total": 0}}}, {"6.8": {"batsman": "SR Tendulkar", "bowler": "L Balaji", "non_striker": "ST Jayasuriya", "runs": {"batsman": 1, "extras": 0, "total": 1}}}, {"7.1": {"batsman": "SR Tendulkar", "bowler": "Joginder Sharma", "non_striker": "ST Jayasuriya", "runs": {"batsman": 0, "extras": 0, "total": 0}}}, {"7.2": {"batsman": "SR Tendulkar", "bowler": "Joginder Sharma", "extras": {"wides": 1}, "non_striker": "ST Jayasuriya", "runs": {"batsman": 0, "extras": 1, "total": 1}}}, {"7.3": {"batsman": "SR Tendulkar", "bowler": "Joginder Sharma", "non_striker": "ST Jayasuriya", "runs": {"batsman": 0, "extras": 0, "total": 0}, "wicket": {"kind": "bowled", "player_out": "SR Tendulkar"}}}, {"7.4": {"batsman": "RV Uthappa", "bowler": "Joginder Sharma", "non_striker": "ST Jayasuriya", "runs": {"batsman": 0, "extras": 0, "total": 0}}}, {"7.5": {"batsman": "RV Uthappa", "bowler": "Joginder Sharma", "non_striker": "ST Jayasuriya", "runs": {"batsman": 2, "extras": 0, "total": 2}}}, {"7.6": {"batsman": "RV Uthappa", "bowler": "Joginder Sharma", "non_striker": "ST Jayasuriya", "runs": {"batsman": 0, "extras": 0, "total": 0}}}, {"7.7": {"batsman": "RV Uthappa", "bowler": "Joginder Sharma", "non_striker": "ST Jayasuriya", "runs": {"batsman": 0, "extras": 0, "total": 0}}}, {"8.1": {"batsman": "ST Jayasuriya", "bowler": "L Balaji", "non_striker": "RV Uthappa", "runs": {"batsman": 4, "extras": 0, "total": 4}}}, {"8.2": {"batsman": "ST Jayasuriya", "bowler": "L Balaji", "non_striker": "RV Uthappa", "runs": {"batsman": 1, "extras": 0, "total": 1}}}, {"8.3": {"batsman": "RV Uthappa", "bowler": "L Balaji", "non_striker": "ST Jayasuriya", "runs": {"batsman": 0, "extras": 0, "total": 0}}}, {"8.4": {"batsman": "RV Uthappa", "bowler": "L Balaji", "extras": {"wides": 1}, "non_striker": "ST Jayasuriya", "runs": {"batsman": 0, "extras": 1, "total": 1}}}, {"8.5": {"batsman": "RV Uthappa", "bowler": "L Balaji", "non_striker": "ST Jayasuriya", "runs": {"batsman": 0, "extras": 0, "total": 0}}}, {"8.6": {"batsman": "RV Uthappa", "bowler": "L Balaji", "non_striker": "ST Jayasuriya", "runs": {"batsman": 0, "extras": 0, "total": 0}}}, {"8.7": {"batsman": "RV Uthappa", "bowler": "L Balaji", "non_striker": "ST Jayasuriya", "runs": {"batsman": 0, "extras": 0, "total": 0}}}, {"9.1": {"batsman": "ST Jayasuriya", "bowler": "Joginder Sharma", "extras": {"legbyes": 1}, "non_striker": "RV Uthappa", "runs": {"batsman": 0, "extras": 1, "total": 1}}}, {"9.2": {"batsman": "RV Uthappa", "bowler": "Joginder Sharma", "non_striker": "ST Jayasuriya", "runs": {"batsman": 4, "extras": 0, "total": 4}}}, {"9.3": {"batsman": "RV Uthappa", "bowler": "Joginder Sharma", "non_striker": "ST Jayasuriya", "runs": {"batsman": 0, "extras": 0, "total": 0}}}, {"9.4": {"batsman": "RV Uthappa", "bowler": "Joginder Sharma", "extras": {"wides": 2}, "non_striker": "ST Jayasuriya", "runs": {"batsman": 0, "extras": 2, "total": 2}}}, {"9.5": {"batsman": "ST Jayasuriya", "bowler": "Joginder Sharma", "non_striker": "RV Uthappa", "runs": {"batsman": 4, "extras": 0, "total": 4}}}, {"9.6": {"batsman": "ST Jayasuriya", "bowler": "Joginder Sharma", "non_striker": "RV Uthappa", "runs": {"batsman": 6, "extras": 0, "total": 6}}}, {"9.7": {"batsman": "ST Jayasuriya", "bowler": "Joginder Sharma", "non_striker": "RV Uthappa", "runs": {"batsman": 0, "extras": 0, "total": 0}}}, {"10.1": {"batsman": "RV Uthappa", "bowler": "M Muralitharan", "extras": {"wides": 1}, "non_striker": "ST Jayasuriya", "runs": {"batsman": 0, "extras": 1, "total": 1}}}, {"10.2": {"batsman": "RV Uthappa", "bowler": "M Muralitharan", "non_striker": "ST Jayasuriya", "runs": {"batsman": 0, "extras": 0, "total": 0}}}, {"10.3": {"batsman": "RV Uthappa", "bowler": "M Muralitharan", "non_striker": "ST Jayasuriya", "runs": {"batsman": 1, "extras": 0, "total": 1}}}, {"10.4": {"batsman": "ST Jayasuriya", "bowler": "M Muralitharan", "non_striker": "RV Uthappa", "runs": {"batsman": 0, "extras": 0, "total": 0}}}, {"10.5": {"batsman": "ST Jayasuriya", "bowler": "M Muralitharan", "non_striker": "RV Uthappa", "runs": {"batsman": 4, "extras": 0, "total": 4}}}, {"10.6": {"batsman": "ST Jayasuriya", "bowler": "M Muralitharan", "non_striker": "RV Uthappa", "runs": {"batsman": 0, "extras": 0, "total": 0}}}, {"10.7": {"batsman": "ST Jayasuriya", "bowler": "M Muralitharan", "non_striker": "RV Uthappa", "runs": {"batsman": 2, "extras": 0, "total": 2}}}, {"11.1": {"batsman": "RV Uthappa", "bowler": "Joginder Sharma", "non_striker": "ST Jayasuriya", "runs": {"batsman": 1, "extras": 0, "total": 1}}}, {"11.2": {"batsman": "ST Jayasuriya", "bowler": "Joginder Sharma", "non_striker": "RV Uthappa", "runs": {"batsman": 1, "extras": 0, "total": 1}}}, {"11.3": {"batsman": "RV Uthappa", "bowler": "Joginder Sharma", "non_striker": "ST Jayasuriya", "runs": {"batsman": 0, "extras": 0, "total": 0}}}, {"11.4": {"batsman": "RV Uthappa", "bowler": "Joginder Sharma", "non_striker": "ST Jayasuriya", "runs": {"batsman": 1, "extras": 0, "total": 1}}}, {"11.5": {"batsman": "ST Jayasuriya", "bowler": "Joginder Sharma", "non_striker": "RV Uthappa", "runs": {"batsman": 1, "extras": 0, "total": 1}}}, {"11.6": {"batsman": "RV Uthappa", "bowler": "Joginder Sharma", "non_striker": "ST Jayasuriya", "runs": {"batsman": 1, "extras": 0, "total": 1}}}, {"12.1": {"batsman": "RV Uthappa", "bowler": "M Muralitharan", "non_striker": "ST Jayasuriya", "runs": {"batsman": 4, "extras": 0, "total": 4}}}, {"12.2": {"batsman": "RV Uthappa", "bowler": "M Muralitharan", "non_striker": "ST Jayasuriya", "runs": {"batsman": 1, "extras": 0, "total": 1}}}, {"12.3": {"batsman": "ST Jayasuriya", "bowler": "M Muralitharan", "non_striker": "RV Uthappa", "runs": {"batsman": 1, "extras": 0, "total": 1}}}, {"12.4": {"batsman": "RV Uthappa", "bowler": "M Muralitharan", "non_striker": "ST Jayasuriya", "runs": {"batsman": 1, "extras": 0, "total": 1}}}, {"12.5": {"batsman": "ST Jayasuriya", "bowler": "M Muralitharan", "non_striker": "RV Uthappa", "runs": {"batsman": 4, "extras": 0, "total": 4}}}, {"12.6": {"batsman": "ST Jayasuriya", "bowler": "M Muralitharan", "non_striker": "RV Uthappa", "runs": {"batsman": 1, "extras": 0, "total": 1}}}, {"13.1": {"batsman": "ST Jayasuriya", "bowler": "CK Kapugedera", "non_striker": "RV Uthappa", "runs": {"batsman": 6, "extras": 0, "total": 6}}}, {"13.2": {"batsman": "ST Jayasuriya", "bowler": "CK Kapugedera", "non_striker": "RV Uthappa", "runs": {"batsman": 6, "extras": 0, "total": 6}}}, {"13.3": {"batsman": "ST Jayasuriya", "bowler": "CK Kapugedera", "non_striker": "RV Uthappa", "runs": {"batsman": 6, "extras": 0, "total": 6}}}, {"13.4": {"batsman": "ST Jayasuriya", "bowler": "CK Kapugedera", "non_striker": "RV Uthappa", "runs": {"batsman": 4, "extras": 0, "total": 4}}}, {"13.5": {"batsman": "ST Jayasuriya", "bowler": "CK Kapugedera", "non_striker": "RV Uthappa", "runs": {"batsman": 4, "extras": 0, "total": 4}}}]