[{"0.1": {"batsman": "Mohammad Hafeez", "bowler": "S Sreesanth", "non_striker": "SC Ganguly", "runs": {"batsman": 1, "extras": 0, "total": 1}}}, {"0.2": {"batsman": "SC Ganguly", "bowler": "S Sreesanth", "non_striker": "Mohammad Hafeez", "runs": {"batsman": 0, "extras": 0, "total": 0}}}, {"0.3": {"batsman": "SC Ganguly", "bowler": "S Sreesanth", "extras": {"wides": 5}, "non_striker": "Mohammad Hafeez", "runs": {"batsman": 0, "extras": 5, "total": 5}}}, {"0.4": {"batsman": "SC Ganguly", "bowler": "S Sreesanth", "non_striker": "Mohammad Hafeez", "runs": {"batsman": 4, "extras": 0, "total": 4}}}, {"0.5": {"batsman": "SC Ganguly", "bowler": "S Sreesanth", "non_striker": "Mohammad Hafeez", "runs": {"batsman": 0, "extras": 0, "total": 0}}}, {"0.6": {"batsman": "SC Ganguly", "bowler": "S Sreesanth", "non_striker": "Mohammad Hafeez", "runs": {"batsman": 0, "extras": 0, "total": 0}}}, {"0.7": {"batsman": "SC Ganguly", "bowler": "S Sreesanth", "non_striker": "Mohammad Hafeez", "runs": {"batsman": 0, "extras": 0, "total": 0}}}, {"1.1": {"batsman": "Mohammad Hafeez", "bowler": "IK Pathan", "non_striker": "SC Ganguly", "runs": {"batsman": 0, "extras": 0, "total": 0}}}, {"1.2": {"batsman": "Mohammad Hafeez", "bowler": "IK Pathan", "non_striker": "SC Ganguly", "runs": {"batsman": 0, "extras": 0, "total": 0}}}, {"1.3": {"batsman": "Mohammad Hafeez", "bowler": "IK Pathan", "non_striker": "SC Ganguly", "runs": {"batsman": 0, "extras": 0, "total": 0}}}, {"1.4": {"batsman": "Mohammad Hafeez", "bowler": "IK Pathan", "non_striker": "SC Ganguly", "runs": {"batsman": 6, "extras": 0, "total": 6}}}, {"1.5": {"batsman": "Mohammad Hafeez", "bowler": "IK Pathan", "non_striker": "SC Ganguly", "runs": {"batsman": 0, "extras": 0, "total": 0}}}, {"1.6": {"batsman": "Mohammad Hafeez", "bowler": "IK Pathan", "non_striker": "SC Ganguly", "runs": {"batsman": 0, "extras": 0, "total": 0}}}, {"2.1": {"batsman": "SC Ganguly", "bowler": "S Sreesanth", "non_striker": "Mohammad Hafeez", "runs": {"batsman": 1, "extras": 0, "total": 1}}}, {"2.2": {"batsman": "Mohammad Hafeez", "bowler": "S Sreesanth", "non_striker": "SC Ganguly", "runs": {"batsman": 0, "extras": 0, "total": 0}}}, {"2.3": {"batsman": "Mohammad Hafeez", "bowler": "S Sreesanth", "non_striker": "SC Ganguly", "runs": {"batsman": 4, "extras": 0, "total": 4}}}, {"2.4": {"batsman": "Mohammad Hafeez", "bowler": "S Sreesanth", "non_striker": "SC Ganguly", "runs": {"batsman": 1, "extras": 0, "total": 1}}}, {"2.5": {"batsman": "SC Ganguly", "bowler": "S Sreesanth", "non_striker": "Mohammad Hafeez", "runs": {"batsman": 0, "extras": 0, "total": 0}, "wicket": {"fielders": ["IK Pathan"], "kind": "caught", "player_out": "SC Ganguly"}}}, {"2.6": {"batsman": "Mohammad Hafeez", "bowler": "S Sreesanth", "non_striker": "DB Das", "runs": {"batsman": 1, "extras": 0, "total": 1}}}, {"3.1": {"batsman": "Mohammad Hafeez", "bowler": "IK Pathan", "non_striker": "DB Das", "runs": {"batsman": 0, "extras": 0, "total": 0}, "wicket": {"kind": "bowled", "player_out": "Mohammad Hafeez"}}}, {"3.2": {"batsman": "BJ Hodge", "bowler": "IK Pathan", "non_striker": "DB Das", "runs": {"batsman": 0, "extras": 0, "total": 0}}}, {"3.3": {"batsman": "BJ Hodge", "bowler": "IK Pathan", "non_striker": "DB Das", "runs": {"batsman": 1, "extras": 0, "total": 1}}}, {"3.4": {"batsman": "DB Das", "bowler": "IK Pathan", "non_striker": "BJ Hodge", "runs": {"batsman": 0, "extras": 0, "total": 0}}}, {"3.5": {"batsman": "DB Das", "bowler": "IK Pathan", "non_striker": "BJ Hodge", "runs": {"batsman": 1, "extras": 0, "total": 1}}}, {"3.6": {"batsman": "BJ Hodge", "bowler": "IK Pathan", "non_striker": "DB Das", "runs": {"batsman": 0, "extras": 0, "total": 0}, "wicket": {"kind": "lbw", "player_out": "BJ Hodge"}}}, {"4.1": {"batsman": "DB Das", "bowler": "S Sreesanth", "non_striker": "DJ Hussey", "runs": {"batsman": 0, "extras": 0, "total": 0}}}, {"4.2": {"batsman": "DB Das", "bowler": "S Sreesanth", "non_striker": "DJ Hussey", "runs": {"batsman": 0, "extras": 0, "total": 0}}}, {"4.3": {"batsman": "DB Das", "bowler": "S Sreesanth", "non_striker": "DJ Hussey", "runs": {"batsman": 0, "extras": 0, "total": 0}}}, {"4.4": {"batsman": "DB Das", "bowler": "S Sreesanth", "non_striker": "DJ Hussey", "runs": {"batsman": 4, "extras": 0, "total": 4}}}, {"4.5": {"batsman": "DB Das", "bowler": "S Sreesanth", "non_striker": "DJ Hussey", "runs": {"batsman": 0, "extras": 0, "total": 0}}}, {"4.6": {"batsman": "DB Das", "bowler": "S Sreesanth", "non_striker": "DJ Hussey", "runs": {"batsman": 0, "extras": 0, "total": 0}, "wicket": {"fielders": ["Yuvraj Singh"], "kind": "caught", "player_out": "DB Das"}}}, {"5.1": {"batsman": "LR Shukla", "bowler": "IK Pathan", "non_striker": "DJ Hussey", "runs": {"batsman": 0, "extras": 0, "total": 0}}}, {"5.2": {"batsman": "LR Shukla", "bowler": "IK Pathan", "non_striker": "DJ Hussey", "runs": {"batsman": 1, "extras": 0, "total": 1}}}, {"5.3": {"batsman": "DJ Hussey", "bowler": "IK Pathan", "non_striker": "LR Shukla", "runs": {"batsman": 0, "extras": 0, "total": 0}}}, {"5.4": {"batsman": "DJ Hussey", "bowler": "IK Pathan", "extras": {"wides": 1}, "non_striker": "LR Shukla", "runs": {"batsman": 0, "extras": 1, "total": 1}}}, {"5.5": {"batsman": "DJ Hussey", "bowler": "IK Pathan", "non_striker": "LR Shukla", "runs": {"batsman": 0, "extras": 0, "total": 0}}}, {"5.6": {"batsman": "DJ Hussey", "bowler": "IK Pathan", "non_striker": "LR Shukla", "runs": {"batsman": 0, "extras": 0, "total": 0}}}, {"5.7": {"batsman": "DJ Hussey", "bowler": "IK Pathan", "non_striker": "LR Shukla", "runs": {"batsman": 0, "extras": 0, "total": 0}}}, {"6.1": {"batsman": "LR Shukla", "bowler": "S Sreesanth", "non_striker": "DJ Hussey", "runs": {"batsman": 1, "extras": 0, "total": 1}}}, {"6.2": {"batsman": "DJ Hussey", "bowler": "S Sreesanth", "non_striker": "LR Shukla", "runs": {"batsman": 1, "extras": 0, "total": 1}}}, {"6.3": {"batsman": "LR Shukla", "bowler": "S Sreesanth", "non_striker": "DJ Hussey", "runs": {"batsman": 1, "extras": 0, "total": 1}}}, {"6.4": {"batsman": "DJ Hussey", "bowler": "S Sreesanth", "non_striker": "LR Shukla", "runs": {"batsman": 0, "extras": 0, "total": 0}}}, {"6.5": {"batsman": "DJ Hussey", "bowler": "S Sreesanth", "non_striker": "LR Shukla", "runs": {"batsman": 1, "extras": 0, "total": 1}}}, {"6.6": {"batsman": "LR Shukla", "bowler": "S Sreesanth", "non_striker": "DJ Hussey", "runs": {"batsman": 0, "extras": 0, "total": 0}}}, {"7.1": {"batsman": "DJ Hussey", "bowler": "VRV Singh", "non_striker": "LR Shukla", "runs": {"batsman": 1, "extras": 0, "total": 1}}}, {"7.2": {"batsman": "LR Shukla", "bowler": "VRV Singh", "non_striker": "DJ Hussey", "runs": {"batsman": 2, "extras": 0, "total": 2}}}, {"7.3": {"batsman": "LR Shukla", "bowler": "VRV Singh", "non_striker": "DJ Hussey", "runs": {"batsman": 1, "extras": 0, "total": 1}}}, {"7.4": {"batsman": "DJ Hussey", "bowler": "VRV Singh", "non_striker": "LR Shukla", "runs": {"batsman": 0, "extras": 0, "total": 0}}}, {"7.5": {"batsman": "DJ Hussey", "bowler": "VRV Singh", "non_striker": "LR Shukla", "runs": {"batsman": 2, "extras": 0, "total": 2}}}, {"7.6": {"batsman": "DJ Hussey", "bowler": "VRV Singh", "non_striker": "LR Shukla", "runs": {"batsman": 1, "extras": 0, "total": 1}}}, {"8.1": {"batsman": "DJ Hussey", "bowler": "Gagandeep Singh", "non_striker": "LR Shukla", "runs": {"batsman": 0, "extras": 0, "total": 0}}}, {"8.2": {"batsman": "DJ Hussey", "bowler": "Gagandeep Singh", "non_striker": "LR Shukla", "runs": {"batsman": 0, "extras": 0, "total": 0}}}, {"8.3": {"batsman": "DJ Hussey", "bowler": "Gagandeep Singh", "non_striker": "LR Shukla", "runs": {"batsman": 1, "extras": 0, "total": 1}}}, {"8.4": {"batsman": "LR Shukla", "bowler": "Gagandeep Singh", "non_striker": "DJ Hussey", "runs": {"batsman": 1, "extras": 0, "total": 1}}}, {"8.5": {"batsman": "DJ Hussey", "bowler": "Gagandeep Singh", "non_striker": "LR Shukla", "runs": {"batsman": 1, "extras": 0, "total": 1}}}, {"8.6": {"batsman": "LR Shukla", "bowler": "Gagandeep Singh", "non_striker": "DJ Hussey", "runs": {"batsman": 0, "extras": 0, "total": 0}}}, {"9.1": {"batsman": "DJ Hussey", "bowler": "VRV Singh", "non_striker": "LR Shukla", "runs": {"batsman": 0, "extras": 0, "total": 0}}}, {"9.2": {"batsman": "DJ Hussey", "bowler": "VRV Singh", "non_striker": "LR Shukla", "runs": {"batsman": 4, "extras": 0, "total": 4}}}, {"9.3": {"batsman": "DJ Hussey", "bowler": "VRV Singh", "non_striker": "LR Shukla", "runs": {"batsman": 1, "extras": 0, "total": 1}}}, {"9.4": {"batsman": "LR Shukla", "bowler": "VRV Singh", "non_striker": "DJ Hussey", "runs": {"batsman": 0, "extras": 0, "total": 0}, "wicket": {"kind": "bowled", "player_out": "LR Shukla"}}}, {"9.5": {"batsman": "WP Saha", "bowler": "VRV Singh", "non_striker": "DJ Hussey", "runs": {"batsman": 1, "extras": 0, "total": 1}}}, {"9.6": {"batsman": "DJ Hussey", "bowler": "VRV Singh", "non_striker": "WP Saha", "runs": {"batsman": 1, "extras": 0, "total": 1}}}, {"10.1": {"batsman": "DJ Hussey", "bowler": "Gagandeep Singh", "non_striker": "WP Saha", "runs": {"batsman": 1, "extras": 0, "total": 1}}}, {"10.2": {"batsman": "WP Saha", "bowler": "Gagandeep Singh", "non_striker": "DJ Hussey", "runs": {"batsman": 0, "extras": 0, "total": 0}}}, {"10.3": {"batsman": "WP Saha", "bowler": "Gagandeep Singh", "non_striker": "DJ Hussey", "runs": {"batsman": 1, "extras": 0, "total": 1}}}, {"10.4": {"batsman": "DJ Hussey", "bowler": "Gagandeep Singh", "non_striker": "WP Saha", "runs": {"batsman": 1, "extras": 0, "total": 1}}}, {"10.5": {"batsman": "WP Saha", "bowler": "Gagandeep Singh", "non_striker": "DJ Hussey", "runs": {"batsman": 1, "extras": 0, "total": 1}}}, {"10.6": {"batsman": "DJ Hussey", "bowler": "Gagandeep Singh", "non_striker": "WP Saha", "runs": {"batsman": 1, "extras": 0, "total": 1}}}, {"11.1": {"batsman": "DJ Hussey", "bowler": "VRV Singh", "non_striker": "WP Saha", "runs": {"batsman": 4, "extras": 0, "total": 4}}}, {"11.2": {"batsman": "DJ Hussey", "bowler": "VRV Singh", "non_striker": "WP Saha", "runs": {"batsman": 0, "extras": 0, "total": 0}}}, {"11.3": {"batsman": "DJ Hussey", "bowler": "VRV Singh", "non_striker": "WP Saha", "runs": {"batsman": 1, "extras": 0, "total": 1}}}, {"11.4": {"batsman": "WP Saha", "bowler": "VRV Singh", "non_striker": "DJ Hussey", "runs": {"batsman": 0, "extras": 0, "total": 0}}}, {"11.5": {"batsman": "WP Saha", "bowler": "VRV Singh", "non_striker": "DJ Hussey", "runs": {"batsman": 0, "extras": 0, "total": 0}}}, {"11.6": {"batsman": "WP Saha", "bowler": "VRV Singh", "non_striker": "DJ Hussey", "runs": {"batsman": 1, "extras": 0, "total": 1}}}, {"12.1": {"batsman": "WP Saha", "bowler": "Gagandeep Singh", "non_striker": "DJ Hussey", "runs": {"batsman": 1, "extras": 0, "total": 1}}}, {"12.2": {"batsman": "DJ Hussey", "bowler": "Gagandeep Singh", "non_striker": "WP Saha", "runs": {"batsman": 4, "extras": 0, "total": 4}}}, {"12.3": {"batsman": "DJ Hussey", "bowler": "Gagandeep Singh", "non_striker": "WP Saha", "runs": {"batsman": 4, "extras": 0, "total": 4}}}, {"12.4": {"batsman": "DJ Hussey", "bowler": "Gagandeep Singh", "non_striker": "WP Saha", "runs": {"batsman": 2, "extras": 0, "total": 2}}}, {"12.5": {"batsman": "DJ Hussey", "bowler": "Gagandeep Singh", "non_striker": "WP Saha", "runs": {"batsman": 6, "extras": 0, "total": 6}}}, {"12.6": {"batsman": "DJ Hussey", "bowler": "Gagandeep Singh", "non_striker": "WP Saha", "runs": {"batsman": 0, "extras": 0, "total": 0}}}, {"13.1": {"batsman": "WP Saha", "bowler": "JR Hopes", "non_striker": "DJ Hussey", "runs": {"batsman": 0, "extras": 0, "total": 0}}}, {"13.2": {"batsman": "WP Saha", "bowler": "JR Hopes", "non_striker": "DJ Hussey", "runs": {"batsman": 1, "extras": 0, "total": 1}}}, {"13.3": {"batsman": "DJ Hussey", "bowler": "JR Hopes", "non_striker": "WP Saha", "runs": {"batsman": 1, "extras": 0, "total": 1}}}, {"13.4": {"batsman": "WP Saha", "bowler": "JR Hopes", "non_striker": "DJ Hussey", "runs": {"batsman": 2, "extras": 0, "total": 2}}}, {"13.5": {"batsman": "WP Saha", "bowler": "JR Hopes", "non_striker": "DJ Hussey", "runs": {"batsman": 1, "extras": 0, "total": 1}}}, {"13.6": {"batsman": "DJ Hussey", "bowler": "JR Hopes", "non_striker": "WP Saha", "runs": {"batsman": 0, "extras": 0, "total": 0}}}, {"14.1": {"batsman": "WP Saha", "bowler": "PP Chawla", "non_striker": "DJ Hussey", "runs": {"batsman": 2, "extras": 0, "total": 2}}}, {"14.2": {"batsman": "WP Saha", "bowler": "PP Chawla", "non_striker": "DJ Hussey", "runs": {"batsman": 2, "extras": 0, "total": 2}}}, {"14.3": {"batsman": "WP Saha", "bowler": "PP Chawla", "non_striker": "DJ Hussey", "runs": {"batsman": 0, "extras": 0, "total": 0}}}, {"14.4": {"batsman": "WP Saha", "bowler": "PP Chawla", "non_striker": "DJ Hussey", "runs": {"batsman": 6, "extras": 0, "total": 6}}}, {"14.5": {"batsman": "WP Saha", "bowler": "PP Chawla", "non_striker": "DJ Hussey", "runs": {"batsman": 0, "extras": 0, "total": 0}}}, {"14.6": {"batsman": "WP Saha", "bowler": "PP Chawla", "non_striker": "DJ Hussey", "runs": {"batsman": 6, "extras": 0, "total": 6}}}, {"15.1": {"batsman": "DJ Hussey", "bowler": "JR Hopes", "non_striker": "WP Saha", "runs": {"batsman": 0, "extras": 0, "total": 0}}}, {"15.2": {"batsman": "DJ Hussey", "bowler": "JR Hopes", "non_striker": "WP Saha", "runs": {"batsman": 0, "extras": 0, "total": 0}}}, {"15.3": {"batsman": "DJ Hussey", "bowler": "JR Hopes", "non_striker": "WP Saha", "runs": {"batsman": 2, "extras": 0, "total": 2}}}, {"15.4": {"batsman": "DJ Hussey", "bowler": "JR Hopes", "non_striker": "WP Saha", "runs": {"batsman": 6, "extras": 0, "total": 6}}}, {"15.5": {"batsman": "DJ Hussey", "bowler": "JR Hopes", "non_striker": "WP Saha", "runs": {"batsman": 2, "extras": 0, "total": 2}}}, {"15.6": {"batsman": "DJ Hussey", "bowler": "JR Hopes", "non_striker": "WP Saha", "runs": {"batsman": 2, "extras": 0, "total": 2}}}, {"16.1": {"batsman": "WP Saha", "bowler": "VRV Singh", "non_striker": "DJ Hussey", "runs": {"batsman": 4, "extras": 0, "total": 4}}}, {"16.2": {"batsman": "WP Saha", "bowler": "VRV Singh", "non_striker": "DJ Hussey", "runs": {"batsman": 1, "extras": 0, "total": 1}}}, {"16.3": {"batsman": "DJ Hussey", "bowler": "VRV Singh", "non_striker": "WP Saha", "runs": {"batsman": 1, "extras": 0, "total": 1}}}, {"16.4": {"batsman": "WP Saha", "bowler": "VRV Singh", "non_striker": "DJ Hussey", "runs": {"batsman": 2, "extras": 0, "total": 2}}}, {"16.5": {"batsman": "WP Saha", "bowler": "VRV Singh", "non_striker": "DJ Hussey", "runs": {"batsman": 2, "extras": 0, "total": 2}}}, {"16.6": {"batsman": "WP Saha", "bowler": "VRV Singh", "non_striker": "DJ Hussey", "runs": {"batsman": 1, "extras": 0, "total": 1}}}, {"17.1": {"batsman": "WP Saha", "bowler": "JR Hopes", "non_striker": "DJ Hussey", "runs": {"batsman": 2, "extras": 0, "total": 2}}}, {"17.2": {"batsman": "WP Saha", "bowler": "JR Hopes", "non_striker": "DJ Hussey", "runs": {"batsman": 1, "extras": 0, "total": 1}}}, {"17.3": {"batsman": "DJ Hussey", "bowler": "JR Hopes", "non_striker": "WP Saha", "runs": {"batsman": 6, "extras": 0, "total": 6}}}, {"17.4": {"batsman": "DJ Hussey", "bowler": "JR Hopes", "non_striker": "WP Saha", "runs": {"batsman": 1, "extras": 0, "total": 1}}}, {"17.5": {"batsman": "WP Saha", "bowler": "JR Hopes", "non_striker": "DJ Hussey", "runs": {"batsman": 6, "extras": 0, "total": 6}}}, {"17.6": {"batsman": "WP Saha", "bowler": "JR Hopes", "non_striker": "DJ Hussey", "runs": {"batsman": 2, "extras": 0, "total": 2}}}, {"18.1": {"batsman": "DJ Hussey", "bowler": "Gagandeep Singh", "non_striker": "WP Saha", "runs": {"batsman": 2, "extras": 0, "total": 2}}}, {"18.2": {"batsman": "DJ Hussey", "bowler": "Gagandeep Singh", "non_striker": "WP Saha", "runs": {"batsman": 6, "extras": 0, "total": 6}}}, {"18.3": {"batsman": "DJ Hussey", "bowler": "Gagandeep Singh", "non_striker": "WP Saha", "runs": {"batsman": 2, "extras": 0, "total": 2}}}, {"18.4": {"batsman": "DJ Hussey", "bowler": "Gagandeep Singh", "non_striker": "WP Saha", "runs": {"batsman": 2, "extras": 0, "total": 2}}}, {"18.5": {"batsman": "DJ Hussey", "bowler": "Gagandeep Singh", "non_striker": "WP Saha", "runs": {"batsman": 0, "extras": 0, "total": 0}, "wicket": {"fielders": ["JR Hopes"], "kind": "caught", "player_out": "DJ Hussey"}}}, {"18.6": {"batsman": "WP Saha", "bowler": "Gagandeep Singh", "non_striker": "AB Agarkar", "runs": {"batsman": 6, "extras": 0, "total": 6}}}, {"19.1": {"batsman": "AB Agarkar", "bowler": "IK Pathan", "non_striker": "WP Saha", "runs": {"batsman": 1, "extras": 0, "total": 1}}}, {"19.2": {"batsman": "WP Saha", "bowler": "IK Pathan", "non_striker": "AB Agarkar", "runs": {"batsman": 2, "extras": 0, "total": 2}}}, {"19.3": {"batsman": "WP Saha", "bowler": "IK Pathan", "non_striker": "AB Agarkar", "runs": {"batsman": 1, "extras": 0, "total": 1}}}, {"19.4": {"batsman": "AB Agarkar", "bowler": "IK Pathan", "extras": {"byes": 1}, "non_striker": "WP Saha", "runs": {"batsman": 0, "extras": 1, "total": 1}}}, {"19.5": {"batsman": "WP Saha", "bowler": "IK Pathan", "non_striker": "AB Agarkar", "runs": {"batsman": 0, "extras": 0, "total": 0}}}, {"19.6": {"batsman": "WP Saha", "bowler": "IK Pathan", "non_striker": "AB Agarkar", "runs": {"batsman": 4, "extras": 0, "total": 4}}}]