[{"0.1": {"batsman": "J Arunkumar", "bowler": "Sohail Tanvir", "non_striker": "V Kohli", "runs": {"batsman": 0, "extras": 0, "total": 0}}}, {"0.2": {"batsman": "J Arunkumar", "bowler": "Sohail Tanvir", "non_striker": "V Kohli", "runs": {"batsman": 0, "extras": 0, "total": 0}}}, {"0.3": {"batsman": "J Arunkumar", "bowler": "Sohail Tanvir", "non_striker": "V Kohli", "runs": {"batsman": 0, "extras": 0, "total": 0}, "wicket": {"fielders": ["SK Trivedi"], "kind": "caught", "player_out": "J Arunkumar"}}}, {"0.4": {"batsman": "V Kohli", "bowler": "Sohail Tanvir", "non_striker": "Misbah-ul-Haq", "runs": {"batsman": 0, "extras": 0, "total": 0}}}, {"0.5": {"batsman": "V Kohli", "bowler": "Sohail Tanvir", "non_striker": "Misbah-ul-Haq", "runs": {"batsman": 0, "extras": 0, "total": 0}}}, {"0.6": {"batsman": "V Kohli", "bowler": "Sohail Tanvir", "non_striker": "Misbah-ul-Haq", "runs": {"batsman": 1, "extras": 0, "total": 1}}}, {"1.1": {"batsman": "V Kohli", "bowler": "MM Patel", "non_striker": "Misbah-ul-Haq", "runs": {"batsman": 1, "extras": 0, "total": 1}}}, {"1.2": {"batsman": "Misbah-ul-Haq", "bowler": "MM Patel", "non_striker": "V Kohli", "runs": {"batsman": 0, "extras": 0, "total": 0}, "wicket": {"fielders": ["T Kohli (sub)"], "kind": "caught", "player_out": "Misbah-ul-Haq"}}}, {"1.3": {"batsman": "JH Kallis", "bowler": "MM Patel", "non_striker": "V Kohli", "runs": {"batsman": 0, "extras": 0, "total": 0}}}, {"1.4": {"batsman": "JH Kallis", "bowler": "MM Patel", "non_striker": "V Kohli", "runs": {"batsman": 1, "extras": 0, "total": 1}}}, {"1.5": {"batsman": "V Kohli", "bowler": "MM Patel", "non_striker": "JH Kallis", "runs": {"batsman": 1, "extras": 0, "total": 1}}}, {"1.6": {"batsman": "JH Kallis", "bowler": "MM Patel", "non_striker": "V Kohli", "runs": {"batsman": 0, "extras": 0, "total": 0}}}, {"2.1": {"batsman": "V Kohli", "bowler": "Sohail Tanvir", "extras": {"wides": 1}, "non_striker": "JH Kallis", "runs": {"batsman": 0, "extras": 1, "total": 1}}}, {"2.2": {"batsman": "V Kohli", "bowler": "Sohail Tanvir", "non_striker": "JH Kallis", "runs": {"batsman": 0, "extras": 0, "total": 0}}}, {"2.3": {"batsman": "V Kohli", "bowler": "Sohail Tanvir", "non_striker": "JH Kallis", "runs": {"batsman": 0, "extras": 0, "total": 0}, "wicket": {"kind": "bowled", "player_out": "V Kohli"}}}, {"2.4": {"batsman": "CL White", "bowler": "Sohail Tanvir", "non_striker": "JH Kallis", "runs": {"batsman": 0, "extras": 0, "total": 0}}}, {"2.5": {"batsman": "CL White", "bowler": "Sohail Tanvir", "non_striker": "JH Kallis", "runs": {"batsman": 0, "extras": 0, "total": 0}}}, {"2.6": {"batsman": "CL White", "bowler": "Sohail Tanvir", "extras": {"wides": 1}, "non_striker": "JH Kallis", "runs": {"batsman": 0, "extras": 1, "total": 1}}}, {"2.7": {"batsman": "CL White", "bowler": "Sohail Tanvir", "non_striker": "JH Kallis", "runs": {"batsman": 0, "extras": 0, "total": 0}}}, {"2.8": {"batsman": "CL White", "bowler": "Sohail Tanvir", "non_striker": "JH Kallis", "runs": {"batsman": 0, "extras": 0, "total": 0}}}, {"3.1": {"batsman": "JH Kallis", "bowler": "MM Patel", "non_striker": "CL White", "runs": {"batsman": 4, "extras": 0, "total": 4}}}, {"3.2": {"batsman": "JH Kallis", "bowler": "MM Patel", "non_striker": "CL White", "runs": {"batsman": 0, "extras": 0, "total": 0}}}, {"3.3": {"batsman": "JH Kallis", "bowler": "MM Patel", "non_striker": "CL White", "runs": {"batsman": 0, "extras": 0, "total": 0}}}, {"3.4": {"batsman": "JH Kallis", "bowler": "MM Patel", "non_striker": "CL White", "runs": {"batsman": 1, "extras": 0, "total": 1}}}, {"3.5": {"batsman": "CL White", "bowler": "MM Patel", "non_striker": "JH Kallis", "runs": {"batsman": 4, "extras": 0, "total": 4}}}, {"3.6": {"batsman": "CL White", "bowler": "MM Patel", "non_striker": "JH Kallis", "runs": {"batsman": 0, "extras": 0, "total": 0}}}, {"4.1": {"batsman": "JH Kallis", "bowler": "Sohail Tanvir", "non_striker": "CL White", "runs": {"batsman": 0, "extras": 0, "total": 0}}}, {"4.2": {"batsman": "JH Kallis", "bowler": "Sohail Tanvir", "non_striker": "CL White", "runs": {"batsman": 0, "extras": 0, "total": 0}}}, {"4.3": {"batsman": "JH Kallis", "bowler": "Sohail Tanvir", "non_striker": "CL White", "runs": {"batsman": 0, "extras": 0, "total": 0}}}, {"4.4": {"batsman": "JH Kallis", "bowler": "Sohail Tanvir", "extras": {"wides": 1}, "non_striker": "CL White", "runs": {"batsman": 0, "extras": 1, "total": 1}}}, {"4.5": {"batsman": "JH Kallis", "bowler": "Sohail Tanvir", "non_striker": "CL White", "runs": {"batsman": 1, "extras": 0, "total": 1}}}, {"4.6": {"batsman": "CL White", "bowler": "Sohail Tanvir", "non_striker": "JH Kallis", "runs": {"batsman": 0, "extras": 0, "total": 0}}}, {"4.7": {"batsman": "CL White", "bowler": "Sohail Tanvir", "non_striker": "JH Kallis", "runs": {"batsman": 1, "extras": 0, "total": 1}}}, {"5.1": {"batsman": "CL White", "bowler": "MM Patel", "non_striker": "JH Kallis", "runs": {"batsman": 1, "extras": 0, "total": 1}}}, {"5.2": {"batsman": "JH Kallis", "bowler": "MM Patel", "non_striker": "CL White", "runs": {"batsman": 0, "extras": 0, "total": 0}}}, {"5.3": {"batsman": "JH Kallis", "bowler": "MM Patel", "non_striker": "CL White", "runs": {"batsman": 0, "extras": 0, "total": 0}}}, {"5.4": {"batsman": "JH Kallis", "bowler": "MM Patel", "non_striker": "CL White", "runs": {"batsman": 0, "extras": 0, "total": 0}}}, {"5.5": {"batsman": "JH Kallis", "bowler": "MM Patel", "non_striker": "CL White", "runs": {"batsman": 0, "extras": 0, "total": 0}}}, {"5.6": {"batsman": "JH Kallis", "bowler": "MM Patel", "non_striker": "CL White", "runs": {"batsman": 4, "extras": 0, "total": 4}}}, {"6.1": {"batsman": "CL White", "bowler": "SR Watson", "non_striker": "JH Kallis", "runs": {"batsman": 0, "extras": 0, "total": 0}}}, {"6.2": {"batsman": "CL White", "bowler": "SR Watson", "non_striker": "JH Kallis", "runs": {"batsman": 1, "extras": 0, "total": 1}}}, {"6.3": {"batsman": "JH Kallis", "bowler": "SR Watson", "extras": {"wides": 1}, "non_striker": "CL White", "runs": {"batsman": 0, "extras": 1, "total": 1}}}, {"6.4": {"batsman": "JH Kallis", "bowler": "SR Watson", "non_striker": "CL White", "runs": {"batsman": 0, "extras": 0, "total": 0}}}, {"6.5": {"batsman": "JH Kallis", "bowler": "SR Watson", "non_striker": "CL White", "runs": {"batsman": 0, "extras": 0, "total": 0}}}, {"6.6": {"batsman": "JH Kallis", "bowler": "SR Watson", "non_striker": "CL White", "runs": {"batsman": 1, "extras": 0, "total": 1}}}, {"6.7": {"batsman": "CL White", "bowler": "SR Watson", "non_striker": "JH Kallis", "runs": {"batsman": 1, "extras": 0, "total": 1}}}, {"7.1": {"batsman": "CL White", "bowler": "MM Patel", "non_striker": "JH Kallis", "runs": {"batsman": 0, "extras": 0, "total": 0}}}, {"7.2": {"batsman": "CL White", "bowler": "MM Patel", "non_striker": "JH Kallis", "runs": {"batsman": 1, "extras": 0, "total": 1}}}, {"7.3": {"batsman": "JH Kallis", "bowler": "MM Patel", "non_striker": "CL White", "runs": {"batsman": 1, "extras": 0, "total": 1}}}, {"7.4": {"batsman": "CL White", "bowler": "MM Patel", "non_striker": "JH Kallis", "runs": {"batsman": 1, "extras": 0, "total": 1}}}, {"7.5": {"batsman": "JH Kallis", "bowler": "MM Patel", "non_striker": "CL White", "runs": {"batsman": 1, "extras": 0, "total": 1}}}, {"7.6": {"batsman": "CL White", "bowler": "MM Patel", "non_striker": "JH Kallis", "runs": {"batsman": 0, "extras": 0, "total": 0}, "wicket": {"fielders": ["SK Trivedi"], "kind": "caught", "player_out": "CL White"}}}, {"8.1": {"batsman": "R Dravid", "bowler": "SR Watson", "non_striker": "JH Kallis", "runs": {"batsman": 0, "extras": 0, "total": 0}}}, {"8.2": {"batsman": "R Dravid", "bowler": "SR Watson", "non_striker": "JH Kallis", "runs": {"batsman": 0, "extras": 0, "total": 0}}}, {"8.3": {"batsman": "R Dravid", "bowler": "SR Watson", "non_striker": "JH Kallis", "runs": {"batsman": 0, "extras": 0, "total": 0}}}, {"8.4": {"batsman": "R Dravid", "bowler": "SR Watson", "non_striker": "JH Kallis", "runs": {"batsman": 1, "extras": 0, "total": 1}}}, {"8.5": {"batsman": "JH Kallis", "bowler": "SR Watson", "non_striker": "R Dravid", "runs": {"batsman": 0, "extras": 0, "total": 0}}}, {"8.6": {"batsman": "JH Kallis", "bowler": "SR Watson", "non_striker": "R Dravid", "runs": {"batsman": 1, "extras": 0, "total": 1}}}, {"9.1": {"batsman": "JH Kallis", "bowler": "SK Warne", "non_striker": "R Dravid", "runs": {"batsman": 1, "extras": 0, "total": 1}}}, {"9.2": {"batsman": "R Dravid", "bowler": "SK Warne", "non_striker": "JH Kallis", "runs": {"batsman": 1, "extras": 0, "total": 1}}}, {"9.3": {"batsman": "JH Kallis", "bowler": "SK Warne", "non_striker": "R Dravid", "runs": {"batsman": 0, "extras": 0, "total": 0}}}, {"9.4": {"batsman": "JH Kallis", "bowler": "SK Warne", "non_striker": "R Dravid", "runs": {"batsman": 1, "extras": 0, "total": 1}}}, {"9.5": {"batsman": "R Dravid", "bowler": "SK Warne", "non_striker": "JH Kallis", "runs": {"batsman": 1, "extras": 0, "total": 1}}}, {"9.6": {"batsman": "JH Kallis", "bowler": "SK Warne", "non_striker": "R Dravid", "runs": {"batsman": 1, "extras": 0, "total": 1}}}, {"10.1": {"batsman": "JH Kallis", "bowler": "SK Trivedi", "non_striker": "R Dravid", "runs": {"batsman": 2, "extras": 0, "total": 2}}}, {"10.2": {"batsman": "JH Kallis", "bowler": "SK Trivedi", "non_striker": "R Dravid", "runs": {"batsman": 0, "extras": 0, "total": 0}, "wicket": {"fielders": ["YK Pathan"], "kind": "caught", "player_out": "JH Kallis"}}}, {"10.3": {"batsman": "R Dravid", "bowler": "SK Trivedi", "non_striker": "DT Patil", "runs": {"batsman": 1, "extras": 0, "total": 1}}}, {"10.4": {"batsman": "DT Patil", "bowler": "SK Trivedi", "non_striker": "R Dravid", "runs": {"batsman": 0, "extras": 0, "total": 0}}}, {"10.5": {"batsman": "DT Patil", "bowler": "SK Trivedi", "non_striker": "R Dravid", "runs": {"batsman": 0, "extras": 0, "total": 0}}}, {"10.6": {"batsman": "DT Patil", "bowler": "SK Trivedi", "non_striker": "R Dravid", "runs": {"batsman": 1, "extras": 0, "total": 1}}}, {"11.1": {"batsman": "DT Patil", "bowler": "SK Warne", "non_striker": "R Dravid", "runs": {"batsman": 1, "extras": 0, "total": 1}}}, {"11.2": {"batsman": "R Dravid", "bowler": "SK Warne", "non_striker": "DT Patil", "runs": {"batsman": 4, "extras": 0, "total": 4}}}, {"11.3": {"batsman": "R Dravid", "bowler": "SK Warne", "non_striker": "DT Patil", "runs": {"batsman": 1, "extras": 0, "total": 1}}}, {"11.4": {"batsman": "DT Patil", "bowler": "SK Warne", "non_striker": "R Dravid", "runs": {"batsman": 0, "extras": 0, "total": 0}}}, {"11.5": {"batsman": "DT Patil", "bowler": "SK Warne", "non_striker": "R Dravid", "runs": {"batsman": 2, "extras": 0, "total": 2}}}, {"11.6": {"batsman": "DT Patil", "bowler": "SK Warne", "non_striker": "R Dravid", "runs": {"batsman": 0, "extras": 0, "total": 0}}}, {"12.1": {"batsman": "R Dravid", "bowler": "SK Trivedi", "non_striker": "DT Patil", "runs": {"batsman": 6, "extras": 0, "total": 6}}}, {"12.2": {"batsman": "R Dravid", "bowler": "SK Trivedi", "non_striker": "DT Patil", "runs": {"batsman": 4, "extras": 0, "total": 4}}}, {"12.3": {"batsman": "R Dravid", "bowler": "SK Trivedi", "extras": {"wides": 2}, "non_striker": "DT Patil", "runs": {"batsman": 0, "extras": 2, "total": 2}}}, {"12.4": {"batsman": "DT Patil", "bowler": "SK Trivedi", "non_striker": "R Dravid", "runs": {"batsman": 1, "extras": 0, "total": 1}}}, {"12.5": {"batsman": "R Dravid", "bowler": "SK Trivedi", "non_striker": "DT Patil", "runs": {"batsman": 4, "extras": 0, "total": 4}}}, {"12.6": {"batsman": "R Dravid", "bowler": "SK Trivedi", "non_striker": "DT Patil", "runs": {"batsman": 1, "extras": 0, "total": 1}}}, {"12.7": {"batsman": "DT Patil", "bowler": "SK Trivedi", "non_striker": "R Dravid", "runs": {"batsman": 1, "extras": 0, "total": 1}}}, {"13.1": {"batsman": "DT Patil", "bowler": "SK Warne", "non_striker": "R Dravid", "runs": {"batsman": 2, "extras": 0, "total": 2}}}, {"13.2": {"batsman": "DT Patil", "bowler": "SK Warne", "non_striker": "R Dravid", "runs": {"batsman": 1, "extras": 0, "total": 1}}}, {"13.3": {"batsman": "R Dravid", "bowler": "SK Warne", "non_striker": "DT Patil", "runs": {"batsman": 1, "extras": 0, "total": 1}}}, {"13.4": {"batsman": "DT Patil", "bowler": "SK Warne", "non_striker": "R Dravid", "runs": {"batsman": 0, "extras": 0, "total": 0}, "wicket": {"fielders": ["RA Jadeja"], "kind": "caught", "player_out": "DT Patil"}}}, {"13.5": {"batsman": "P Kumar", "bowler": "SK Warne", "non_striker": "R Dravid", "runs": {"batsman": 0, "extras": 0, "total": 0}, "wicket": {"fielders": ["M Kaif"], "kind": "caught", "player_out": "P Kumar"}}}, {"13.6": {"batsman": "Z Khan", "bowler": "SK Warne", "non_striker": "R Dravid", "runs": {"batsman": 0, "extras": 0, "total": 0}}}, {"14.1": {"batsman": "R Dravid", "bowler": "YK Pathan", "non_striker": "Z Khan", "runs": {"batsman": 0, "extras": 0, "total": 0}}}, {"14.2": {"batsman": "R Dravid", "bowler": "YK Pathan", "non_striker": "Z Khan", "runs": {"batsman": 1, "extras": 0, "total": 1}}}, {"14.3": {"batsman": "Z Khan", "bowler": "YK Pathan", "non_striker": "R Dravid", "runs": {"batsman": 0, "extras": 0, "total": 0}}}, {"14.4": {"batsman": "Z Khan", "bowler": "YK Pathan", "non_striker": "R Dravid", "runs": {"batsman": 1, "extras": 0, "total": 1}}}, {"14.5": {"batsman": "R Dravid", "bowler": "YK Pathan", "non_striker": "Z Khan", "runs": {"batsman": 6, "extras": 0, "total": 6}}}, {"14.6": {"batsman": "R Dravid", "bowler": "YK Pathan", "non_striker": "Z Khan", "runs": {"batsman": 2, "extras": 0, "total": 2}}}, {"15.1": {"batsman": "Z Khan", "bowler": "SK Warne", "non_striker": "R Dravid", "runs": {"batsman": 0, "extras": 0, "total": 0}}}, {"15.2": {"batsman": "Z Khan", "bowler": "SK Warne", "non_striker": "R Dravid", "runs": {"batsman": 0, "extras": 0, "total": 0}, "wicket": {"kind": "caught and bowled", "player_out": "Z Khan"}}}, {"15.3": {"batsman": "A Kumble", "bowler": "SK Warne", "non_striker": "R Dravid", "runs": {"batsman": 0, "extras": 0, "total": 0}}}, {"15.4": {"batsman": "A Kumble", "bowler": "SK Warne", "non_striker": "R Dravid", "runs": {"batsman": 1, "extras": 0, "total": 1}}}, {"15.5": {"batsman": "R Dravid", "bowler": "SK Warne", "non_striker": "A Kumble", "runs": {"batsman": 1, "extras": 0, "total": 1}}}, {"15.6": {"batsman": "A Kumble", "bowler": "SK Warne", "non_striker": "R Dravid", "runs": {"batsman": 4, "extras": 0, "total": 4}}}, {"16.1": {"batsman": "R Dravid", "bowler": "YK Pathan", "non_striker": "A Kumble", "runs": {"batsman": 0, "extras": 0, "total": 0}}}, {"16.2": {"batsman": "R Dravid", "bowler": "YK Pathan", "non_striker": "A Kumble", "runs": {"batsman": 0, "extras": 0, "total": 0}}}, {"16.3": {"batsman": "R Dravid", "bowler": "YK Pathan", "non_striker": "A Kumble", "runs": {"batsman": 6, "extras": 0, "total": 6}}}, {"16.4": {"batsman": "R Dravid", "bowler": "YK Pathan", "non_striker": "A Kumble", "runs": {"batsman": 0, "extras": 0, "total": 0}}}, {"16.5": {"batsman": "R Dravid", "bowler": "YK Pathan", "non_striker": "A Kumble", "runs": {"batsman": 6, "extras": 0, "total": 6}}}, {"16.6": {"batsman": "R Dravid", "bowler": "YK Pathan", "non_striker": "A Kumble", "runs": {"batsman": 6, "extras": 0, "total": 6}}}, {"17.1": {"batsman": "A Kumble", "bowler": "RA Jadeja", "non_striker": "R Dravid", "runs": {"batsman": 0, "extras": 0, "total": 0}}}, {"17.2": {"batsman": "A Kumble", "bowler": "RA Jadeja", "non_striker": "R Dravid", "runs": {"batsman": 1, "extras": 0, "total": 1}}}, {"17.3": {"batsman": "R Dravid", "bowler": "RA Jadeja", "non_striker": "A Kumble", "runs": {"batsman": 1, "extras": 0, "total": 1}}}, {"17.4": {"batsman": "A Kumble", "bowler": "RA Jadeja", "non_striker": "R Dravid", "runs": {"batsman": 1, "extras": 0, "total": 1}}}, {"17.5": {"batsman": "R Dravid", "bowler": "RA Jadeja", "non_striker": "A Kumble", "runs": {"batsman": 4, "extras": 0, "total": 4}}}, {"17.6": {"batsman": "R Dravid", "bowler": "RA Jadeja", "non_striker": "A Kumble", "runs": {"batsman": 0, "extras": 0, "total": 0}}}, {"18.1": {"batsman": "A Kumble", "bowler": "Sohail Tanvir", "non_striker": "R Dravid", "runs": {"batsman": 1, "extras": 0, "total": 1}}}, {"18.2": {"batsman": "R Dravid", "bowler": "Sohail Tanvir", "non_striker": "A Kumble", "runs": {"batsman": 2, "extras": 0, "total": 2}}}, {"18.3": {"batsman": "R Dravid", "bowler": "Sohail Tanvir", "non_striker": "A Kumble", "runs": {"batsman": 1, "extras": 0, "total": 1}}}, {"18.4": {"batsman": "A Kumble", "bowler": "Sohail Tanvir", "non_striker": "R Dravid", "runs": {"batsman": 0, "extras": 0, "total": 0}, "wicket": {"fielders": ["M Rawat"], "kind": "caught", "player_out": "A Kumble"}}}, {"18.5": {"batsman": "Abdur Razzak", "bowler": "Sohail Tanvir", "non_striker": "R Dravid", "runs": {"batsman": 0, "extras": 0, "total": 0}}}, {"18.6": {"batsman": "Abdur Razzak", "bowler": "Sohail Tanvir", "non_striker": "R Dravid", "runs": {"batsman": 0, "extras": 0, "total": 0}}}, {"19.1": {"batsman": "R Dravid", "bowler": "RA Jadeja", "non_striker": "Abdur Razzak", "runs": {"batsman": 4, "extras": 0, "total": 4}}}, {"19.2": {"batsman": "R Dravid", "bowler": "RA Jadeja", "non_striker": "Abdur Razzak", "runs": {"batsman": 0, "extras": 0, "total": 0}}}, {"19.3": {"batsman": "R Dravid", "bowler": "RA Jadeja", "non_striker": "Abdur Razzak", "runs": {"batsman": 0, "extras": 0, "total": 0}}}, {"19.4": {"batsman": "R Dravid", "bowler": "RA Jadeja", "non_striker": "Abdur Razzak", "runs": {"batsman": 0, "extras": 0, "total": 0}}}, {"19.5": {"batsman": "R Dravid", "bowler": "RA Jadeja", "non_striker": "Abdur Razzak", "runs": {"batsman": 4, "extras": 0, "total": 4}}}, {"19.6": {"batsman": "R Dravid", "bowler": "RA Jadeja", "non_striker": "Abdur Razzak", "runs": {"batsman": 6, "extras": 0, "total": 6}}}]