[{"0.1": {"batsman": "Salman Butt", "bowler": "SR Watson", "non_striker": "SC Ganguly", "runs": {"batsman": 2, "extras": 0, "total": 2}}}, {"0.2": {"batsman": "Salman Butt", "bowler": "SR Watson", "non_striker": "SC Ganguly", "runs": {"batsman": 0, "extras": 0, "total": 0}}}, {"0.3": {"batsman": "Salman Butt", "bowler": "SR Watson", "non_striker": "SC Ganguly", "runs": {"batsman": 0, "extras": 0, "total": 0}}}, {"0.4": {"batsman": "Salman Butt", "bowler": "SR Watson", "non_striker": "SC Ganguly", "runs": {"batsman": 1, "extras": 0, "total": 1}}}, {"0.5": {"batsman": "SC Ganguly", "bowler": "SR Watson", "extras": {"wides": 1}, "non_striker": "Salman Butt", "runs": {"batsman": 0, "extras": 1, "total": 1}}}, {"0.6": {"batsman": "SC Ganguly", "bowler": "SR Watson", "extras": {"legbyes": 1}, "non_striker": "Salman Butt", "runs": {"batsman": 0, "extras": 1, "total": 1}}}, {"0.7": {"batsman": "Salman Butt", "bowler": "SR Watson", "non_striker": "SC Ganguly", "runs": {"batsman": 4, "extras": 0, "total": 4}}}, {"1.1": {"batsman": "SC Ganguly", "bowler": "Sohail Tanvir", "non_striker": "Salman Butt", "runs": {"batsman": 4, "extras": 0, "total": 4}}}, {"1.2": {"batsman": "SC Ganguly", "bowler": "Sohail Tanvir", "non_striker": "Salman Butt", "runs": {"batsman": 1, "extras": 0, "total": 1}}}, {"1.3": {"batsman": "Salman Butt", "bowler": "Sohail Tanvir", "extras": {"wides": 1}, "non_striker": "SC Ganguly", "runs": {"batsman": 0, "extras": 1, "total": 1}}}, {"1.4": {"batsman": "Salman Butt", "bowler": "Sohail Tanvir", "non_striker": "SC Ganguly", "runs": {"batsman": 0, "extras": 0, "total": 0}}}, {"1.5": {"batsman": "Salman Butt", "bowler": "Sohail Tanvir", "non_striker": "SC Ganguly", "runs": {"batsman": 0, "extras": 0, "total": 0}, "wicket": {"kind": "bowled", "player_out": "Salman Butt"}}}, {"1.6": {"batsman": "AB Agarkar", "bowler": "Sohail Tanvir", "extras": {"wides": 1}, "non_striker": "SC Ganguly", "runs": {"batsman": 0, "extras": 1, "total": 1}}}, {"1.7": {"batsman": "AB Agarkar", "bowler": "Sohail Tanvir", "non_striker": "SC Ganguly", "runs": {"batsman": 0, "extras": 0, "total": 0}}}, {"1.8": {"batsman": "AB Agarkar", "bowler": "Sohail Tanvir", "non_striker": "SC Ganguly", "runs": {"batsman": 6, "extras": 0, "total": 6}}}, {"2.1": {"batsman": "SC Ganguly", "bowler": "SR Watson", "non_striker": "AB Agarkar", "runs": {"batsman": 1, "extras": 0, "total": 1}}}, {"2.2": {"batsman": "AB Agarkar", "bowler": "SR Watson", "non_striker": "SC Ganguly", "runs": {"batsman": 0, "extras": 0, "total": 0}}}, {"2.3": {"batsman": "AB Agarkar", "bowler": "SR Watson", "non_striker": "SC Ganguly", "runs": {"batsman": 0, "extras": 0, "total": 0}}}, {"2.4": {"batsman": "AB Agarkar", "bowler": "SR Watson", "non_striker": "SC Ganguly", "runs": {"batsman": 0, "extras": 0, "total": 0}}}, {"2.5": {"batsman": "AB Agarkar", "bowler": "SR Watson", "non_striker": "SC Ganguly", "runs": {"batsman": 6, "extras": 0, "total": 6}}}, {"2.6": {"batsman": "AB Agarkar", "bowler": "SR Watson", "extras": {"wides": 1}, "non_striker": "SC Ganguly", "runs": {"batsman": 0, "extras": 1, "total": 1}}}, {"2.7": {"batsman": "AB Agarkar", "bowler": "SR Watson", "non_striker": "SC Ganguly", "runs": {"batsman": 1, "extras": 0, "total": 1}}}, {"3.1": {"batsman": "AB Agarkar", "bowler": "Sohail Tanvir", "non_striker": "SC Ganguly", "runs": {"batsman": 0, "extras": 0, "total": 0}}}, {"3.2": {"batsman": "AB Agarkar", "bowler": "Sohail Tanvir", "non_striker": "SC Ganguly", "runs": {"batsman": 0, "extras": 0, "total": 0}}}, {"3.3": {"batsman": "AB Agarkar", "bowler": "Sohail Tanvir", "non_striker": "SC Ganguly", "runs": {"batsman": 2, "extras": 0, "total": 2}}}, {"3.4": {"batsman": "AB Agarkar", "bowler": "Sohail Tanvir", "non_striker": "SC Ganguly", "runs": {"batsman": 4, "extras": 0, "total": 4}}}, {"3.5": {"batsman": "AB Agarkar", "bowler": "Sohail Tanvir", "non_striker": "SC Ganguly", "runs": {"batsman": 1, "extras": 0, "total": 1}}}, {"3.6": {"batsman": "SC Ganguly", "bowler": "Sohail Tanvir", "non_striker": "AB Agarkar", "runs": {"batsman": 1, "extras": 0, "total": 1}}}, {"4.1": {"batsman": "SC Ganguly", "bowler": "SR Watson", "non_striker": "AB Agarkar", "runs": {"batsman": 0, "extras": 0, "total": 0}}}, {"4.2": {"batsman": "SC Ganguly", "bowler": "SR Watson", "non_striker": "AB Agarkar", "runs": {"batsman": 0, "extras": 0, "total": 0}}}, {"4.3": {"batsman": "SC Ganguly", "bowler": "SR Watson", "non_striker": "AB Agarkar", "runs": {"batsman": 4, "extras": 0, "total": 4}}}, {"4.4": {"batsman": "SC Ganguly", "bowler": "SR Watson", "non_striker": "AB Agarkar", "runs": {"batsman": 1, "extras": 0, "total": 1}}}, {"4.5": {"batsman": "AB Agarkar", "bowler": "SR Watson", "non_striker": "SC Ganguly", "runs": {"batsman": 0, "extras": 0, "total": 0}, "wicket": {"fielders": ["M Rawat"], "kind": "caught", "player_out": "AB Agarkar"}}}, {"4.6": {"batsman": "BJ Hodge", "bowler": "SR Watson", "non_striker": "SC Ganguly", "runs": {"batsman": 0, "extras": 0, "total": 0}}}, {"5.1": {"batsman": "SC Ganguly", "bowler": "SK Trivedi", "non_striker": "BJ Hodge", "runs": {"batsman": 0, "extras": 0, "total": 0}}}, {"5.2": {"batsman": "SC Ganguly", "bowler": "SK Trivedi", "non_striker": "BJ Hodge", "runs": {"batsman": 4, "extras": 0, "total": 4}}}, {"5.3": {"batsman": "SC Ganguly", "bowler": "SK Trivedi", "extras": {"wides": 1}, "non_striker": "BJ Hodge", "runs": {"batsman": 0, "extras": 1, "total": 1}}}, {"5.4": {"batsman": "SC Ganguly", "bowler": "SK Trivedi", "non_striker": "BJ Hodge", "runs": {"batsman": 1, "extras": 0, "total": 1}}}, {"5.5": {"batsman": "BJ Hodge", "bowler": "SK Trivedi", "non_striker": "SC Ganguly", "runs": {"batsman": 0, "extras": 0, "total": 0}}}, {"5.6": {"batsman": "BJ Hodge", "bowler": "SK Trivedi", "non_striker": "SC Ganguly", "runs": {"batsman": 1, "extras": 0, "total": 1}}}, {"5.7": {"batsman": "SC Ganguly", "bowler": "SK Trivedi", "non_striker": "BJ Hodge", "runs": {"batsman": 0, "extras": 0, "total": 0}, "wicket": {"fielders": ["SK Trivedi"], "kind": "run out", "player_out": "BJ Hodge"}}}, {"6.1": {"batsman": "DJ Hussey", "bowler": "MM Patel", "non_striker": "SC Ganguly", "runs": {"batsman": 0, "extras": 0, "total": 0}}}, {"6.2": {"batsman": "DJ Hussey", "bowler": "MM Patel", "non_striker": "SC Ganguly", "runs": {"batsman": 1, "extras": 0, "total": 1}}}, {"6.3": {"batsman": "SC Ganguly", "bowler": "MM Patel", "non_striker": "DJ Hussey", "runs": {"batsman": 0, "extras": 0, "total": 0}}}, {"6.4": {"batsman": "SC Ganguly", "bowler": "MM Patel", "non_striker": "DJ Hussey", "runs": {"batsman": 2, "extras": 0, "total": 2}}}, {"6.5": {"batsman": "SC Ganguly", "bowler": "MM Patel", "non_striker": "DJ Hussey", "runs": {"batsman": 0, "extras": 0, "total": 0}}}, {"6.6": {"batsman": "SC Ganguly", "bowler": "MM Patel", "non_striker": "DJ Hussey", "runs": {"batsman": 0, "extras": 0, "total": 0}}}, {"7.1": {"batsman": "DJ Hussey", "bowler": "SK Trivedi", "non_striker": "SC Ganguly", "runs": {"batsman": 6, "extras": 0, "total": 6}}}, {"7.2": {"batsman": "DJ Hussey", "bowler": "SK Trivedi", "non_striker": "SC Ganguly", "runs": {"batsman": 1, "extras": 0, "total": 1}}}, {"7.3": {"batsman": "SC Ganguly", "bowler": "SK Trivedi", "non_striker": "DJ Hussey", "runs": {"batsman": 1, "extras": 0, "total": 1}}}, {"7.4": {"batsman": "DJ Hussey", "bowler": "SK Trivedi", "extras": {"wides": 1}, "non_striker": "SC Ganguly", "runs": {"batsman": 0, "extras": 1, "total": 1}}}, {"7.5": {"batsman": "DJ Hussey", "bowler": "SK Trivedi", "non_striker": "SC Ganguly", "runs": {"batsman": 1, "extras": 0, "total": 1}}}, {"7.6": {"batsman": "SC Ganguly", "bowler": "SK Trivedi", "non_striker": "DJ Hussey", "runs": {"batsman": 6, "extras": 0, "total": 6}}}, {"7.7": {"batsman": "SC Ganguly", "bowler": "SK Trivedi", "non_striker": "DJ Hussey", "runs": {"batsman": 0, "extras": 0, "total": 0}}}, {"8.1": {"batsman": "DJ Hussey", "bowler": "MM Patel", "non_striker": "SC Ganguly", "runs": {"batsman": 1, "extras": 0, "total": 1}}}, {"8.2": {"batsman": "SC Ganguly", "bowler": "MM Patel", "non_striker": "DJ Hussey", "runs": {"batsman": 0, "extras": 0, "total": 0}}}, {"8.3": {"batsman": "SC Ganguly", "bowler": "MM Patel", "non_striker": "DJ Hussey", "runs": {"batsman": 1, "extras": 0, "total": 1}}}, {"8.4": {"batsman": "DJ Hussey", "bowler": "MM Patel", "non_striker": "SC Ganguly", "runs": {"batsman": 1, "extras": 0, "total": 1}}}, {"8.5": {"batsman": "SC Ganguly", "bowler": "MM Patel", "non_striker": "DJ Hussey", "runs": {"batsman": 1, "extras": 0, "total": 1}}}, {"8.6": {"batsman": "DJ Hussey", "bowler": "MM Patel", "non_striker": "SC Ganguly", "runs": {"batsman": 0, "extras": 0, "total": 0}}}, {"9.1": {"batsman": "SC Ganguly", "bowler": "SK Trivedi", "non_striker": "DJ Hussey", "runs": {"batsman": 1, "extras": 0, "total": 1}}}, {"9.2": {"batsman": "DJ Hussey", "bowler": "SK Trivedi", "non_striker": "SC Ganguly", "runs": {"batsman": 0, "extras": 0, "total": 0}}}, {"9.3": {"batsman": "DJ Hussey", "bowler": "SK Trivedi", "non_striker": "SC Ganguly", "runs": {"batsman": 1, "extras": 0, "total": 1}}}, {"9.4": {"batsman": "SC Ganguly", "bowler": "SK Trivedi", "non_striker": "DJ Hussey", "runs": {"batsman": 0, "extras": 0, "total": 0}}}, {"9.5": {"batsman": "SC Ganguly", "bowler": "SK Trivedi", "non_striker": "DJ Hussey", "runs": {"batsman": 1, "extras": 0, "total": 1}}}, {"9.6": {"batsman": "DJ Hussey", "bowler": "SK Trivedi", "non_striker": "SC Ganguly", "runs": {"batsman": 1, "extras": 0, "total": 1}}}, {"10.1": {"batsman": "DJ Hussey", "bowler": "MM Patel", "non_striker": "SC Ganguly", "runs": {"batsman": 1, "extras": 0, "total": 1}}}, {"10.2": {"batsman": "SC Ganguly", "bowler": "MM Patel", "non_striker": "DJ Hussey", "runs": {"batsman": 6, "extras": 0, "total": 6}}}, {"10.3": {"batsman": "SC Ganguly", "bowler": "MM Patel", "non_striker": "DJ Hussey", "runs": {"batsman": 1, "extras": 0, "total": 1}}}, {"10.4": {"batsman": "DJ Hussey", "bowler": "MM Patel", "extras": {"byes": 1}, "non_striker": "SC Ganguly", "runs": {"batsman": 0, "extras": 1, "total": 1}}}, {"10.5": {"batsman": "SC Ganguly", "bowler": "MM Patel", "non_striker": "DJ Hussey", "runs": {"batsman": 2, "extras": 0, "total": 2}}}, {"10.6": {"batsman": "SC Ganguly", "bowler": "MM Patel", "non_striker": "DJ Hussey", "runs": {"batsman": 4, "extras": 0, "total": 4}}}, {"11.1": {"batsman": "DJ Hussey", "bowler": "SK Warne", "non_striker": "SC Ganguly", "runs": {"batsman": 2, "extras": 0, "total": 2}}}, {"11.2": {"batsman": "DJ Hussey", "bowler": "SK Warne", "non_striker": "SC Ganguly", "runs": {"batsman": 1, "extras": 0, "total": 1}}}, {"11.3": {"batsman": "SC Ganguly", "bowler": "SK Warne", "non_striker": "DJ Hussey", "runs": {"batsman": 0, "extras": 0, "total": 0}}}, {"11.4": {"batsman": "SC Ganguly", "bowler": "SK Warne", "non_striker": "DJ Hussey", "runs": {"batsman": 1, "extras": 0, "total": 1}}}, {"11.5": {"batsman": "DJ Hussey", "bowler": "SK Warne", "extras": {"wides": 1}, "non_striker": "SC Ganguly", "runs": {"batsman": 0, "extras": 1, "total": 1}}}, {"11.6": {"batsman": "DJ Hussey", "bowler": "SK Warne", "non_striker": "SC Ganguly", "runs": {"batsman": 1, "extras": 0, "total": 1}}}, {"11.7": {"batsman": "SC Ganguly", "bowler": "SK Warne", "non_striker": "DJ Hussey", "runs": {"batsman": 1, "extras": 0, "total": 1}}}, {"12.1": {"batsman": "SC Ganguly", "bowler": "YK Pathan", "non_striker": "DJ Hussey", "runs": {"batsman": 1, "extras": 0, "total": 1}}}, {"12.2": {"batsman": "DJ Hussey", "bowler": "YK Pathan", "non_striker": "SC Ganguly", "runs": {"batsman": 1, "extras": 0, "total": 1}}}, {"12.3": {"batsman": "SC Ganguly", "bowler": "YK Pathan", "non_striker": "DJ Hussey", "runs": {"batsman": 3, "extras": 0, "total": 3}}}, {"12.4": {"batsman": "DJ Hussey", "bowler": "YK Pathan", "non_striker": "SC Ganguly", "runs": {"batsman": 1, "extras": 0, "total": 1}}}, {"12.5": {"batsman": "SC Ganguly", "bowler": "YK Pathan", "non_striker": "DJ Hussey", "runs": {"batsman": 0, "extras": 0, "total": 0}}}, {"12.6": {"batsman": "SC Ganguly", "bowler": "YK Pathan", "non_striker": "DJ Hussey", "runs": {"batsman": 1, "extras": 0, "total": 1}}}, {"13.1": {"batsman": "SC Ganguly", "bowler": "SK Warne", "non_striker": "DJ Hussey", "runs": {"batsman": 1, "extras": 0, "total": 1}}}, {"13.2": {"batsman": "DJ Hussey", "bowler": "SK Warne", "non_striker": "SC Ganguly", "runs": {"batsman": 6, "extras": 0, "total": 6}}}, {"13.3": {"batsman": "DJ Hussey", "bowler": "SK Warne", "non_striker": "SC Ganguly", "runs": {"batsman": 4, "extras": 0, "total": 4}}}, {"13.4": {"batsman": "DJ Hussey", "bowler": "SK Warne", "non_striker": "SC Ganguly", "runs": {"batsman": 1, "extras": 0, "total": 1}}}, {"13.5": {"batsman": "SC Ganguly", "bowler": "SK Warne", "non_striker": "DJ Hussey", "runs": {"batsman": 0, "extras": 0, "total": 0}, "wicket": {"fielders": ["M Kaif"], "kind": "caught", "player_out": "SC Ganguly"}}}, {"13.6": {"batsman": "LR Shukla", "bowler": "SK Warne", "non_striker": "DJ Hussey", "runs": {"batsman": 1, "extras": 0, "total": 1}}}, {"14.1": {"batsman": "LR Shukla", "bowler": "YK Pathan", "non_striker": "DJ Hussey", "runs": {"batsman": 1, "extras": 0, "total": 1}, "wicket": {"fielders": ["RA Jadeja", "M Rawat"], "kind": "run out", "player_out": "LR Shukla"}}}, {"14.2": {"batsman": "DB Das", "bowler": "YK Pathan", "non_striker": "DJ Hussey", "runs": {"batsman": 4, "extras": 0, "total": 4}}}, {"14.3": {"batsman": "DB Das", "bowler": "YK Pathan", "non_striker": "DJ Hussey", "runs": {"batsman": 0, "extras": 0, "total": 0}}}, {"14.4": {"batsman": "DB Das", "bowler": "YK Pathan", "non_striker": "DJ Hussey", "runs": {"batsman": 0, "extras": 0, "total": 0}}}, {"14.5": {"batsman": "DB Das", "bowler": "YK Pathan", "extras": {"legbyes": 1}, "non_striker": "DJ Hussey", "runs": {"batsman": 0, "extras": 1, "total": 1}}}, {"14.6": {"batsman": "DJ Hussey", "bowler": "YK Pathan", "non_striker": "DB Das", "runs": {"batsman": 2, "extras": 0, "total": 2}}}, {"15.1": {"batsman": "DB Das", "bowler": "MM Patel", "non_striker": "DJ Hussey", "runs": {"batsman": 2, "extras": 0, "total": 2}}}, {"15.2": {"batsman": "DB Das", "bowler": "MM Patel", "non_striker": "DJ Hussey", "runs": {"batsman": 1, "extras": 0, "total": 1}}}, {"15.3": {"batsman": "DJ Hussey", "bowler": "MM Patel", "non_striker": "DB Das", "runs": {"batsman": 2, "extras": 0, "total": 2}}}, {"15.4": {"batsman": "DJ Hussey", "bowler": "MM Patel", "non_striker": "DB Das", "runs": {"batsman": 1, "extras": 0, "total": 1}}}, {"15.5": {"batsman": "DB Das", "bowler": "MM Patel", "non_striker": "DJ Hussey", "runs": {"batsman": 1, "extras": 0, "total": 1}}}, {"15.6": {"batsman": "DJ Hussey", "bowler": "MM Patel", "non_striker": "DB Das", "runs": {"batsman": 1, "extras": 0, "total": 1}}}, {"16.1": {"batsman": "DJ Hussey", "bowler": "Sohail Tanvir", "non_striker": "DB Das", "runs": {"batsman": 2, "extras": 0, "total": 2}}}, {"16.2": {"batsman": "DJ Hussey", "bowler": "Sohail Tanvir", "non_striker": "DB Das", "runs": {"batsman": 1, "extras": 0, "total": 1}}}, {"16.3": {"batsman": "DB Das", "bowler": "Sohail Tanvir", "extras": {"byes": 1}, "non_striker": "DJ Hussey", "runs": {"batsman": 0, "extras": 1, "total": 1}}}, {"16.4": {"batsman": "DJ Hussey", "bowler": "Sohail Tanvir", "non_striker": "DB Das", "runs": {"batsman": 1, "extras": 0, "total": 1}}}, {"16.5": {"batsman": "DB Das", "bowler": "Sohail Tanvir", "non_striker": "DJ Hussey", "runs": {"batsman": 1, "extras": 0, "total": 1}}}, {"16.6": {"batsman": "DJ Hussey", "bowler": "Sohail Tanvir", "non_striker": "DB Das", "runs": {"batsman": 1, "extras": 0, "total": 1}}}, {"17.1": {"batsman": "DJ Hussey", "bowler": "SK Trivedi", "non_striker": "DB Das", "runs": {"batsman": 0, "extras": 0, "total": 0}, "wicket": {"kind": "bowled", "player_out": "DJ Hussey"}}}, {"17.2": {"batsman": "WP Saha", "bowler": "SK Trivedi", "non_striker": "DB Das", "runs": {"batsman": 1, "extras": 0, "total": 1}}}, {"17.3": {"batsman": "DB Das", "bowler": "SK Trivedi", "non_striker": "WP Saha", "runs": {"batsman": 1, "extras": 0, "total": 1}}}, {"17.4": {"batsman": "WP Saha", "bowler": "SK Trivedi", "non_striker": "DB Das", "runs": {"batsman": 0, "extras": 0, "total": 0}, "wicket": {"kind": "bowled", "player_out": "WP Saha"}}}, {"17.5": {"batsman": "Umar Gul", "bowler": "SK Trivedi", "non_striker": "DB Das", "runs": {"batsman": 1, "extras": 0, "total": 1}}}, {"17.6": {"batsman": "DB Das", "bowler": "SK Trivedi", "non_striker": "Umar Gul", "runs": {"batsman": 1, "extras": 0, "total": 1}}}, {"18.1": {"batsman": "DB Das", "bowler": "Sohail Tanvir", "non_striker": "Umar Gul", "runs": {"batsman": 0, "extras": 0, "total": 0}}}, {"18.2": {"batsman": "DB Das", "bowler": "Sohail Tanvir", "non_striker": "Umar Gul", "runs": {"batsman": 0, "extras": 0, "total": 0}, "wicket": {"fielders": ["SR Watson"], "kind": "caught", "player_out": "DB Das"}}}, {"18.3": {"batsman": "Umar Gul", "bowler": "Sohail Tanvir", "non_striker": "I Sharma", "runs": {"batsman": 1, "extras": 0, "total": 1}, "wicket": {"fielders": ["RA Jadeja", "M Rawat"], "kind": "run out", "player_out": "Umar Gul"}}}, {"18.4": {"batsman": "AB Dinda", "bowler": "Sohail Tanvir", "extras": {"byes": 1}, "non_striker": "I Sharma", "runs": {"batsman": 0, "extras": 1, "total": 1}}}, {"18.5": {"batsman": "I Sharma", "bowler": "Sohail Tanvir", "non_striker": "AB Dinda", "runs": {"batsman": 1, "extras": 0, "total": 1}}}, {"18.6": {"batsman": "AB Dinda", "bowler": "Sohail Tanvir", "non_striker": "I Sharma", "runs": {"batsman": 1, "extras": 0, "total": 1}}}, {"19.1": {"batsman": "AB Dinda", "bowler": "SR Watson", "non_striker": "I Sharma", "runs": {"batsman": 0, "extras": 0, "total": 0}, "wicket": {"fielders": ["T Kohli (sub)"], "kind": "caught", "player_out": "AB Dinda"}}}]