[{"0.1": {"batsman": "SE Marsh", "bowler": "RP Singh", "non_striker": "KC Sangakkara", "runs": {"batsman": 0, "extras": 0, "total": 0}}}, {"0.2": {"batsman": "SE Marsh", "bowler": "RP Singh", "non_striker": "KC Sangakkara", "runs": {"batsman": 1, "extras": 0, "total": 1}}}, {"0.3": {"batsman": "KC Sangakkara", "bowler": "RP Singh", "non_striker": "SE Marsh", "runs": {"batsman": 1, "extras": 0, "total": 1}}}, {"0.4": {"batsman": "SE Marsh", "bowler": "RP Singh", "non_striker": "KC Sangakkara", "runs": {"batsman": 2, "extras": 0, "total": 2}}}, {"0.5": {"batsman": "SE Marsh", "bowler": "RP Singh", "non_striker": "KC Sangakkara", "runs": {"batsman": 4, "extras": 0, "total": 4}}}, {"0.6": {"batsman": "SE Marsh", "bowler": "RP Singh", "non_striker": "KC Sangakkara", "runs": {"batsman": 6, "extras": 0, "total": 6}}}, {"1.1": {"batsman": "KC Sangakkara", "bowler": "DP Vijaykumar", "non_striker": "SE Marsh", "runs": {"batsman": 0, "extras": 0, "total": 0}}}, {"1.2": {"batsman": "KC Sangakkara", "bowler": "DP Vijaykumar", "non_striker": "SE Marsh", "runs": {"batsman": 3, "extras": 0, "total": 3}}}, {"1.3": {"batsman": "SE Marsh", "bowler": "DP Vijaykumar", "non_striker": "KC Sangakkara", "runs": {"batsman": 2, "extras": 0, "total": 2}}}, {"1.4": {"batsman": "SE Marsh", "bowler": "DP Vijaykumar", "non_striker": "KC Sangakkara", "runs": {"batsman": 0, "extras": 0, "total": 0}}}, {"1.5": {"batsman": "SE Marsh", "bowler": "DP Vijaykumar", "non_striker": "KC Sangakkara", "runs": {"batsman": 4, "extras": 0, "total": 4}}}, {"1.6": {"batsman": "SE Marsh", "bowler": "DP Vijaykumar", "non_striker": "KC Sangakkara", "runs": {"batsman": 0, "extras": 0, "total": 0}}}, {"2.1": {"batsman": "KC Sangakkara", "bowler": "Y Venugopal Rao", "non_striker": "SE Marsh", "runs": {"batsman": 0, "extras": 0, "total": 0}}}, {"2.2": {"batsman": "KC Sangakkara", "bowler": "Y Venugopal Rao", "non_striker": "SE Marsh", "runs": {"batsman": 4, "extras": 0, "total": 4}}}, {"2.3": {"batsman": "KC Sangakkara", "bowler": "Y Venugopal Rao", "non_striker": "SE Marsh", "runs": {"batsman": 2, "extras": 0, "total": 2}}}, {"2.4": {"batsman": "KC Sangakkara", "bowler": "Y Venugopal Rao", "non_striker": "SE Marsh", "runs": {"batsman": 6, "extras": 0, "total": 6}}}, {"2.5": {"batsman": "KC Sangakkara", "bowler": "Y Venugopal Rao", "non_striker": "SE Marsh", "runs": {"batsman": 0, "extras": 0, "total": 0}}}, {"2.6": {"batsman": "KC Sangakkara", "bowler": "Y Venugopal Rao", "non_striker": "SE Marsh", "runs": {"batsman": 0, "extras": 0, "total": 0}}}, {"3.1": {"batsman": "SE Marsh", "bowler": "DP Vijaykumar", "non_striker": "KC Sangakkara", "runs": {"batsman": 6, "extras": 0, "total": 6}}}, {"3.2": {"batsman": "SE Marsh", "bowler": "DP Vijaykumar", "non_striker": "KC Sangakkara", "runs": {"batsman": 1, "extras": 0, "total": 1}}}, {"3.3": {"batsman": "KC Sangakkara", "bowler": "DP Vijaykumar", "non_striker": "SE Marsh", "runs": {"batsman": 0, "extras": 0, "total": 0}}}, {"3.4": {"batsman": "KC Sangakkara", "bowler": "DP Vijaykumar", "non_striker": "SE Marsh", "runs": {"batsman": 4, "extras": 0, "total": 4}}}, {"3.5": {"batsman": "KC Sangakkara", "bowler": "DP Vijaykumar", "non_striker": "SE Marsh", "runs": {"batsman": 4, "extras": 0, "total": 4}}}, {"3.6": {"batsman": "KC Sangakkara", "bowler": "DP Vijaykumar", "non_striker": "SE Marsh", "runs": {"batsman": 0, "extras": 0, "total": 0}}}, {"4.1": {"batsman": "SE Marsh", "bowler": "SB Styris", "non_striker": "KC Sangakkara", "runs": {"batsman": 0, "extras": 0, "total": 0}}}, {"4.2": {"batsman": "SE Marsh", "bowler": "SB Styris", "non_striker": "KC Sangakkara", "runs": {"batsman": 1, "extras": 0, "total": 1}}}, {"4.3": {"batsman": "KC Sangakkara", "bowler": "SB Styris", "non_striker": "SE Marsh", "runs": {"batsman": 1, "extras": 0, "total": 1}}}, {"4.4": {"batsman": "SE Marsh", "bowler": "SB Styris", "non_striker": "KC Sangakkara", "runs": {"batsman": 1, "extras": 0, "total": 1}}}, {"4.5": {"batsman": "KC Sangakkara", "bowler": "SB Styris", "non_striker": "SE Marsh", "runs": {"batsman": 6, "extras": 0, "total": 6}}}, {"4.6": {"batsman": "KC Sangakkara", "bowler": "SB Styris", "non_striker": "SE Marsh", "runs": {"batsman": 4, "extras": 0, "total": 4}}}, {"5.1": {"batsman": "SE Marsh", "bowler": "RP Singh", "non_striker": "KC Sangakkara", "runs": {"batsman": 1, "extras": 0, "total": 1}}}, {"5.2": {"batsman": "KC Sangakkara", "bowler": "RP Singh", "non_striker": "SE Marsh", "runs": {"batsman": 4, "extras": 0, "total": 4}}}, {"5.3": {"batsman": "KC Sangakkara", "bowler": "RP Singh", "non_striker": "SE Marsh", "runs": {"batsman": 4, "extras": 0, "total": 4}}}, {"5.4": {"batsman": "KC Sangakkara", "bowler": "RP Singh", "non_striker": "SE Marsh", "runs": {"batsman": 1, "extras": 0, "total": 1}}}, {"5.5": {"batsman": "SE Marsh", "bowler": "RP Singh", "non_striker": "KC Sangakkara", "runs": {"batsman": 1, "extras": 0, "total": 1}}}, {"5.6": {"batsman": "KC Sangakkara", "bowler": "RP Singh", "non_striker": "SE Marsh", "runs": {"batsman": 0, "extras": 0, "total": 0}}}, {"6.1": {"batsman": "SE Marsh", "bowler": "SB Styris", "non_striker": "KC Sangakkara", "runs": {"batsman": 0, "extras": 0, "total": 0}}}, {"6.2": {"batsman": "SE Marsh", "bowler": "SB Styris", "non_striker": "KC Sangakkara", "runs": {"batsman": 1, "extras": 0, "total": 1}}}, {"6.3": {"batsman": "KC Sangakkara", "bowler": "SB Styris", "non_striker": "SE Marsh", "runs": {"batsman": 1, "extras": 0, "total": 1}}}, {"6.4": {"batsman": "SE Marsh", "bowler": "SB Styris", "non_striker": "KC Sangakkara", "runs": {"batsman": 1, "extras": 0, "total": 1}}}, {"6.5": {"batsman": "KC Sangakkara", "bowler": "SB Styris", "non_striker": "SE Marsh", "runs": {"batsman": 1, "extras": 0, "total": 1}}}, {"6.6": {"batsman": "SE Marsh", "bowler": "SB Styris", "non_striker": "KC Sangakkara", "runs": {"batsman": 0, "extras": 0, "total": 0}}}, {"7.1": {"batsman": "KC Sangakkara", "bowler": "RG Sharma", "non_striker": "SE Marsh", "runs": {"batsman": 4, "extras": 0, "total": 4}}}, {"7.2": {"batsman": "KC Sangakkara", "bowler": "RG Sharma", "extras": {"legbyes": 1}, "non_striker": "SE Marsh", "runs": {"batsman": 0, "extras": 1, "total": 1}}}, {"7.3": {"batsman": "SE Marsh", "bowler": "RG Sharma", "non_striker": "KC Sangakkara", "runs": {"batsman": 1, "extras": 0, "total": 1}}}, {"7.4": {"batsman": "KC Sangakkara", "bowler": "RG Sharma", "non_striker": "SE Marsh", "runs": {"batsman": 0, "extras": 0, "total": 0}, "wicket": {"fielders": ["LPC Silva"], "kind": "caught", "player_out": "KC Sangakkara"}}}, {"7.5": {"batsman": "SE Marsh", "bowler": "RG Sharma", "non_striker": "Yuvraj Singh", "runs": {"batsman": 1, "extras": 0, "total": 1}}}, {"7.6": {"batsman": "Yuvraj Singh", "bowler": "RG Sharma", "extras": {"wides": 1}, "non_striker": "SE Marsh", "runs": {"batsman": 0, "extras": 1, "total": 1}}}, {"7.7": {"batsman": "Yuvraj Singh", "bowler": "RG Sharma", "non_striker": "SE Marsh", "runs": {"batsman": 0, "extras": 0, "total": 0}}}, {"8.1": {"batsman": "SE Marsh", "bowler": "Y Venugopal Rao", "non_striker": "Yuvraj Singh", "runs": {"batsman": 4, "extras": 0, "total": 4}}}, {"8.2": {"batsman": "SE Marsh", "bowler": "Y Venugopal Rao", "non_striker": "Yuvraj Singh", "runs": {"batsman": 1, "extras": 0, "total": 1}}}, {"8.3": {"batsman": "Yuvraj Singh", "bowler": "Y Venugopal Rao", "non_striker": "SE Marsh", "runs": {"batsman": 4, "extras": 0, "total": 4}}}, {"8.4": {"batsman": "Yuvraj Singh", "bowler": "Y Venugopal Rao", "non_striker": "SE Marsh", "runs": {"batsman": 1, "extras": 0, "total": 1}}}, {"8.5": {"batsman": "SE Marsh", "bowler": "Y Venugopal Rao", "non_striker": "Yuvraj Singh", "runs": {"batsman": 0, "extras": 0, "total": 0}}}, {"8.6": {"batsman": "SE Marsh", "bowler": "Y Venugopal Rao", "non_striker": "Yuvraj Singh", "runs": {"batsman": 1, "extras": 0, "total": 1}}}, {"9.1": {"batsman": "SE Marsh", "bowler": "RG Sharma", "non_striker": "Yuvraj Singh", "runs": {"batsman": 0, "extras": 0, "total": 0}}}, {"9.2": {"batsman": "SE Marsh", "bowler": "RG Sharma", "non_striker": "Yuvraj Singh", "runs": {"batsman": 1, "extras": 0, "total": 1}}}, {"9.3": {"batsman": "Yuvraj Singh", "bowler": "RG Sharma", "non_striker": "SE Marsh", "runs": {"batsman": 1, "extras": 0, "total": 1}}}, {"9.4": {"batsman": "SE Marsh", "bowler": "RG Sharma", "non_striker": "Yuvraj Singh", "runs": {"batsman": 1, "extras": 0, "total": 1}}}, {"9.5": {"batsman": "Yuvraj Singh", "bowler": "RG Sharma", "non_striker": "SE Marsh", "runs": {"batsman": 1, "extras": 0, "total": 1}}}, {"9.6": {"batsman": "SE Marsh", "bowler": "RG Sharma", "non_striker": "Yuvraj Singh", "runs": {"batsman": 0, "extras": 0, "total": 0}}}, {"10.1": {"batsman": "Yuvraj Singh", "bowler": "PP Ojha", "non_striker": "SE Marsh", "runs": {"batsman": 0, "extras": 0, "total": 0}}}, {"10.2": {"batsman": "Yuvraj Singh", "bowler": "PP Ojha", "extras": {"wides": 1}, "non_striker": "SE Marsh", "runs": {"batsman": 0, "extras": 1, "total": 1}}}, {"10.3": {"batsman": "Yuvraj Singh", "bowler": "PP Ojha", "non_striker": "SE Marsh", "runs": {"batsman": 0, "extras": 0, "total": 0}}}, {"10.4": {"batsman": "Yuvraj Singh", "bowler": "PP Ojha", "extras": {"wides": 1}, "non_striker": "SE Marsh", "runs": {"batsman": 0, "extras": 1, "total": 1}}}, {"10.5": {"batsman": "Yuvraj Singh", "bowler": "PP Ojha", "non_striker": "SE Marsh", "runs": {"batsman": 1, "extras": 0, "total": 1}}}, {"10.6": {"batsman": "SE Marsh", "bowler": "PP Ojha", "non_striker": "Yuvraj Singh", "runs": {"batsman": 0, "extras": 0, "total": 0}}}, {"10.7": {"batsman": "SE Marsh", "bowler": "PP Ojha", "non_striker": "Yuvraj Singh", "runs": {"batsman": 1, "extras": 0, "total": 1}}}, {"10.8": {"batsman": "Yuvraj Singh", "bowler": "PP Ojha", "non_striker": "SE Marsh", "runs": {"batsman": 0, "extras": 0, "total": 0}}}, {"11.1": {"batsman": "SE Marsh", "bowler": "RG Sharma", "non_striker": "Yuvraj Singh", "runs": {"batsman": 1, "extras": 0, "total": 1}}}, {"11.2": {"batsman": "Yuvraj Singh", "bowler": "RG Sharma", "non_striker": "SE Marsh", "runs": {"batsman": 4, "extras": 0, "total": 4}}}, {"11.3": {"batsman": "Yuvraj Singh", "bowler": "RG Sharma", "non_striker": "SE Marsh", "runs": {"batsman": 1, "extras": 0, "total": 1}}}, {"11.4": {"batsman": "SE Marsh", "bowler": "RG Sharma", "non_striker": "Yuvraj Singh", "runs": {"batsman": 1, "extras": 0, "total": 1}}}, {"11.5": {"batsman": "Yuvraj Singh", "bowler": "RG Sharma", "non_striker": "SE Marsh", "runs": {"batsman": 2, "extras": 0, "total": 2}}}, {"11.6": {"batsman": "Yuvraj Singh", "bowler": "RG Sharma", "non_striker": "SE Marsh", "runs": {"batsman": 1, "extras": 0, "total": 1}}}, {"12.1": {"batsman": "Yuvraj Singh", "bowler": "PP Ojha", "non_striker": "SE Marsh", "runs": {"batsman": 1, "extras": 0, "total": 1}}}, {"12.2": {"batsman": "SE Marsh", "bowler": "PP Ojha", "non_striker": "Yuvraj Singh", "runs": {"batsman": 0, "extras": 0, "total": 0}}}, {"12.3": {"batsman": "SE Marsh", "bowler": "PP Ojha", "non_striker": "Yuvraj Singh", "runs": {"batsman": 1, "extras": 0, "total": 1}}}, {"12.4": {"batsman": "Yuvraj Singh", "bowler": "PP Ojha", "non_striker": "SE Marsh", "runs": {"batsman": 0, "extras": 0, "total": 0}, "wicket": {"fielders": ["RP Singh"], "kind": "caught", "player_out": "Yuvraj Singh"}}}, {"12.5": {"batsman": "LA Pomersbach", "bowler": "PP Ojha", "non_striker": "SE Marsh", "runs": {"batsman": 1, "extras": 0, "total": 1}}}, {"12.6": {"batsman": "SE Marsh", "bowler": "PP Ojha", "non_striker": "LA Pomersbach", "runs": {"batsman": 1, "extras": 0, "total": 1}}}, {"13.1": {"batsman": "SE Marsh", "bowler": "RG Sharma", "non_striker": "LA Pomersbach", "runs": {"batsman": 1, "extras": 0, "total": 1}}}, {"13.2": {"batsman": "LA Pomersbach", "bowler": "RG Sharma", "non_striker": "SE Marsh", "runs": {"batsman": 0, "extras": 0, "total": 0}}}, {"13.3": {"batsman": "LA Pomersbach", "bowler": "RG Sharma", "non_striker": "SE Marsh", "runs": {"batsman": 0, "extras": 0, "total": 0}}}, {"13.4": {"batsman": "LA Pomersbach", "bowler": "RG Sharma", "non_striker": "SE Marsh", "runs": {"batsman": 1, "extras": 0, "total": 1}}}, {"13.5": {"batsman": "SE Marsh", "bowler": "RG Sharma", "non_striker": "LA Pomersbach", "runs": {"batsman": 1, "extras": 0, "total": 1}}}, {"13.6": {"batsman": "LA Pomersbach", "bowler": "RG Sharma", "non_striker": "SE Marsh", "runs": {"batsman": 1, "extras": 0, "total": 1}}}, {"14.1": {"batsman": "LA Pomersbach", "bowler": "PP Ojha", "non_striker": "SE Marsh", "runs": {"batsman": 1, "extras": 0, "total": 1}}}, {"14.2": {"batsman": "SE Marsh", "bowler": "PP Ojha", "non_striker": "LA Pomersbach", "runs": {"batsman": 1, "extras": 0, "total": 1}}}, {"14.3": {"batsman": "LA Pomersbach", "bowler": "PP Ojha", "non_striker": "SE Marsh", "runs": {"batsman": 1, "extras": 0, "total": 1}}}, {"14.4": {"batsman": "SE Marsh", "bowler": "PP Ojha", "non_striker": "LA Pomersbach", "runs": {"batsman": 2, "extras": 0, "total": 2}}}, {"14.5": {"batsman": "SE Marsh", "bowler": "PP Ojha", "non_striker": "LA Pomersbach", "runs": {"batsman": 6, "extras": 0, "total": 6}}}, {"14.6": {"batsman": "SE Marsh", "bowler": "PP Ojha", "non_striker": "LA Pomersbach", "runs": {"batsman": 1, "extras": 0, "total": 1}}}, {"15.1": {"batsman": "SE Marsh", "bowler": "SB Styris", "non_striker": "LA Pomersbach", "runs": {"batsman": 1, "extras": 0, "total": 1}}}, {"15.2": {"batsman": "LA Pomersbach", "bowler": "SB Styris", "non_striker": "SE Marsh", "runs": {"batsman": 1, "extras": 0, "total": 1}}}, {"15.3": {"batsman": "SE Marsh", "bowler": "SB Styris", "non_striker": "LA Pomersbach", "runs": {"batsman": 0, "extras": 0, "total": 0}}}, {"15.4": {"batsman": "SE Marsh", "bowler": "SB Styris", "non_striker": "LA Pomersbach", "runs": {"batsman": 0, "extras": 0, "total": 0}, "wicket": {"fielders": ["HH Gibbs"], "kind": "caught", "player_out": "SE Marsh"}}}, {"15.5": {"batsman": "LA Pomersbach", "bowler": "SB Styris", "extras": {"legbyes": 1}, "non_striker": "DPMD Jayawardene", "runs": {"batsman": 0, "extras": 1, "total": 1}}}, {"15.6": {"batsman": "DPMD Jayawardene", "bowler": "SB Styris", "non_striker": "LA Pomersbach", "runs": {"batsman": 1, "extras": 0, "total": 1}}}, {"16.1": {"batsman": "DPMD Jayawardene", "bowler": "PP Ojha", "non_striker": "LA Pomersbach", "runs": {"batsman": 0, "extras": 0, "total": 0}}}, {"16.2": {"batsman": "DPMD Jayawardene", "bowler": "PP Ojha", "non_striker": "LA Pomersbach", "runs": {"batsman": 1, "extras": 0, "total": 1}}}, {"16.3": {"batsman": "LA Pomersbach", "bowler": "PP Ojha", "non_striker": "DPMD Jayawardene", "runs": {"batsman": 6, "extras": 0, "total": 6}}}, {"16.4": {"batsman": "LA Pomersbach", "bowler": "PP Ojha", "non_striker": "DPMD Jayawardene", "runs": {"batsman": 1, "extras": 0, "total": 1}}}, {"16.5": {"batsman": "DPMD Jayawardene", "bowler": "PP Ojha", "extras": {"wides": 1}, "non_striker": "LA Pomersbach", "runs": {"batsman": 0, "extras": 1, "total": 1}}}, {"16.6": {"batsman": "DPMD Jayawardene", "bowler": "PP Ojha", "non_striker": "LA Pomersbach", "runs": {"batsman": 1, "extras": 0, "total": 1}}}, {"16.7": {"batsman": "LA Pomersbach", "bowler": "PP Ojha", "non_striker": "DPMD Jayawardene", "runs": {"batsman": 0, "extras": 0, "total": 0}, "wicket": {"fielders": ["RG Sharma"], "kind": "caught", "player_out": "LA Pomersbach"}}}, {"17.1": {"batsman": "PP Chawla", "bowler": "RP Singh", "extras": {"wides": 1}, "non_striker": "DPMD Jayawardene", "runs": {"batsman": 0, "extras": 1, "total": 1}}}, {"17.2": {"batsman": "PP Chawla", "bowler": "RP Singh", "non_striker": "DPMD Jayawardene", "runs": {"batsman": 1, "extras": 0, "total": 1}}}, {"17.3": {"batsman": "DPMD Jayawardene", "bowler": "RP Singh", "non_striker": "PP Chawla", "runs": {"batsman": 1, "extras": 0, "total": 1}}}, {"17.4": {"batsman": "PP Chawla", "bowler": "RP Singh", "non_striker": "DPMD Jayawardene", "runs": {"batsman": 1, "extras": 0, "total": 1}}}, {"17.5": {"batsman": "DPMD Jayawardene", "bowler": "RP Singh", "non_striker": "PP Chawla", "runs": {"batsman": 1, "extras": 0, "total": 1}}}, {"17.6": {"batsman": "PP Chawla", "bowler": "RP Singh", "non_striker": "DPMD Jayawardene", "runs": {"batsman": 0, "extras": 0, "total": 0}}}, {"17.7": {"batsman": "PP Chawla", "bowler": "RP Singh", "non_striker": "DPMD Jayawardene", "runs": {"batsman": 1, "extras": 0, "total": 1}}}, {"18.1": {"batsman": "PP Chawla", "bowler": "SB Styris", "non_striker": "DPMD Jayawardene", "runs": {"batsman": 6, "extras": 0, "total": 6}}}, {"18.2": {"batsman": "PP Chawla", "bowler": "SB Styris", "non_striker": "DPMD Jayawardene", "runs": {"batsman": 0, "extras": 0, "total": 0}}}, {"18.3": {"batsman": "PP Chawla", "bowler": "SB Styris", "non_striker": "DPMD Jayawardene", "runs": {"batsman": 1, "extras": 0, "total": 1}}}, {"18.4": {"batsman": "DPMD Jayawardene", "bowler": "SB Styris", "non_striker": "PP Chawla", "runs": {"batsman": 2, "extras": 0, "total": 2}}}, {"18.5": {"batsman": "DPMD Jayawardene", "bowler": "SB Styris", "non_striker": "PP Chawla", "runs": {"batsman": 6, "extras": 0, "total": 6}}}, {"18.6": {"batsman": "DPMD Jayawardene", "bowler": "SB Styris", "non_striker": "PP Chawla", "runs": {"batsman": 1, "extras": 0, "total": 1}}}, {"19.1": {"batsman": "DPMD Jayawardene", "bowler": "RP Singh", "extras": {"legbyes": 1}, "non_striker": "PP Chawla", "runs": {"batsman": 0, "extras": 1, "total": 1}}}, {"19.2": {"batsman": "PP Chawla", "bowler": "RP Singh", "non_striker": "DPMD Jayawardene", "runs": {"batsman": 2, "extras": 0, "total": 2}}}, {"19.3": {"batsman": "PP Chawla", "bowler": "RP Singh", "non_striker": "DPMD Jayawardene", "runs": {"batsman": 4, "extras": 0, "total": 4}}}]