[{"0.1": {"batsman": "G Gambhir", "bowler": "Sohail Tanvir", "non_striker": "V Sehwag", "runs": {"batsman": 1, "extras": 0, "total": 1}}}, {"0.2": {"batsman": "V Sehwag", "bowler": "Sohail Tanvir", "non_striker": "G Gambhir", "runs": {"batsman": 1, "extras": 0, "total": 1}}}, {"0.3": {"batsman": "G Gambhir", "bowler": "Sohail Tanvir", "extras": {"wides": 2}, "non_striker": "V Sehwag", "runs": {"batsman": 0, "extras": 2, "total": 2}}}, {"0.4": {"batsman": "V Sehwag", "bowler": "Sohail Tanvir", "non_striker": "G Gambhir", "runs": {"batsman": 1, "extras": 0, "total": 1}}}, {"0.5": {"batsman": "G Gambhir", "bowler": "Sohail Tanvir", "non_striker": "V Sehwag", "runs": {"batsman": 1, "extras": 0, "total": 1}}}, {"0.6": {"batsman": "V Sehwag", "bowler": "Sohail Tanvir", "non_striker": "G Gambhir", "runs": {"batsman": 1, "extras": 0, "total": 1}}}, {"0.7": {"batsman": "G Gambhir", "bowler": "Sohail Tanvir", "extras": {"legbyes": 1}, "non_striker": "V Sehwag", "runs": {"batsman": 0, "extras": 1, "total": 1}}}, {"1.1": {"batsman": "G Gambhir", "bowler": "SR Watson", "extras": {"wides": 1}, "non_striker": "V Sehwag", "runs": {"batsman": 0, "extras": 1, "total": 1}}}, {"1.2": {"batsman": "G Gambhir", "bowler": "SR Watson", "non_striker": "V Sehwag", "runs": {"batsman": 1, "extras": 0, "total": 1}}}, {"1.3": {"batsman": "V Sehwag", "bowler": "SR Watson", "non_striker": "G Gambhir", "runs": {"batsman": 0, "extras": 0, "total": 0}, "wicket": {"fielders": ["Sohail Tanvir"], "kind": "caught", "player_out": "V Sehwag"}}}, {"1.4": {"batsman": "G Gambhir", "bowler": "SR Watson", "non_striker": "S Dhawan", "runs": {"batsman": 1, "extras": 0, "total": 1}}}, {"1.5": {"batsman": "S Dhawan", "bowler": "SR Watson", "non_striker": "G Gambhir", "runs": {"batsman": 0, "extras": 0, "total": 0}}}, {"1.6": {"batsman": "S Dhawan", "bowler": "SR Watson", "non_striker": "G Gambhir", "runs": {"batsman": 1, "extras": 0, "total": 1}}}, {"1.7": {"batsman": "G Gambhir", "bowler": "SR Watson", "non_striker": "S Dhawan", "runs": {"batsman": 1, "extras": 0, "total": 1}}}, {"2.1": {"batsman": "G Gambhir", "bowler": "Sohail Tanvir", "non_striker": "S Dhawan", "runs": {"batsman": 1, "extras": 0, "total": 1}}}, {"2.2": {"batsman": "S Dhawan", "bowler": "Sohail Tanvir", "non_striker": "G Gambhir", "runs": {"batsman": 1, "extras": 0, "total": 1}}}, {"2.3": {"batsman": "G Gambhir", "bowler": "Sohail Tanvir", "non_striker": "S Dhawan", "runs": {"batsman": 0, "extras": 0, "total": 0}}}, {"2.4": {"batsman": "G Gambhir", "bowler": "Sohail Tanvir", "non_striker": "S Dhawan", "runs": {"batsman": 1, "extras": 0, "total": 1}}}, {"2.5": {"batsman": "S Dhawan", "bowler": "Sohail Tanvir", "extras": {"wides": 1}, "non_striker": "G Gambhir", "runs": {"batsman": 0, "extras": 1, "total": 1}}}, {"2.6": {"batsman": "S Dhawan", "bowler": "Sohail Tanvir", "non_striker": "G Gambhir", "runs": {"batsman": 1, "extras": 0, "total": 1}}}, {"2.7": {"batsman": "G Gambhir", "bowler": "Sohail Tanvir", "non_striker": "S Dhawan", "runs": {"batsman": 4, "extras": 0, "total": 4}}}, {"3.1": {"batsman": "S Dhawan", "bowler": "SR Watson", "non_striker": "G Gambhir", "runs": {"batsman": 1, "extras": 0, "total": 1}}}, {"3.2": {"batsman": "G Gambhir", "bowler": "SR Watson", "non_striker": "S Dhawan", "runs": {"batsman": 0, "extras": 0, "total": 0}}}, {"3.3": {"batsman": "G Gambhir", "bowler": "SR Watson", "non_striker": "S Dhawan", "runs": {"batsman": 0, "extras": 0, "total": 0}}}, {"3.4": {"batsman": "G Gambhir", "bowler": "SR Watson", "non_striker": "S Dhawan", "runs": {"batsman": 0, "extras": 0, "total": 0}}}, {"3.5": {"batsman": "G Gambhir", "bowler": "SR Watson", "non_striker": "S Dhawan", "runs": {"batsman": 0, "extras": 0, "total": 0}}}, {"3.6": {"batsman": "G Gambhir", "bowler": "SR Watson", "non_striker": "S Dhawan", "runs": {"batsman": 0, "extras": 0, "total": 0}, "wicket": {"fielders": ["T Kohli (sub)"], "kind": "caught", "player_out": "G Gambhir"}}}, {"4.1": {"batsman": "S Dhawan", "bowler": "MM Patel", "non_striker": "MK Tiwary", "runs": {"batsman": 0, "extras": 0, "total": 0}}}, {"4.2": {"batsman": "S Dhawan", "bowler": "MM Patel", "non_striker": "MK Tiwary", "runs": {"batsman": 0, "extras": 0, "total": 0}}}, {"4.3": {"batsman": "S Dhawan", "bowler": "MM Patel", "non_striker": "MK Tiwary", "runs": {"batsman": 0, "extras": 0, "total": 0}}}, {"4.4": {"batsman": "S Dhawan", "bowler": "MM Patel", "non_striker": "MK Tiwary", "runs": {"batsman": 0, "extras": 0, "total": 0}}}, {"4.5": {"batsman": "S Dhawan", "bowler": "MM Patel", "non_striker": "MK Tiwary", "runs": {"batsman": 1, "extras": 0, "total": 1}}}, {"4.6": {"batsman": "MK Tiwary", "bowler": "MM Patel", "non_striker": "S Dhawan", "runs": {"batsman": 0, "extras": 0, "total": 0}}}, {"5.1": {"batsman": "S Dhawan", "bowler": "SR Watson", "non_striker": "MK Tiwary", "runs": {"batsman": 0, "extras": 0, "total": 0}}}, {"5.2": {"batsman": "S Dhawan", "bowler": "SR Watson", "non_striker": "MK Tiwary", "runs": {"batsman": 0, "extras": 0, "total": 0}, "wicket": {"fielders": ["RA Jadeja"], "kind": "caught", "player_out": "S Dhawan"}}}, {"5.3": {"batsman": "TM Dilshan", "bowler": "SR Watson", "non_striker": "MK Tiwary", "runs": {"batsman": 0, "extras": 0, "total": 0}}}, {"5.4": {"batsman": "TM Dilshan", "bowler": "SR Watson", "non_striker": "MK Tiwary", "runs": {"batsman": 4, "extras": 0, "total": 4}}}, {"5.5": {"batsman": "TM Dilshan", "bowler": "SR Watson", "non_striker": "MK Tiwary", "runs": {"batsman": 0, "extras": 0, "total": 0}}}, {"5.6": {"batsman": "TM Dilshan", "bowler": "SR Watson", "non_striker": "MK Tiwary", "runs": {"batsman": 0, "extras": 0, "total": 0}}}, {"6.1": {"batsman": "MK Tiwary", "bowler": "MM Patel", "non_striker": "TM Dilshan", "runs": {"batsman": 0, "extras": 0, "total": 0}}}, {"6.2": {"batsman": "MK Tiwary", "bowler": "MM Patel", "non_striker": "TM Dilshan", "runs": {"batsman": 0, "extras": 0, "total": 0}, "wicket": {"fielders": ["SA Asnodkar"], "kind": "caught", "player_out": "MK Tiwary"}}}, {"6.3": {"batsman": "KD Karthik", "bowler": "MM Patel", "non_striker": "TM Dilshan", "runs": {"batsman": 1, "extras": 0, "total": 1}}}, {"6.4": {"batsman": "TM Dilshan", "bowler": "MM Patel", "non_striker": "KD Karthik", "runs": {"batsman": 4, "extras": 0, "total": 4}}}, {"6.5": {"batsman": "TM Dilshan", "bowler": "MM Patel", "non_striker": "KD Karthik", "runs": {"batsman": 4, "extras": 0, "total": 4}}}, {"6.6": {"batsman": "TM Dilshan", "bowler": "MM Patel", "non_striker": "KD Karthik", "runs": {"batsman": 0, "extras": 0, "total": 0}}}, {"7.1": {"batsman": "KD Karthik", "bowler": "SK Trivedi", "non_striker": "TM Dilshan", "runs": {"batsman": 0, "extras": 0, "total": 0}}}, {"7.2": {"batsman": "KD Karthik", "bowler": "SK Trivedi", "non_striker": "TM Dilshan", "runs": {"batsman": 1, "extras": 0, "total": 1}}}, {"7.3": {"batsman": "TM Dilshan", "bowler": "SK Trivedi", "non_striker": "KD Karthik", "runs": {"batsman": 1, "extras": 0, "total": 1}}}, {"7.4": {"batsman": "KD Karthik", "bowler": "SK Trivedi", "non_striker": "TM Dilshan", "runs": {"batsman": 0, "extras": 0, "total": 0}}}, {"7.5": {"batsman": "KD Karthik", "bowler": "SK Trivedi", "non_striker": "TM Dilshan", "runs": {"batsman": 1, "extras": 0, "total": 1}}}, {"7.6": {"batsman": "TM Dilshan", "bowler": "SK Trivedi", "non_striker": "KD Karthik", "runs": {"batsman": 0, "extras": 0, "total": 0}}}, {"8.1": {"batsman": "KD Karthik", "bowler": "SK Warne", "non_striker": "TM Dilshan", "runs": {"batsman": 2, "extras": 0, "total": 2}}}, {"8.2": {"batsman": "KD Karthik", "bowler": "SK Warne", "non_striker": "TM Dilshan", "runs": {"batsman": 1, "extras": 0, "total": 1}}}, {"8.3": {"batsman": "TM Dilshan", "bowler": "SK Warne", "non_striker": "KD Karthik", "runs": {"batsman": 4, "extras": 0, "total": 4}}}, {"8.4": {"batsman": "TM Dilshan", "bowler": "SK Warne", "non_striker": "KD Karthik", "runs": {"batsman": 0, "extras": 0, "total": 0}}}, {"8.5": {"batsman": "TM Dilshan", "bowler": "SK Warne", "non_striker": "KD Karthik", "runs": {"batsman": 1, "extras": 0, "total": 1}}}, {"8.6": {"batsman": "KD Karthik", "bowler": "SK Warne", "non_striker": "TM Dilshan", "runs": {"batsman": 0, "extras": 0, "total": 0}}}, {"9.1": {"batsman": "TM Dilshan", "bowler": "SK Trivedi", "non_striker": "KD Karthik", "runs": {"batsman": 1, "extras": 0, "total": 1}}}, {"9.2": {"batsman": "KD Karthik", "bowler": "SK Trivedi", "non_striker": "TM Dilshan", "runs": {"batsman": 4, "extras": 0, "total": 4}}}, {"9.3": {"batsman": "KD Karthik", "bowler": "SK Trivedi", "extras": {"legbyes": 2}, "non_striker": "TM Dilshan", "runs": {"batsman": 0, "extras": 2, "total": 2}}}, {"9.4": {"batsman": "KD Karthik", "bowler": "SK Trivedi", "non_striker": "TM Dilshan", "runs": {"batsman": 0, "extras": 0, "total": 0}}}, {"9.5": {"batsman": "KD Karthik", "bowler": "SK Trivedi", "non_striker": "TM Dilshan", "runs": {"batsman": 0, "extras": 0, "total": 0}, "wicket": {"fielders": ["M Kaif"], "kind": "caught", "player_out": "KD Karthik"}}}, {"9.6": {"batsman": "TM Dilshan", "bowler": "SK Trivedi", "non_striker": "MF Maharoof", "runs": {"batsman": 1, "extras": 0, "total": 1}}}, {"10.1": {"batsman": "TM Dilshan", "bowler": "SK Warne", "non_striker": "MF Maharoof", "runs": {"batsman": 1, "extras": 0, "total": 1}}}, {"10.2": {"batsman": "MF Maharoof", "bowler": "SK Warne", "non_striker": "TM Dilshan", "runs": {"batsman": 1, "extras": 0, "total": 1}}}, {"10.3": {"batsman": "TM Dilshan", "bowler": "SK Warne", "non_striker": "MF Maharoof", "runs": {"batsman": 0, "extras": 0, "total": 0}}}, {"10.4": {"batsman": "TM Dilshan", "bowler": "SK Warne", "non_striker": "MF Maharoof", "runs": {"batsman": 0, "extras": 0, "total": 0}}}, {"10.5": {"batsman": "TM Dilshan", "bowler": "SK Warne", "non_striker": "MF Maharoof", "runs": {"batsman": 2, "extras": 0, "total": 2}}}, {"10.6": {"batsman": "TM Dilshan", "bowler": "SK Warne", "non_striker": "MF Maharoof", "runs": {"batsman": 4, "extras": 0, "total": 4}}}, {"11.1": {"batsman": "MF Maharoof", "bowler": "SK Trivedi", "non_striker": "TM Dilshan", "runs": {"batsman": 0, "extras": 0, "total": 0}}}, {"11.2": {"batsman": "MF Maharoof", "bowler": "SK Trivedi", "non_striker": "TM Dilshan", "runs": {"batsman": 0, "extras": 0, "total": 0}}}, {"11.3": {"batsman": "MF Maharoof", "bowler": "SK Trivedi", "non_striker": "TM Dilshan", "runs": {"batsman": 4, "extras": 0, "total": 4}}}, {"11.4": {"batsman": "MF Maharoof", "bowler": "SK Trivedi", "non_striker": "TM Dilshan", "runs": {"batsman": 1, "extras": 0, "total": 1}}}, {"11.5": {"batsman": "TM Dilshan", "bowler": "SK Trivedi", "non_striker": "MF Maharoof", "runs": {"batsman": 0, "extras": 0, "total": 0}}}, {"11.6": {"batsman": "TM Dilshan", "bowler": "SK Trivedi", "non_striker": "MF Maharoof", "runs": {"batsman": 6, "extras": 0, "total": 6}}}, {"12.1": {"batsman": "MF Maharoof", "bowler": "SK Warne", "non_striker": "TM Dilshan", "runs": {"batsman": 0, "extras": 0, "total": 0}, "wicket": {"fielders": ["YK Pathan"], "kind": "caught", "player_out": "MF Maharoof"}}}, {"12.2": {"batsman": "A Mishra", "bowler": "SK Warne", "non_striker": "TM Dilshan", "runs": {"batsman": 0, "extras": 0, "total": 0}}}, {"12.3": {"batsman": "A Mishra", "bowler": "SK Warne", "non_striker": "TM Dilshan", "runs": {"batsman": 0, "extras": 0, "total": 0}}}, {"12.4": {"batsman": "A Mishra", "bowler": "SK Warne", "non_striker": "TM Dilshan", "runs": {"batsman": 1, "extras": 0, "total": 1}}}, {"12.5": {"batsman": "TM Dilshan", "bowler": "SK Warne", "non_striker": "A Mishra", "runs": {"batsman": 0, "extras": 0, "total": 0}, "wicket": {"fielders": ["Sohail Tanvir"], "kind": "caught", "player_out": "TM Dilshan"}}}, {"12.6": {"batsman": "A Mishra", "bowler": "SK Warne", "non_striker": "VY Mahesh", "runs": {"batsman": 1, "extras": 0, "total": 1}}}, {"13.1": {"batsman": "A Mishra", "bowler": "MM Patel", "non_striker": "VY Mahesh", "runs": {"batsman": 0, "extras": 0, "total": 0}, "wicket": {"kind": "bowled", "player_out": "A Mishra"}}}, {"13.2": {"batsman": "Mohammad Asif", "bowler": "MM Patel", "non_striker": "VY Mahesh", "runs": {"batsman": 0, "extras": 0, "total": 0}}}, {"13.3": {"batsman": "Mohammad Asif", "bowler": "MM Patel", "non_striker": "VY Mahesh", "runs": {"batsman": 1, "extras": 0, "total": 1}}}, {"13.4": {"batsman": "VY Mahesh", "bowler": "MM Patel", "non_striker": "Mohammad Asif", "runs": {"batsman": 0, "extras": 0, "total": 0}}}, {"13.5": {"batsman": "VY Mahesh", "bowler": "MM Patel", "non_striker": "Mohammad Asif", "runs": {"batsman": 0, "extras": 0, "total": 0}}}, {"13.6": {"batsman": "VY Mahesh", "bowler": "MM Patel", "non_striker": "Mohammad Asif", "runs": {"batsman": 1, "extras": 0, "total": 1}}}, {"14.1": {"batsman": "VY Mahesh", "bowler": "SK Warne", "non_striker": "Mohammad Asif", "runs": {"batsman": 0, "extras": 0, "total": 0}}}, {"14.2": {"batsman": "VY Mahesh", "bowler": "SK Warne", "non_striker": "Mohammad Asif", "runs": {"batsman": 1, "extras": 0, "total": 1}}}, {"14.3": {"batsman": "Mohammad Asif", "bowler": "SK Warne", "non_striker": "VY Mahesh", "runs": {"batsman": 1, "extras": 0, "total": 1}}}, {"14.4": {"batsman": "VY Mahesh", "bowler": "SK Warne", "non_striker": "Mohammad Asif", "runs": {"batsman": 0, "extras": 0, "total": 0}}}, {"14.5": {"batsman": "VY Mahesh", "bowler": "SK Warne", "non_striker": "Mohammad Asif", "runs": {"batsman": 0, "extras": 0, "total": 0}}}, {"14.6": {"batsman": "VY Mahesh", "bowler": "SK Warne", "non_striker": "Mohammad Asif", "runs": {"batsman": 1, "extras": 0, "total": 1}}}, {"15.1": {"batsman": "VY Mahesh", "bowler": "MM Patel", "non_striker": "Mohammad Asif", "runs": {"batsman": 0, "extras": 0, "total": 0}}}, {"15.2": {"batsman": "VY Mahesh", "bowler": "MM Patel", "non_striker": "Mohammad Asif", "runs": {"batsman": 0, "extras": 0, "total": 0}, "wicket": {"fielders": ["M Rawat"], "kind": "caught", "player_out": "VY Mahesh"}}}, {"15.3": {"batsman": "Mohammad Asif", "bowler": "MM Patel", "non_striker": "GD McGrath", "runs": {"batsman": 1, "extras": 0, "total": 1}}}, {"15.4": {"batsman": "GD McGrath", "bowler": "MM Patel", "non_striker": "Mohammad Asif", "runs": {"batsman": 4, "extras": 0, "total": 4}}}, {"15.5": {"batsman": "GD McGrath", "bowler": "MM Patel", "non_striker": "Mohammad Asif", "runs": {"batsman": 0, "extras": 0, "total": 0}}}, {"15.6": {"batsman": "GD McGrath", "bowler": "MM Patel", "non_striker": "Mohammad Asif", "runs": {"batsman": 0, "extras": 0, "total": 0}}}, {"16.1": {"batsman": "Mohammad Asif", "bowler": "RA Jadeja", "non_striker": "GD McGrath", "runs": {"batsman": 0, "extras": 0, "total": 0}, "wicket": {"fielders": ["YK Pathan", "M Rawat"], "kind": "run out", "player_out": "Mohammad Asif"}}}]