[{"0.1": {"batsman": "G Gambhir", "bowler": "SM Pollock", "non_striker": "V Sehwag", "runs": {"batsman": 1, "extras": 0, "total": 1}}}, {"0.2": {"batsman": "V Sehwag", "bowler": "SM Pollock", "non_striker": "G Gambhir", "runs": {"batsman": 0, "extras": 0, "total": 0}}}, {"0.3": {"batsman": "V Sehwag", "bowler": "SM Pollock", "non_striker": "G Gambhir", "runs": {"batsman": 4, "extras": 0, "total": 4}}}, {"0.4": {"batsman": "V Sehwag", "bowler": "SM Pollock", "non_striker": "G Gambhir", "runs": {"batsman": 4, "extras": 0, "total": 4}}}, {"0.5": {"batsman": "V Sehwag", "bowler": "SM Pollock", "non_striker": "G Gambhir", "runs": {"batsman": 6, "extras": 0, "total": 6}}}, {"0.6": {"batsman": "V Sehwag", "bowler": "SM Pollock", "non_striker": "G Gambhir", "runs": {"batsman": 4, "extras": 0, "total": 4}}}, {"1.1": {"batsman": "G Gambhir", "bowler": "A Nehra", "non_striker": "V Sehwag", "runs": {"batsman": 1, "extras": 0, "total": 1}}}, {"1.2": {"batsman": "V Sehwag", "bowler": "A Nehra", "non_striker": "G Gambhir", "runs": {"batsman": 0, "extras": 0, "total": 0}, "wicket": {"kind": "bowled", "player_out": "V Sehwag"}}}, {"1.3": {"batsman": "S Dhawan", "bowler": "A Nehra", "non_striker": "G Gambhir", "runs": {"batsman": 4, "extras": 0, "total": 4}}}, {"1.4": {"batsman": "S Dhawan", "bowler": "A Nehra", "non_striker": "G Gambhir", "runs": {"batsman": 0, "extras": 0, "total": 0}}}, {"1.5": {"batsman": "S Dhawan", "bowler": "A Nehra", "non_striker": "G Gambhir", "runs": {"batsman": 1, "extras": 0, "total": 1}}}, {"1.6": {"batsman": "G Gambhir", "bowler": "A Nehra", "non_striker": "S Dhawan", "runs": {"batsman": 4, "extras": 0, "total": 4}}}, {"2.1": {"batsman": "S Dhawan", "bowler": "SM Pollock", "non_striker": "G Gambhir", "runs": {"batsman": 0, "extras": 0, "total": 0}}}, {"2.2": {"batsman": "S Dhawan", "bowler": "SM Pollock", "non_striker": "G Gambhir", "runs": {"batsman": 0, "extras": 0, "total": 0}}}, {"2.3": {"batsman": "S Dhawan", "bowler": "SM Pollock", "non_striker": "G Gambhir", "runs": {"batsman": 0, "extras": 0, "total": 0}}}, {"2.4": {"batsman": "S Dhawan", "bowler": "SM Pollock", "non_striker": "G Gambhir", "runs": {"batsman": 0, "extras": 0, "total": 0}}}, {"2.5": {"batsman": "S Dhawan", "bowler": "SM Pollock", "non_striker": "G Gambhir", "runs": {"batsman": 0, "extras": 0, "total": 0}}}, {"2.6": {"batsman": "S Dhawan", "bowler": "SM Pollock", "non_striker": "G Gambhir", "runs": {"batsman": 6, "extras": 0, "total": 6}}}, {"3.1": {"batsman": "G Gambhir", "bowler": "A Nehra", "non_striker": "S Dhawan", "runs": {"batsman": 1, "extras": 0, "total": 1}}}, {"3.2": {"batsman": "S Dhawan", "bowler": "A Nehra", "non_striker": "G Gambhir", "runs": {"batsman": 0, "extras": 0, "total": 0}}}, {"3.3": {"batsman": "S Dhawan", "bowler": "A Nehra", "non_striker": "G Gambhir", "runs": {"batsman": 0, "extras": 0, "total": 0}}}, {"3.4": {"batsman": "S Dhawan", "bowler": "A Nehra", "non_striker": "G Gambhir", "runs": {"batsman": 1, "extras": 0, "total": 1}}}, {"3.5": {"batsman": "G Gambhir", "bowler": "A Nehra", "non_striker": "S Dhawan", "runs": {"batsman": 1, "extras": 0, "total": 1}}}, {"3.6": {"batsman": "S Dhawan", "bowler": "A Nehra", "non_striker": "G Gambhir", "runs": {"batsman": 0, "extras": 0, "total": 0}}}, {"4.1": {"batsman": "G Gambhir", "bowler": "A Nel", "non_striker": "S Dhawan", "runs": {"batsman": 4, "extras": 0, "total": 4}}}, {"4.2": {"batsman": "G Gambhir", "bowler": "A Nel", "non_striker": "S Dhawan", "runs": {"batsman": 6, "extras": 0, "total": 6}}}, {"4.3": {"batsman": "G Gambhir", "bowler": "A Nel", "non_striker": "S Dhawan", "runs": {"batsman": 1, "extras": 0, "total": 1}}}, {"4.4": {"batsman": "S Dhawan", "bowler": "A Nel", "non_striker": "G Gambhir", "runs": {"batsman": 1, "extras": 0, "total": 1}}}, {"4.5": {"batsman": "G Gambhir", "bowler": "A Nel", "non_striker": "S Dhawan", "runs": {"batsman": 0, "extras": 0, "total": 0}, "wicket": {"fielders": ["DR Smith"], "kind": "caught", "player_out": "G Gambhir"}}}, {"4.6": {"batsman": "S Dhawan", "bowler": "A Nel", "non_striker": "MK Tiwary", "runs": {"batsman": 0, "extras": 0, "total": 0}}}, {"5.1": {"batsman": "MK Tiwary", "bowler": "DS Kulkarni", "non_striker": "S Dhawan", "runs": {"batsman": 0, "extras": 0, "total": 0}}}, {"5.2": {"batsman": "MK Tiwary", "bowler": "DS Kulkarni", "non_striker": "S Dhawan", "runs": {"batsman": 1, "extras": 0, "total": 1}}}, {"5.3": {"batsman": "S Dhawan", "bowler": "DS Kulkarni", "non_striker": "MK Tiwary", "runs": {"batsman": 0, "extras": 0, "total": 0}}}, {"5.4": {"batsman": "S Dhawan", "bowler": "DS Kulkarni", "non_striker": "MK Tiwary", "runs": {"batsman": 1, "extras": 0, "total": 1}}}, {"5.5": {"batsman": "MK Tiwary", "bowler": "DS Kulkarni", "non_striker": "S Dhawan", "runs": {"batsman": 4, "extras": 0, "total": 4}}}, {"5.6": {"batsman": "MK Tiwary", "bowler": "DS Kulkarni", "non_striker": "S Dhawan", "runs": {"batsman": 0, "extras": 0, "total": 0}}}, {"6.1": {"batsman": "S Dhawan", "bowler": "A Nel", "non_striker": "MK Tiwary", "runs": {"batsman": 4, "extras": 0, "total": 4}}}, {"6.2": {"batsman": "S Dhawan", "bowler": "A Nel", "non_striker": "MK Tiwary", "runs": {"batsman": 1, "extras": 0, "total": 1}}}, {"6.3": {"batsman": "MK Tiwary", "bowler": "A Nel", "non_striker": "S Dhawan", "runs": {"batsman": 4, "extras": 0, "total": 4}}}, {"6.4": {"batsman": "MK Tiwary", "bowler": "A Nel", "non_striker": "S Dhawan", "runs": {"batsman": 1, "extras": 0, "total": 1}}}, {"6.5": {"batsman": "S Dhawan", "bowler": "A Nel", "non_striker": "MK Tiwary", "runs": {"batsman": 1, "extras": 0, "total": 1}}}, {"6.6": {"batsman": "MK Tiwary", "bowler": "A Nel", "non_striker": "S Dhawan", "runs": {"batsman": 0, "extras": 0, "total": 0}}}, {"7.1": {"batsman": "S Dhawan", "bowler": "DS Kulkarni", "non_striker": "MK Tiwary", "runs": {"batsman": 1, "extras": 0, "total": 1}}}, {"7.2": {"batsman": "MK Tiwary", "bowler": "DS Kulkarni", "non_striker": "S Dhawan", "runs": {"batsman": 1, "extras": 0, "total": 1}}}, {"7.3": {"batsman": "S Dhawan", "bowler": "DS Kulkarni", "non_striker": "MK Tiwary", "runs": {"batsman": 1, "extras": 0, "total": 1}}}, {"7.4": {"batsman": "MK Tiwary", "bowler": "DS Kulkarni", "non_striker": "S Dhawan", "runs": {"batsman": 1, "extras": 0, "total": 1}}}, {"7.5": {"batsman": "S Dhawan", "bowler": "DS Kulkarni", "non_striker": "MK Tiwary", "runs": {"batsman": 0, "extras": 0, "total": 0}}}, {"7.6": {"batsman": "S Dhawan", "bowler": "DS Kulkarni", "non_striker": "MK Tiwary", "runs": {"batsman": 1, "extras": 0, "total": 1}}}, {"8.1": {"batsman": "S Dhawan", "bowler": "DR Smith", "extras": {"wides": 1}, "non_striker": "MK Tiwary", "runs": {"batsman": 0, "extras": 1, "total": 1}}}, {"8.2": {"batsman": "S Dhawan", "bowler": "DR Smith", "non_striker": "MK Tiwary", "runs": {"batsman": 1, "extras": 0, "total": 1}}}, {"8.3": {"batsman": "MK Tiwary", "bowler": "DR Smith", "non_striker": "S Dhawan", "runs": {"batsman": 0, "extras": 0, "total": 0}}}, {"8.4": {"batsman": "MK Tiwary", "bowler": "DR Smith", "non_striker": "S Dhawan", "runs": {"batsman": 4, "extras": 0, "total": 4}}}, {"8.5": {"batsman": "MK Tiwary", "bowler": "DR Smith", "non_striker": "S Dhawan", "runs": {"batsman": 0, "extras": 0, "total": 0}}}, {"8.6": {"batsman": "MK Tiwary", "bowler": "DR Smith", "non_striker": "S Dhawan", "runs": {"batsman": 0, "extras": 0, "total": 0}}}, {"8.7": {"batsman": "MK Tiwary", "bowler": "DR Smith", "non_striker": "S Dhawan", "runs": {"batsman": 1, "extras": 0, "total": 1}}}, {"9.1": {"batsman": "MK Tiwary", "bowler": "ST Jayasuriya", "non_striker": "S Dhawan", "runs": {"batsman": 4, "extras": 0, "total": 4}}}, {"9.2": {"batsman": "MK Tiwary", "bowler": "ST Jayasuriya", "non_striker": "S Dhawan", "runs": {"batsman": 0, "extras": 0, "total": 0}}}, {"9.3": {"batsman": "MK Tiwary", "bowler": "ST Jayasuriya", "non_striker": "S Dhawan", "runs": {"batsman": 1, "extras": 0, "total": 1}}}, {"9.4": {"batsman": "S Dhawan", "bowler": "ST Jayasuriya", "non_striker": "MK Tiwary", "runs": {"batsman": 1, "extras": 0, "total": 1}}}, {"9.5": {"batsman": "MK Tiwary", "bowler": "ST Jayasuriya", "non_striker": "S Dhawan", "runs": {"batsman": 1, "extras": 0, "total": 1}}}, {"9.6": {"batsman": "S Dhawan", "bowler": "ST Jayasuriya", "non_striker": "MK Tiwary", "runs": {"batsman": 2, "extras": 0, "total": 2}}}, {"10.1": {"batsman": "MK Tiwary", "bowler": "DR Smith", "non_striker": "S Dhawan", "runs": {"batsman": 0, "extras": 0, "total": 0}}}, {"10.2": {"batsman": "MK Tiwary", "bowler": "DR Smith", "non_striker": "S Dhawan", "runs": {"batsman": 1, "extras": 0, "total": 1}}}, {"10.3": {"batsman": "S Dhawan", "bowler": "DR Smith", "non_striker": "MK Tiwary", "runs": {"batsman": 0, "extras": 0, "total": 0}}}, {"10.4": {"batsman": "S Dhawan", "bowler": "DR Smith", "non_striker": "MK Tiwary", "runs": {"batsman": 0, "extras": 0, "total": 0}, "wicket": {"fielders": ["SD Chitnis"], "kind": "caught", "player_out": "S Dhawan"}}}, {"10.5": {"batsman": "TM Dilshan", "bowler": "DR Smith", "non_striker": "MK Tiwary", "runs": {"batsman": 0, "extras": 0, "total": 0}, "wicket": {"kind": "bowled", "player_out": "TM Dilshan"}}}, {"10.6": {"batsman": "KD Karthik", "bowler": "DR Smith", "non_striker": "MK Tiwary", "runs": {"batsman": 1, "extras": 0, "total": 1}}}, {"11.1": {"batsman": "KD Karthik", "bowler": "ST Jayasuriya", "non_striker": "MK Tiwary", "runs": {"batsman": 0, "extras": 0, "total": 0}}}, {"11.2": {"batsman": "KD Karthik", "bowler": "ST Jayasuriya", "non_striker": "MK Tiwary", "runs": {"batsman": 2, "extras": 0, "total": 2}}}, {"11.3": {"batsman": "KD Karthik", "bowler": "ST Jayasuriya", "non_striker": "MK Tiwary", "runs": {"batsman": 2, "extras": 0, "total": 2}}}, {"11.4": {"batsman": "KD Karthik", "bowler": "ST Jayasuriya", "non_striker": "MK Tiwary", "runs": {"batsman": 1, "extras": 0, "total": 1}}}, {"11.5": {"batsman": "MK Tiwary", "bowler": "ST Jayasuriya", "non_striker": "KD Karthik", "runs": {"batsman": 2, "extras": 0, "total": 2}}}, {"11.6": {"batsman": "MK Tiwary", "bowler": "ST Jayasuriya", "non_striker": "KD Karthik", "runs": {"batsman": 1, "extras": 0, "total": 1}}}, {"12.1": {"batsman": "MK Tiwary", "bowler": "DR Smith", "non_striker": "KD Karthik", "runs": {"batsman": 1, "extras": 0, "total": 1}}}, {"12.2": {"batsman": "KD Karthik", "bowler": "DR Smith", "non_striker": "MK Tiwary", "runs": {"batsman": 1, "extras": 0, "total": 1}}}, {"12.3": {"batsman": "MK Tiwary", "bowler": "DR Smith", "non_striker": "KD Karthik", "runs": {"batsman": 1, "extras": 0, "total": 1}}}, {"12.4": {"batsman": "KD Karthik", "bowler": "DR Smith", "non_striker": "MK Tiwary", "runs": {"batsman": 4, "extras": 0, "total": 4}}}, {"12.5": {"batsman": "KD Karthik", "bowler": "DR Smith", "non_striker": "MK Tiwary", "runs": {"batsman": 4, "extras": 0, "total": 4}}}, {"12.6": {"batsman": "KD Karthik", "bowler": "DR Smith", "non_striker": "MK Tiwary", "runs": {"batsman": 2, "extras": 0, "total": 2}}}, {"13.1": {"batsman": "MK Tiwary", "bowler": "ST Jayasuriya", "non_striker": "KD Karthik", "runs": {"batsman": 1, "extras": 0, "total": 1}}}, {"13.2": {"batsman": "KD Karthik", "bowler": "ST Jayasuriya", "non_striker": "MK Tiwary", "runs": {"batsman": 0, "extras": 0, "total": 0}}}, {"13.3": {"batsman": "KD Karthik", "bowler": "ST Jayasuriya", "non_striker": "MK Tiwary", "runs": {"batsman": 6, "extras": 0, "total": 6}}}, {"13.4": {"batsman": "KD Karthik", "bowler": "ST Jayasuriya", "non_striker": "MK Tiwary", "runs": {"batsman": 1, "extras": 0, "total": 1}}}, {"13.5": {"batsman": "MK Tiwary", "bowler": "ST Jayasuriya", "non_striker": "KD Karthik", "runs": {"batsman": 0, "extras": 0, "total": 0}}}, {"13.6": {"batsman": "MK Tiwary", "bowler": "ST Jayasuriya", "non_striker": "KD Karthik", "runs": {"batsman": 1, "extras": 0, "total": 1}}}, {"14.1": {"batsman": "MK Tiwary", "bowler": "SM Pollock", "non_striker": "KD Karthik", "runs": {"batsman": 4, "extras": 0, "total": 4}}}, {"14.2": {"batsman": "MK Tiwary", "bowler": "SM Pollock", "non_striker": "KD Karthik", "runs": {"batsman": 1, "extras": 0, "total": 1}}}, {"14.3": {"batsman": "KD Karthik", "bowler": "SM Pollock", "extras": {"legbyes": 2}, "non_striker": "MK Tiwary", "runs": {"batsman": 0, "extras": 2, "total": 2}}}, {"14.4": {"batsman": "KD Karthik", "bowler": "SM Pollock", "non_striker": "MK Tiwary", "runs": {"batsman": 0, "extras": 0, "total": 0}}}, {"14.5": {"batsman": "KD Karthik", "bowler": "SM Pollock", "non_striker": "MK Tiwary", "runs": {"batsman": 2, "extras": 0, "total": 2}}}, {"14.6": {"batsman": "KD Karthik", "bowler": "SM Pollock", "non_striker": "MK Tiwary", "runs": {"batsman": 1, "extras": 0, "total": 1}, "wicket": {"fielders": ["ST Jayasuriya"], "kind": "run out", "player_out": "MK Tiwary"}}}, {"15.1": {"batsman": "KD Karthik", "bowler": "A Nehra", "non_striker": "MF Maharoof", "runs": {"batsman": 4, "extras": 0, "total": 4}}}, {"15.2": {"batsman": "KD Karthik", "bowler": "A Nehra", "non_striker": "MF Maharoof", "runs": {"batsman": 1, "extras": 0, "total": 1}}}, {"15.3": {"batsman": "MF Maharoof", "bowler": "A Nehra", "non_striker": "KD Karthik", "runs": {"batsman": 0, "extras": 0, "total": 0}}}, {"15.4": {"batsman": "MF Maharoof", "bowler": "A Nehra", "non_striker": "KD Karthik", "runs": {"batsman": 1, "extras": 0, "total": 1}}}, {"15.5": {"batsman": "KD Karthik", "bowler": "A Nehra", "non_striker": "MF Maharoof", "runs": {"batsman": 1, "extras": 0, "total": 1}}}, {"15.6": {"batsman": "MF Maharoof", "bowler": "A Nehra", "non_striker": "KD Karthik", "runs": {"batsman": 0, "extras": 0, "total": 0}}}, {"16.1": {"batsman": "KD Karthik", "bowler": "DS Kulkarni", "non_striker": "MF Maharoof", "runs": {"batsman": 6, "extras": 0, "total": 6}}}, {"16.2": {"batsman": "KD Karthik", "bowler": "DS Kulkarni", "non_striker": "MF Maharoof", "runs": {"batsman": 1, "extras": 0, "total": 1}}}, {"16.3": {"batsman": "MF Maharoof", "bowler": "DS Kulkarni", "non_striker": "KD Karthik", "runs": {"batsman": 4, "extras": 0, "total": 4}}}, {"16.4": {"batsman": "MF Maharoof", "bowler": "DS Kulkarni", "non_striker": "KD Karthik", "runs": {"batsman": 0, "extras": 0, "total": 0}}}, {"16.5": {"batsman": "MF Maharoof", "bowler": "DS Kulkarni", "non_striker": "KD Karthik", "runs": {"batsman": 0, "extras": 0, "total": 0}}}, {"16.6": {"batsman": "MF Maharoof", "bowler": "DS Kulkarni", "non_striker": "KD Karthik", "runs": {"batsman": 4, "extras": 0, "total": 4}}}, {"17.1": {"batsman": "KD Karthik", "bowler": "ST Jayasuriya", "non_striker": "MF Maharoof", "runs": {"batsman": 1, "extras": 0, "total": 1}}}, {"17.2": {"batsman": "MF Maharoof", "bowler": "ST Jayasuriya", "non_striker": "KD Karthik", "runs": {"batsman": 1, "extras": 0, "total": 1}}}, {"17.3": {"batsman": "KD Karthik", "bowler": "ST Jayasuriya", "non_striker": "MF Maharoof", "runs": {"batsman": 4, "extras": 0, "total": 4}}}, {"17.4": {"batsman": "KD Karthik", "bowler": "ST Jayasuriya", "non_striker": "MF Maharoof", "runs": {"batsman": 1, "extras": 0, "total": 1}}}, {"17.5": {"batsman": "MF Maharoof", "bowler": "ST Jayasuriya", "non_striker": "KD Karthik", "runs": {"batsman": 1, "extras": 0, "total": 1}}}, {"17.6": {"batsman": "KD Karthik", "bowler": "ST Jayasuriya", "non_striker": "MF Maharoof", "runs": {"batsman": 1, "extras": 0, "total": 1}}}, {"18.1": {"batsman": "KD Karthik", "bowler": "A Nel", "non_striker": "MF Maharoof", "runs": {"batsman": 0, "extras": 0, "total": 0}}}, {"18.2": {"batsman": "KD Karthik", "bowler": "A Nel", "non_striker": "MF Maharoof", "runs": {"batsman": 6, "extras": 0, "total": 6}}}, {"18.3": {"batsman": "KD Karthik", "bowler": "A Nel", "non_striker": "MF Maharoof", "runs": {"batsman": 0, "extras": 0, "total": 0}}}, {"18.4": {"batsman": "KD Karthik", "bowler": "A Nel", "non_striker": "MF Maharoof", "runs": {"batsman": 0, "extras": 0, "total": 0}}}, {"18.5": {"batsman": "KD Karthik", "bowler": "A Nel", "non_striker": "MF Maharoof", "runs": {"batsman": 2, "extras": 0, "total": 2}}}, {"18.6": {"batsman": "KD Karthik", "bowler": "A Nel", "non_striker": "MF Maharoof", "runs": {"batsman": 0, "extras": 0, "total": 0}}}, {"19.1": {"batsman": "MF Maharoof", "bowler": "A Nehra", "non_striker": "KD Karthik", "runs": {"batsman": 1, "extras": 0, "total": 1}}}, {"19.2": {"batsman": "KD Karthik", "bowler": "A Nehra", "non_striker": "MF Maharoof", "runs": {"batsman": 1, "extras": 0, "total": 1}}}, {"19.3": {"batsman": "MF Maharoof", "bowler": "A Nehra", "non_striker": "KD Karthik", "runs": {"batsman": 0, "extras": 0, "total": 0}}}, {"19.4": {"batsman": "MF Maharoof", "bowler": "A Nehra", "non_striker": "KD Karthik", "runs": {"batsman": 4, "extras": 0, "total": 4}}}, {"19.5": {"batsman": "MF Maharoof", "bowler": "A Nehra", "non_striker": "KD Karthik", "runs": {"batsman": 4, "extras": 0, "total": 4}}}]