[{"0.1": {"batsman": "AC Gilchrist", "bowler": "A Nehra", "non_striker": "Shahid Afridi", "runs": {"batsman": 0, "extras": 0, "total": 0}}}, {"0.2": {"batsman": "AC Gilchrist", "bowler": "A Nehra", "non_striker": "Shahid Afridi", "runs": {"batsman": 0, "extras": 0, "total": 0}}}, {"0.3": {"batsman": "AC Gilchrist", "bowler": "A Nehra", "non_striker": "Shahid Afridi", "runs": {"batsman": 0, "extras": 0, "total": 0}}}, {"0.4": {"batsman": "AC Gilchrist", "bowler": "A Nehra", "non_striker": "Shahid Afridi", "runs": {"batsman": 4, "extras": 0, "total": 4}}}, {"0.5": {"batsman": "AC Gilchrist", "bowler": "A Nehra", "non_striker": "Shahid Afridi", "runs": {"batsman": 0, "extras": 0, "total": 0}}}, {"0.6": {"batsman": "AC Gilchrist", "bowler": "A Nehra", "non_striker": "Shahid Afridi", "runs": {"batsman": 1, "extras": 0, "total": 1}}}, {"1.1": {"batsman": "AC Gilchrist", "bowler": "DJ Bravo", "extras": {"wides": 1}, "non_striker": "Shahid Afridi", "runs": {"batsman": 0, "extras": 1, "total": 1}}}, {"1.2": {"batsman": "AC Gilchrist", "bowler": "DJ Bravo", "non_striker": "Shahid Afridi", "runs": {"batsman": 1, "extras": 0, "total": 1}}}, {"1.3": {"batsman": "Shahid Afridi", "bowler": "DJ Bravo", "non_striker": "AC Gilchrist", "runs": {"batsman": 0, "extras": 0, "total": 0}, "wicket": {"fielders": ["DJ Thornely"], "kind": "caught", "player_out": "Shahid Afridi"}}}, {"1.4": {"batsman": "AC Gilchrist", "bowler": "DJ Bravo", "non_striker": "RG Sharma", "runs": {"batsman": 0, "extras": 0, "total": 0}}}, {"1.5": {"batsman": "AC Gilchrist", "bowler": "DJ Bravo", "non_striker": "RG Sharma", "runs": {"batsman": 1, "extras": 0, "total": 1}}}, {"1.6": {"batsman": "RG Sharma", "bowler": "DJ Bravo", "non_striker": "AC Gilchrist", "runs": {"batsman": 4, "extras": 0, "total": 4}}}, {"1.7": {"batsman": "RG Sharma", "bowler": "DJ Bravo", "non_striker": "AC Gilchrist", "runs": {"batsman": 0, "extras": 0, "total": 0}}}, {"2.1": {"batsman": "AC Gilchrist", "bowler": "A Nehra", "non_striker": "RG Sharma", "runs": {"batsman": 0, "extras": 0, "total": 0}}}, {"2.2": {"batsman": "AC Gilchrist", "bowler": "A Nehra", "non_striker": "RG Sharma", "runs": {"batsman": 1, "extras": 0, "total": 1}}}, {"2.3": {"batsman": "RG Sharma", "bowler": "A Nehra", "non_striker": "AC Gilchrist", "runs": {"batsman": 0, "extras": 0, "total": 0}}}, {"2.4": {"batsman": "RG Sharma", "bowler": "A Nehra", "non_striker": "AC Gilchrist", "runs": {"batsman": 1, "extras": 0, "total": 1}}}, {"2.5": {"batsman": "AC Gilchrist", "bowler": "A Nehra", "non_striker": "RG Sharma", "runs": {"batsman": 0, "extras": 0, "total": 0}}}, {"2.6": {"batsman": "AC Gilchrist", "bowler": "A Nehra", "non_striker": "RG Sharma", "runs": {"batsman": 4, "extras": 0, "total": 4}}}, {"3.1": {"batsman": "RG Sharma", "bowler": "DJ Bravo", "non_striker": "AC Gilchrist", "runs": {"batsman": 0, "extras": 0, "total": 0}}}, {"3.2": {"batsman": "RG Sharma", "bowler": "DJ Bravo", "non_striker": "AC Gilchrist", "runs": {"batsman": 0, "extras": 0, "total": 0}}}, {"3.3": {"batsman": "RG Sharma", "bowler": "DJ Bravo", "non_striker": "AC Gilchrist", "runs": {"batsman": 1, "extras": 0, "total": 1}}}, {"3.4": {"batsman": "AC Gilchrist", "bowler": "DJ Bravo", "non_striker": "RG Sharma", "runs": {"batsman": 1, "extras": 0, "total": 1}}}, {"3.5": {"batsman": "RG Sharma", "bowler": "DJ Bravo", "non_striker": "AC Gilchrist", "runs": {"batsman": 0, "extras": 0, "total": 0}}}, {"3.6": {"batsman": "RG Sharma", "bowler": "DJ Bravo", "non_striker": "AC Gilchrist", "runs": {"batsman": 0, "extras": 0, "total": 0}}}, {"4.1": {"batsman": "AC Gilchrist", "bowler": "CRD Fernando", "non_striker": "RG Sharma", "runs": {"batsman": 0, "extras": 0, "total": 0}}}, {"4.2": {"batsman": "AC Gilchrist", "bowler": "CRD Fernando", "non_striker": "RG Sharma", "runs": {"batsman": 0, "extras": 0, "total": 0}, "wicket": {"fielders": ["PR Shah"], "kind": "caught", "player_out": "AC Gilchrist"}}}, {"4.3": {"batsman": "RG Sharma", "bowler": "CRD Fernando", "non_striker": "LPC Silva", "runs": {"batsman": 0, "extras": 0, "total": 0}, "wicket": {"kind": "lbw", "player_out": "RG Sharma"}}}, {"4.4": {"batsman": "Y Venugopal Rao", "bowler": "CRD Fernando", "non_striker": "LPC Silva", "runs": {"batsman": 0, "extras": 0, "total": 0}}}, {"4.5": {"batsman": "Y Venugopal Rao", "bowler": "CRD Fernando", "extras": {"wides": 1}, "non_striker": "LPC Silva", "runs": {"batsman": 0, "extras": 1, "total": 1}}}, {"4.6": {"batsman": "Y Venugopal Rao", "bowler": "CRD Fernando", "non_striker": "LPC Silva", "runs": {"batsman": 1, "extras": 0, "total": 1}}}, {"4.7": {"batsman": "LPC Silva", "bowler": "CRD Fernando", "non_striker": "Y Venugopal Rao", "runs": {"batsman": 1, "extras": 0, "total": 1}}}, {"5.1": {"batsman": "LPC Silva", "bowler": "RR Raje", "non_striker": "Y Venugopal Rao", "runs": {"batsman": 0, "extras": 0, "total": 0}}}, {"5.2": {"batsman": "LPC Silva", "bowler": "RR Raje", "extras": {"wides": 1}, "non_striker": "Y Venugopal Rao", "runs": {"batsman": 0, "extras": 1, "total": 1}}}, {"5.3": {"batsman": "LPC Silva", "bowler": "RR Raje", "non_striker": "Y Venugopal Rao", "runs": {"batsman": 4, "extras": 0, "total": 4}}}, {"5.4": {"batsman": "LPC Silva", "bowler": "RR Raje", "non_striker": "Y Venugopal Rao", "runs": {"batsman": 0, "extras": 0, "total": 0}}}, {"5.5": {"batsman": "LPC Silva", "bowler": "RR Raje", "non_striker": "Y Venugopal Rao", "runs": {"batsman": 0, "extras": 0, "total": 0}}}, {"5.6": {"batsman": "LPC Silva", "bowler": "RR Raje", "non_striker": "Y Venugopal Rao", "runs": {"batsman": 0, "extras": 0, "total": 0}}}, {"5.7": {"batsman": "LPC Silva", "bowler": "RR Raje", "non_striker": "Y Venugopal Rao", "runs": {"batsman": 4, "extras": 0, "total": 4}}}, {"6.1": {"batsman": "Y Venugopal Rao", "bowler": "CRD Fernando", "non_striker": "LPC Silva", "runs": {"batsman": 1, "extras": 0, "total": 1}}}, {"6.2": {"batsman": "LPC Silva", "bowler": "CRD Fernando", "non_striker": "Y Venugopal Rao", "runs": {"batsman": 4, "extras": 0, "total": 4}}}, {"6.3": {"batsman": "LPC Silva", "bowler": "CRD Fernando", "non_striker": "Y Venugopal Rao", "runs": {"batsman": 1, "extras": 0, "total": 1}}}, {"6.4": {"batsman": "Y Venugopal Rao", "bowler": "CRD Fernando", "non_striker": "LPC Silva", "runs": {"batsman": 2, "extras": 0, "total": 2}}}, {"6.5": {"batsman": "Y Venugopal Rao", "bowler": "CRD Fernando", "non_striker": "LPC Silva", "runs": {"batsman": 2, "extras": 0, "total": 2}}}, {"6.6": {"batsman": "Y Venugopal Rao", "bowler": "CRD Fernando", "non_striker": "LPC Silva", "runs": {"batsman": 0, "extras": 0, "total": 0}}}, {"7.1": {"batsman": "LPC Silva", "bowler": "AM Nayar", "extras": {"byes": 1}, "non_striker": "Y Venugopal Rao", "runs": {"batsman": 0, "extras": 1, "total": 1}}}, {"7.2": {"batsman": "Y Venugopal Rao", "bowler": "AM Nayar", "non_striker": "LPC Silva", "runs": {"batsman": 1, "extras": 0, "total": 1}}}, {"7.3": {"batsman": "LPC Silva", "bowler": "AM Nayar", "non_striker": "Y Venugopal Rao", "runs": {"batsman": 1, "extras": 0, "total": 1}}}, {"7.4": {"batsman": "Y Venugopal Rao", "bowler": "AM Nayar", "non_striker": "LPC Silva", "runs": {"batsman": 2, "extras": 0, "total": 2}}}, {"7.5": {"batsman": "Y Venugopal Rao", "bowler": "AM Nayar", "non_striker": "LPC Silva", "runs": {"batsman": 0, "extras": 0, "total": 0}}}, {"7.6": {"batsman": "Y Venugopal Rao", "bowler": "AM Nayar", "non_striker": "LPC Silva", "runs": {"batsman": 1, "extras": 0, "total": 1}}}, {"8.1": {"batsman": "Y Venugopal Rao", "bowler": "DJ Thornely", "non_striker": "LPC Silva", "runs": {"batsman": 0, "extras": 0, "total": 0}}}, {"8.2": {"batsman": "Y Venugopal Rao", "bowler": "DJ Thornely", "non_striker": "LPC Silva", "runs": {"batsman": 4, "extras": 0, "total": 4}}}, {"8.3": {"batsman": "Y Venugopal Rao", "bowler": "DJ Thornely", "non_striker": "LPC Silva", "runs": {"batsman": 1, "extras": 0, "total": 1}}}, {"8.4": {"batsman": "LPC Silva", "bowler": "DJ Thornely", "non_striker": "Y Venugopal Rao", "runs": {"batsman": 1, "extras": 0, "total": 1}}}, {"8.5": {"batsman": "Y Venugopal Rao", "bowler": "DJ Thornely", "non_striker": "LPC Silva", "runs": {"batsman": 1, "extras": 0, "total": 1}}}, {"8.6": {"batsman": "LPC Silva", "bowler": "DJ Thornely", "non_striker": "Y Venugopal Rao", "runs": {"batsman": 1, "extras": 0, "total": 1}}}, {"9.1": {"batsman": "LPC Silva", "bowler": "AM Nayar", "non_striker": "Y Venugopal Rao", "runs": {"batsman": 0, "extras": 0, "total": 0}, "wicket": {"fielders": ["YV Takawale"], "kind": "caught", "player_out": "LPC Silva"}}}, {"9.2": {"batsman": "DB Ravi Teja", "bowler": "AM Nayar", "non_striker": "Y Venugopal Rao", "runs": {"batsman": 0, "extras": 0, "total": 0}}}, {"9.3": {"batsman": "DB Ravi Teja", "bowler": "AM Nayar", "non_striker": "Y Venugopal Rao", "runs": {"batsman": 1, "extras": 0, "total": 1}}}, {"9.4": {"batsman": "Y Venugopal Rao", "bowler": "AM Nayar", "non_striker": "DB Ravi Teja", "runs": {"batsman": 1, "extras": 0, "total": 1}}}, {"9.5": {"batsman": "DB Ravi Teja", "bowler": "AM Nayar", "non_striker": "Y Venugopal Rao", "runs": {"batsman": 0, "extras": 0, "total": 0}}}, {"9.6": {"batsman": "DB Ravi Teja", "bowler": "AM Nayar", "non_striker": "Y Venugopal Rao", "runs": {"batsman": 1, "extras": 0, "total": 1}}}, {"10.1": {"batsman": "DB Ravi Teja", "bowler": "ST Jayasuriya", "non_striker": "Y Venugopal Rao", "runs": {"batsman": 0, "extras": 0, "total": 0}}}, {"10.2": {"batsman": "DB Ravi Teja", "bowler": "ST Jayasuriya", "non_striker": "Y Venugopal Rao", "runs": {"batsman": 0, "extras": 0, "total": 0}}}, {"10.3": {"batsman": "DB Ravi Teja", "bowler": "ST Jayasuriya", "non_striker": "Y Venugopal Rao", "runs": {"batsman": 1, "extras": 0, "total": 1}}}, {"10.4": {"batsman": "Y Venugopal Rao", "bowler": "ST Jayasuriya", "non_striker": "DB Ravi Teja", "runs": {"batsman": 1, "extras": 0, "total": 1}}}, {"10.5": {"batsman": "DB Ravi Teja", "bowler": "ST Jayasuriya", "non_striker": "Y Venugopal Rao", "runs": {"batsman": 0, "extras": 0, "total": 0}}}, {"10.6": {"batsman": "DB Ravi Teja", "bowler": "ST Jayasuriya", "non_striker": "Y Venugopal Rao", "runs": {"batsman": 1, "extras": 0, "total": 1}}}, {"11.1": {"batsman": "DB Ravi Teja", "bowler": "AM Nayar", "non_striker": "Y Venugopal Rao", "runs": {"batsman": 0, "extras": 0, "total": 0}}}, {"11.2": {"batsman": "DB Ravi Teja", "bowler": "AM Nayar", "non_striker": "Y Venugopal Rao", "runs": {"batsman": 0, "extras": 0, "total": 0}}}, {"11.3": {"batsman": "DB Ravi Teja", "bowler": "AM Nayar", "non_striker": "Y Venugopal Rao", "runs": {"batsman": 0, "extras": 0, "total": 0}}}, {"11.4": {"batsman": "DB Ravi Teja", "bowler": "AM Nayar", "non_striker": "Y Venugopal Rao", "runs": {"batsman": 4, "extras": 0, "total": 4}}}, {"11.5": {"batsman": "DB Ravi Teja", "bowler": "AM Nayar", "non_striker": "Y Venugopal Rao", "runs": {"batsman": 6, "extras": 0, "total": 6}}}, {"11.6": {"batsman": "DB Ravi Teja", "bowler": "AM Nayar", "non_striker": "Y Venugopal Rao", "runs": {"batsman": 0, "extras": 0, "total": 0}}}, {"12.1": {"batsman": "Y Venugopal Rao", "bowler": "ST Jayasuriya", "non_striker": "DB Ravi Teja", "runs": {"batsman": 4, "extras": 0, "total": 4}}}, {"12.2": {"batsman": "Y Venugopal Rao", "bowler": "ST Jayasuriya", "non_striker": "DB Ravi Teja", "runs": {"batsman": 0, "extras": 0, "total": 0}}}, {"12.3": {"batsman": "Y Venugopal Rao", "bowler": "ST Jayasuriya", "non_striker": "DB Ravi Teja", "runs": {"batsman": 4, "extras": 0, "total": 4}}}, {"12.4": {"batsman": "Y Venugopal Rao", "bowler": "ST Jayasuriya", "non_striker": "DB Ravi Teja", "runs": {"batsman": 0, "extras": 0, "total": 0}}}, {"12.5": {"batsman": "Y Venugopal Rao", "bowler": "ST Jayasuriya", "non_striker": "DB Ravi Teja", "runs": {"batsman": 1, "extras": 0, "total": 1}}}, {"12.6": {"batsman": "DB Ravi Teja", "bowler": "ST Jayasuriya", "non_striker": "Y Venugopal Rao", "runs": {"batsman": 1, "extras": 0, "total": 1}}}, {"13.1": {"batsman": "DB Ravi Teja", "bowler": "RR Raje", "non_striker": "Y Venugopal Rao", "runs": {"batsman": 1, "extras": 0, "total": 1}}}, {"13.2": {"batsman": "Y Venugopal Rao", "bowler": "RR Raje", "non_striker": "DB Ravi Teja", "runs": {"batsman": 2, "extras": 0, "total": 2}}}, {"13.3": {"batsman": "Y Venugopal Rao", "bowler": "RR Raje", "non_striker": "DB Ravi Teja", "runs": {"batsman": 1, "extras": 0, "total": 1}}}, {"13.4": {"batsman": "DB Ravi Teja", "bowler": "RR Raje", "non_striker": "Y Venugopal Rao", "runs": {"batsman": 1, "extras": 0, "total": 1}}}, {"13.5": {"batsman": "Y Venugopal Rao", "bowler": "RR Raje", "non_striker": "DB Ravi Teja", "runs": {"batsman": 4, "extras": 0, "total": 4}}}, {"13.6": {"batsman": "Y Venugopal Rao", "bowler": "RR Raje", "non_striker": "DB Ravi Teja", "runs": {"batsman": 1, "extras": 0, "total": 1}}}, {"14.1": {"batsman": "Y Venugopal Rao", "bowler": "A Nehra", "non_striker": "DB Ravi Teja", "runs": {"batsman": 6, "extras": 0, "total": 6}}}, {"14.2": {"batsman": "Y Venugopal Rao", "bowler": "A Nehra", "non_striker": "DB Ravi Teja", "runs": {"batsman": 1, "extras": 0, "total": 1}}}, {"14.3": {"batsman": "DB Ravi Teja", "bowler": "A Nehra", "non_striker": "Y Venugopal Rao", "runs": {"batsman": 1, "extras": 0, "total": 1}}}, {"14.4": {"batsman": "Y Venugopal Rao", "bowler": "A Nehra", "non_striker": "DB Ravi Teja", "runs": {"batsman": 0, "extras": 0, "total": 0}}}, {"14.5": {"batsman": "Y Venugopal Rao", "bowler": "A Nehra", "non_striker": "DB Ravi Teja", "runs": {"batsman": 6, "extras": 0, "total": 6}}}, {"14.6": {"batsman": "Y Venugopal Rao", "bowler": "A Nehra", "non_striker": "DB Ravi Teja", "runs": {"batsman": 0, "extras": 0, "total": 0}}}, {"15.1": {"batsman": "DB Ravi Teja", "bowler": "DJ Bravo", "non_striker": "Y Venugopal Rao", "runs": {"batsman": 1, "extras": 0, "total": 1}}}, {"15.2": {"batsman": "Y Venugopal Rao", "bowler": "DJ Bravo", "non_striker": "DB Ravi Teja", "runs": {"batsman": 1, "extras": 0, "total": 1}}}, {"15.3": {"batsman": "DB Ravi Teja", "bowler": "DJ Bravo", "non_striker": "Y Venugopal Rao", "runs": {"batsman": 1, "extras": 0, "total": 1}}}, {"15.4": {"batsman": "Y Venugopal Rao", "bowler": "DJ Bravo", "non_striker": "DB Ravi Teja", "runs": {"batsman": 1, "extras": 0, "total": 1}}}, {"15.5": {"batsman": "DB Ravi Teja", "bowler": "DJ Bravo", "non_striker": "Y Venugopal Rao", "runs": {"batsman": 0, "extras": 0, "total": 0}}}, {"15.6": {"batsman": "DB Ravi Teja", "bowler": "DJ Bravo", "non_striker": "Y Venugopal Rao", "runs": {"batsman": 4, "extras": 0, "total": 4}}}, {"16.1": {"batsman": "Y Venugopal Rao", "bowler": "CRD Fernando", "non_striker": "DB Ravi Teja", "runs": {"batsman": 0, "extras": 0, "total": 0}}}, {"16.2": {"batsman": "Y Venugopal Rao", "bowler": "CRD Fernando", "extras": {"legbyes": 1}, "non_striker": "DB Ravi Teja", "runs": {"batsman": 0, "extras": 1, "total": 1}}}, {"16.3": {"batsman": "DB Ravi Teja", "bowler": "CRD Fernando", "non_striker": "Y Venugopal Rao", "runs": {"batsman": 6, "extras": 0, "total": 6}}}, {"16.4": {"batsman": "DB Ravi Teja", "bowler": "CRD Fernando", "extras": {"noballs": 1}, "non_striker": "Y Venugopal Rao", "runs": {"batsman": 1, "extras": 1, "total": 2}}}, {"16.5": {"batsman": "Y Venugopal Rao", "bowler": "CRD Fernando", "non_striker": "DB Ravi Teja", "runs": {"batsman": 6, "extras": 0, "total": 6}}}, {"16.6": {"batsman": "Y Venugopal Rao", "bowler": "CRD Fernando", "non_striker": "DB Ravi Teja", "runs": {"batsman": 0, "extras": 0, "total": 0}}}, {"16.7": {"batsman": "Y Venugopal Rao", "bowler": "CRD Fernando", "non_striker": "DB Ravi Teja", "runs": {"batsman": 1, "extras": 0, "total": 1}}}, {"17.1": {"batsman": "Y Venugopal Rao", "bowler": "DJ Bravo", "non_striker": "DB Ravi Teja", "runs": {"batsman": 0, "extras": 0, "total": 0}, "wicket": {"fielders": ["PR Shah"], "kind": "caught", "player_out": "Y Venugopal Rao"}}}, {"17.2": {"batsman": "DB Ravi Teja", "bowler": "DJ Bravo", "non_striker": "DNT Zoysa", "runs": {"batsman": 6, "extras": 0, "total": 6}}}, {"17.3": {"batsman": "DB Ravi Teja", "bowler": "DJ Bravo", "non_striker": "DNT Zoysa", "runs": {"batsman": 0, "extras": 0, "total": 0}, "wicket": {"kind": "bowled", "player_out": "DB Ravi Teja"}}}, {"17.4": {"batsman": "H Das", "bowler": "DJ Bravo", "non_striker": "DNT Zoysa", "runs": {"batsman": 0, "extras": 0, "total": 0}}}, {"17.5": {"batsman": "H Das", "bowler": "DJ Bravo", "non_striker": "DNT Zoysa", "runs": {"batsman": 0, "extras": 0, "total": 0}}}, {"17.6": {"batsman": "H Das", "bowler": "DJ Bravo", "non_striker": "DNT Zoysa", "runs": {"batsman": 1, "extras": 0, "total": 1}}}, {"18.1": {"batsman": "H Das", "bowler": "CRD Fernando", "non_striker": "DNT Zoysa", "runs": {"batsman": 1, "extras": 0, "total": 1}}}, {"18.2": {"batsman": "DNT Zoysa", "bowler": "CRD Fernando", "non_striker": "H Das", "runs": {"batsman": 2, "extras": 0, "total": 2}}}, {"18.3": {"batsman": "DNT Zoysa", "bowler": "CRD Fernando", "non_striker": "H Das", "runs": {"batsman": 4, "extras": 0, "total": 4}}}, {"18.4": {"batsman": "DNT Zoysa", "bowler": "CRD Fernando", "non_striker": "H Das", "runs": {"batsman": 1, "extras": 0, "total": 1}}}, {"18.5": {"batsman": "H Das", "bowler": "CRD Fernando", "non_striker": "DNT Zoysa", "runs": {"batsman": 0, "extras": 0, "total": 0}, "wicket": {"fielders": ["YV Takawale"], "kind": "run out", "player_out": "H Das"}}}, {"18.6": {"batsman": "DNT Zoysa", "bowler": "CRD Fernando", "non_striker": "RP Singh", "runs": {"batsman": 2, "extras": 0, "total": 2}}}, {"19.1": {"batsman": "RP Singh", "bowler": "A Nehra", "non_striker": "DNT Zoysa", "runs": {"batsman": 1, "extras": 0, "total": 1}}}, {"19.2": {"batsman": "DNT Zoysa", "bowler": "A Nehra", "extras": {"legbyes": 1}, "non_striker": "RP Singh", "runs": {"batsman": 0, "extras": 1, "total": 1}}}, {"19.3": {"batsman": "RP Singh", "bowler": "A Nehra", "non_striker": "DNT Zoysa", "runs": {"batsman": 1, "extras": 0, "total": 1}}}, {"19.4": {"batsman": "DNT Zoysa", "bowler": "A Nehra", "extras": {"legbyes": 1}, "non_striker": "RP Singh", "runs": {"batsman": 0, "extras": 1, "total": 1}}}, {"19.5": {"batsman": "RP Singh", "bowler": "A Nehra", "non_striker": "DNT Zoysa", "runs": {"batsman": 1, "extras": 0, "total": 1}}}, {"19.6": {"batsman": "DNT Zoysa", "bowler": "A Nehra", "non_striker": "RP Singh", "runs": {"batsman": 1, "extras": 0, "total": 1}}}]