[{"0.1": {"batsman": "AC Gilchrist", "bowler": "M Ntini", "non_striker": "HH Gibbs", "runs": {"batsman": 2, "extras": 0, "total": 2}}}, {"0.2": {"batsman": "AC Gilchrist", "bowler": "M Ntini", "non_striker": "HH Gibbs", "runs": {"batsman": 0, "extras": 0, "total": 0}}}, {"0.3": {"batsman": "AC Gilchrist", "bowler": "M Ntini", "non_striker": "HH Gibbs", "runs": {"batsman": 1, "extras": 0, "total": 1}}}, {"0.4": {"batsman": "HH Gibbs", "bowler": "M Ntini", "non_striker": "AC Gilchrist", "runs": {"batsman": 0, "extras": 0, "total": 0}}}, {"0.5": {"batsman": "HH Gibbs", "bowler": "M Ntini", "non_striker": "AC Gilchrist", "runs": {"batsman": 0, "extras": 0, "total": 0}}}, {"0.6": {"batsman": "HH Gibbs", "bowler": "M Ntini", "non_striker": "AC Gilchrist", "runs": {"batsman": 0, "extras": 0, "total": 0}}}, {"1.1": {"batsman": "AC Gilchrist", "bowler": "MS Gony", "non_striker": "HH Gibbs", "runs": {"batsman": 0, "extras": 0, "total": 0}}}, {"1.2": {"batsman": "AC Gilchrist", "bowler": "MS Gony", "non_striker": "HH Gibbs", "runs": {"batsman": 0, "extras": 0, "total": 0}}}, {"1.3": {"batsman": "AC Gilchrist", "bowler": "MS Gony", "non_striker": "HH Gibbs", "runs": {"batsman": 0, "extras": 0, "total": 0}}}, {"1.4": {"batsman": "AC Gilchrist", "bowler": "MS Gony", "non_striker": "HH Gibbs", "runs": {"batsman": 0, "extras": 0, "total": 0}}}, {"1.5": {"batsman": "AC Gilchrist", "bowler": "MS Gony", "non_striker": "HH Gibbs", "runs": {"batsman": 1, "extras": 0, "total": 1}}}, {"1.6": {"batsman": "HH Gibbs", "bowler": "MS Gony", "non_striker": "AC Gilchrist", "runs": {"batsman": 0, "extras": 0, "total": 0}}}, {"2.1": {"batsman": "AC Gilchrist", "bowler": "M Ntini", "non_striker": "HH Gibbs", "runs": {"batsman": 1, "extras": 0, "total": 1}}}, {"2.2": {"batsman": "HH Gibbs", "bowler": "M Ntini", "non_striker": "AC Gilchrist", "runs": {"batsman": 0, "extras": 0, "total": 0}}}, {"2.3": {"batsman": "HH Gibbs", "bowler": "M Ntini", "non_striker": "AC Gilchrist", "runs": {"batsman": 6, "extras": 0, "total": 6}}}, {"2.4": {"batsman": "HH Gibbs", "bowler": "M Ntini", "non_striker": "AC Gilchrist", "runs": {"batsman": 0, "extras": 0, "total": 0}}}, {"2.5": {"batsman": "HH Gibbs", "bowler": "M Ntini", "non_striker": "AC Gilchrist", "runs": {"batsman": 0, "extras": 0, "total": 0}}}, {"2.6": {"batsman": "HH Gibbs", "bowler": "M Ntini", "non_striker": "AC Gilchrist", "runs": {"batsman": 4, "extras": 0, "total": 4}}}, {"3.1": {"batsman": "AC Gilchrist", "bowler": "JA Morkel", "non_striker": "HH Gibbs", "runs": {"batsman": 0, "extras": 0, "total": 0}}}, {"3.2": {"batsman": "AC Gilchrist", "bowler": "JA Morkel", "extras": {"wides": 1}, "non_striker": "HH Gibbs", "runs": {"batsman": 0, "extras": 1, "total": 1}}}, {"3.3": {"batsman": "AC Gilchrist", "bowler": "JA Morkel", "non_striker": "HH Gibbs", "runs": {"batsman": 0, "extras": 0, "total": 0}}}, {"3.4": {"batsman": "AC Gilchrist", "bowler": "JA Morkel", "non_striker": "HH Gibbs", "runs": {"batsman": 4, "extras": 0, "total": 4}}}, {"3.5": {"batsman": "AC Gilchrist", "bowler": "JA Morkel", "non_striker": "HH Gibbs", "runs": {"batsman": 0, "extras": 0, "total": 0}}}, {"3.6": {"batsman": "AC Gilchrist", "bowler": "JA Morkel", "non_striker": "HH Gibbs", "runs": {"batsman": 4, "extras": 0, "total": 4}}}, {"3.7": {"batsman": "AC Gilchrist", "bowler": "JA Morkel", "non_striker": "HH Gibbs", "runs": {"batsman": 0, "extras": 0, "total": 0}}}, {"4.1": {"batsman": "HH Gibbs", "bowler": "MS Gony", "non_striker": "AC Gilchrist", "runs": {"batsman": 0, "extras": 0, "total": 0}, "wicket": {"kind": "caught and bowled", "player_out": "HH Gibbs"}}}, {"4.2": {"batsman": "SB Styris", "bowler": "MS Gony", "non_striker": "AC Gilchrist", "runs": {"batsman": 1, "extras": 0, "total": 1}}}, {"4.3": {"batsman": "AC Gilchrist", "bowler": "MS Gony", "non_striker": "SB Styris", "runs": {"batsman": 0, "extras": 0, "total": 0}}}, {"4.4": {"batsman": "AC Gilchrist", "bowler": "MS Gony", "non_striker": "SB Styris", "runs": {"batsman": 4, "extras": 0, "total": 4}}}, {"4.5": {"batsman": "AC Gilchrist", "bowler": "MS Gony", "non_striker": "SB Styris", "runs": {"batsman": 0, "extras": 0, "total": 0}}}, {"4.6": {"batsman": "AC Gilchrist", "bowler": "MS Gony", "non_striker": "SB Styris", "runs": {"batsman": 1, "extras": 0, "total": 1}}}, {"5.1": {"batsman": "AC Gilchrist", "bowler": "M Ntini", "non_striker": "SB Styris", "runs": {"batsman": 6, "extras": 0, "total": 6}}}, {"5.2": {"batsman": "AC Gilchrist", "bowler": "M Ntini", "non_striker": "SB Styris", "runs": {"batsman": 4, "extras": 0, "total": 4}}}, {"5.3": {"batsman": "AC Gilchrist", "bowler": "M Ntini", "non_striker": "SB Styris", "runs": {"batsman": 6, "extras": 0, "total": 6}}}, {"5.4": {"batsman": "AC Gilchrist", "bowler": "M Ntini", "non_striker": "SB Styris", "runs": {"batsman": 1, "extras": 0, "total": 1}}}, {"5.5": {"batsman": "SB Styris", "bowler": "M Ntini", "non_striker": "AC Gilchrist", "runs": {"batsman": 1, "extras": 0, "total": 1}}}, {"5.6": {"batsman": "AC Gilchrist", "bowler": "M Ntini", "non_striker": "SB Styris", "runs": {"batsman": 2, "extras": 0, "total": 2}}}, {"6.1": {"batsman": "SB Styris", "bowler": "MS Gony", "non_striker": "AC Gilchrist", "runs": {"batsman": 1, "extras": 0, "total": 1}}}, {"6.2": {"batsman": "AC Gilchrist", "bowler": "MS Gony", "non_striker": "SB Styris", "runs": {"batsman": 4, "extras": 0, "total": 4}}}, {"6.3": {"batsman": "AC Gilchrist", "bowler": "MS Gony", "non_striker": "SB Styris", "runs": {"batsman": 1, "extras": 0, "total": 1}}}, {"6.4": {"batsman": "SB Styris", "bowler": "MS Gony", "non_striker": "AC Gilchrist", "runs": {"batsman": 0, "extras": 0, "total": 0}}}, {"6.5": {"batsman": "SB Styris", "bowler": "MS Gony", "non_striker": "AC Gilchrist", "runs": {"batsman": 1, "extras": 0, "total": 1}}}, {"6.6": {"batsman": "AC Gilchrist", "bowler": "MS Gony", "non_striker": "SB Styris", "runs": {"batsman": 1, "extras": 0, "total": 1}}}, {"7.1": {"batsman": "AC Gilchrist", "bowler": "Joginder Sharma", "non_striker": "SB Styris", "runs": {"batsman": 0, "extras": 0, "total": 0}}}, {"7.2": {"batsman": "AC Gilchrist", "bowler": "Joginder Sharma", "extras": {"noballs": 1}, "non_striker": "SB Styris", "runs": {"batsman": 4, "extras": 1, "total": 5}}}, {"7.3": {"batsman": "AC Gilchrist", "bowler": "Joginder Sharma", "extras": {"noballs": 1}, "non_striker": "SB Styris", "runs": {"batsman": 1, "extras": 1, "total": 2}}}, {"7.4": {"batsman": "SB Styris", "bowler": "Joginder Sharma", "non_striker": "AC Gilchrist", "runs": {"batsman": 4, "extras": 0, "total": 4}}}, {"7.5": {"batsman": "SB Styris", "bowler": "Joginder Sharma", "non_striker": "AC Gilchrist", "runs": {"batsman": 0, "extras": 0, "total": 0}}}, {"7.6": {"batsman": "SB Styris", "bowler": "Joginder Sharma", "non_striker": "AC Gilchrist", "runs": {"batsman": 1, "extras": 0, "total": 1}}}, {"7.7": {"batsman": "AC Gilchrist", "bowler": "Joginder Sharma", "non_striker": "SB Styris", "runs": {"batsman": 0, "extras": 0, "total": 0}}}, {"7.8": {"batsman": "AC Gilchrist", "bowler": "Joginder Sharma", "non_striker": "SB Styris", "runs": {"batsman": 1, "extras": 0, "total": 1}}}, {"8.1": {"batsman": "AC Gilchrist", "bowler": "M Muralitharan", "non_striker": "SB Styris", "runs": {"batsman": 0, "extras": 0, "total": 0}}}, {"8.2": {"batsman": "AC Gilchrist", "bowler": "M Muralitharan", "non_striker": "SB Styris", "runs": {"batsman": 1, "extras": 0, "total": 1}}}, {"8.3": {"batsman": "SB Styris", "bowler": "M Muralitharan", "non_striker": "AC Gilchrist", "runs": {"batsman": 0, "extras": 0, "total": 0}}}, {"8.4": {"batsman": "SB Styris", "bowler": "M Muralitharan", "non_striker": "AC Gilchrist", "runs": {"batsman": 0, "extras": 0, "total": 0}}}, {"8.5": {"batsman": "SB Styris", "bowler": "M Muralitharan", "non_striker": "AC Gilchrist", "runs": {"batsman": 1, "extras": 0, "total": 1}}}, {"8.6": {"batsman": "AC Gilchrist", "bowler": "M Muralitharan", "non_striker": "SB Styris", "runs": {"batsman": 4, "extras": 0, "total": 4}}}, {"9.1": {"batsman": "SB Styris", "bowler": "JA Morkel", "non_striker": "AC Gilchrist", "runs": {"batsman": 0, "extras": 0, "total": 0}}}, {"9.2": {"batsman": "SB Styris", "bowler": "JA Morkel", "non_striker": "AC Gilchrist", "runs": {"batsman": 0, "extras": 0, "total": 0}}}, {"9.3": {"batsman": "SB Styris", "bowler": "JA Morkel", "non_striker": "AC Gilchrist", "runs": {"batsman": 0, "extras": 0, "total": 0}}}, {"9.4": {"batsman": "SB Styris", "bowler": "JA Morkel", "non_striker": "AC Gilchrist", "runs": {"batsman": 1, "extras": 0, "total": 1}}}, {"9.5": {"batsman": "AC Gilchrist", "bowler": "JA Morkel", "non_striker": "SB Styris", "runs": {"batsman": 0, "extras": 0, "total": 0}, "wicket": {"fielders": ["S Badrinath"], "kind": "caught", "player_out": "AC Gilchrist"}}}, {"9.6": {"batsman": "RG Sharma", "bowler": "JA Morkel", "non_striker": "SB Styris", "runs": {"batsman": 0, "extras": 0, "total": 0}}}, {"10.1": {"batsman": "SB Styris", "bowler": "M Muralitharan", "non_striker": "RG Sharma", "runs": {"batsman": 1, "extras": 0, "total": 1}}}, {"10.2": {"batsman": "RG Sharma", "bowler": "M Muralitharan", "non_striker": "SB Styris", "runs": {"batsman": 3, "extras": 0, "total": 3}}}, {"10.3": {"batsman": "SB Styris", "bowler": "M Muralitharan", "non_striker": "RG Sharma", "runs": {"batsman": 1, "extras": 0, "total": 1}}}, {"10.4": {"batsman": "RG Sharma", "bowler": "M Muralitharan", "non_striker": "SB Styris", "runs": {"batsman": 4, "extras": 0, "total": 4}}}, {"10.5": {"batsman": "RG Sharma", "bowler": "M Muralitharan", "non_striker": "SB Styris", "runs": {"batsman": 1, "extras": 0, "total": 1}}}, {"10.6": {"batsman": "SB Styris", "bowler": "M Muralitharan", "non_striker": "RG Sharma", "runs": {"batsman": 0, "extras": 0, "total": 0}}}, {"11.1": {"batsman": "RG Sharma", "bowler": "JA Morkel", "non_striker": "SB Styris", "runs": {"batsman": 1, "extras": 0, "total": 1}}}, {"11.2": {"batsman": "SB Styris", "bowler": "JA Morkel", "non_striker": "RG Sharma", "runs": {"batsman": 4, "extras": 0, "total": 4}}}, {"11.3": {"batsman": "SB Styris", "bowler": "JA Morkel", "non_striker": "RG Sharma", "runs": {"batsman": 0, "extras": 0, "total": 0}}}, {"11.4": {"batsman": "SB Styris", "bowler": "JA Morkel", "non_striker": "RG Sharma", "runs": {"batsman": 0, "extras": 0, "total": 0}}}, {"11.5": {"batsman": "SB Styris", "bowler": "JA Morkel", "non_striker": "RG Sharma", "runs": {"batsman": 0, "extras": 0, "total": 0}}}, {"11.6": {"batsman": "SB Styris", "bowler": "JA Morkel", "non_striker": "RG Sharma", "runs": {"batsman": 1, "extras": 0, "total": 1}}}, {"12.1": {"batsman": "SB Styris", "bowler": "M Muralitharan", "non_striker": "RG Sharma", "runs": {"batsman": 0, "extras": 0, "total": 0}}}, {"12.2": {"batsman": "SB Styris", "bowler": "M Muralitharan", "extras": {"legbyes": 1}, "non_striker": "RG Sharma", "runs": {"batsman": 0, "extras": 1, "total": 1}}}, {"12.3": {"batsman": "RG Sharma", "bowler": "M Muralitharan", "non_striker": "SB Styris", "runs": {"batsman": 0, "extras": 0, "total": 0}}}, {"12.4": {"batsman": "RG Sharma", "bowler": "M Muralitharan", "non_striker": "SB Styris", "runs": {"batsman": 1, "extras": 0, "total": 1}}}, {"12.5": {"batsman": "SB Styris", "bowler": "M Muralitharan", "non_striker": "RG Sharma", "runs": {"batsman": 4, "extras": 0, "total": 4}}}, {"12.6": {"batsman": "SB Styris", "bowler": "M Muralitharan", "non_striker": "RG Sharma", "runs": {"batsman": 1, "extras": 0, "total": 1}}}, {"13.1": {"batsman": "SB Styris", "bowler": "Joginder Sharma", "non_striker": "RG Sharma", "runs": {"batsman": 1, "extras": 0, "total": 1}}}, {"13.2": {"batsman": "RG Sharma", "bowler": "Joginder Sharma", "non_striker": "SB Styris", "runs": {"batsman": 0, "extras": 0, "total": 0}}}, {"13.3": {"batsman": "RG Sharma", "bowler": "Joginder Sharma", "non_striker": "SB Styris", "runs": {"batsman": 0, "extras": 0, "total": 0}}}, {"13.4": {"batsman": "RG Sharma", "bowler": "Joginder Sharma", "non_striker": "SB Styris", "runs": {"batsman": 6, "extras": 0, "total": 6}}}, {"13.5": {"batsman": "RG Sharma", "bowler": "Joginder Sharma", "non_striker": "SB Styris", "runs": {"batsman": 0, "extras": 0, "total": 0}}}, {"13.6": {"batsman": "RG Sharma", "bowler": "Joginder Sharma", "non_striker": "SB Styris", "runs": {"batsman": 4, "extras": 0, "total": 4}}}, {"14.1": {"batsman": "SB Styris", "bowler": "M Ntini", "non_striker": "RG Sharma", "runs": {"batsman": 0, "extras": 0, "total": 0}}}, {"14.2": {"batsman": "SB Styris", "bowler": "M Ntini", "non_striker": "RG Sharma", "runs": {"batsman": 0, "extras": 0, "total": 0}}}, {"14.3": {"batsman": "SB Styris", "bowler": "M Ntini", "non_striker": "RG Sharma", "runs": {"batsman": 0, "extras": 0, "total": 0}}}, {"14.4": {"batsman": "SB Styris", "bowler": "M Ntini", "non_striker": "RG Sharma", "runs": {"batsman": 1, "extras": 0, "total": 1}}}, {"14.5": {"batsman": "RG Sharma", "bowler": "M Ntini", "non_striker": "SB Styris", "runs": {"batsman": 1, "extras": 0, "total": 1}}}, {"14.6": {"batsman": "SB Styris", "bowler": "M Ntini", "non_striker": "RG Sharma", "runs": {"batsman": 1, "extras": 0, "total": 1}}}, {"15.1": {"batsman": "SB Styris", "bowler": "JA Morkel", "non_striker": "RG Sharma", "runs": {"batsman": 1, "extras": 0, "total": 1}}}, {"15.2": {"batsman": "RG Sharma", "bowler": "JA Morkel", "non_striker": "SB Styris", "runs": {"batsman": 0, "extras": 0, "total": 0}}}, {"15.3": {"batsman": "RG Sharma", "bowler": "JA Morkel", "non_striker": "SB Styris", "runs": {"batsman": 1, "extras": 0, "total": 1}}}, {"15.4": {"batsman": "SB Styris", "bowler": "JA Morkel", "non_striker": "RG Sharma", "runs": {"batsman": 1, "extras": 0, "total": 1}}}, {"15.5": {"batsman": "RG Sharma", "bowler": "JA Morkel", "non_striker": "SB Styris", "runs": {"batsman": 1, "extras": 0, "total": 1}}}, {"15.6": {"batsman": "SB Styris", "bowler": "JA Morkel", "non_striker": "RG Sharma", "runs": {"batsman": 6, "extras": 0, "total": 6}}}, {"16.1": {"batsman": "RG Sharma", "bowler": "M Muralitharan", "non_striker": "SB Styris", "runs": {"batsman": 0, "extras": 0, "total": 0}, "wicket": {"fielders": ["S Badrinath"], "kind": "caught", "player_out": "RG Sharma"}}}, {"16.2": {"batsman": "SB Styris", "bowler": "M Muralitharan", "non_striker": "Shahid Afridi", "runs": {"batsman": 0, "extras": 0, "total": 0}}}, {"16.3": {"batsman": "SB Styris", "bowler": "M Muralitharan", "extras": {"wides": 1}, "non_striker": "Shahid Afridi", "runs": {"batsman": 0, "extras": 1, "total": 1}}}, {"16.4": {"batsman": "SB Styris", "bowler": "M Muralitharan", "non_striker": "Shahid Afridi", "runs": {"batsman": 0, "extras": 0, "total": 0}}}, {"16.5": {"batsman": "SB Styris", "bowler": "M Muralitharan", "non_striker": "Shahid Afridi", "runs": {"batsman": 0, "extras": 0, "total": 0}}}, {"16.6": {"batsman": "SB Styris", "bowler": "M Muralitharan", "non_striker": "Shahid Afridi", "runs": {"batsman": 1, "extras": 0, "total": 1}}}, {"16.7": {"batsman": "Shahid Afridi", "bowler": "M Muralitharan", "non_striker": "SB Styris", "runs": {"batsman": 0, "extras": 0, "total": 0}}}, {"17.1": {"batsman": "SB Styris", "bowler": "Joginder Sharma", "non_striker": "Shahid Afridi", "runs": {"batsman": 1, "extras": 0, "total": 1}}}, {"17.2": {"batsman": "Shahid Afridi", "bowler": "Joginder Sharma", "non_striker": "SB Styris", "runs": {"batsman": 0, "extras": 0, "total": 0}}}, {"17.3": {"batsman": "Shahid Afridi", "bowler": "Joginder Sharma", "non_striker": "SB Styris", "runs": {"batsman": 6, "extras": 0, "total": 6}}}, {"17.4": {"batsman": "Shahid Afridi", "bowler": "Joginder Sharma", "non_striker": "SB Styris", "runs": {"batsman": 4, "extras": 0, "total": 4}}}, {"17.5": {"batsman": "Shahid Afridi", "bowler": "Joginder Sharma", "non_striker": "SB Styris", "runs": {"batsman": 6, "extras": 0, "total": 6}}}, {"17.6": {"batsman": "Shahid Afridi", "bowler": "Joginder Sharma", "non_striker": "SB Styris", "runs": {"batsman": 4, "extras": 0, "total": 4}}}]