[{"0.1": {"batsman": "G Gambhir", "bowler": "DW Steyn", "non_striker": "V Sehwag", "runs": {"batsman": 4, "extras": 0, "total": 4}}}, {"0.2": {"batsman": "G Gambhir", "bowler": "DW Steyn", "non_striker": "V Sehwag", "runs": {"batsman": 1, "extras": 0, "total": 1}}}, {"0.3": {"batsman": "V Sehwag", "bowler": "DW Steyn", "non_striker": "G Gambhir", "runs": {"batsman": 0, "extras": 0, "total": 0}}}, {"0.4": {"batsman": "V Sehwag", "bowler": "DW Steyn", "non_striker": "G Gambhir", "runs": {"batsman": 1, "extras": 0, "total": 1}}}, {"0.5": {"batsman": "G Gambhir", "bowler": "DW Steyn", "non_striker": "V Sehwag", "runs": {"batsman": 0, "extras": 0, "total": 0}}}, {"0.6": {"batsman": "G Gambhir", "bowler": "DW Steyn", "extras": {"legbyes": 4}, "non_striker": "V Sehwag", "runs": {"batsman": 0, "extras": 4, "total": 4}}}, {"1.1": {"batsman": "V Sehwag", "bowler": "Z Khan", "non_striker": "G Gambhir", "runs": {"batsman": 1, "extras": 0, "total": 1}}}, {"1.2": {"batsman": "G Gambhir", "bowler": "Z Khan", "non_striker": "V Sehwag", "runs": {"batsman": 4, "extras": 0, "total": 4}}}, {"1.3": {"batsman": "G Gambhir", "bowler": "Z Khan", "non_striker": "V Sehwag", "runs": {"batsman": 0, "extras": 0, "total": 0}}}, {"1.4": {"batsman": "G Gambhir", "bowler": "Z Khan", "non_striker": "V Sehwag", "runs": {"batsman": 2, "extras": 0, "total": 2}}}, {"1.5": {"batsman": "G Gambhir", "bowler": "Z Khan", "non_striker": "V Sehwag", "runs": {"batsman": 0, "extras": 0, "total": 0}}}, {"1.6": {"batsman": "G Gambhir", "bowler": "Z Khan", "extras": {"wides": 5}, "non_striker": "V Sehwag", "runs": {"batsman": 0, "extras": 5, "total": 5}}}, {"1.7": {"batsman": "G Gambhir", "bowler": "Z Khan", "non_striker": "V Sehwag", "runs": {"batsman": 1, "extras": 0, "total": 1}}}, {"2.1": {"batsman": "G Gambhir", "bowler": "DW Steyn", "non_striker": "V Sehwag", "runs": {"batsman": 0, "extras": 0, "total": 0}}}, {"2.2": {"batsman": "G Gambhir", "bowler": "DW Steyn", "non_striker": "V Sehwag", "runs": {"batsman": 0, "extras": 0, "total": 0}}}, {"2.3": {"batsman": "G Gambhir", "bowler": "DW Steyn", "non_striker": "V Sehwag", "runs": {"batsman": 0, "extras": 0, "total": 0}}}, {"2.4": {"batsman": "G Gambhir", "bowler": "DW Steyn", "non_striker": "V Sehwag", "runs": {"batsman": 0, "extras": 0, "total": 0}}}, {"2.5": {"batsman": "G Gambhir", "bowler": "DW Steyn", "non_striker": "V Sehwag", "runs": {"batsman": 4, "extras": 0, "total": 4}}}, {"2.6": {"batsman": "G Gambhir", "bowler": "DW Steyn", "non_striker": "V Sehwag", "runs": {"batsman": 4, "extras": 0, "total": 4}}}, {"3.1": {"batsman": "V Sehwag", "bowler": "Z Khan", "non_striker": "G Gambhir", "runs": {"batsman": 1, "extras": 0, "total": 1}}}, {"3.2": {"batsman": "G Gambhir", "bowler": "Z Khan", "non_striker": "V Sehwag", "runs": {"batsman": 1, "extras": 0, "total": 1}}}, {"3.3": {"batsman": "V Sehwag", "bowler": "Z Khan", "non_striker": "G Gambhir", "runs": {"batsman": 4, "extras": 0, "total": 4}}}, {"3.4": {"batsman": "V Sehwag", "bowler": "Z Khan", "non_striker": "G Gambhir", "runs": {"batsman": 4, "extras": 0, "total": 4}}}, {"3.5": {"batsman": "V Sehwag", "bowler": "Z Khan", "non_striker": "G Gambhir", "runs": {"batsman": 0, "extras": 0, "total": 0}}}, {"3.6": {"batsman": "V Sehwag", "bowler": "Z Khan", "non_striker": "G Gambhir", "runs": {"batsman": 4, "extras": 0, "total": 4}}}, {"4.1": {"batsman": "G Gambhir", "bowler": "P Kumar", "non_striker": "V Sehwag", "runs": {"batsman": 4, "extras": 0, "total": 4}}}, {"4.2": {"batsman": "G Gambhir", "bowler": "P Kumar", "extras": {"legbyes": 1}, "non_striker": "V Sehwag", "runs": {"batsman": 0, "extras": 1, "total": 1}}}, {"4.3": {"batsman": "V Sehwag", "bowler": "P Kumar", "non_striker": "G Gambhir", "runs": {"batsman": 1, "extras": 0, "total": 1}}}, {"4.4": {"batsman": "G Gambhir", "bowler": "P Kumar", "non_striker": "V Sehwag", "runs": {"batsman": 4, "extras": 0, "total": 4}}}, {"4.5": {"batsman": "G Gambhir", "bowler": "P Kumar", "non_striker": "V Sehwag", "runs": {"batsman": 1, "extras": 0, "total": 1}}}, {"4.6": {"batsman": "V Sehwag", "bowler": "P Kumar", "non_striker": "G Gambhir", "runs": {"batsman": 4, "extras": 0, "total": 4}}}, {"5.1": {"batsman": "G Gambhir", "bowler": "JH Kallis", "non_striker": "V Sehwag", "runs": {"batsman": 1, "extras": 0, "total": 1}}}, {"5.2": {"batsman": "V Sehwag", "bowler": "JH Kallis", "non_striker": "G Gambhir", "runs": {"batsman": 4, "extras": 0, "total": 4}}}, {"5.3": {"batsman": "V Sehwag", "bowler": "JH Kallis", "non_striker": "G Gambhir", "runs": {"batsman": 1, "extras": 0, "total": 1}}}, {"5.4": {"batsman": "G Gambhir", "bowler": "JH Kallis", "non_striker": "V Sehwag", "runs": {"batsman": 1, "extras": 0, "total": 1}}}, {"5.5": {"batsman": "V Sehwag", "bowler": "JH Kallis", "non_striker": "G Gambhir", "runs": {"batsman": 0, "extras": 0, "total": 0}}}, {"5.6": {"batsman": "V Sehwag", "bowler": "JH Kallis", "non_striker": "G Gambhir", "runs": {"batsman": 4, "extras": 0, "total": 4}}}, {"6.1": {"batsman": "G Gambhir", "bowler": "P Kumar", "non_striker": "V Sehwag", "runs": {"batsman": 1, "extras": 0, "total": 1}}}, {"6.2": {"batsman": "V Sehwag", "bowler": "P Kumar", "non_striker": "G Gambhir", "runs": {"batsman": 4, "extras": 0, "total": 4}}}, {"6.3": {"batsman": "V Sehwag", "bowler": "P Kumar", "non_striker": "G Gambhir", "runs": {"batsman": 4, "extras": 0, "total": 4}}}, {"6.4": {"batsman": "V Sehwag", "bowler": "P Kumar", "non_striker": "G Gambhir", "runs": {"batsman": 6, "extras": 0, "total": 6}}}, {"6.5": {"batsman": "V Sehwag", "bowler": "P Kumar", "non_striker": "G Gambhir", "runs": {"batsman": 4, "extras": 0, "total": 4}}}, {"6.6": {"batsman": "V Sehwag", "bowler": "P Kumar", "non_striker": "G Gambhir", "runs": {"batsman": 0, "extras": 0, "total": 0}, "wicket": {"fielders": ["B Chipli"], "kind": "caught", "player_out": "V Sehwag"}}}, {"7.1": {"batsman": "G Gambhir", "bowler": "JH Kallis", "non_striker": "AB de Villiers", "runs": {"batsman": 1, "extras": 0, "total": 1}}}, {"7.2": {"batsman": "AB de Villiers", "bowler": "JH Kallis", "non_striker": "G Gambhir", "runs": {"batsman": 1, "extras": 0, "total": 1}}}, {"7.3": {"batsman": "G Gambhir", "bowler": "JH Kallis", "non_striker": "AB de Villiers", "runs": {"batsman": 0, "extras": 0, "total": 0}}}, {"7.4": {"batsman": "G Gambhir", "bowler": "JH Kallis", "non_striker": "AB de Villiers", "runs": {"batsman": 1, "extras": 0, "total": 1}}}, {"7.5": {"batsman": "AB de Villiers", "bowler": "JH Kallis", "non_striker": "G Gambhir", "runs": {"batsman": 0, "extras": 0, "total": 0}}}, {"7.6": {"batsman": "AB de Villiers", "bowler": "JH Kallis", "non_striker": "G Gambhir", "runs": {"batsman": 2, "extras": 0, "total": 2}}}, {"8.1": {"batsman": "G Gambhir", "bowler": "B Akhil", "non_striker": "AB de Villiers", "runs": {"batsman": 0, "extras": 0, "total": 0}}}, {"8.2": {"batsman": "G Gambhir", "bowler": "B Akhil", "non_striker": "AB de Villiers", "runs": {"batsman": 1, "extras": 0, "total": 1}}}, {"8.3": {"batsman": "AB de Villiers", "bowler": "B Akhil", "non_striker": "G Gambhir", "runs": {"batsman": 1, "extras": 0, "total": 1}}}, {"8.4": {"batsman": "G Gambhir", "bowler": "B Akhil", "non_striker": "AB de Villiers", "runs": {"batsman": 2, "extras": 0, "total": 2}}}, {"8.5": {"batsman": "G Gambhir", "bowler": "B Akhil", "non_striker": "AB de Villiers", "runs": {"batsman": 0, "extras": 0, "total": 0}}}, {"8.6": {"batsman": "G Gambhir", "bowler": "B Akhil", "non_striker": "AB de Villiers", "runs": {"batsman": 1, "extras": 0, "total": 1}, "wicket": {"fielders": ["CL White", "SP Goswami"], "kind": "run out", "player_out": "G Gambhir"}}}, {"9.1": {"batsman": "AB de Villiers", "bowler": "A Kumble", "non_striker": "TM Dilshan", "runs": {"batsman": 0, "extras": 0, "total": 0}}}, {"9.2": {"batsman": "AB de Villiers", "bowler": "A Kumble", "non_striker": "TM Dilshan", "runs": {"batsman": 0, "extras": 0, "total": 0}}}, {"9.3": {"batsman": "AB de Villiers", "bowler": "A Kumble", "non_striker": "TM Dilshan", "runs": {"batsman": 4, "extras": 0, "total": 4}}}, {"9.4": {"batsman": "AB de Villiers", "bowler": "A Kumble", "non_striker": "TM Dilshan", "runs": {"batsman": 1, "extras": 0, "total": 1}}}, {"9.5": {"batsman": "TM Dilshan", "bowler": "A Kumble", "non_striker": "AB de Villiers", "runs": {"batsman": 0, "extras": 0, "total": 0}}}, {"9.6": {"batsman": "TM Dilshan", "bowler": "A Kumble", "non_striker": "AB de Villiers", "runs": {"batsman": 0, "extras": 0, "total": 0}}}, {"10.1": {"batsman": "AB de Villiers", "bowler": "B Akhil", "non_striker": "TM Dilshan", "runs": {"batsman": 2, "extras": 0, "total": 2}}}, {"10.2": {"batsman": "AB de Villiers", "bowler": "B Akhil", "non_striker": "TM Dilshan", "runs": {"batsman": 2, "extras": 0, "total": 2}}}, {"10.3": {"batsman": "AB de Villiers", "bowler": "B Akhil", "non_striker": "TM Dilshan", "runs": {"batsman": 0, "extras": 0, "total": 0}}}, {"10.4": {"batsman": "AB de Villiers", "bowler": "B Akhil", "non_striker": "TM Dilshan", "runs": {"batsman": 1, "extras": 0, "total": 1}}}, {"10.5": {"batsman": "TM Dilshan", "bowler": "B Akhil", "non_striker": "AB de Villiers", "runs": {"batsman": 1, "extras": 0, "total": 1}}}, {"10.6": {"batsman": "AB de Villiers", "bowler": "B Akhil", "non_striker": "TM Dilshan", "runs": {"batsman": 1, "extras": 0, "total": 1}}}, {"11.1": {"batsman": "AB de Villiers", "bowler": "A Kumble", "non_striker": "TM Dilshan", "runs": {"batsman": 0, "extras": 0, "total": 0}}}, {"11.2": {"batsman": "AB de Villiers", "bowler": "A Kumble", "non_striker": "TM Dilshan", "runs": {"batsman": 0, "extras": 0, "total": 0}}}, {"11.3": {"batsman": "AB de Villiers", "bowler": "A Kumble", "non_striker": "TM Dilshan", "runs": {"batsman": 1, "extras": 0, "total": 1}}}, {"11.4": {"batsman": "TM Dilshan", "bowler": "A Kumble", "non_striker": "AB de Villiers", "runs": {"batsman": 0, "extras": 0, "total": 0}}}, {"11.5": {"batsman": "TM Dilshan", "bowler": "A Kumble", "non_striker": "AB de Villiers", "runs": {"batsman": 1, "extras": 0, "total": 1}}}, {"11.6": {"batsman": "AB de Villiers", "bowler": "A Kumble", "non_striker": "TM Dilshan", "runs": {"batsman": 0, "extras": 0, "total": 0}}}, {"12.1": {"batsman": "TM Dilshan", "bowler": "B Akhil", "non_striker": "AB de Villiers", "runs": {"batsman": 1, "extras": 0, "total": 1}}}, {"12.2": {"batsman": "AB de Villiers", "bowler": "B Akhil", "non_striker": "TM Dilshan", "runs": {"batsman": 0, "extras": 0, "total": 0}}}, {"12.3": {"batsman": "AB de Villiers", "bowler": "B Akhil", "non_striker": "TM Dilshan", "runs": {"batsman": 1, "extras": 0, "total": 1}}}, {"12.4": {"batsman": "TM Dilshan", "bowler": "B Akhil", "non_striker": "AB de Villiers", "runs": {"batsman": 0, "extras": 0, "total": 0}}}, {"12.5": {"batsman": "TM Dilshan", "bowler": "B Akhil", "extras": {"byes": 1}, "non_striker": "AB de Villiers", "runs": {"batsman": 0, "extras": 1, "total": 1}}}, {"12.6": {"batsman": "AB de Villiers", "bowler": "B Akhil", "non_striker": "TM Dilshan", "runs": {"batsman": 1, "extras": 0, "total": 1}}}, {"13.1": {"batsman": "AB de Villiers", "bowler": "A Kumble", "non_striker": "TM Dilshan", "runs": {"batsman": 1, "extras": 0, "total": 1}}}, {"13.2": {"batsman": "TM Dilshan", "bowler": "A Kumble", "non_striker": "AB de Villiers", "runs": {"batsman": 1, "extras": 0, "total": 1}}}, {"13.3": {"batsman": "AB de Villiers", "bowler": "A Kumble", "non_striker": "TM Dilshan", "runs": {"batsman": 1, "extras": 0, "total": 1}}}, {"13.4": {"batsman": "TM Dilshan", "bowler": "A Kumble", "non_striker": "AB de Villiers", "runs": {"batsman": 0, "extras": 0, "total": 0}, "wicket": {"fielders": ["SP Goswami"], "kind": "stumped", "player_out": "TM Dilshan"}}}, {"13.5": {"batsman": "S Dhawan", "bowler": "A Kumble", "non_striker": "AB de Villiers", "runs": {"batsman": 1, "extras": 0, "total": 1}}}, {"13.6": {"batsman": "AB de Villiers", "bowler": "A Kumble", "non_striker": "S Dhawan", "runs": {"batsman": 1, "extras": 0, "total": 1}}}, {"14.1": {"batsman": "AB de Villiers", "bowler": "DW Steyn", "non_striker": "S Dhawan", "runs": {"batsman": 0, "extras": 0, "total": 0}}}, {"14.2": {"batsman": "AB de Villiers", "bowler": "DW Steyn", "non_striker": "S Dhawan", "runs": {"batsman": 0, "extras": 0, "total": 0}, "wicket": {"fielders": ["SP Goswami"], "kind": "caught", "player_out": "AB de Villiers"}}}, {"14.3": {"batsman": "KD Karthik", "bowler": "DW Steyn", "non_striker": "S Dhawan", "runs": {"batsman": 1, "extras": 0, "total": 1}}}, {"14.4": {"batsman": "S Dhawan", "bowler": "DW Steyn", "non_striker": "KD Karthik", "runs": {"batsman": 1, "extras": 0, "total": 1}}}, {"14.5": {"batsman": "KD Karthik", "bowler": "DW Steyn", "non_striker": "S Dhawan", "runs": {"batsman": 1, "extras": 0, "total": 1}}}, {"14.6": {"batsman": "S Dhawan", "bowler": "DW Steyn", "non_striker": "KD Karthik", "runs": {"batsman": 1, "extras": 0, "total": 1}}}, {"15.1": {"batsman": "S Dhawan", "bowler": "A Kumble", "non_striker": "KD Karthik", "runs": {"batsman": 1, "extras": 0, "total": 1}}}, {"15.2": {"batsman": "KD Karthik", "bowler": "A Kumble", "non_striker": "S Dhawan", "runs": {"batsman": 4, "extras": 0, "total": 4}}}, {"15.3": {"batsman": "KD Karthik", "bowler": "A Kumble", "non_striker": "S Dhawan", "runs": {"batsman": 0, "extras": 0, "total": 0}, "wicket": {"fielders": ["CL White"], "kind": "caught", "player_out": "KD Karthik"}}}, {"15.4": {"batsman": "MF Maharoof", "bowler": "A Kumble", "non_striker": "S Dhawan", "runs": {"batsman": 0, "extras": 0, "total": 0}}}, {"15.5": {"batsman": "MF Maharoof", "bowler": "A Kumble", "non_striker": "S Dhawan", "runs": {"batsman": 1, "extras": 0, "total": 1}}}, {"15.6": {"batsman": "S Dhawan", "bowler": "A Kumble", "non_striker": "MF Maharoof", "runs": {"batsman": 0, "extras": 0, "total": 0}}}, {"16.1": {"batsman": "MF Maharoof", "bowler": "DW Steyn", "non_striker": "S Dhawan", "runs": {"batsman": 1, "extras": 0, "total": 1}}}, {"16.2": {"batsman": "S Dhawan", "bowler": "DW Steyn", "non_striker": "MF Maharoof", "runs": {"batsman": 0, "extras": 0, "total": 0}}}, {"16.3": {"batsman": "S Dhawan", "bowler": "DW Steyn", "non_striker": "MF Maharoof", "runs": {"batsman": 1, "extras": 0, "total": 1}}}, {"16.4": {"batsman": "MF Maharoof", "bowler": "DW Steyn", "non_striker": "S Dhawan", "runs": {"batsman": 6, "extras": 0, "total": 6}}}, {"16.5": {"batsman": "MF Maharoof", "bowler": "DW Steyn", "non_striker": "S Dhawan", "runs": {"batsman": 0, "extras": 0, "total": 0}}}, {"16.6": {"batsman": "MF Maharoof", "bowler": "DW Steyn", "extras": {"legbyes": 1}, "non_striker": "S Dhawan", "runs": {"batsman": 0, "extras": 1, "total": 1}}}, {"17.1": {"batsman": "MF Maharoof", "bowler": "Z Khan", "non_striker": "S Dhawan", "runs": {"batsman": 4, "extras": 0, "total": 4}}}, {"17.2": {"batsman": "MF Maharoof", "bowler": "Z Khan", "non_striker": "S Dhawan", "runs": {"batsman": 1, "extras": 0, "total": 1}}}, {"17.3": {"batsman": "S Dhawan", "bowler": "Z Khan", "non_striker": "MF Maharoof", "runs": {"batsman": 0, "extras": 0, "total": 0}}}, {"17.4": {"batsman": "S Dhawan", "bowler": "Z Khan", "non_striker": "MF Maharoof", "runs": {"batsman": 4, "extras": 0, "total": 4}}}, {"17.5": {"batsman": "S Dhawan", "bowler": "Z Khan", "non_striker": "MF Maharoof", "runs": {"batsman": 0, "extras": 0, "total": 0}}}, {"17.6": {"batsman": "S Dhawan", "bowler": "Z Khan", "non_striker": "MF Maharoof", "runs": {"batsman": 1, "extras": 0, "total": 1}}}, {"18.1": {"batsman": "S Dhawan", "bowler": "B Akhil", "non_striker": "MF Maharoof", "runs": {"batsman": 0, "extras": 0, "total": 0}}}, {"18.2": {"batsman": "S Dhawan", "bowler": "B Akhil", "non_striker": "MF Maharoof", "runs": {"batsman": 6, "extras": 0, "total": 6}}}]