[{"0.1": {"batsman": "JH Kallis", "bowler": "GD McGrath", "non_striker": "B Chipli", "runs": {"batsman": 0, "extras": 0, "total": 0}}}, {"0.2": {"batsman": "JH Kallis", "bowler": "GD McGrath", "non_striker": "B Chipli", "runs": {"batsman": 0, "extras": 0, "total": 0}}}, {"0.3": {"batsman": "JH Kallis", "bowler": "GD McGrath", "non_striker": "B Chipli", "runs": {"batsman": 0, "extras": 0, "total": 0}}}, {"0.4": {"batsman": "JH Kallis", "bowler": "GD McGrath", "non_striker": "B Chipli", "runs": {"batsman": 1, "extras": 0, "total": 1}}}, {"0.5": {"batsman": "B Chipli", "bowler": "GD McGrath", "non_striker": "JH Kallis", "runs": {"batsman": 0, "extras": 0, "total": 0}}}, {"0.6": {"batsman": "B Chipli", "bowler": "GD McGrath", "non_striker": "JH Kallis", "runs": {"batsman": 0, "extras": 0, "total": 0}}}, {"1.1": {"batsman": "JH Kallis", "bowler": "PJ Sangwan", "extras": {"wides": 1}, "non_striker": "B Chipli", "runs": {"batsman": 0, "extras": 1, "total": 1}}}, {"1.2": {"batsman": "JH Kallis", "bowler": "PJ Sangwan", "non_striker": "B Chipli", "runs": {"batsman": 0, "extras": 0, "total": 0}}}, {"1.3": {"batsman": "JH Kallis", "bowler": "PJ Sangwan", "extras": {"wides": 5}, "non_striker": "B Chipli", "runs": {"batsman": 0, "extras": 5, "total": 5}}}, {"1.4": {"batsman": "JH Kallis", "bowler": "PJ Sangwan", "non_striker": "B Chipli", "runs": {"batsman": 4, "extras": 0, "total": 4}}}, {"1.5": {"batsman": "JH Kallis", "bowler": "PJ Sangwan", "non_striker": "B Chipli", "runs": {"batsman": 1, "extras": 0, "total": 1}}}, {"1.6": {"batsman": "B Chipli", "bowler": "PJ Sangwan", "extras": {"wides": 1}, "non_striker": "JH Kallis", "runs": {"batsman": 0, "extras": 1, "total": 1}}}, {"1.7": {"batsman": "B Chipli", "bowler": "PJ Sangwan", "non_striker": "JH Kallis", "runs": {"batsman": 1, "extras": 0, "total": 1}}}, {"1.8": {"batsman": "JH Kallis", "bowler": "PJ Sangwan", "non_striker": "B Chipli", "runs": {"batsman": 6, "extras": 0, "total": 6}}}, {"1.9": {"batsman": "JH Kallis", "bowler": "PJ Sangwan", "non_striker": "B Chipli", "runs": {"batsman": 0, "extras": 0, "total": 0}}}, {"2.1": {"batsman": "B Chipli", "bowler": "GD McGrath", "non_striker": "JH Kallis", "runs": {"batsman": 1, "extras": 0, "total": 1}}}, {"2.2": {"batsman": "JH Kallis", "bowler": "GD McGrath", "non_striker": "B Chipli", "runs": {"batsman": 0, "extras": 0, "total": 0}}}, {"2.3": {"batsman": "JH Kallis", "bowler": "GD McGrath", "non_striker": "B Chipli", "runs": {"batsman": 0, "extras": 0, "total": 0}}}, {"2.4": {"batsman": "JH Kallis", "bowler": "GD McGrath", "non_striker": "B Chipli", "runs": {"batsman": 1, "extras": 0, "total": 1}}}, {"2.5": {"batsman": "B Chipli", "bowler": "GD McGrath", "non_striker": "JH Kallis", "runs": {"batsman": 0, "extras": 0, "total": 0}}}, {"2.6": {"batsman": "B Chipli", "bowler": "GD McGrath", "non_striker": "JH Kallis", "runs": {"batsman": 0, "extras": 0, "total": 0}}}, {"3.1": {"batsman": "JH Kallis", "bowler": "VY Mahesh", "non_striker": "B Chipli", "runs": {"batsman": 2, "extras": 0, "total": 2}}}, {"3.2": {"batsman": "JH Kallis", "bowler": "VY Mahesh", "non_striker": "B Chipli", "runs": {"batsman": 0, "extras": 0, "total": 0}}}, {"3.3": {"batsman": "JH Kallis", "bowler": "VY Mahesh", "non_striker": "B Chipli", "runs": {"batsman": 4, "extras": 0, "total": 4}}}, {"3.4": {"batsman": "JH Kallis", "bowler": "VY Mahesh", "non_striker": "B Chipli", "runs": {"batsman": 0, "extras": 0, "total": 0}}}, {"3.5": {"batsman": "JH Kallis", "bowler": "VY Mahesh", "non_striker": "B Chipli", "runs": {"batsman": 0, "extras": 0, "total": 0}}}, {"3.6": {"batsman": "JH Kallis", "bowler": "VY Mahesh", "non_striker": "B Chipli", "runs": {"batsman": 1, "extras": 0, "total": 1}}}, {"4.1": {"batsman": "JH Kallis", "bowler": "GD McGrath", "extras": {"wides": 1}, "non_striker": "B Chipli", "runs": {"batsman": 0, "extras": 1, "total": 1}}}, {"4.2": {"batsman": "JH Kallis", "bowler": "GD McGrath", "non_striker": "B Chipli", "runs": {"batsman": 1, "extras": 0, "total": 1}}}, {"4.3": {"batsman": "B Chipli", "bowler": "GD McGrath", "non_striker": "JH Kallis", "runs": {"batsman": 0, "extras": 0, "total": 0}}}, {"4.4": {"batsman": "B Chipli", "bowler": "GD McGrath", "non_striker": "JH Kallis", "runs": {"batsman": 0, "extras": 0, "total": 0}}}, {"4.5": {"batsman": "B Chipli", "bowler": "GD McGrath", "non_striker": "JH Kallis", "runs": {"batsman": 0, "extras": 0, "total": 0}}}, {"4.6": {"batsman": "B Chipli", "bowler": "GD McGrath", "non_striker": "JH Kallis", "runs": {"batsman": 0, "extras": 0, "total": 0}, "wicket": {"fielders": ["R Bhatia"], "kind": "caught", "player_out": "B Chipli"}}}, {"4.7": {"batsman": "JH Kallis", "bowler": "GD McGrath", "non_striker": "SP Goswami", "runs": {"batsman": 4, "extras": 0, "total": 4}}}, {"5.1": {"batsman": "SP Goswami", "bowler": "VY Mahesh", "non_striker": "JH Kallis", "runs": {"batsman": 0, "extras": 0, "total": 0}}}, {"5.2": {"batsman": "SP Goswami", "bowler": "VY Mahesh", "non_striker": "JH Kallis", "runs": {"batsman": 0, "extras": 0, "total": 0}}}, {"5.3": {"batsman": "SP Goswami", "bowler": "VY Mahesh", "non_striker": "JH Kallis", "runs": {"batsman": 2, "extras": 0, "total": 2}}}, {"5.4": {"batsman": "SP Goswami", "bowler": "VY Mahesh", "non_striker": "JH Kallis", "runs": {"batsman": 0, "extras": 0, "total": 0}}}, {"5.5": {"batsman": "SP Goswami", "bowler": "VY Mahesh", "non_striker": "JH Kallis", "runs": {"batsman": 4, "extras": 0, "total": 4}}}, {"5.6": {"batsman": "SP Goswami", "bowler": "VY Mahesh", "non_striker": "JH Kallis", "runs": {"batsman": 0, "extras": 0, "total": 0}}}, {"6.1": {"batsman": "JH Kallis", "bowler": "MF Maharoof", "non_striker": "SP Goswami", "runs": {"batsman": 0, "extras": 0, "total": 0}, "wicket": {"fielders": ["KD Karthik"], "kind": "caught", "player_out": "JH Kallis"}}}, {"6.2": {"batsman": "R Dravid", "bowler": "MF Maharoof", "non_striker": "SP Goswami", "runs": {"batsman": 1, "extras": 0, "total": 1}}}, {"6.3": {"batsman": "SP Goswami", "bowler": "MF Maharoof", "non_striker": "R Dravid", "runs": {"batsman": 0, "extras": 0, "total": 0}}}, {"6.4": {"batsman": "SP Goswami", "bowler": "MF Maharoof", "non_striker": "R Dravid", "runs": {"batsman": 0, "extras": 0, "total": 0}}}, {"6.5": {"batsman": "SP Goswami", "bowler": "MF Maharoof", "non_striker": "R Dravid", "runs": {"batsman": 0, "extras": 0, "total": 0}}}, {"6.6": {"batsman": "SP Goswami", "bowler": "MF Maharoof", "non_striker": "R Dravid", "runs": {"batsman": 1, "extras": 0, "total": 1}}}, {"7.1": {"batsman": "SP Goswami", "bowler": "PJ Sangwan", "non_striker": "R Dravid", "runs": {"batsman": 0, "extras": 0, "total": 0}}}, {"7.2": {"batsman": "SP Goswami", "bowler": "PJ Sangwan", "non_striker": "R Dravid", "runs": {"batsman": 6, "extras": 0, "total": 6}}}, {"7.3": {"batsman": "SP Goswami", "bowler": "PJ Sangwan", "non_striker": "R Dravid", "runs": {"batsman": 0, "extras": 0, "total": 0}}}, {"7.4": {"batsman": "SP Goswami", "bowler": "PJ Sangwan", "non_striker": "R Dravid", "runs": {"batsman": 4, "extras": 0, "total": 4}}}, {"7.5": {"batsman": "SP Goswami", "bowler": "PJ Sangwan", "non_striker": "R Dravid", "runs": {"batsman": 4, "extras": 0, "total": 4}}}, {"7.6": {"batsman": "SP Goswami", "bowler": "PJ Sangwan", "non_striker": "R Dravid", "runs": {"batsman": 4, "extras": 0, "total": 4}}}, {"8.1": {"batsman": "R Dravid", "bowler": "MF Maharoof", "non_striker": "SP Goswami", "runs": {"batsman": 1, "extras": 0, "total": 1}}}, {"8.2": {"batsman": "SP Goswami", "bowler": "MF Maharoof", "non_striker": "R Dravid", "runs": {"batsman": 1, "extras": 0, "total": 1}}}, {"8.3": {"batsman": "R Dravid", "bowler": "MF Maharoof", "non_striker": "SP Goswami", "runs": {"batsman": 1, "extras": 0, "total": 1}}}, {"8.4": {"batsman": "SP Goswami", "bowler": "MF Maharoof", "non_striker": "R Dravid", "runs": {"batsman": 0, "extras": 0, "total": 0}}}, {"8.5": {"batsman": "SP Goswami", "bowler": "MF Maharoof", "non_striker": "R Dravid", "runs": {"batsman": 0, "extras": 0, "total": 0}}}, {"8.6": {"batsman": "SP Goswami", "bowler": "MF Maharoof", "non_striker": "R Dravid", "runs": {"batsman": 0, "extras": 0, "total": 0}}}, {"9.1": {"batsman": "R Dravid", "bowler": "R Bhatia", "non_striker": "SP Goswami", "runs": {"batsman": 0, "extras": 0, "total": 0}}}, {"9.2": {"batsman": "R Dravid", "bowler": "R Bhatia", "non_striker": "SP Goswami", "runs": {"batsman": 0, "extras": 0, "total": 0}}}, {"9.3": {"batsman": "R Dravid", "bowler": "R Bhatia", "non_striker": "SP Goswami", "runs": {"batsman": 0, "extras": 0, "total": 0}}}, {"9.4": {"batsman": "R Dravid", "bowler": "R Bhatia", "non_striker": "SP Goswami", "runs": {"batsman": 4, "extras": 0, "total": 4}}}, {"9.5": {"batsman": "R Dravid", "bowler": "R Bhatia", "non_striker": "SP Goswami", "runs": {"batsman": 1, "extras": 0, "total": 1}}}, {"9.6": {"batsman": "SP Goswami", "bowler": "R Bhatia", "non_striker": "R Dravid", "runs": {"batsman": 1, "extras": 0, "total": 1}}}, {"10.1": {"batsman": "SP Goswami", "bowler": "TM Dilshan", "non_striker": "R Dravid", "runs": {"batsman": 1, "extras": 0, "total": 1}}}, {"10.2": {"batsman": "R Dravid", "bowler": "TM Dilshan", "non_striker": "SP Goswami", "runs": {"batsman": 0, "extras": 0, "total": 0}}}, {"10.3": {"batsman": "R Dravid", "bowler": "TM Dilshan", "non_striker": "SP Goswami", "runs": {"batsman": 1, "extras": 0, "total": 1}}}, {"10.4": {"batsman": "SP Goswami", "bowler": "TM Dilshan", "non_striker": "R Dravid", "runs": {"batsman": 0, "extras": 0, "total": 0}}}, {"10.5": {"batsman": "SP Goswami", "bowler": "TM Dilshan", "non_striker": "R Dravid", "runs": {"batsman": 1, "extras": 0, "total": 1}}}, {"10.6": {"batsman": "R Dravid", "bowler": "TM Dilshan", "non_striker": "SP Goswami", "runs": {"batsman": 0, "extras": 0, "total": 0}, "wicket": {"kind": "bowled", "player_out": "R Dravid"}}}, {"11.1": {"batsman": "SP Goswami", "bowler": "R Bhatia", "non_striker": "Misbah-ul-Haq", "runs": {"batsman": 0, "extras": 0, "total": 0}}}, {"11.2": {"batsman": "SP Goswami", "bowler": "R Bhatia", "non_striker": "Misbah-ul-Haq", "runs": {"batsman": 1, "extras": 0, "total": 1}}}, {"11.3": {"batsman": "Misbah-ul-Haq", "bowler": "R Bhatia", "non_striker": "SP Goswami", "runs": {"batsman": 1, "extras": 0, "total": 1}}}, {"11.4": {"batsman": "SP Goswami", "bowler": "R Bhatia", "non_striker": "Misbah-ul-Haq", "runs": {"batsman": 1, "extras": 0, "total": 1}}}, {"11.5": {"batsman": "Misbah-ul-Haq", "bowler": "R Bhatia", "non_striker": "SP Goswami", "runs": {"batsman": 1, "extras": 0, "total": 1}}}, {"11.6": {"batsman": "SP Goswami", "bowler": "R Bhatia", "non_striker": "Misbah-ul-Haq", "runs": {"batsman": 2, "extras": 0, "total": 2}}}, {"12.1": {"batsman": "Misbah-ul-Haq", "bowler": "VY Mahesh", "non_striker": "SP Goswami", "runs": {"batsman": 1, "extras": 0, "total": 1}}}, {"12.2": {"batsman": "SP Goswami", "bowler": "VY Mahesh", "extras": {"wides": 1}, "non_striker": "Misbah-ul-Haq", "runs": {"batsman": 0, "extras": 1, "total": 1}}}, {"12.3": {"batsman": "SP Goswami", "bowler": "VY Mahesh", "non_striker": "Misbah-ul-Haq", "runs": {"batsman": 0, "extras": 0, "total": 0}}}, {"12.4": {"batsman": "SP Goswami", "bowler": "VY Mahesh", "non_striker": "Misbah-ul-Haq", "runs": {"batsman": 1, "extras": 0, "total": 1}}}, {"12.5": {"batsman": "Misbah-ul-Haq", "bowler": "VY Mahesh", "non_striker": "SP Goswami", "runs": {"batsman": 1, "extras": 0, "total": 1}}}, {"12.6": {"batsman": "SP Goswami", "bowler": "VY Mahesh", "non_striker": "Misbah-ul-Haq", "runs": {"batsman": 2, "extras": 0, "total": 2}}}, {"12.7": {"batsman": "SP Goswami", "bowler": "VY Mahesh", "non_striker": "Misbah-ul-Haq", "runs": {"batsman": 1, "extras": 0, "total": 1}}}, {"13.1": {"batsman": "SP Goswami", "bowler": "R Bhatia", "non_striker": "Misbah-ul-Haq", "runs": {"batsman": 4, "extras": 0, "total": 4}}}, {"13.2": {"batsman": "SP Goswami", "bowler": "R Bhatia", "non_striker": "Misbah-ul-Haq", "runs": {"batsman": 1, "extras": 0, "total": 1}}}, {"13.3": {"batsman": "Misbah-ul-Haq", "bowler": "R Bhatia", "non_striker": "SP Goswami", "runs": {"batsman": 1, "extras": 0, "total": 1}}}, {"13.4": {"batsman": "SP Goswami", "bowler": "R Bhatia", "non_striker": "Misbah-ul-Haq", "runs": {"batsman": 4, "extras": 0, "total": 4}}}, {"13.5": {"batsman": "SP Goswami", "bowler": "R Bhatia", "non_striker": "Misbah-ul-Haq", "runs": {"batsman": 1, "extras": 0, "total": 1}}}, {"13.6": {"batsman": "Misbah-ul-Haq", "bowler": "R Bhatia", "non_striker": "SP Goswami", "runs": {"batsman": 0, "extras": 0, "total": 0}}}, {"14.1": {"batsman": "SP Goswami", "bowler": "VY Mahesh", "non_striker": "Misbah-ul-Haq", "runs": {"batsman": 0, "extras": 0, "total": 0}}}, {"14.2": {"batsman": "SP Goswami", "bowler": "VY Mahesh", "non_striker": "Misbah-ul-Haq", "runs": {"batsman": 0, "extras": 0, "total": 0}}}, {"14.3": {"batsman": "SP Goswami", "bowler": "VY Mahesh", "non_striker": "Misbah-ul-Haq", "runs": {"batsman": 4, "extras": 0, "total": 4}}}, {"14.4": {"batsman": "SP Goswami", "bowler": "VY Mahesh", "non_striker": "Misbah-ul-Haq", "runs": {"batsman": 0, "extras": 0, "total": 0}}}, {"14.5": {"batsman": "SP Goswami", "bowler": "VY Mahesh", "non_striker": "Misbah-ul-Haq", "runs": {"batsman": 1, "extras": 0, "total": 1}}}, {"14.6": {"batsman": "Misbah-ul-Haq", "bowler": "VY Mahesh", "non_striker": "SP Goswami", "runs": {"batsman": 0, "extras": 0, "total": 0}}}, {"15.1": {"batsman": "SP Goswami", "bowler": "MF Maharoof", "non_striker": "Misbah-ul-Haq", "runs": {"batsman": 0, "extras": 0, "total": 0}, "wicket": {"fielders": ["TM Dilshan"], "kind": "caught", "player_out": "SP Goswami"}}}, {"15.2": {"batsman": "Misbah-ul-Haq", "bowler": "MF Maharoof", "non_striker": "CL White", "runs": {"batsman": 0, "extras": 0, "total": 0}}}, {"15.3": {"batsman": "Misbah-ul-Haq", "bowler": "MF Maharoof", "non_striker": "CL White", "runs": {"batsman": 1, "extras": 0, "total": 1}}}, {"15.4": {"batsman": "CL White", "bowler": "MF Maharoof", "non_striker": "Misbah-ul-Haq", "runs": {"batsman": 0, "extras": 0, "total": 0}}}, {"15.5": {"batsman": "CL White", "bowler": "MF Maharoof", "non_striker": "Misbah-ul-Haq", "runs": {"batsman": 1, "extras": 0, "total": 1}}}, {"15.6": {"batsman": "Misbah-ul-Haq", "bowler": "MF Maharoof", "non_striker": "CL White", "runs": {"batsman": 1, "extras": 0, "total": 1}, "wicket": {"fielders": ["MF Maharoof", "Shoaib Malik (sub)", "KD Karthik"], "kind": "run out", "player_out": "CL White"}}}, {"16.1": {"batsman": "Misbah-ul-Haq", "bowler": "PJ Sangwan", "non_striker": "B Akhil", "runs": {"batsman": 0, "extras": 0, "total": 0}}}, {"16.2": {"batsman": "Misbah-ul-Haq", "bowler": "PJ Sangwan", "non_striker": "B Akhil", "runs": {"batsman": 2, "extras": 0, "total": 2}}}, {"16.3": {"batsman": "Misbah-ul-Haq", "bowler": "PJ Sangwan", "non_striker": "B Akhil", "runs": {"batsman": 1, "extras": 0, "total": 1}}}, {"16.4": {"batsman": "B Akhil", "bowler": "PJ Sangwan", "non_striker": "Misbah-ul-Haq", "runs": {"batsman": 1, "extras": 0, "total": 1}}}, {"16.5": {"batsman": "Misbah-ul-Haq", "bowler": "PJ Sangwan", "non_striker": "B Akhil", "runs": {"batsman": 6, "extras": 0, "total": 6}}}, {"16.6": {"batsman": "Misbah-ul-Haq", "bowler": "PJ Sangwan", "non_striker": "B Akhil", "runs": {"batsman": 4, "extras": 0, "total": 4}}}, {"17.1": {"batsman": "B Akhil", "bowler": "MF Maharoof", "non_striker": "Misbah-ul-Haq", "runs": {"batsman": 1, "extras": 0, "total": 1}}}, {"17.2": {"batsman": "Misbah-ul-Haq", "bowler": "MF Maharoof", "non_striker": "B Akhil", "runs": {"batsman": 1, "extras": 0, "total": 1}}}, {"17.3": {"batsman": "B Akhil", "bowler": "MF Maharoof", "non_striker": "Misbah-ul-Haq", "runs": {"batsman": 1, "extras": 0, "total": 1}}}, {"17.4": {"batsman": "Misbah-ul-Haq", "bowler": "MF Maharoof", "non_striker": "B Akhil", "runs": {"batsman": 0, "extras": 0, "total": 0}, "wicket": {"fielders": ["V Sehwag", "MF Maharoof"], "kind": "run out", "player_out": "B Akhil"}}}, {"17.5": {"batsman": "Misbah-ul-Haq", "bowler": "MF Maharoof", "non_striker": "P Kumar", "runs": {"batsman": 1, "extras": 0, "total": 1}}}, {"17.6": {"batsman": "P Kumar", "bowler": "MF Maharoof", "non_striker": "Misbah-ul-Haq", "runs": {"batsman": 1, "extras": 0, "total": 1}}}, {"18.1": {"batsman": "P Kumar", "bowler": "GD McGrath", "non_striker": "Misbah-ul-Haq", "runs": {"batsman": 0, "extras": 0, "total": 0}}}, {"18.2": {"batsman": "P Kumar", "bowler": "GD McGrath", "non_striker": "Misbah-ul-Haq", "runs": {"batsman": 1, "extras": 0, "total": 1}}}, {"18.3": {"batsman": "Misbah-ul-Haq", "bowler": "GD McGrath", "non_striker": "P Kumar", "runs": {"batsman": 1, "extras": 0, "total": 1}}}, {"18.4": {"batsman": "P Kumar", "bowler": "GD McGrath", "non_striker": "Misbah-ul-Haq", "runs": {"batsman": 0, "extras": 0, "total": 0}}}, {"18.5": {"batsman": "P Kumar", "bowler": "GD McGrath", "non_striker": "Misbah-ul-Haq", "runs": {"batsman": 0, "extras": 0, "total": 0}, "wicket": {"kind": "bowled", "player_out": "P Kumar"}}}, {"18.6": {"batsman": "Z Khan", "bowler": "GD McGrath", "non_striker": "Misbah-ul-Haq", "runs": {"batsman": 4, "extras": 0, "total": 4}}}, {"19.1": {"batsman": "Misbah-ul-Haq", "bowler": "R Bhatia", "non_striker": "Z Khan", "runs": {"batsman": 6, "extras": 0, "total": 6}}}, {"19.2": {"batsman": "Misbah-ul-Haq", "bowler": "R Bhatia", "non_striker": "Z Khan", "runs": {"batsman": 0, "extras": 0, "total": 0}}}, {"19.3": {"batsman": "Misbah-ul-Haq", "bowler": "R Bhatia", "non_striker": "Z Khan", "runs": {"batsman": 6, "extras": 0, "total": 6}}}, {"19.4": {"batsman": "Misbah-ul-Haq", "bowler": "R Bhatia", "non_striker": "Z Khan", "runs": {"batsman": 6, "extras": 0, "total": 6}}}, {"19.5": {"batsman": "Misbah-ul-Haq", "bowler": "R Bhatia", "non_striker": "Z Khan", "runs": {"batsman": 2, "extras": 0, "total": 2}}}, {"19.6": {"batsman": "Misbah-ul-Haq", "bowler": "R Bhatia", "non_striker": "Z Khan", "runs": {"batsman": 4, "extras": 0, "total": 4}}}]