[{"0.1": {"batsman": "G Gambhir", "bowler": "DP Vijaykumar", "non_striker": "V Sehwag", "runs": {"batsman": 2, "extras": 0, "total": 2}}}, {"0.2": {"batsman": "G Gambhir", "bowler": "DP Vijaykumar", "non_striker": "V Sehwag", "runs": {"batsman": 0, "extras": 0, "total": 0}}}, {"0.3": {"batsman": "G Gambhir", "bowler": "DP Vijaykumar", "non_striker": "V Sehwag", "runs": {"batsman": 4, "extras": 0, "total": 4}}}, {"0.4": {"batsman": "G Gambhir", "bowler": "DP Vijaykumar", "non_striker": "V Sehwag", "runs": {"batsman": 1, "extras": 0, "total": 1}}}, {"0.5": {"batsman": "V Sehwag", "bowler": "DP Vijaykumar", "non_striker": "G Gambhir", "runs": {"batsman": 0, "extras": 0, "total": 0}}}, {"0.6": {"batsman": "V Sehwag", "bowler": "DP Vijaykumar", "non_striker": "G Gambhir", "runs": {"batsman": 0, "extras": 0, "total": 0}, "wicket": {"fielders": ["RP Singh"], "kind": "caught", "player_out": "V Sehwag"}}}, {"1.1": {"batsman": "G Gambhir", "bowler": "RP Singh", "non_striker": "S Dhawan", "runs": {"batsman": 0, "extras": 0, "total": 0}}}, {"1.2": {"batsman": "G Gambhir", "bowler": "RP Singh", "non_striker": "S Dhawan", "runs": {"batsman": 1, "extras": 0, "total": 1}}}, {"1.3": {"batsman": "S Dhawan", "bowler": "RP Singh", "non_striker": "G Gambhir", "runs": {"batsman": 0, "extras": 0, "total": 0}}}, {"1.4": {"batsman": "S Dhawan", "bowler": "RP Singh", "non_striker": "G Gambhir", "runs": {"batsman": 0, "extras": 0, "total": 0}}}, {"1.5": {"batsman": "S Dhawan", "bowler": "RP Singh", "non_striker": "G Gambhir", "runs": {"batsman": 4, "extras": 0, "total": 4}}}, {"1.6": {"batsman": "S Dhawan", "bowler": "RP Singh", "non_striker": "G Gambhir", "runs": {"batsman": 0, "extras": 0, "total": 0}}}, {"2.1": {"batsman": "G Gambhir", "bowler": "DP Vijaykumar", "non_striker": "S Dhawan", "runs": {"batsman": 0, "extras": 0, "total": 0}}}, {"2.2": {"batsman": "G Gambhir", "bowler": "DP Vijaykumar", "non_striker": "S Dhawan", "runs": {"batsman": 1, "extras": 0, "total": 1}}}, {"2.3": {"batsman": "S Dhawan", "bowler": "DP Vijaykumar", "non_striker": "G Gambhir", "runs": {"batsman": 0, "extras": 0, "total": 0}}}, {"2.4": {"batsman": "S Dhawan", "bowler": "DP Vijaykumar", "non_striker": "G Gambhir", "runs": {"batsman": 1, "extras": 0, "total": 1}}}, {"2.5": {"batsman": "G Gambhir", "bowler": "DP Vijaykumar", "non_striker": "S Dhawan", "runs": {"batsman": 0, "extras": 0, "total": 0}}}, {"2.6": {"batsman": "G Gambhir", "bowler": "DP Vijaykumar", "non_striker": "S Dhawan", "runs": {"batsman": 0, "extras": 0, "total": 0}}}, {"3.1": {"batsman": "S Dhawan", "bowler": "RP Singh", "extras": {"wides": 1}, "non_striker": "G Gambhir", "runs": {"batsman": 0, "extras": 1, "total": 1}}}, {"3.2": {"batsman": "S Dhawan", "bowler": "RP Singh", "non_striker": "G Gambhir", "runs": {"batsman": 1, "extras": 0, "total": 1}}}, {"3.3": {"batsman": "G Gambhir", "bowler": "RP Singh", "non_striker": "S Dhawan", "runs": {"batsman": 6, "extras": 0, "total": 6}}}, {"3.4": {"batsman": "G Gambhir", "bowler": "RP Singh", "non_striker": "S Dhawan", "runs": {"batsman": 6, "extras": 0, "total": 6}}}, {"3.5": {"batsman": "G Gambhir", "bowler": "RP Singh", "non_striker": "S Dhawan", "runs": {"batsman": 4, "extras": 0, "total": 4}}}, {"3.6": {"batsman": "G Gambhir", "bowler": "RP Singh", "extras": {"legbyes": 1}, "non_striker": "S Dhawan", "runs": {"batsman": 0, "extras": 1, "total": 1}}}, {"3.7": {"batsman": "S Dhawan", "bowler": "RP Singh", "non_striker": "G Gambhir", "runs": {"batsman": 1, "extras": 0, "total": 1}}}, {"4.1": {"batsman": "S Dhawan", "bowler": "DP Vijaykumar", "non_striker": "G Gambhir", "runs": {"batsman": 0, "extras": 0, "total": 0}}}, {"4.2": {"batsman": "S Dhawan", "bowler": "DP Vijaykumar", "non_striker": "G Gambhir", "runs": {"batsman": 1, "extras": 0, "total": 1}}}, {"4.3": {"batsman": "G Gambhir", "bowler": "DP Vijaykumar", "non_striker": "S Dhawan", "runs": {"batsman": 1, "extras": 0, "total": 1}}}, {"4.4": {"batsman": "S Dhawan", "bowler": "DP Vijaykumar", "non_striker": "G Gambhir", "runs": {"batsman": 0, "extras": 0, "total": 0}}}, {"4.5": {"batsman": "S Dhawan", "bowler": "DP Vijaykumar", "non_striker": "G Gambhir", "runs": {"batsman": 1, "extras": 0, "total": 1}}}, {"4.6": {"batsman": "G Gambhir", "bowler": "DP Vijaykumar", "non_striker": "S Dhawan", "runs": {"batsman": 3, "extras": 0, "total": 3}}}, {"5.1": {"batsman": "G Gambhir", "bowler": "PM Sarvesh Kumar", "non_striker": "S Dhawan", "runs": {"batsman": 1, "extras": 0, "total": 1}}}, {"5.2": {"batsman": "S Dhawan", "bowler": "PM Sarvesh Kumar", "non_striker": "G Gambhir", "runs": {"batsman": 1, "extras": 0, "total": 1}}}, {"5.3": {"batsman": "G Gambhir", "bowler": "PM Sarvesh Kumar", "non_striker": "S Dhawan", "runs": {"batsman": 4, "extras": 0, "total": 4}}}, {"5.4": {"batsman": "G Gambhir", "bowler": "PM Sarvesh Kumar", "non_striker": "S Dhawan", "runs": {"batsman": 0, "extras": 0, "total": 0}}}, {"5.5": {"batsman": "G Gambhir", "bowler": "PM Sarvesh Kumar", "extras": {"wides": 1}, "non_striker": "S Dhawan", "runs": {"batsman": 0, "extras": 1, "total": 1}}}, {"5.6": {"batsman": "G Gambhir", "bowler": "PM Sarvesh Kumar", "non_striker": "S Dhawan", "runs": {"batsman": 1, "extras": 0, "total": 1}}}, {"5.7": {"batsman": "S Dhawan", "bowler": "PM Sarvesh Kumar", "non_striker": "G Gambhir", "runs": {"batsman": 0, "extras": 0, "total": 0}}}, {"6.1": {"batsman": "G Gambhir", "bowler": "SB Styris", "non_striker": "S Dhawan", "runs": {"batsman": 1, "extras": 0, "total": 1}}}, {"6.2": {"batsman": "S Dhawan", "bowler": "SB Styris", "non_striker": "G Gambhir", "runs": {"batsman": 4, "extras": 0, "total": 4}}}, {"6.3": {"batsman": "S Dhawan", "bowler": "SB Styris", "non_striker": "G Gambhir", "runs": {"batsman": 1, "extras": 0, "total": 1}}}, {"6.4": {"batsman": "G Gambhir", "bowler": "SB Styris", "non_striker": "S Dhawan", "runs": {"batsman": 1, "extras": 0, "total": 1}}}, {"6.5": {"batsman": "S Dhawan", "bowler": "SB Styris", "non_striker": "G Gambhir", "runs": {"batsman": 0, "extras": 0, "total": 0}}}, {"6.6": {"batsman": "S Dhawan", "bowler": "SB Styris", "non_striker": "G Gambhir", "runs": {"batsman": 1, "extras": 0, "total": 1}}}, {"7.1": {"batsman": "S Dhawan", "bowler": "PM Sarvesh Kumar", "non_striker": "G Gambhir", "runs": {"batsman": 1, "extras": 0, "total": 1}}}, {"7.2": {"batsman": "G Gambhir", "bowler": "PM Sarvesh Kumar", "non_striker": "S Dhawan", "runs": {"batsman": 0, "extras": 0, "total": 0}}}, {"7.3": {"batsman": "G Gambhir", "bowler": "PM Sarvesh Kumar", "non_striker": "S Dhawan", "runs": {"batsman": 0, "extras": 0, "total": 0}}}, {"7.4": {"batsman": "G Gambhir", "bowler": "PM Sarvesh Kumar", "non_striker": "S Dhawan", "runs": {"batsman": 0, "extras": 0, "total": 0}}}, {"7.5": {"batsman": "G Gambhir", "bowler": "PM Sarvesh Kumar", "non_striker": "S Dhawan", "runs": {"batsman": 1, "extras": 0, "total": 1}}}, {"7.6": {"batsman": "S Dhawan", "bowler": "PM Sarvesh Kumar", "non_striker": "G Gambhir", "runs": {"batsman": 1, "extras": 0, "total": 1}}}, {"8.1": {"batsman": "S Dhawan", "bowler": "SB Styris", "non_striker": "G Gambhir", "runs": {"batsman": 1, "extras": 0, "total": 1}}}, {"8.2": {"batsman": "G Gambhir", "bowler": "SB Styris", "non_striker": "S Dhawan", "runs": {"batsman": 1, "extras": 0, "total": 1}}}, {"8.3": {"batsman": "S Dhawan", "bowler": "SB Styris", "non_striker": "G Gambhir", "runs": {"batsman": 1, "extras": 0, "total": 1}}}, {"8.4": {"batsman": "G Gambhir", "bowler": "SB Styris", "non_striker": "S Dhawan", "runs": {"batsman": 4, "extras": 0, "total": 4}}}, {"8.5": {"batsman": "G Gambhir", "bowler": "SB Styris", "non_striker": "S Dhawan", "runs": {"batsman": 0, "extras": 0, "total": 0}}}, {"8.6": {"batsman": "G Gambhir", "bowler": "SB Styris", "non_striker": "S Dhawan", "runs": {"batsman": 0, "extras": 0, "total": 0}}}, {"9.1": {"batsman": "S Dhawan", "bowler": "Y Venugopal Rao", "non_striker": "G Gambhir", "runs": {"batsman": 1, "extras": 0, "total": 1}}}, {"9.2": {"batsman": "G Gambhir", "bowler": "Y Venugopal Rao", "non_striker": "S Dhawan", "runs": {"batsman": 1, "extras": 0, "total": 1}}}, {"9.3": {"batsman": "S Dhawan", "bowler": "Y Venugopal Rao", "extras": {"wides": 1}, "non_striker": "G Gambhir", "runs": {"batsman": 0, "extras": 1, "total": 1}}}, {"9.4": {"batsman": "S Dhawan", "bowler": "Y Venugopal Rao", "non_striker": "G Gambhir", "runs": {"batsman": 0, "extras": 0, "total": 0}}}, {"9.5": {"batsman": "S Dhawan", "bowler": "Y Venugopal Rao", "non_striker": "G Gambhir", "runs": {"batsman": 4, "extras": 0, "total": 4}}}, {"9.6": {"batsman": "S Dhawan", "bowler": "Y Venugopal Rao", "non_striker": "G Gambhir", "runs": {"batsman": 2, "extras": 0, "total": 2}}}, {"9.7": {"batsman": "S Dhawan", "bowler": "Y Venugopal Rao", "non_striker": "G Gambhir", "runs": {"batsman": 1, "extras": 0, "total": 1}}}, {"10.1": {"batsman": "S Dhawan", "bowler": "SB Styris", "non_striker": "G Gambhir", "runs": {"batsman": 2, "extras": 0, "total": 2}}}, {"10.2": {"batsman": "S Dhawan", "bowler": "SB Styris", "non_striker": "G Gambhir", "runs": {"batsman": 1, "extras": 0, "total": 1}}}, {"10.3": {"batsman": "G Gambhir", "bowler": "SB Styris", "non_striker": "S Dhawan", "runs": {"batsman": 1, "extras": 0, "total": 1}}}, {"10.4": {"batsman": "S Dhawan", "bowler": "SB Styris", "non_striker": "G Gambhir", "runs": {"batsman": 0, "extras": 0, "total": 0}}}, {"10.5": {"batsman": "S Dhawan", "bowler": "SB Styris", "non_striker": "G Gambhir", "runs": {"batsman": 2, "extras": 0, "total": 2}}}, {"10.6": {"batsman": "S Dhawan", "bowler": "SB Styris", "non_striker": "G Gambhir", "runs": {"batsman": 4, "extras": 0, "total": 4}}}, {"11.1": {"batsman": "G Gambhir", "bowler": "Y Venugopal Rao", "non_striker": "S Dhawan", "runs": {"batsman": 4, "extras": 0, "total": 4}}}, {"11.2": {"batsman": "G Gambhir", "bowler": "Y Venugopal Rao", "non_striker": "S Dhawan", "runs": {"batsman": 1, "extras": 0, "total": 1}}}, {"11.3": {"batsman": "S Dhawan", "bowler": "Y Venugopal Rao", "non_striker": "G Gambhir", "runs": {"batsman": 4, "extras": 0, "total": 4}}}, {"11.4": {"batsman": "S Dhawan", "bowler": "Y Venugopal Rao", "non_striker": "G Gambhir", "runs": {"batsman": 1, "extras": 0, "total": 1}}}, {"11.5": {"batsman": "G Gambhir", "bowler": "Y Venugopal Rao", "non_striker": "S Dhawan", "runs": {"batsman": 2, "extras": 0, "total": 2}}}, {"11.6": {"batsman": "G Gambhir", "bowler": "Y Venugopal Rao", "non_striker": "S Dhawan", "runs": {"batsman": 1, "extras": 0, "total": 1}}}, {"12.1": {"batsman": "G Gambhir", "bowler": "PM Sarvesh Kumar", "non_striker": "S Dhawan", "runs": {"batsman": 2, "extras": 0, "total": 2}}}, {"12.2": {"batsman": "G Gambhir", "bowler": "PM Sarvesh Kumar", "non_striker": "S Dhawan", "runs": {"batsman": 4, "extras": 0, "total": 4}}}, {"12.3": {"batsman": "G Gambhir", "bowler": "PM Sarvesh Kumar", "non_striker": "S Dhawan", "runs": {"batsman": 4, "extras": 0, "total": 4}}}, {"12.4": {"batsman": "G Gambhir", "bowler": "PM Sarvesh Kumar", "non_striker": "S Dhawan", "runs": {"batsman": 1, "extras": 0, "total": 1}}}, {"12.5": {"batsman": "S Dhawan", "bowler": "PM Sarvesh Kumar", "non_striker": "G Gambhir", "runs": {"batsman": 1, "extras": 0, "total": 1}}}, {"12.6": {"batsman": "G Gambhir", "bowler": "PM Sarvesh Kumar", "non_striker": "S Dhawan", "runs": {"batsman": 1, "extras": 0, "total": 1}}}, {"13.1": {"batsman": "G Gambhir", "bowler": "Shahid Afridi", "non_striker": "S Dhawan", "runs": {"batsman": 2, "extras": 0, "total": 2}}}, {"13.2": {"batsman": "G Gambhir", "bowler": "Shahid Afridi", "non_striker": "S Dhawan", "runs": {"batsman": 6, "extras": 0, "total": 6}}}, {"13.3": {"batsman": "G Gambhir", "bowler": "Shahid Afridi", "non_striker": "S Dhawan", "runs": {"batsman": 1, "extras": 0, "total": 1}}}, {"13.4": {"batsman": "S Dhawan", "bowler": "Shahid Afridi", "non_striker": "G Gambhir", "runs": {"batsman": 4, "extras": 0, "total": 4}}}, {"13.5": {"batsman": "S Dhawan", "bowler": "Shahid Afridi", "non_striker": "G Gambhir", "runs": {"batsman": 4, "extras": 0, "total": 4}}}, {"13.6": {"batsman": "S Dhawan", "bowler": "Shahid Afridi", "non_striker": "G Gambhir", "runs": {"batsman": 1, "extras": 0, "total": 1}}}, {"14.1": {"batsman": "S Dhawan", "bowler": "SB Styris", "non_striker": "G Gambhir", "runs": {"batsman": 1, "extras": 0, "total": 1}}}, {"14.2": {"batsman": "G Gambhir", "bowler": "SB Styris", "extras": {"wides": 1}, "non_striker": "S Dhawan", "runs": {"batsman": 0, "extras": 1, "total": 1}}}, {"14.3": {"batsman": "G Gambhir", "bowler": "SB Styris", "non_striker": "S Dhawan", "runs": {"batsman": 1, "extras": 0, "total": 1}}}, {"14.4": {"batsman": "S Dhawan", "bowler": "SB Styris", "non_striker": "G Gambhir", "runs": {"batsman": 1, "extras": 0, "total": 1}}}, {"14.5": {"batsman": "G Gambhir", "bowler": "SB Styris", "non_striker": "S Dhawan", "runs": {"batsman": 2, "extras": 0, "total": 2}}}, {"14.6": {"batsman": "G Gambhir", "bowler": "SB Styris", "non_striker": "S Dhawan", "runs": {"batsman": 2, "extras": 0, "total": 2}}}, {"14.7": {"batsman": "G Gambhir", "bowler": "SB Styris", "non_striker": "S Dhawan", "runs": {"batsman": 0, "extras": 0, "total": 0}}}, {"15.1": {"batsman": "S Dhawan", "bowler": "PP Ojha", "non_striker": "G Gambhir", "runs": {"batsman": 1, "extras": 0, "total": 1}}}, {"15.2": {"batsman": "G Gambhir", "bowler": "PP Ojha", "extras": {"wides": 1}, "non_striker": "S Dhawan", "runs": {"batsman": 0, "extras": 1, "total": 1}, "wicket": {"fielders": ["AC Gilchrist"], "kind": "stumped", "player_out": "G Gambhir"}}}, {"15.3": {"batsman": "MF Maharoof", "bowler": "PP Ojha", "non_striker": "S Dhawan", "runs": {"batsman": 1, "extras": 0, "total": 1}}}, {"15.4": {"batsman": "S Dhawan", "bowler": "PP Ojha", "non_striker": "MF Maharoof", "runs": {"batsman": 4, "extras": 0, "total": 4}}}, {"15.5": {"batsman": "S Dhawan", "bowler": "PP Ojha", "extras": {"legbyes": 1}, "non_striker": "MF Maharoof", "runs": {"batsman": 0, "extras": 1, "total": 1}}}, {"15.6": {"batsman": "MF Maharoof", "bowler": "PP Ojha", "non_striker": "S Dhawan", "runs": {"batsman": 0, "extras": 0, "total": 0}}}, {"15.7": {"batsman": "MF Maharoof", "bowler": "PP Ojha", "non_striker": "S Dhawan", "runs": {"batsman": 0, "extras": 0, "total": 0}}}, {"16.1": {"batsman": "S Dhawan", "bowler": "RP Singh", "non_striker": "MF Maharoof", "runs": {"batsman": 1, "extras": 0, "total": 1}}}, {"16.2": {"batsman": "MF Maharoof", "bowler": "RP Singh", "non_striker": "S Dhawan", "runs": {"batsman": 2, "extras": 0, "total": 2}}}, {"16.3": {"batsman": "MF Maharoof", "bowler": "RP Singh", "non_striker": "S Dhawan", "runs": {"batsman": 0, "extras": 0, "total": 0}}}, {"16.4": {"batsman": "MF Maharoof", "bowler": "RP Singh", "non_striker": "S Dhawan", "runs": {"batsman": 2, "extras": 0, "total": 2}}}, {"16.5": {"batsman": "MF Maharoof", "bowler": "RP Singh", "non_striker": "S Dhawan", "runs": {"batsman": 6, "extras": 0, "total": 6}}}, {"16.6": {"batsman": "MF Maharoof", "bowler": "RP Singh", "non_striker": "S Dhawan", "runs": {"batsman": 1, "extras": 0, "total": 1}}}, {"17.1": {"batsman": "MF Maharoof", "bowler": "PP Ojha", "non_striker": "S Dhawan", "runs": {"batsman": 6, "extras": 0, "total": 6}}}, {"17.2": {"batsman": "MF Maharoof", "bowler": "PP Ojha", "non_striker": "S Dhawan", "runs": {"batsman": 1, "extras": 0, "total": 1}}}, {"17.3": {"batsman": "S Dhawan", "bowler": "PP Ojha", "extras": {"legbyes": 1}, "non_striker": "MF Maharoof", "runs": {"batsman": 0, "extras": 1, "total": 1}}}, {"17.4": {"batsman": "MF Maharoof", "bowler": "PP Ojha", "non_striker": "S Dhawan", "runs": {"batsman": 0, "extras": 0, "total": 0}, "wicket": {"fielders": ["RG Sharma"], "kind": "caught", "player_out": "MF Maharoof"}}}, {"17.5": {"batsman": "S Dhawan", "bowler": "PP Ojha", "non_striker": "TM Dilshan", "runs": {"batsman": 1, "extras": 0, "total": 1}}}, {"17.6": {"batsman": "TM Dilshan", "bowler": "PP Ojha", "non_striker": "S Dhawan", "runs": {"batsman": 4, "extras": 0, "total": 4}}}, {"18.1": {"batsman": "S Dhawan", "bowler": "DP Vijaykumar", "non_striker": "TM Dilshan", "runs": {"batsman": 0, "extras": 0, "total": 0}}}, {"18.2": {"batsman": "S Dhawan", "bowler": "DP Vijaykumar", "non_striker": "TM Dilshan", "runs": {"batsman": 1, "extras": 0, "total": 1}}}, {"18.3": {"batsman": "TM Dilshan", "bowler": "DP Vijaykumar", "non_striker": "S Dhawan", "runs": {"batsman": 1, "extras": 0, "total": 1}}}, {"18.4": {"batsman": "S Dhawan", "bowler": "DP Vijaykumar", "non_striker": "TM Dilshan", "runs": {"batsman": 1, "extras": 0, "total": 1}}}, {"18.5": {"batsman": "TM Dilshan", "bowler": "DP Vijaykumar", "non_striker": "S Dhawan", "runs": {"batsman": 6, "extras": 0, "total": 6}}}, {"18.6": {"batsman": "TM Dilshan", "bowler": "DP Vijaykumar", "non_striker": "S Dhawan", "runs": {"batsman": 0, "extras": 0, "total": 0}}}, {"19.1": {"batsman": "S Dhawan", "bowler": "RP Singh", "non_striker": "TM Dilshan", "runs": {"batsman": 2, "extras": 0, "total": 2}}}, {"19.2": {"batsman": "S Dhawan", "bowler": "RP Singh", "non_striker": "TM Dilshan", "runs": {"batsman": 3, "extras": 0, "total": 3}}}, {"19.3": {"batsman": "TM Dilshan", "bowler": "RP Singh", "non_striker": "S Dhawan", "runs": {"batsman": 4, "extras": 0, "total": 4}}}, {"19.4": {"batsman": "TM Dilshan", "bowler": "RP Singh", "non_striker": "S Dhawan", "runs": {"batsman": 1, "extras": 0, "total": 1}}}, {"19.5": {"batsman": "S Dhawan", "bowler": "RP Singh", "non_striker": "TM Dilshan", "runs": {"batsman": 0, "extras": 0, "total": 0}, "wicket": {"fielders": ["AC Gilchrist"], "kind": "run out", "player_out": "TM Dilshan"}}}, {"19.6": {"batsman": "MK Tiwary", "bowler": "RP Singh", "non_striker": "S Dhawan", "runs": {"batsman": 4, "extras": 0, "total": 4}}}]