[{"0.1": {"batsman": "PA Patel", "bowler": "Sohail Tanvir", "non_striker": "SP Fleming", "runs": {"batsman": 0, "extras": 0, "total": 0}, "wicket": {"kind": "lbw", "player_out": "PA Patel"}}}, {"0.2": {"batsman": "S Vidyut", "bowler": "Sohail Tanvir", "non_striker": "SP Fleming", "runs": {"batsman": 0, "extras": 0, "total": 0}}}, {"0.3": {"batsman": "S Vidyut", "bowler": "Sohail Tanvir", "non_striker": "SP Fleming", "runs": {"batsman": 1, "extras": 0, "total": 1}}}, {"0.4": {"batsman": "SP Fleming", "bowler": "Sohail Tanvir", "non_striker": "S Vidyut", "runs": {"batsman": 0, "extras": 0, "total": 0}}}, {"0.5": {"batsman": "SP Fleming", "bowler": "Sohail Tanvir", "non_striker": "S Vidyut", "runs": {"batsman": 0, "extras": 0, "total": 0}, "wicket": {"kind": "lbw", "player_out": "SP Fleming"}}}, {"0.6": {"batsman": "SK Raina", "bowler": "Sohail Tanvir", "non_striker": "S Vidyut", "runs": {"batsman": 0, "extras": 0, "total": 0}}}, {"1.1": {"batsman": "S Vidyut", "bowler": "SR Watson", "non_striker": "SK Raina", "runs": {"batsman": 4, "extras": 0, "total": 4}}}, {"1.2": {"batsman": "S Vidyut", "bowler": "SR Watson", "non_striker": "SK Raina", "runs": {"batsman": 0, "extras": 0, "total": 0}}}, {"1.3": {"batsman": "S Vidyut", "bowler": "SR Watson", "non_striker": "SK Raina", "runs": {"batsman": 0, "extras": 0, "total": 0}}}, {"1.4": {"batsman": "S Vidyut", "bowler": "SR Watson", "extras": {"wides": 1}, "non_striker": "SK Raina", "runs": {"batsman": 0, "extras": 1, "total": 1}}}, {"1.5": {"batsman": "S Vidyut", "bowler": "SR Watson", "non_striker": "SK Raina", "runs": {"batsman": 0, "extras": 0, "total": 0}}}, {"1.6": {"batsman": "S Vidyut", "bowler": "SR Watson", "non_striker": "SK Raina", "runs": {"batsman": 0, "extras": 0, "total": 0}}}, {"1.7": {"batsman": "S Vidyut", "bowler": "SR Watson", "extras": {"byes": 4}, "non_striker": "SK Raina", "runs": {"batsman": 0, "extras": 4, "total": 4}}}, {"2.1": {"batsman": "SK Raina", "bowler": "Sohail Tanvir", "non_striker": "S Vidyut", "runs": {"batsman": 0, "extras": 0, "total": 0}}}, {"2.2": {"batsman": "SK Raina", "bowler": "Sohail Tanvir", "non_striker": "S Vidyut", "runs": {"batsman": 0, "extras": 0, "total": 0}}}, {"2.3": {"batsman": "SK Raina", "bowler": "Sohail Tanvir", "non_striker": "S Vidyut", "runs": {"batsman": 1, "extras": 0, "total": 1}}}, {"2.4": {"batsman": "S Vidyut", "bowler": "Sohail Tanvir", "non_striker": "SK Raina", "runs": {"batsman": 0, "extras": 0, "total": 0}}}, {"2.5": {"batsman": "S Vidyut", "bowler": "Sohail Tanvir", "non_striker": "SK Raina", "runs": {"batsman": 0, "extras": 0, "total": 0}, "wicket": {"fielders": ["SK Warne"], "kind": "caught", "player_out": "S Vidyut"}}}, {"2.6": {"batsman": "S Badrinath", "bowler": "Sohail Tanvir", "extras": {"legbyes": 1}, "non_striker": "SK Raina", "runs": {"batsman": 0, "extras": 1, "total": 1}}}, {"3.1": {"batsman": "S Badrinath", "bowler": "MM Patel", "non_striker": "SK Raina", "runs": {"batsman": 0, "extras": 0, "total": 0}}}, {"3.2": {"batsman": "S Badrinath", "bowler": "MM Patel", "non_striker": "SK Raina", "runs": {"batsman": 0, "extras": 0, "total": 0}}}, {"3.3": {"batsman": "S Badrinath", "bowler": "MM Patel", "non_striker": "SK Raina", "runs": {"batsman": 0, "extras": 0, "total": 0}}}, {"3.4": {"batsman": "S Badrinath", "bowler": "MM Patel", "non_striker": "SK Raina", "runs": {"batsman": 0, "extras": 0, "total": 0}}}, {"3.5": {"batsman": "S Badrinath", "bowler": "MM Patel", "non_striker": "SK Raina", "runs": {"batsman": 4, "extras": 0, "total": 4}}}, {"3.6": {"batsman": "S Badrinath", "bowler": "MM Patel", "non_striker": "SK Raina", "runs": {"batsman": 0, "extras": 0, "total": 0}}}, {"4.1": {"batsman": "SK Raina", "bowler": "SK Trivedi", "non_striker": "S Badrinath", "runs": {"batsman": 4, "extras": 0, "total": 4}}}, {"4.2": {"batsman": "SK Raina", "bowler": "SK Trivedi", "non_striker": "S Badrinath", "runs": {"batsman": 1, "extras": 0, "total": 1}}}, {"4.3": {"batsman": "S Badrinath", "bowler": "SK Trivedi", "non_striker": "SK Raina", "runs": {"batsman": 0, "extras": 0, "total": 0}}}, {"4.4": {"batsman": "S Badrinath", "bowler": "SK Trivedi", "non_striker": "SK Raina", "runs": {"batsman": 3, "extras": 0, "total": 3}}}, {"4.5": {"batsman": "SK Raina", "bowler": "SK Trivedi", "non_striker": "S Badrinath", "runs": {"batsman": 4, "extras": 0, "total": 4}}}, {"4.6": {"batsman": "SK Raina", "bowler": "SK Trivedi", "non_striker": "S Badrinath", "runs": {"batsman": 2, "extras": 0, "total": 2}}}, {"5.1": {"batsman": "S Badrinath", "bowler": "SR Watson", "non_striker": "SK Raina", "runs": {"batsman": 4, "extras": 0, "total": 4}}}, {"5.2": {"batsman": "S Badrinath", "bowler": "SR Watson", "non_striker": "SK Raina", "runs": {"batsman": 0, "extras": 0, "total": 0}}}, {"5.3": {"batsman": "S Badrinath", "bowler": "SR Watson", "non_striker": "SK Raina", "runs": {"batsman": 0, "extras": 0, "total": 0}}}, {"5.4": {"batsman": "S Badrinath", "bowler": "SR Watson", "non_striker": "SK Raina", "runs": {"batsman": 4, "extras": 0, "total": 4}}}, {"5.5": {"batsman": "S Badrinath", "bowler": "SR Watson", "non_striker": "SK Raina", "runs": {"batsman": 0, "extras": 0, "total": 0}, "wicket": {"kind": "caught and bowled", "player_out": "S Badrinath"}}}, {"5.6": {"batsman": "MS Dhoni", "bowler": "SR Watson", "non_striker": "SK Raina", "runs": {"batsman": 0, "extras": 0, "total": 0}}}, {"6.1": {"batsman": "SK Raina", "bowler": "MM Patel", "non_striker": "MS Dhoni", "runs": {"batsman": 1, "extras": 0, "total": 1}}}, {"6.2": {"batsman": "MS Dhoni", "bowler": "MM Patel", "non_striker": "SK Raina", "runs": {"batsman": 1, "extras": 0, "total": 1}}}, {"6.3": {"batsman": "SK Raina", "bowler": "MM Patel", "non_striker": "MS Dhoni", "runs": {"batsman": 0, "extras": 0, "total": 0}}}, {"6.4": {"batsman": "SK Raina", "bowler": "MM Patel", "non_striker": "MS Dhoni", "runs": {"batsman": 1, "extras": 0, "total": 1}}}, {"6.5": {"batsman": "MS Dhoni", "bowler": "MM Patel", "non_striker": "SK Raina", "runs": {"batsman": 0, "extras": 0, "total": 0}}}, {"6.6": {"batsman": "MS Dhoni", "bowler": "MM Patel", "non_striker": "SK Raina", "runs": {"batsman": 0, "extras": 0, "total": 0}}}, {"7.1": {"batsman": "SK Raina", "bowler": "SK Warne", "non_striker": "MS Dhoni", "runs": {"batsman": 2, "extras": 0, "total": 2}}}, {"7.2": {"batsman": "SK Raina", "bowler": "SK Warne", "non_striker": "MS Dhoni", "runs": {"batsman": 1, "extras": 0, "total": 1}}}, {"7.3": {"batsman": "MS Dhoni", "bowler": "SK Warne", "non_striker": "SK Raina", "runs": {"batsman": 0, "extras": 0, "total": 0}}}, {"7.4": {"batsman": "MS Dhoni", "bowler": "SK Warne", "non_striker": "SK Raina", "runs": {"batsman": 0, "extras": 0, "total": 0}}}, {"7.5": {"batsman": "MS Dhoni", "bowler": "SK Warne", "non_striker": "SK Raina", "runs": {"batsman": 0, "extras": 0, "total": 0}, "wicket": {"fielders": ["GC Smith"], "kind": "caught", "player_out": "MS Dhoni"}}}, {"7.6": {"batsman": "JA Morkel", "bowler": "SK Warne", "non_striker": "SK Raina", "runs": {"batsman": 2, "extras": 0, "total": 2}}}, {"8.1": {"batsman": "SK Raina", "bowler": "MM Patel", "non_striker": "JA Morkel", "runs": {"batsman": 1, "extras": 0, "total": 1}}}, {"8.2": {"batsman": "JA Morkel", "bowler": "MM Patel", "non_striker": "SK Raina", "runs": {"batsman": 0, "extras": 0, "total": 0}}}, {"8.3": {"batsman": "JA Morkel", "bowler": "MM Patel", "non_striker": "SK Raina", "runs": {"batsman": 1, "extras": 0, "total": 1}}}, {"8.4": {"batsman": "SK Raina", "bowler": "MM Patel", "non_striker": "JA Morkel", "runs": {"batsman": 1, "extras": 0, "total": 1}}}, {"8.5": {"batsman": "JA Morkel", "bowler": "MM Patel", "non_striker": "SK Raina", "runs": {"batsman": 1, "extras": 0, "total": 1}}}, {"8.6": {"batsman": "SK Raina", "bowler": "MM Patel", "non_striker": "JA Morkel", "runs": {"batsman": 1, "extras": 0, "total": 1}}}, {"9.1": {"batsman": "SK Raina", "bowler": "SK Warne", "non_striker": "JA Morkel", "runs": {"batsman": 1, "extras": 0, "total": 1}}}, {"9.2": {"batsman": "JA Morkel", "bowler": "SK Warne", "non_striker": "SK Raina", "runs": {"batsman": 0, "extras": 0, "total": 0}}}, {"9.3": {"batsman": "JA Morkel", "bowler": "SK Warne", "non_striker": "SK Raina", "runs": {"batsman": 1, "extras": 0, "total": 1}}}, {"9.4": {"batsman": "SK Raina", "bowler": "SK Warne", "non_striker": "JA Morkel", "runs": {"batsman": 0, "extras": 0, "total": 0}}}, {"9.5": {"batsman": "SK Raina", "bowler": "SK Warne", "non_striker": "JA Morkel", "runs": {"batsman": 1, "extras": 0, "total": 1}}}, {"9.6": {"batsman": "JA Morkel", "bowler": "SK Warne", "non_striker": "SK Raina", "runs": {"batsman": 4, "extras": 0, "total": 4}}}, {"10.1": {"batsman": "SK Raina", "bowler": "YK Pathan", "non_striker": "JA Morkel", "runs": {"batsman": 0, "extras": 0, "total": 0}}}, {"10.2": {"batsman": "SK Raina", "bowler": "YK Pathan", "non_striker": "JA Morkel", "runs": {"batsman": 1, "extras": 0, "total": 1}}}, {"10.3": {"batsman": "JA Morkel", "bowler": "YK Pathan", "non_striker": "SK Raina", "runs": {"batsman": 0, "extras": 0, "total": 0}}}, {"10.4": {"batsman": "JA Morkel", "bowler": "YK Pathan", "non_striker": "SK Raina", "runs": {"batsman": 0, "extras": 0, "total": 0}}}, {"10.5": {"batsman": "JA Morkel", "bowler": "YK Pathan", "non_striker": "SK Raina", "runs": {"batsman": 0, "extras": 0, "total": 0}}}, {"10.6": {"batsman": "JA Morkel", "bowler": "YK Pathan", "non_striker": "SK Raina", "runs": {"batsman": 0, "extras": 0, "total": 0}}}, {"11.1": {"batsman": "SK Raina", "bowler": "SK Warne", "non_striker": "JA Morkel", "runs": {"batsman": 1, "extras": 0, "total": 1}}}, {"11.2": {"batsman": "JA Morkel", "bowler": "SK Warne", "non_striker": "SK Raina", "runs": {"batsman": 4, "extras": 0, "total": 4}}}, {"11.3": {"batsman": "JA Morkel", "bowler": "SK Warne", "non_striker": "SK Raina", "runs": {"batsman": 0, "extras": 0, "total": 0}}}, {"11.4": {"batsman": "JA Morkel", "bowler": "SK Warne", "non_striker": "SK Raina", "runs": {"batsman": 6, "extras": 0, "total": 6}}}, {"11.5": {"batsman": "JA Morkel", "bowler": "SK Warne", "non_striker": "SK Raina", "runs": {"batsman": 4, "extras": 0, "total": 4}}}, {"11.6": {"batsman": "JA Morkel", "bowler": "SK Warne", "non_striker": "SK Raina", "runs": {"batsman": 2, "extras": 0, "total": 2}}}, {"12.1": {"batsman": "SK Raina", "bowler": "YK Pathan", "non_striker": "JA Morkel", "runs": {"batsman": 1, "extras": 0, "total": 1}}}, {"12.2": {"batsman": "JA Morkel", "bowler": "YK Pathan", "non_striker": "SK Raina", "runs": {"batsman": 4, "extras": 0, "total": 4}}}, {"12.3": {"batsman": "JA Morkel", "bowler": "YK Pathan", "non_striker": "SK Raina", "runs": {"batsman": 1, "extras": 0, "total": 1}}}, {"12.4": {"batsman": "SK Raina", "bowler": "YK Pathan", "non_striker": "JA Morkel", "runs": {"batsman": 1, "extras": 0, "total": 1}}}, {"12.5": {"batsman": "JA Morkel", "bowler": "YK Pathan", "non_striker": "SK Raina", "runs": {"batsman": 1, "extras": 0, "total": 1}}}, {"12.6": {"batsman": "SK Raina", "bowler": "YK Pathan", "non_striker": "JA Morkel", "runs": {"batsman": 0, "extras": 0, "total": 0}}}, {"13.1": {"batsman": "JA Morkel", "bowler": "SK Trivedi", "non_striker": "SK Raina", "runs": {"batsman": 0, "extras": 0, "total": 0}}}, {"13.2": {"batsman": "JA Morkel", "bowler": "SK Trivedi", "non_striker": "SK Raina", "runs": {"batsman": 0, "extras": 0, "total": 0}}}, {"13.3": {"batsman": "JA Morkel", "bowler": "SK Trivedi", "non_striker": "SK Raina", "runs": {"batsman": 1, "extras": 0, "total": 1}}}, {"13.4": {"batsman": "SK Raina", "bowler": "SK Trivedi", "non_striker": "JA Morkel", "runs": {"batsman": 1, "extras": 0, "total": 1}}}, {"13.5": {"batsman": "JA Morkel", "bowler": "SK Trivedi", "non_striker": "SK Raina", "runs": {"batsman": 0, "extras": 0, "total": 0}}}, {"13.6": {"batsman": "JA Morkel", "bowler": "SK Trivedi", "non_striker": "SK Raina", "runs": {"batsman": 1, "extras": 0, "total": 1}}}, {"14.1": {"batsman": "JA Morkel", "bowler": "MM Patel", "non_striker": "SK Raina", "runs": {"batsman": 1, "extras": 0, "total": 1}}}, {"14.2": {"batsman": "SK Raina", "bowler": "MM Patel", "non_striker": "JA Morkel", "runs": {"batsman": 0, "extras": 0, "total": 0}, "wicket": {"fielders": ["Sohail Tanvir"], "kind": "caught", "player_out": "SK Raina"}}}, {"14.3": {"batsman": "JA Morkel", "bowler": "MM Patel", "non_striker": "Joginder Sharma", "runs": {"batsman": 2, "extras": 0, "total": 2}}}, {"14.4": {"batsman": "JA Morkel", "bowler": "MM Patel", "non_striker": "Joginder Sharma", "runs": {"batsman": 1, "extras": 0, "total": 1}}}, {"14.5": {"batsman": "Joginder Sharma", "bowler": "MM Patel", "non_striker": "JA Morkel", "runs": {"batsman": 0, "extras": 0, "total": 0}, "wicket": {"fielders": ["Sohail Tanvir"], "kind": "caught", "player_out": "Joginder Sharma"}}}, {"14.6": {"batsman": "MS Gony", "bowler": "MM Patel", "non_striker": "JA Morkel", "runs": {"batsman": 0, "extras": 0, "total": 0}}}, {"15.1": {"batsman": "JA Morkel", "bowler": "SR Watson", "non_striker": "MS Gony", "runs": {"batsman": 2, "extras": 0, "total": 2}}}, {"15.2": {"batsman": "JA Morkel", "bowler": "SR Watson", "non_striker": "MS Gony", "runs": {"batsman": 2, "extras": 0, "total": 2}}}, {"15.3": {"batsman": "JA Morkel", "bowler": "SR Watson", "non_striker": "MS Gony", "runs": {"batsman": 0, "extras": 0, "total": 0}}}, {"15.4": {"batsman": "JA Morkel", "bowler": "SR Watson", "non_striker": "MS Gony", "runs": {"batsman": 0, "extras": 0, "total": 0}}}, {"15.5": {"batsman": "JA Morkel", "bowler": "SR Watson", "non_striker": "MS Gony", "runs": {"batsman": 1, "extras": 0, "total": 1}}}, {"15.6": {"batsman": "MS Gony", "bowler": "SR Watson", "non_striker": "JA Morkel", "runs": {"batsman": 0, "extras": 0, "total": 0}}}, {"16.1": {"batsman": "JA Morkel", "bowler": "Sohail Tanvir", "non_striker": "MS Gony", "runs": {"batsman": 0, "extras": 0, "total": 0}, "wicket": {"kind": "bowled", "player_out": "JA Morkel"}}}, {"16.2": {"batsman": "M Muralitharan", "bowler": "Sohail Tanvir", "non_striker": "MS Gony", "runs": {"batsman": 0, "extras": 0, "total": 0}}}, {"16.3": {"batsman": "M Muralitharan", "bowler": "Sohail Tanvir", "non_striker": "MS Gony", "runs": {"batsman": 0, "extras": 0, "total": 0}}}, {"16.4": {"batsman": "M Muralitharan", "bowler": "Sohail Tanvir", "non_striker": "MS Gony", "runs": {"batsman": 0, "extras": 0, "total": 0}, "wicket": {"kind": "bowled", "player_out": "M Muralitharan"}}}, {"16.5": {"batsman": "M Ntini", "bowler": "Sohail Tanvir", "non_striker": "MS Gony", "runs": {"batsman": 0, "extras": 0, "total": 0}}}, {"16.6": {"batsman": "M Ntini", "bowler": "Sohail Tanvir", "non_striker": "MS Gony", "runs": {"batsman": 1, "extras": 0, "total": 1}}}, {"17.1": {"batsman": "M Ntini", "bowler": "SR Watson", "non_striker": "MS Gony", "runs": {"batsman": 0, "extras": 0, "total": 0}}}, {"17.2": {"batsman": "M Ntini", "bowler": "SR Watson", "non_striker": "MS Gony", "runs": {"batsman": 0, "extras": 0, "total": 0}}}, {"17.3": {"batsman": "M Ntini", "bowler": "SR Watson", "extras": {"wides": 1}, "non_striker": "MS Gony", "runs": {"batsman": 0, "extras": 1, "total": 1}}}, {"17.4": {"batsman": "M Ntini", "bowler": "SR Watson", "non_striker": "MS Gony", "runs": {"batsman": 0, "extras": 0, "total": 0}}}, {"17.5": {"batsman": "M Ntini", "bowler": "SR Watson", "non_striker": "MS Gony", "runs": {"batsman": 0, "extras": 0, "total": 0}}}, {"17.6": {"batsman": "M Ntini", "bowler": "SR Watson", "non_striker": "MS Gony", "runs": {"batsman": 0, "extras": 0, "total": 0}}}, {"17.7": {"batsman": "M Ntini", "bowler": "SR Watson", "non_striker": "MS Gony", "runs": {"batsman": 0, "extras": 0, "total": 0}}}, {"18.1": {"batsman": "MS Gony", "bowler": "Sohail Tanvir", "non_striker": "M Ntini", "runs": {"batsman": 0, "extras": 0, "total": 0}}}, {"18.2": {"batsman": "MS Gony", "bowler": "Sohail Tanvir", "non_striker": "M Ntini", "runs": {"batsman": 1, "extras": 0, "total": 1}}}, {"18.3": {"batsman": "M Ntini", "bowler": "Sohail Tanvir", "non_striker": "MS Gony", "runs": {"batsman": 4, "extras": 0, "total": 4}}}, {"18.4": {"batsman": "M Ntini", "bowler": "Sohail Tanvir", "non_striker": "MS Gony", "runs": {"batsman": 4, "extras": 0, "total": 4}}}, {"18.5": {"batsman": "M Ntini", "bowler": "Sohail Tanvir", "non_striker": "MS Gony", "runs": {"batsman": 2, "extras": 0, "total": 2}}}, {"18.6": {"batsman": "M Ntini", "bowler": "Sohail Tanvir", "non_striker": "MS Gony", "runs": {"batsman": 0, "extras": 0, "total": 0}, "wicket": {"kind": "bowled", "player_out": "M Ntini"}}}]