[{"0.1": {"batsman": "ST Jayasuriya", "bowler": "A Kumble", "non_striker": "SR Tendulkar", "runs": {"batsman": 2, "extras": 0, "total": 2}}}, {"0.2": {"batsman": "ST Jayasuriya", "bowler": "A Kumble", "non_striker": "SR Tendulkar", "runs": {"batsman": 4, "extras": 0, "total": 4}}}, {"0.3": {"batsman": "ST Jayasuriya", "bowler": "A Kumble", "non_striker": "SR Tendulkar", "runs": {"batsman": 1, "extras": 0, "total": 1}}}, {"0.4": {"batsman": "SR Tendulkar", "bowler": "A Kumble", "non_striker": "ST Jayasuriya", "runs": {"batsman": 1, "extras": 0, "total": 1}}}, {"0.5": {"batsman": "ST Jayasuriya", "bowler": "A Kumble", "non_striker": "SR Tendulkar", "runs": {"batsman": 1, "extras": 0, "total": 1}}}, {"0.6": {"batsman": "SR Tendulkar", "bowler": "A Kumble", "non_striker": "ST Jayasuriya", "runs": {"batsman": 0, "extras": 0, "total": 0}}}, {"1.1": {"batsman": "ST Jayasuriya", "bowler": "DW Steyn", "non_striker": "SR Tendulkar", "runs": {"batsman": 0, "extras": 0, "total": 0}}}, {"1.2": {"batsman": "ST Jayasuriya", "bowler": "DW Steyn", "extras": {"wides": 1}, "non_striker": "SR Tendulkar", "runs": {"batsman": 0, "extras": 1, "total": 1}}}, {"1.3": {"batsman": "ST Jayasuriya", "bowler": "DW Steyn", "non_striker": "SR Tendulkar", "runs": {"batsman": 0, "extras": 0, "total": 0}}}, {"1.4": {"batsman": "ST Jayasuriya", "bowler": "DW Steyn", "non_striker": "SR Tendulkar", "runs": {"batsman": 0, "extras": 0, "total": 0}}}, {"1.5": {"batsman": "ST Jayasuriya", "bowler": "DW Steyn", "non_striker": "SR Tendulkar", "runs": {"batsman": 0, "extras": 0, "total": 0}}}, {"1.6": {"batsman": "ST Jayasuriya", "bowler": "DW Steyn", "non_striker": "SR Tendulkar", "runs": {"batsman": 0, "extras": 0, "total": 0}}}, {"1.7": {"batsman": "ST Jayasuriya", "bowler": "DW Steyn", "non_striker": "SR Tendulkar", "runs": {"batsman": 0, "extras": 0, "total": 0}}}, {"2.1": {"batsman": "SR Tendulkar", "bowler": "P Kumar", "non_striker": "ST Jayasuriya", "runs": {"batsman": 0, "extras": 0, "total": 0}}}, {"2.2": {"batsman": "SR Tendulkar", "bowler": "P Kumar", "non_striker": "ST Jayasuriya", "runs": {"batsman": 0, "extras": 0, "total": 0}}}, {"2.3": {"batsman": "SR Tendulkar", "bowler": "P Kumar", "non_striker": "ST Jayasuriya", "runs": {"batsman": 0, "extras": 0, "total": 0}}}, {"2.4": {"batsman": "SR Tendulkar", "bowler": "P Kumar", "non_striker": "ST Jayasuriya", "runs": {"batsman": 0, "extras": 0, "total": 0}}}, {"2.5": {"batsman": "SR Tendulkar", "bowler": "P Kumar", "non_striker": "ST Jayasuriya", "runs": {"batsman": 1, "extras": 0, "total": 1}}}, {"2.6": {"batsman": "ST Jayasuriya", "bowler": "P Kumar", "non_striker": "SR Tendulkar", "runs": {"batsman": 6, "extras": 0, "total": 6}}}, {"3.1": {"batsman": "SR Tendulkar", "bowler": "DW Steyn", "non_striker": "ST Jayasuriya", "runs": {"batsman": 0, "extras": 0, "total": 0}}}, {"3.2": {"batsman": "SR Tendulkar", "bowler": "DW Steyn", "non_striker": "ST Jayasuriya", "runs": {"batsman": 1, "extras": 0, "total": 1}}}, {"3.3": {"batsman": "ST Jayasuriya", "bowler": "DW Steyn", "non_striker": "SR Tendulkar", "runs": {"batsman": 0, "extras": 0, "total": 0}}}, {"3.4": {"batsman": "ST Jayasuriya", "bowler": "DW Steyn", "extras": {"legbyes": 1}, "non_striker": "SR Tendulkar", "runs": {"batsman": 0, "extras": 1, "total": 1}}}, {"3.5": {"batsman": "SR Tendulkar", "bowler": "DW Steyn", "non_striker": "ST Jayasuriya", "runs": {"batsman": 1, "extras": 0, "total": 1}}}, {"3.6": {"batsman": "ST Jayasuriya", "bowler": "DW Steyn", "extras": {"wides": 1}, "non_striker": "SR Tendulkar", "runs": {"batsman": 0, "extras": 1, "total": 1}}}, {"3.7": {"batsman": "ST Jayasuriya", "bowler": "DW Steyn", "non_striker": "SR Tendulkar", "runs": {"batsman": 1, "extras": 0, "total": 1}}}, {"4.1": {"batsman": "ST Jayasuriya", "bowler": "P Kumar", "non_striker": "SR Tendulkar", "runs": {"batsman": 1, "extras": 0, "total": 1}}}, {"4.2": {"batsman": "SR Tendulkar", "bowler": "P Kumar", "non_striker": "ST Jayasuriya", "runs": {"batsman": 0, "extras": 0, "total": 0}}}, {"4.3": {"batsman": "SR Tendulkar", "bowler": "P Kumar", "non_striker": "ST Jayasuriya", "runs": {"batsman": 0, "extras": 0, "total": 0}}}, {"4.4": {"batsman": "SR Tendulkar", "bowler": "P Kumar", "non_striker": "ST Jayasuriya", "runs": {"batsman": 4, "extras": 0, "total": 4}}}, {"4.5": {"batsman": "SR Tendulkar", "bowler": "P Kumar", "non_striker": "ST Jayasuriya", "runs": {"batsman": 2, "extras": 0, "total": 2}}}, {"4.6": {"batsman": "SR Tendulkar", "bowler": "P Kumar", "extras": {"wides": 1}, "non_striker": "ST Jayasuriya", "runs": {"batsman": 0, "extras": 1, "total": 1}}}, {"4.7": {"batsman": "SR Tendulkar", "bowler": "P Kumar", "extras": {"wides": 5}, "non_striker": "ST Jayasuriya", "runs": {"batsman": 0, "extras": 5, "total": 5}}}, {"4.8": {"batsman": "SR Tendulkar", "bowler": "P Kumar", "non_striker": "ST Jayasuriya", "runs": {"batsman": 1, "extras": 0, "total": 1}}}, {"5.1": {"batsman": "SR Tendulkar", "bowler": "R Vinay Kumar", "non_striker": "ST Jayasuriya", "runs": {"batsman": 0, "extras": 0, "total": 0}}}, {"5.2": {"batsman": "SR Tendulkar", "bowler": "R Vinay Kumar", "non_striker": "ST Jayasuriya", "runs": {"batsman": 1, "extras": 0, "total": 1}}}, {"5.3": {"batsman": "ST Jayasuriya", "bowler": "R Vinay Kumar", "non_striker": "SR Tendulkar", "runs": {"batsman": 0, "extras": 0, "total": 0}}}, {"5.4": {"batsman": "ST Jayasuriya", "bowler": "R Vinay Kumar", "non_striker": "SR Tendulkar", "runs": {"batsman": 0, "extras": 0, "total": 0}}}, {"5.5": {"batsman": "ST Jayasuriya", "bowler": "R Vinay Kumar", "non_striker": "SR Tendulkar", "runs": {"batsman": 1, "extras": 0, "total": 1}}}, {"5.6": {"batsman": "SR Tendulkar", "bowler": "R Vinay Kumar", "non_striker": "ST Jayasuriya", "runs": {"batsman": 1, "extras": 0, "total": 1}}}, {"6.1": {"batsman": "SR Tendulkar", "bowler": "B Akhil", "non_striker": "ST Jayasuriya", "runs": {"batsman": 0, "extras": 0, "total": 0}}}, {"6.2": {"batsman": "SR Tendulkar", "bowler": "B Akhil", "extras": {"wides": 2}, "non_striker": "ST Jayasuriya", "runs": {"batsman": 0, "extras": 2, "total": 2}}}, {"6.3": {"batsman": "ST Jayasuriya", "bowler": "B Akhil", "non_striker": "SR Tendulkar", "runs": {"batsman": 0, "extras": 0, "total": 0}}}, {"6.4": {"batsman": "ST Jayasuriya", "bowler": "B Akhil", "non_striker": "SR Tendulkar", "runs": {"batsman": 1, "extras": 0, "total": 1}}}, {"6.5": {"batsman": "SR Tendulkar", "bowler": "B Akhil", "extras": {"legbyes": 1}, "non_striker": "ST Jayasuriya", "runs": {"batsman": 0, "extras": 1, "total": 1}}}, {"6.6": {"batsman": "ST Jayasuriya", "bowler": "B Akhil", "non_striker": "SR Tendulkar", "runs": {"batsman": 0, "extras": 0, "total": 0}}}, {"6.7": {"batsman": "ST Jayasuriya", "bowler": "B Akhil", "non_striker": "SR Tendulkar", "runs": {"batsman": 1, "extras": 0, "total": 1}}}, {"7.1": {"batsman": "ST Jayasuriya", "bowler": "R Vinay Kumar", "non_striker": "SR Tendulkar", "runs": {"batsman": 0, "extras": 0, "total": 0}}}, {"7.2": {"batsman": "ST Jayasuriya", "bowler": "R Vinay Kumar", "non_striker": "SR Tendulkar", "runs": {"batsman": 6, "extras": 0, "total": 6}}}, {"7.3": {"batsman": "ST Jayasuriya", "bowler": "R Vinay Kumar", "non_striker": "SR Tendulkar", "runs": {"batsman": 6, "extras": 0, "total": 6}}}, {"7.4": {"batsman": "ST Jayasuriya", "bowler": "R Vinay Kumar", "non_striker": "SR Tendulkar", "runs": {"batsman": 4, "extras": 0, "total": 4}}}, {"7.5": {"batsman": "ST Jayasuriya", "bowler": "R Vinay Kumar", "non_striker": "SR Tendulkar", "runs": {"batsman": 0, "extras": 0, "total": 0}}}, {"7.6": {"batsman": "ST Jayasuriya", "bowler": "R Vinay Kumar", "non_striker": "SR Tendulkar", "runs": {"batsman": 0, "extras": 0, "total": 0}}}, {"8.1": {"batsman": "SR Tendulkar", "bowler": "A Kumble", "non_striker": "ST Jayasuriya", "runs": {"batsman": 0, "extras": 0, "total": 0}}}, {"8.2": {"batsman": "SR Tendulkar", "bowler": "A Kumble", "non_striker": "ST Jayasuriya", "runs": {"batsman": 1, "extras": 0, "total": 1}}}, {"8.3": {"batsman": "ST Jayasuriya", "bowler": "A Kumble", "non_striker": "SR Tendulkar", "runs": {"batsman": 1, "extras": 0, "total": 1}}}, {"8.4": {"batsman": "SR Tendulkar", "bowler": "A Kumble", "non_striker": "ST Jayasuriya", "runs": {"batsman": 1, "extras": 0, "total": 1}}}, {"8.5": {"batsman": "ST Jayasuriya", "bowler": "A Kumble", "non_striker": "SR Tendulkar", "runs": {"batsman": 4, "extras": 0, "total": 4}}}, {"8.6": {"batsman": "ST Jayasuriya", "bowler": "A Kumble", "non_striker": "SR Tendulkar", "runs": {"batsman": 4, "extras": 0, "total": 4}}}, {"9.1": {"batsman": "SR Tendulkar", "bowler": "B Akhil", "non_striker": "ST Jayasuriya", "runs": {"batsman": 1, "extras": 0, "total": 1}}}, {"9.2": {"batsman": "ST Jayasuriya", "bowler": "B Akhil", "non_striker": "SR Tendulkar", "runs": {"batsman": 1, "extras": 0, "total": 1}}}, {"9.3": {"batsman": "SR Tendulkar", "bowler": "B Akhil", "non_striker": "ST Jayasuriya", "runs": {"batsman": 1, "extras": 0, "total": 1}}}, {"9.4": {"batsman": "ST Jayasuriya", "bowler": "B Akhil", "non_striker": "SR Tendulkar", "runs": {"batsman": 1, "extras": 0, "total": 1}}}, {"9.5": {"batsman": "SR Tendulkar", "bowler": "B Akhil", "non_striker": "ST Jayasuriya", "runs": {"batsman": 4, "extras": 0, "total": 4}}}, {"9.6": {"batsman": "SR Tendulkar", "bowler": "B Akhil", "non_striker": "ST Jayasuriya", "runs": {"batsman": 0, "extras": 0, "total": 0}}}, {"10.1": {"batsman": "ST Jayasuriya", "bowler": "A Kumble", "non_striker": "SR Tendulkar", "runs": {"batsman": 6, "extras": 0, "total": 6}}}, {"10.2": {"batsman": "ST Jayasuriya", "bowler": "A Kumble", "non_striker": "SR Tendulkar", "runs": {"batsman": 1, "extras": 0, "total": 1}}}, {"10.3": {"batsman": "SR Tendulkar", "bowler": "A Kumble", "non_striker": "ST Jayasuriya", "runs": {"batsman": 1, "extras": 0, "total": 1}}}, {"10.4": {"batsman": "ST Jayasuriya", "bowler": "A Kumble", "non_striker": "SR Tendulkar", "runs": {"batsman": 1, "extras": 0, "total": 1}}}, {"10.5": {"batsman": "SR Tendulkar", "bowler": "A Kumble", "non_striker": "ST Jayasuriya", "runs": {"batsman": 6, "extras": 0, "total": 6}}}, {"10.6": {"batsman": "SR Tendulkar", "bowler": "A Kumble", "non_striker": "ST Jayasuriya", "runs": {"batsman": 1, "extras": 0, "total": 1}}}, {"11.1": {"batsman": "SR Tendulkar", "bowler": "DW Steyn", "non_striker": "ST Jayasuriya", "runs": {"batsman": 0, "extras": 0, "total": 0}}}, {"11.2": {"batsman": "SR Tendulkar", "bowler": "DW Steyn", "non_striker": "ST Jayasuriya", "runs": {"batsman": 1, "extras": 0, "total": 1}}}, {"11.3": {"batsman": "ST Jayasuriya", "bowler": "DW Steyn", "non_striker": "SR Tendulkar", "runs": {"batsman": 0, "extras": 0, "total": 0}, "wicket": {"fielders": ["B Akhil"], "kind": "caught", "player_out": "ST Jayasuriya"}}}, {"11.4": {"batsman": "RV Uthappa", "bowler": "DW Steyn", "non_striker": "SR Tendulkar", "runs": {"batsman": 0, "extras": 0, "total": 0}}}, {"11.5": {"batsman": "RV Uthappa", "bowler": "DW Steyn", "non_striker": "SR Tendulkar", "runs": {"batsman": 0, "extras": 0, "total": 0}}}, {"11.6": {"batsman": "RV Uthappa", "bowler": "DW Steyn", "non_striker": "SR Tendulkar", "runs": {"batsman": 0, "extras": 0, "total": 0}}}, {"12.1": {"batsman": "SR Tendulkar", "bowler": "R Vinay Kumar", "non_striker": "RV Uthappa", "runs": {"batsman": 0, "extras": 0, "total": 0}}}, {"12.2": {"batsman": "SR Tendulkar", "bowler": "R Vinay Kumar", "non_striker": "RV Uthappa", "runs": {"batsman": 1, "extras": 0, "total": 1}}}, {"12.3": {"batsman": "RV Uthappa", "bowler": "R Vinay Kumar", "non_striker": "SR Tendulkar", "runs": {"batsman": 4, "extras": 0, "total": 4}}}, {"12.4": {"batsman": "RV Uthappa", "bowler": "R Vinay Kumar", "non_striker": "SR Tendulkar", "runs": {"batsman": 0, "extras": 0, "total": 0}}}, {"12.5": {"batsman": "RV Uthappa", "bowler": "R Vinay Kumar", "non_striker": "SR Tendulkar", "runs": {"batsman": 0, "extras": 0, "total": 0}}}, {"12.6": {"batsman": "RV Uthappa", "bowler": "R Vinay Kumar", "non_striker": "SR Tendulkar", "runs": {"batsman": 1, "extras": 0, "total": 1}}}, {"13.1": {"batsman": "RV Uthappa", "bowler": "DW Steyn", "non_striker": "SR Tendulkar", "runs": {"batsman": 0, "extras": 0, "total": 0}}}, {"13.2": {"batsman": "RV Uthappa", "bowler": "DW Steyn", "non_striker": "SR Tendulkar", "runs": {"batsman": 6, "extras": 0, "total": 6}}}, {"13.3": {"batsman": "RV Uthappa", "bowler": "DW Steyn", "non_striker": "SR Tendulkar", "runs": {"batsman": 1, "extras": 0, "total": 1}}}, {"13.4": {"batsman": "SR Tendulkar", "bowler": "DW Steyn", "non_striker": "RV Uthappa", "runs": {"batsman": 0, "extras": 0, "total": 0}}}, {"13.5": {"batsman": "SR Tendulkar", "bowler": "DW Steyn", "non_striker": "RV Uthappa", "runs": {"batsman": 0, "extras": 0, "total": 0}}}, {"13.6": {"batsman": "SR Tendulkar", "bowler": "DW Steyn", "extras": {"wides": 1}, "non_striker": "RV Uthappa", "runs": {"batsman": 0, "extras": 1, "total": 1}}}, {"13.7": {"batsman": "SR Tendulkar", "bowler": "DW Steyn", "non_striker": "RV Uthappa", "runs": {"batsman": 0, "extras": 0, "total": 0}}}, {"14.1": {"batsman": "RV Uthappa", "bowler": "B Akhil", "non_striker": "SR Tendulkar", "runs": {"batsman": 4, "extras": 0, "total": 4}}}, {"14.2": {"batsman": "RV Uthappa", "bowler": "B Akhil", "non_striker": "SR Tendulkar", "runs": {"batsman": 0, "extras": 0, "total": 0}}}, {"14.3": {"batsman": "RV Uthappa", "bowler": "B Akhil", "non_striker": "SR Tendulkar", "runs": {"batsman": 1, "extras": 0, "total": 1}}}, {"14.4": {"batsman": "SR Tendulkar", "bowler": "B Akhil", "non_striker": "RV Uthappa", "runs": {"batsman": 0, "extras": 0, "total": 0}}}, {"14.5": {"batsman": "SR Tendulkar", "bowler": "B Akhil", "non_striker": "RV Uthappa", "runs": {"batsman": 1, "extras": 0, "total": 1}}}, {"14.6": {"batsman": "RV Uthappa", "bowler": "B Akhil", "non_striker": "SR Tendulkar", "runs": {"batsman": 1, "extras": 0, "total": 1}}}, {"15.1": {"batsman": "RV Uthappa", "bowler": "A Kumble", "non_striker": "SR Tendulkar", "runs": {"batsman": 0, "extras": 0, "total": 0}}}, {"15.2": {"batsman": "RV Uthappa", "bowler": "A Kumble", "non_striker": "SR Tendulkar", "runs": {"batsman": 1, "extras": 0, "total": 1}}}, {"15.3": {"batsman": "SR Tendulkar", "bowler": "A Kumble", "non_striker": "RV Uthappa", "runs": {"batsman": 0, "extras": 0, "total": 0}}}, {"15.4": {"batsman": "SR Tendulkar", "bowler": "A Kumble", "non_striker": "RV Uthappa", "runs": {"batsman": 0, "extras": 0, "total": 0}}}, {"15.5": {"batsman": "SR Tendulkar", "bowler": "A Kumble", "non_striker": "RV Uthappa", "runs": {"batsman": 4, "extras": 0, "total": 4}}}, {"15.6": {"batsman": "SR Tendulkar", "bowler": "A Kumble", "non_striker": "RV Uthappa", "runs": {"batsman": 4, "extras": 0, "total": 4}}}]