[{"0.1": {"batsman": "G Gambhir", "bowler": "SM Pollock", "non_striker": "V Sehwag", "runs": {"batsman": 0, "extras": 0, "total": 0}}}, {"0.2": {"batsman": "G Gambhir", "bowler": "SM Pollock", "non_striker": "V Sehwag", "runs": {"batsman": 1, "extras": 0, "total": 1}}}, {"0.3": {"batsman": "V Sehwag", "bowler": "SM Pollock", "non_striker": "G Gambhir", "runs": {"batsman": 1, "extras": 0, "total": 1}}}, {"0.4": {"batsman": "G Gambhir", "bowler": "SM Pollock", "non_striker": "V Sehwag", "runs": {"batsman": 0, "extras": 0, "total": 0}}}, {"0.5": {"batsman": "G Gambhir", "bowler": "SM Pollock", "non_striker": "V Sehwag", "runs": {"batsman": 0, "extras": 0, "total": 0}}}, {"0.6": {"batsman": "G Gambhir", "bowler": "SM Pollock", "non_striker": "V Sehwag", "runs": {"batsman": 0, "extras": 0, "total": 0}}}, {"1.1": {"batsman": "V Sehwag", "bowler": "A Nehra", "non_striker": "G Gambhir", "runs": {"batsman": 1, "extras": 0, "total": 1}}}, {"1.2": {"batsman": "G Gambhir", "bowler": "A Nehra", "non_striker": "V Sehwag", "runs": {"batsman": 0, "extras": 0, "total": 0}}}, {"1.3": {"batsman": "G Gambhir", "bowler": "A Nehra", "non_striker": "V Sehwag", "runs": {"batsman": 0, "extras": 0, "total": 0}}}, {"1.4": {"batsman": "G Gambhir", "bowler": "A Nehra", "non_striker": "V Sehwag", "runs": {"batsman": 0, "extras": 0, "total": 0}}}, {"1.5": {"batsman": "G Gambhir", "bowler": "A Nehra", "non_striker": "V Sehwag", "runs": {"batsman": 0, "extras": 0, "total": 0}, "wicket": {"fielders": ["RV Uthappa"], "kind": "caught", "player_out": "G Gambhir"}}}, {"1.6": {"batsman": "S Dhawan", "bowler": "A Nehra", "non_striker": "V Sehwag", "runs": {"batsman": 1, "extras": 0, "total": 1}}}, {"2.1": {"batsman": "S Dhawan", "bowler": "SM Pollock", "non_striker": "V Sehwag", "runs": {"batsman": 0, "extras": 0, "total": 0}}}, {"2.2": {"batsman": "S Dhawan", "bowler": "SM Pollock", "non_striker": "V Sehwag", "runs": {"batsman": 0, "extras": 0, "total": 0}, "wicket": {"fielders": ["RV Uthappa"], "kind": "caught", "player_out": "S Dhawan"}}}, {"2.3": {"batsman": "AB de Villiers", "bowler": "SM Pollock", "non_striker": "V Sehwag", "runs": {"batsman": 0, "extras": 0, "total": 0}}}, {"2.4": {"batsman": "AB de Villiers", "bowler": "SM Pollock", "non_striker": "V Sehwag", "runs": {"batsman": 0, "extras": 0, "total": 0}}}, {"2.5": {"batsman": "AB de Villiers", "bowler": "SM Pollock", "non_striker": "V Sehwag", "runs": {"batsman": 2, "extras": 0, "total": 2}}}, {"2.6": {"batsman": "AB de Villiers", "bowler": "SM Pollock", "non_striker": "V Sehwag", "runs": {"batsman": 0, "extras": 0, "total": 0}}}, {"3.1": {"batsman": "V Sehwag", "bowler": "A Nehra", "non_striker": "AB de Villiers", "runs": {"batsman": 1, "extras": 0, "total": 1}}}, {"3.2": {"batsman": "AB de Villiers", "bowler": "A Nehra", "non_striker": "V Sehwag", "runs": {"batsman": 6, "extras": 0, "total": 6}}}, {"3.3": {"batsman": "AB de Villiers", "bowler": "A Nehra", "non_striker": "V Sehwag", "runs": {"batsman": 4, "extras": 0, "total": 4}}}, {"3.4": {"batsman": "AB de Villiers", "bowler": "A Nehra", "non_striker": "V Sehwag", "runs": {"batsman": 1, "extras": 0, "total": 1}}}, {"3.5": {"batsman": "V Sehwag", "bowler": "A Nehra", "non_striker": "AB de Villiers", "runs": {"batsman": 4, "extras": 0, "total": 4}}}, {"3.6": {"batsman": "V Sehwag", "bowler": "A Nehra", "non_striker": "AB de Villiers", "runs": {"batsman": 0, "extras": 0, "total": 0}}}, {"4.1": {"batsman": "AB de Villiers", "bowler": "SM Pollock", "non_striker": "V Sehwag", "runs": {"batsman": 0, "extras": 0, "total": 0}}}, {"4.2": {"batsman": "AB de Villiers", "bowler": "SM Pollock", "non_striker": "V Sehwag", "runs": {"batsman": 0, "extras": 0, "total": 0}}}, {"4.3": {"batsman": "AB de Villiers", "bowler": "SM Pollock", "non_striker": "V Sehwag", "runs": {"batsman": 0, "extras": 0, "total": 0}}}, {"4.4": {"batsman": "AB de Villiers", "bowler": "SM Pollock", "non_striker": "V Sehwag", "runs": {"batsman": 0, "extras": 0, "total": 0}}}, {"4.5": {"batsman": "AB de Villiers", "bowler": "SM Pollock", "non_striker": "V Sehwag", "runs": {"batsman": 1, "extras": 0, "total": 1}}}, {"4.6": {"batsman": "V Sehwag", "bowler": "SM Pollock", "non_striker": "AB de Villiers", "runs": {"batsman": 6, "extras": 0, "total": 6}}}, {"5.1": {"batsman": "AB de Villiers", "bowler": "DJ Bravo", "non_striker": "V Sehwag", "runs": {"batsman": 1, "extras": 0, "total": 1}}}, {"5.2": {"batsman": "V Sehwag", "bowler": "DJ Bravo", "non_striker": "AB de Villiers", "runs": {"batsman": 1, "extras": 0, "total": 1}}}, {"5.3": {"batsman": "AB de Villiers", "bowler": "DJ Bravo", "non_striker": "V Sehwag", "runs": {"batsman": 2, "extras": 0, "total": 2}}}, {"5.4": {"batsman": "AB de Villiers", "bowler": "DJ Bravo", "non_striker": "V Sehwag", "runs": {"batsman": 0, "extras": 0, "total": 0}}}, {"5.5": {"batsman": "AB de Villiers", "bowler": "DJ Bravo", "non_striker": "V Sehwag", "runs": {"batsman": 0, "extras": 0, "total": 0}}}, {"5.6": {"batsman": "AB de Villiers", "bowler": "DJ Bravo", "non_striker": "V Sehwag", "runs": {"batsman": 4, "extras": 0, "total": 4}}}, {"6.1": {"batsman": "V Sehwag", "bowler": "DS Kulkarni", "non_striker": "AB de Villiers", "runs": {"batsman": 0, "extras": 0, "total": 0}, "wicket": {"fielders": ["DS Kulkarni"], "kind": "run out", "player_out": "AB de Villiers"}}}, {"6.2": {"batsman": "V Sehwag", "bowler": "DS Kulkarni", "non_striker": "Shoaib Malik", "runs": {"batsman": 1, "extras": 0, "total": 1}}}, {"6.3": {"batsman": "Shoaib Malik", "bowler": "DS Kulkarni", "extras": {"noballs": 1}, "non_striker": "V Sehwag", "runs": {"batsman": 1, "extras": 1, "total": 2}}}, {"6.4": {"batsman": "V Sehwag", "bowler": "DS Kulkarni", "non_striker": "Shoaib Malik", "runs": {"batsman": 1, "extras": 0, "total": 1}}}, {"6.5": {"batsman": "Shoaib Malik", "bowler": "DS Kulkarni", "non_striker": "V Sehwag", "runs": {"batsman": 0, "extras": 0, "total": 0}}}, {"6.6": {"batsman": "Shoaib Malik", "bowler": "DS Kulkarni", "non_striker": "V Sehwag", "runs": {"batsman": 1, "extras": 0, "total": 1}}}, {"6.7": {"batsman": "V Sehwag", "bowler": "DS Kulkarni", "non_striker": "Shoaib Malik", "runs": {"batsman": 0, "extras": 0, "total": 0}}}, {"7.1": {"batsman": "Shoaib Malik", "bowler": "DJ Bravo", "non_striker": "V Sehwag", "runs": {"batsman": 2, "extras": 0, "total": 2}}}, {"7.2": {"batsman": "Shoaib Malik", "bowler": "DJ Bravo", "non_striker": "V Sehwag", "runs": {"batsman": 1, "extras": 0, "total": 1}}}, {"7.3": {"batsman": "V Sehwag", "bowler": "DJ Bravo", "non_striker": "Shoaib Malik", "runs": {"batsman": 1, "extras": 0, "total": 1}}}, {"7.4": {"batsman": "Shoaib Malik", "bowler": "DJ Bravo", "non_striker": "V Sehwag", "runs": {"batsman": 2, "extras": 0, "total": 2}}}, {"7.5": {"batsman": "Shoaib Malik", "bowler": "DJ Bravo", "non_striker": "V Sehwag", "runs": {"batsman": 1, "extras": 0, "total": 1}}}, {"7.6": {"batsman": "V Sehwag", "bowler": "DJ Bravo", "non_striker": "Shoaib Malik", "runs": {"batsman": 4, "extras": 0, "total": 4}}}, {"8.1": {"batsman": "Shoaib Malik", "bowler": "DS Kulkarni", "non_striker": "V Sehwag", "runs": {"batsman": 4, "extras": 0, "total": 4}}}, {"8.2": {"batsman": "Shoaib Malik", "bowler": "DS Kulkarni", "non_striker": "V Sehwag", "runs": {"batsman": 2, "extras": 0, "total": 2}}}, {"8.3": {"batsman": "Shoaib Malik", "bowler": "DS Kulkarni", "non_striker": "V Sehwag", "runs": {"batsman": 1, "extras": 0, "total": 1}}}, {"8.4": {"batsman": "V Sehwag", "bowler": "DS Kulkarni", "non_striker": "Shoaib Malik", "runs": {"batsman": 4, "extras": 0, "total": 4}}}, {"8.5": {"batsman": "V Sehwag", "bowler": "DS Kulkarni", "non_striker": "Shoaib Malik", "runs": {"batsman": 1, "extras": 0, "total": 1}}}, {"8.6": {"batsman": "Shoaib Malik", "bowler": "DS Kulkarni", "non_striker": "V Sehwag", "runs": {"batsman": 0, "extras": 0, "total": 0}}}, {"9.1": {"batsman": "V Sehwag", "bowler": "ST Jayasuriya", "non_striker": "Shoaib Malik", "runs": {"batsman": 6, "extras": 0, "total": 6}}}, {"9.2": {"batsman": "V Sehwag", "bowler": "ST Jayasuriya", "non_striker": "Shoaib Malik", "runs": {"batsman": 1, "extras": 0, "total": 1}}}, {"9.3": {"batsman": "Shoaib Malik", "bowler": "ST Jayasuriya", "non_striker": "V Sehwag", "runs": {"batsman": 1, "extras": 0, "total": 1}}}, {"9.4": {"batsman": "V Sehwag", "bowler": "ST Jayasuriya", "non_striker": "Shoaib Malik", "runs": {"batsman": 1, "extras": 0, "total": 1}}}, {"9.5": {"batsman": "Shoaib Malik", "bowler": "ST Jayasuriya", "non_striker": "V Sehwag", "runs": {"batsman": 1, "extras": 0, "total": 1}}}, {"9.6": {"batsman": "V Sehwag", "bowler": "ST Jayasuriya", "non_striker": "Shoaib Malik", "runs": {"batsman": 6, "extras": 0, "total": 6}}}, {"10.1": {"batsman": "Shoaib Malik", "bowler": "DJ Thornely", "non_striker": "V Sehwag", "runs": {"batsman": 1, "extras": 0, "total": 1}}}, {"10.2": {"batsman": "V Sehwag", "bowler": "DJ Thornely", "non_striker": "Shoaib Malik", "runs": {"batsman": 0, "extras": 0, "total": 0}, "wicket": {"fielders": ["SM Pollock"], "kind": "caught", "player_out": "V Sehwag"}}}, {"10.3": {"batsman": "KD Karthik", "bowler": "DJ Thornely", "non_striker": "Shoaib Malik", "runs": {"batsman": 1, "extras": 0, "total": 1}}}, {"10.4": {"batsman": "Shoaib Malik", "bowler": "DJ Thornely", "non_striker": "KD Karthik", "runs": {"batsman": 0, "extras": 0, "total": 0}}}, {"10.5": {"batsman": "Shoaib Malik", "bowler": "DJ Thornely", "non_striker": "KD Karthik", "runs": {"batsman": 1, "extras": 0, "total": 1}}}, {"10.6": {"batsman": "KD Karthik", "bowler": "DJ Thornely", "non_striker": "Shoaib Malik", "runs": {"batsman": 1, "extras": 0, "total": 1}}}, {"11.1": {"batsman": "KD Karthik", "bowler": "A Nehra", "non_striker": "Shoaib Malik", "runs": {"batsman": 1, "extras": 0, "total": 1}}}, {"11.2": {"batsman": "Shoaib Malik", "bowler": "A Nehra", "non_striker": "KD Karthik", "runs": {"batsman": 1, "extras": 0, "total": 1}}}, {"11.3": {"batsman": "KD Karthik", "bowler": "A Nehra", "non_striker": "Shoaib Malik", "runs": {"batsman": 0, "extras": 0, "total": 0}}}, {"11.4": {"batsman": "KD Karthik", "bowler": "A Nehra", "non_striker": "Shoaib Malik", "runs": {"batsman": 1, "extras": 0, "total": 1}}}, {"11.5": {"batsman": "Shoaib Malik", "bowler": "A Nehra", "non_striker": "KD Karthik", "runs": {"batsman": 1, "extras": 0, "total": 1}}}, {"11.6": {"batsman": "KD Karthik", "bowler": "A Nehra", "extras": {"legbyes": 1}, "non_striker": "Shoaib Malik", "runs": {"batsman": 0, "extras": 1, "total": 1}}}, {"12.1": {"batsman": "KD Karthik", "bowler": "DJ Thornely", "non_striker": "Shoaib Malik", "runs": {"batsman": 4, "extras": 0, "total": 4}}}, {"12.2": {"batsman": "KD Karthik", "bowler": "DJ Thornely", "non_striker": "Shoaib Malik", "runs": {"batsman": 0, "extras": 0, "total": 0}}}, {"12.3": {"batsman": "KD Karthik", "bowler": "DJ Thornely", "non_striker": "Shoaib Malik", "runs": {"batsman": 4, "extras": 0, "total": 4}}}, {"12.4": {"batsman": "KD Karthik", "bowler": "DJ Thornely", "non_striker": "Shoaib Malik", "runs": {"batsman": 1, "extras": 0, "total": 1}}}, {"12.5": {"batsman": "Shoaib Malik", "bowler": "DJ Thornely", "non_striker": "KD Karthik", "runs": {"batsman": 1, "extras": 0, "total": 1}}}, {"12.6": {"batsman": "KD Karthik", "bowler": "DJ Thornely", "non_striker": "Shoaib Malik", "runs": {"batsman": 1, "extras": 0, "total": 1}}}, {"13.1": {"batsman": "KD Karthik", "bowler": "RR Raje", "non_striker": "Shoaib Malik", "runs": {"batsman": 0, "extras": 0, "total": 0}}}, {"13.2": {"batsman": "KD Karthik", "bowler": "RR Raje", "non_striker": "Shoaib Malik", "runs": {"batsman": 1, "extras": 0, "total": 1}}}, {"13.3": {"batsman": "Shoaib Malik", "bowler": "RR Raje", "non_striker": "KD Karthik", "runs": {"batsman": 1, "extras": 0, "total": 1}}}, {"13.4": {"batsman": "KD Karthik", "bowler": "RR Raje", "non_striker": "Shoaib Malik", "runs": {"batsman": 4, "extras": 0, "total": 4}}}, {"13.5": {"batsman": "KD Karthik", "bowler": "RR Raje", "non_striker": "Shoaib Malik", "runs": {"batsman": 1, "extras": 0, "total": 1}}}, {"13.6": {"batsman": "Shoaib Malik", "bowler": "RR Raje", "non_striker": "KD Karthik", "runs": {"batsman": 1, "extras": 0, "total": 1}}}, {"14.1": {"batsman": "Shoaib Malik", "bowler": "SM Pollock", "non_striker": "KD Karthik", "runs": {"batsman": 0, "extras": 0, "total": 0}, "wicket": {"fielders": ["AM Nayar"], "kind": "caught", "player_out": "Shoaib Malik"}}}, {"14.2": {"batsman": "KD Karthik", "bowler": "SM Pollock", "non_striker": "R Bhatia", "runs": {"batsman": 1, "extras": 0, "total": 1}}}, {"14.3": {"batsman": "R Bhatia", "bowler": "SM Pollock", "non_striker": "KD Karthik", "runs": {"batsman": 1, "extras": 0, "total": 1}}}, {"14.4": {"batsman": "KD Karthik", "bowler": "SM Pollock", "non_striker": "R Bhatia", "runs": {"batsman": 0, "extras": 0, "total": 0}}}, {"14.5": {"batsman": "KD Karthik", "bowler": "SM Pollock", "non_striker": "R Bhatia", "runs": {"batsman": 2, "extras": 0, "total": 2}}}, {"14.6": {"batsman": "KD Karthik", "bowler": "SM Pollock", "non_striker": "R Bhatia", "runs": {"batsman": 1, "extras": 0, "total": 1}}}, {"15.1": {"batsman": "KD Karthik", "bowler": "RR Raje", "non_striker": "R Bhatia", "runs": {"batsman": 2, "extras": 0, "total": 2}}}, {"15.2": {"batsman": "KD Karthik", "bowler": "RR Raje", "non_striker": "R Bhatia", "runs": {"batsman": 1, "extras": 0, "total": 1}}}, {"15.3": {"batsman": "R Bhatia", "bowler": "RR Raje", "non_striker": "KD Karthik", "runs": {"batsman": 0, "extras": 0, "total": 0}}}, {"15.4": {"batsman": "R Bhatia", "bowler": "RR Raje", "non_striker": "KD Karthik", "runs": {"batsman": 1, "extras": 0, "total": 1}}}, {"15.5": {"batsman": "KD Karthik", "bowler": "RR Raje", "non_striker": "R Bhatia", "runs": {"batsman": 1, "extras": 0, "total": 1}}}, {"15.6": {"batsman": "R Bhatia", "bowler": "RR Raje", "non_striker": "KD Karthik", "runs": {"batsman": 0, "extras": 0, "total": 0}}}, {"16.1": {"batsman": "KD Karthik", "bowler": "DJ Bravo", "non_striker": "R Bhatia", "runs": {"batsman": 0, "extras": 0, "total": 0}, "wicket": {"kind": "lbw", "player_out": "KD Karthik"}}}, {"16.2": {"batsman": "PJ Sangwan", "bowler": "DJ Bravo", "non_striker": "R Bhatia", "runs": {"batsman": 0, "extras": 0, "total": 0}}}, {"16.3": {"batsman": "PJ Sangwan", "bowler": "DJ Bravo", "non_striker": "R Bhatia", "runs": {"batsman": 2, "extras": 0, "total": 2}}}, {"16.4": {"batsman": "PJ Sangwan", "bowler": "DJ Bravo", "extras": {"legbyes": 1}, "non_striker": "R Bhatia", "runs": {"batsman": 0, "extras": 1, "total": 1}}}, {"16.5": {"batsman": "R Bhatia", "bowler": "DJ Bravo", "non_striker": "PJ Sangwan", "runs": {"batsman": 6, "extras": 0, "total": 6}}}, {"16.6": {"batsman": "R Bhatia", "bowler": "DJ Bravo", "extras": {"legbyes": 1}, "non_striker": "PJ Sangwan", "runs": {"batsman": 0, "extras": 1, "total": 1}}}, {"17.1": {"batsman": "R Bhatia", "bowler": "A Nehra", "non_striker": "PJ Sangwan", "runs": {"batsman": 1, "extras": 0, "total": 1}}}, {"17.2": {"batsman": "PJ Sangwan", "bowler": "A Nehra", "non_striker": "R Bhatia", "runs": {"batsman": 0, "extras": 0, "total": 0}, "wicket": {"fielders": ["SS Tiwary"], "kind": "caught", "player_out": "PJ Sangwan"}}}, {"17.3": {"batsman": "R Bhatia", "bowler": "A Nehra", "non_striker": "VY Mahesh", "runs": {"batsman": 0, "extras": 0, "total": 0}, "wicket": {"fielders": ["RV Uthappa"], "kind": "caught", "player_out": "R Bhatia"}}}, {"17.4": {"batsman": "VY Mahesh", "bowler": "A Nehra", "non_striker": "Mohammad Asif", "runs": {"batsman": 0, "extras": 0, "total": 0}}}, {"17.5": {"batsman": "VY Mahesh", "bowler": "A Nehra", "non_striker": "Mohammad Asif", "runs": {"batsman": 0, "extras": 0, "total": 0}}}, {"17.6": {"batsman": "VY Mahesh", "bowler": "A Nehra", "non_striker": "Mohammad Asif", "runs": {"batsman": 2, "extras": 0, "total": 2}}}, {"18.1": {"batsman": "Mohammad Asif", "bowler": "DS Kulkarni", "non_striker": "VY Mahesh", "runs": {"batsman": 0, "extras": 0, "total": 0}, "wicket": {"fielders": ["A Nehra"], "kind": "caught", "player_out": "Mohammad Asif"}}}, {"18.2": {"batsman": "VY Mahesh", "bowler": "DS Kulkarni", "non_striker": "GD McGrath", "runs": {"batsman": 0, "extras": 0, "total": 0}}}, {"18.3": {"batsman": "VY Mahesh", "bowler": "DS Kulkarni", "non_striker": "GD McGrath", "runs": {"batsman": 1, "extras": 0, "total": 1}}}, {"18.4": {"batsman": "GD McGrath", "bowler": "DS Kulkarni", "non_striker": "VY Mahesh", "runs": {"batsman": 0, "extras": 0, "total": 0}}}, {"18.5": {"batsman": "GD McGrath", "bowler": "DS Kulkarni", "non_striker": "VY Mahesh", "runs": {"batsman": 0, "extras": 0, "total": 0}, "wicket": {"fielders": ["DJ Thornely"], "kind": "caught", "player_out": "GD McGrath"}}}]