[{"0.1": {"batsman": "JH Kallis", "bowler": "M Ntini", "non_striker": "SP Goswami", "runs": {"batsman": 0, "extras": 0, "total": 0}}}, {"0.2": {"batsman": "JH Kallis", "bowler": "M Ntini", "non_striker": "SP Goswami", "runs": {"batsman": 1, "extras": 0, "total": 1}}}, {"0.3": {"batsman": "SP Goswami", "bowler": "M Ntini", "non_striker": "JH Kallis", "runs": {"batsman": 0, "extras": 0, "total": 0}}}, {"0.4": {"batsman": "SP Goswami", "bowler": "M Ntini", "non_striker": "JH Kallis", "runs": {"batsman": 0, "extras": 0, "total": 0}}}, {"0.5": {"batsman": "SP Goswami", "bowler": "M Ntini", "non_striker": "JH Kallis", "runs": {"batsman": 1, "extras": 0, "total": 1}}}, {"0.6": {"batsman": "JH Kallis", "bowler": "M Ntini", "non_striker": "SP Goswami", "runs": {"batsman": 4, "extras": 0, "total": 4}}}, {"1.1": {"batsman": "SP Goswami", "bowler": "MS Gony", "non_striker": "JH Kallis", "runs": {"batsman": 0, "extras": 0, "total": 0}}}, {"1.2": {"batsman": "SP Goswami", "bowler": "MS Gony", "non_striker": "JH Kallis", "runs": {"batsman": 1, "extras": 0, "total": 1}}}, {"1.3": {"batsman": "JH Kallis", "bowler": "MS Gony", "non_striker": "SP Goswami", "runs": {"batsman": 0, "extras": 0, "total": 0}}}, {"1.4": {"batsman": "JH Kallis", "bowler": "MS Gony", "non_striker": "SP Goswami", "runs": {"batsman": 0, "extras": 0, "total": 0}, "wicket": {"fielders": ["SP Fleming"], "kind": "caught", "player_out": "JH Kallis"}}}, {"1.5": {"batsman": "V Kohli", "bowler": "MS Gony", "non_striker": "SP Goswami", "runs": {"batsman": 0, "extras": 0, "total": 0}}}, {"1.6": {"batsman": "V Kohli", "bowler": "MS Gony", "non_striker": "SP Goswami", "runs": {"batsman": 0, "extras": 0, "total": 0}}}, {"2.1": {"batsman": "SP Goswami", "bowler": "M Ntini", "non_striker": "V Kohli", "runs": {"batsman": 0, "extras": 0, "total": 0}}}, {"2.2": {"batsman": "SP Goswami", "bowler": "M Ntini", "non_striker": "V Kohli", "runs": {"batsman": 0, "extras": 0, "total": 0}}}, {"2.3": {"batsman": "SP Goswami", "bowler": "M Ntini", "non_striker": "V Kohli", "runs": {"batsman": 0, "extras": 0, "total": 0}}}, {"2.4": {"batsman": "SP Goswami", "bowler": "M Ntini", "non_striker": "V Kohli", "runs": {"batsman": 0, "extras": 0, "total": 0}}}, {"2.5": {"batsman": "SP Goswami", "bowler": "M Ntini", "non_striker": "V Kohli", "runs": {"batsman": 4, "extras": 0, "total": 4}}}, {"2.6": {"batsman": "SP Goswami", "bowler": "M Ntini", "non_striker": "V Kohli", "runs": {"batsman": 0, "extras": 0, "total": 0}}}, {"3.1": {"batsman": "V Kohli", "bowler": "MS Gony", "non_striker": "SP Goswami", "runs": {"batsman": 1, "extras": 0, "total": 1}}}, {"3.2": {"batsman": "SP Goswami", "bowler": "MS Gony", "non_striker": "V Kohli", "runs": {"batsman": 0, "extras": 0, "total": 0}}}, {"3.3": {"batsman": "SP Goswami", "bowler": "MS Gony", "non_striker": "V Kohli", "runs": {"batsman": 0, "extras": 0, "total": 0}}}, {"3.4": {"batsman": "SP Goswami", "bowler": "MS Gony", "non_striker": "V Kohli", "runs": {"batsman": 1, "extras": 0, "total": 1}}}, {"3.5": {"batsman": "V Kohli", "bowler": "MS Gony", "non_striker": "SP Goswami", "runs": {"batsman": 1, "extras": 0, "total": 1}}}, {"3.6": {"batsman": "SP Goswami", "bowler": "MS Gony", "non_striker": "V Kohli", "runs": {"batsman": 2, "extras": 0, "total": 2}}}, {"4.1": {"batsman": "V Kohli", "bowler": "M Ntini", "non_striker": "SP Goswami", "runs": {"batsman": 0, "extras": 0, "total": 0}}}, {"4.2": {"batsman": "V Kohli", "bowler": "M Ntini", "non_striker": "SP Goswami", "runs": {"batsman": 4, "extras": 0, "total": 4}}}, {"4.3": {"batsman": "V Kohli", "bowler": "M Ntini", "non_striker": "SP Goswami", "runs": {"batsman": 0, "extras": 0, "total": 0}}}, {"4.4": {"batsman": "V Kohli", "bowler": "M Ntini", "non_striker": "SP Goswami", "runs": {"batsman": 1, "extras": 0, "total": 1}}}, {"4.5": {"batsman": "SP Goswami", "bowler": "M Ntini", "non_striker": "V Kohli", "runs": {"batsman": 1, "extras": 0, "total": 1}}}, {"4.6": {"batsman": "V Kohli", "bowler": "M Ntini", "non_striker": "SP Goswami", "runs": {"batsman": 0, "extras": 0, "total": 0}}}, {"5.1": {"batsman": "SP Goswami", "bowler": "MS Gony", "non_striker": "V Kohli", "runs": {"batsman": 0, "extras": 0, "total": 0}}}, {"5.2": {"batsman": "SP Goswami", "bowler": "MS Gony", "non_striker": "V Kohli", "runs": {"batsman": 0, "extras": 0, "total": 0}}}, {"5.3": {"batsman": "SP Goswami", "bowler": "MS Gony", "non_striker": "V Kohli", "runs": {"batsman": 0, "extras": 0, "total": 0}, "wicket": {"fielders": ["PA Patel"], "kind": "caught", "player_out": "SP Goswami"}}}, {"5.4": {"batsman": "R Dravid", "bowler": "MS Gony", "non_striker": "V Kohli", "runs": {"batsman": 0, "extras": 0, "total": 0}}}, {"5.5": {"batsman": "R Dravid", "bowler": "MS Gony", "extras": {"legbyes": 1}, "non_striker": "V Kohli", "runs": {"batsman": 0, "extras": 1, "total": 1}}}, {"5.6": {"batsman": "V Kohli", "bowler": "MS Gony", "non_striker": "R Dravid", "runs": {"batsman": 0, "extras": 0, "total": 0}}}, {"6.1": {"batsman": "R Dravid", "bowler": "M Muralitharan", "non_striker": "V Kohli", "runs": {"batsman": 0, "extras": 0, "total": 0}}}, {"6.2": {"batsman": "R Dravid", "bowler": "M Muralitharan", "non_striker": "V Kohli", "runs": {"batsman": 0, "extras": 0, "total": 0}}}, {"6.3": {"batsman": "R Dravid", "bowler": "M Muralitharan", "non_striker": "V Kohli", "runs": {"batsman": 1, "extras": 0, "total": 1}}}, {"6.4": {"batsman": "V Kohli", "bowler": "M Muralitharan", "non_striker": "R Dravid", "runs": {"batsman": 1, "extras": 0, "total": 1}}}, {"6.5": {"batsman": "R Dravid", "bowler": "M Muralitharan", "non_striker": "V Kohli", "runs": {"batsman": 2, "extras": 0, "total": 2}}}, {"6.6": {"batsman": "R Dravid", "bowler": "M Muralitharan", "non_striker": "V Kohli", "runs": {"batsman": 0, "extras": 0, "total": 0}}}, {"7.1": {"batsman": "V Kohli", "bowler": "MS Gony", "extras": {"legbyes": 1}, "non_striker": "R Dravid", "runs": {"batsman": 0, "extras": 1, "total": 1}}}, {"7.2": {"batsman": "R Dravid", "bowler": "MS Gony", "non_striker": "V Kohli", "runs": {"batsman": 1, "extras": 0, "total": 1}}}, {"7.3": {"batsman": "V Kohli", "bowler": "MS Gony", "extras": {"wides": 1}, "non_striker": "R Dravid", "runs": {"batsman": 0, "extras": 1, "total": 1}}}, {"7.4": {"batsman": "V Kohli", "bowler": "MS Gony", "non_striker": "R Dravid", "runs": {"batsman": 1, "extras": 0, "total": 1}}}, {"7.5": {"batsman": "R Dravid", "bowler": "MS Gony", "non_striker": "V Kohli", "runs": {"batsman": 1, "extras": 0, "total": 1}}}, {"7.6": {"batsman": "V Kohli", "bowler": "MS Gony", "non_striker": "R Dravid", "runs": {"batsman": 0, "extras": 0, "total": 0}}}, {"7.7": {"batsman": "V Kohli", "bowler": "MS Gony", "non_striker": "R Dravid", "runs": {"batsman": 1, "extras": 0, "total": 1}}}, {"8.1": {"batsman": "V Kohli", "bowler": "M Muralitharan", "non_striker": "R Dravid", "runs": {"batsman": 0, "extras": 0, "total": 0}, "wicket": {"fielders": ["JA Morkel"], "kind": "caught", "player_out": "V Kohli"}}}, {"8.2": {"batsman": "R Dravid", "bowler": "M Muralitharan", "non_striker": "Misbah-ul-Haq", "runs": {"batsman": 1, "extras": 0, "total": 1}}}, {"8.3": {"batsman": "Misbah-ul-Haq", "bowler": "M Muralitharan", "non_striker": "R Dravid", "runs": {"batsman": 0, "extras": 0, "total": 0}}}, {"8.4": {"batsman": "Misbah-ul-Haq", "bowler": "M Muralitharan", "non_striker": "R Dravid", "runs": {"batsman": 1, "extras": 0, "total": 1}}}, {"8.5": {"batsman": "R Dravid", "bowler": "M Muralitharan", "non_striker": "Misbah-ul-Haq", "runs": {"batsman": 1, "extras": 0, "total": 1}}}, {"8.6": {"batsman": "Misbah-ul-Haq", "bowler": "M Muralitharan", "non_striker": "R Dravid", "runs": {"batsman": 2, "extras": 0, "total": 2}}}, {"9.1": {"batsman": "R Dravid", "bowler": "L Balaji", "non_striker": "Misbah-ul-Haq", "runs": {"batsman": 1, "extras": 0, "total": 1}}}, {"9.2": {"batsman": "Misbah-ul-Haq", "bowler": "L Balaji", "non_striker": "R Dravid", "runs": {"batsman": 1, "extras": 0, "total": 1}}}, {"9.3": {"batsman": "R Dravid", "bowler": "L Balaji", "non_striker": "Misbah-ul-Haq", "runs": {"batsman": 0, "extras": 0, "total": 0}}}, {"9.4": {"batsman": "R Dravid", "bowler": "L Balaji", "non_striker": "Misbah-ul-Haq", "runs": {"batsman": 1, "extras": 0, "total": 1}}}, {"9.5": {"batsman": "Misbah-ul-Haq", "bowler": "L Balaji", "non_striker": "R Dravid", "runs": {"batsman": 0, "extras": 0, "total": 0}}}, {"9.6": {"batsman": "Misbah-ul-Haq", "bowler": "L Balaji", "non_striker": "R Dravid", "runs": {"batsman": 0, "extras": 0, "total": 0}, "wicket": {"fielders": ["PA Patel"], "kind": "caught", "player_out": "Misbah-ul-Haq"}}}, {"10.1": {"batsman": "R Dravid", "bowler": "M Muralitharan", "non_striker": "MV Boucher", "runs": {"batsman": 0, "extras": 0, "total": 0}}}, {"10.2": {"batsman": "R Dravid", "bowler": "M Muralitharan", "non_striker": "MV Boucher", "runs": {"batsman": 2, "extras": 0, "total": 2}}}, {"10.3": {"batsman": "R Dravid", "bowler": "M Muralitharan", "non_striker": "MV Boucher", "runs": {"batsman": 0, "extras": 0, "total": 0}}}, {"10.4": {"batsman": "R Dravid", "bowler": "M Muralitharan", "non_striker": "MV Boucher", "runs": {"batsman": 1, "extras": 0, "total": 1}}}, {"10.5": {"batsman": "MV Boucher", "bowler": "M Muralitharan", "non_striker": "R Dravid", "runs": {"batsman": 0, "extras": 0, "total": 0}}}, {"10.6": {"batsman": "MV Boucher", "bowler": "M Muralitharan", "non_striker": "R Dravid", "runs": {"batsman": 0, "extras": 0, "total": 0}}}, {"11.1": {"batsman": "R Dravid", "bowler": "L Balaji", "non_striker": "MV Boucher", "runs": {"batsman": 0, "extras": 0, "total": 0}}}, {"11.2": {"batsman": "R Dravid", "bowler": "L Balaji", "non_striker": "MV Boucher", "runs": {"batsman": 1, "extras": 0, "total": 1}}}, {"11.3": {"batsman": "MV Boucher", "bowler": "L Balaji", "non_striker": "R Dravid", "runs": {"batsman": 1, "extras": 0, "total": 1}}}, {"11.4": {"batsman": "R Dravid", "bowler": "L Balaji", "non_striker": "MV Boucher", "runs": {"batsman": 4, "extras": 0, "total": 4}}}, {"11.5": {"batsman": "R Dravid", "bowler": "L Balaji", "non_striker": "MV Boucher", "runs": {"batsman": 1, "extras": 0, "total": 1}}}, {"11.6": {"batsman": "MV Boucher", "bowler": "L Balaji", "non_striker": "R Dravid", "runs": {"batsman": 1, "extras": 0, "total": 1}}}, {"12.1": {"batsman": "MV Boucher", "bowler": "JA Morkel", "non_striker": "R Dravid", "runs": {"batsman": 0, "extras": 0, "total": 0}}}, {"12.2": {"batsman": "MV Boucher", "bowler": "JA Morkel", "non_striker": "R Dravid", "runs": {"batsman": 4, "extras": 0, "total": 4}}}, {"12.3": {"batsman": "MV Boucher", "bowler": "JA Morkel", "non_striker": "R Dravid", "runs": {"batsman": 0, "extras": 0, "total": 0}}}, {"12.4": {"batsman": "MV Boucher", "bowler": "JA Morkel", "non_striker": "R Dravid", "runs": {"batsman": 1, "extras": 0, "total": 1}}}, {"12.5": {"batsman": "R Dravid", "bowler": "JA Morkel", "non_striker": "MV Boucher", "runs": {"batsman": 1, "extras": 0, "total": 1}}}, {"12.6": {"batsman": "MV Boucher", "bowler": "JA Morkel", "non_striker": "R Dravid", "runs": {"batsman": 0, "extras": 0, "total": 0}}}, {"13.1": {"batsman": "R Dravid", "bowler": "M Muralitharan", "non_striker": "MV Boucher", "runs": {"batsman": 4, "extras": 0, "total": 4}}}, {"13.2": {"batsman": "R Dravid", "bowler": "M Muralitharan", "non_striker": "MV Boucher", "runs": {"batsman": 1, "extras": 0, "total": 1}}}, {"13.3": {"batsman": "MV Boucher", "bowler": "M Muralitharan", "non_striker": "R Dravid", "runs": {"batsman": 1, "extras": 0, "total": 1}}}, {"13.4": {"batsman": "R Dravid", "bowler": "M Muralitharan", "non_striker": "MV Boucher", "runs": {"batsman": 0, "extras": 0, "total": 0}}}, {"13.5": {"batsman": "R Dravid", "bowler": "M Muralitharan", "non_striker": "MV Boucher", "runs": {"batsman": 1, "extras": 0, "total": 1}}}, {"13.6": {"batsman": "MV Boucher", "bowler": "M Muralitharan", "non_striker": "R Dravid", "runs": {"batsman": 0, "extras": 0, "total": 0}}}, {"14.1": {"batsman": "R Dravid", "bowler": "JA Morkel", "non_striker": "MV Boucher", "runs": {"batsman": 1, "extras": 0, "total": 1}}}, {"14.2": {"batsman": "MV Boucher", "bowler": "JA Morkel", "non_striker": "R Dravid", "runs": {"batsman": 4, "extras": 0, "total": 4}}}, {"14.3": {"batsman": "MV Boucher", "bowler": "JA Morkel", "non_striker": "R Dravid", "runs": {"batsman": 1, "extras": 0, "total": 1}}}, {"14.4": {"batsman": "R Dravid", "bowler": "JA Morkel", "non_striker": "MV Boucher", "runs": {"batsman": 1, "extras": 0, "total": 1}}}, {"14.5": {"batsman": "MV Boucher", "bowler": "JA Morkel", "non_striker": "R Dravid", "runs": {"batsman": 4, "extras": 0, "total": 4}}}, {"14.6": {"batsman": "MV Boucher", "bowler": "JA Morkel", "non_striker": "R Dravid", "runs": {"batsman": 0, "extras": 0, "total": 0}, "wicket": {"kind": "lbw", "player_out": "MV Boucher"}}}, {"15.1": {"batsman": "R Dravid", "bowler": "L Balaji", "non_striker": "B Akhil", "runs": {"batsman": 1, "extras": 0, "total": 1}}}, {"15.2": {"batsman": "B Akhil", "bowler": "L Balaji", "extras": {"legbyes": 1}, "non_striker": "R Dravid", "runs": {"batsman": 0, "extras": 1, "total": 1}}}, {"15.3": {"batsman": "R Dravid", "bowler": "L Balaji", "non_striker": "B Akhil", "runs": {"batsman": 4, "extras": 0, "total": 4}}}, {"15.4": {"batsman": "R Dravid", "bowler": "L Balaji", "non_striker": "B Akhil", "runs": {"batsman": 4, "extras": 0, "total": 4}}}, {"15.5": {"batsman": "R Dravid", "bowler": "L Balaji", "non_striker": "B Akhil", "runs": {"batsman": 0, "extras": 0, "total": 0}}}, {"15.6": {"batsman": "R Dravid", "bowler": "L Balaji", "non_striker": "B Akhil", "runs": {"batsman": 1, "extras": 0, "total": 1}}}, {"16.1": {"batsman": "R Dravid", "bowler": "JA Morkel", "non_striker": "B Akhil", "runs": {"batsman": 2, "extras": 0, "total": 2}}}, {"16.2": {"batsman": "R Dravid", "bowler": "JA Morkel", "non_striker": "B Akhil", "runs": {"batsman": 4, "extras": 0, "total": 4}}}, {"16.3": {"batsman": "R Dravid", "bowler": "JA Morkel", "non_striker": "B Akhil", "runs": {"batsman": 2, "extras": 0, "total": 2}}}, {"16.4": {"batsman": "R Dravid", "bowler": "JA Morkel", "non_striker": "B Akhil", "runs": {"batsman": 2, "extras": 0, "total": 2}}}, {"16.5": {"batsman": "R Dravid", "bowler": "JA Morkel", "non_striker": "B Akhil", "runs": {"batsman": 0, "extras": 0, "total": 0}, "wicket": {"fielders": ["MS Dhoni"], "kind": "caught", "player_out": "R Dravid"}}}, {"16.6": {"batsman": "P Kumar", "bowler": "JA Morkel", "non_striker": "B Akhil", "runs": {"batsman": 1, "extras": 0, "total": 1}}}, {"17.1": {"batsman": "P Kumar", "bowler": "M Ntini", "non_striker": "B Akhil", "runs": {"batsman": 1, "extras": 0, "total": 1}}}, {"17.2": {"batsman": "B Akhil", "bowler": "M Ntini", "non_striker": "P Kumar", "runs": {"batsman": 0, "extras": 0, "total": 0}}}, {"17.3": {"batsman": "B Akhil", "bowler": "M Ntini", "non_striker": "P Kumar", "runs": {"batsman": 1, "extras": 0, "total": 1}}}, {"17.4": {"batsman": "P Kumar", "bowler": "M Ntini", "non_striker": "B Akhil", "runs": {"batsman": 4, "extras": 0, "total": 4}}}, {"17.5": {"batsman": "P Kumar", "bowler": "M Ntini", "non_striker": "B Akhil", "runs": {"batsman": 1, "extras": 0, "total": 1}}}, {"17.6": {"batsman": "B Akhil", "bowler": "M Ntini", "non_striker": "P Kumar", "runs": {"batsman": 4, "extras": 0, "total": 4}}}, {"18.1": {"batsman": "P Kumar", "bowler": "L Balaji", "non_striker": "B Akhil", "runs": {"batsman": 2, "extras": 0, "total": 2}}}, {"18.2": {"batsman": "P Kumar", "bowler": "L Balaji", "non_striker": "B Akhil", "runs": {"batsman": 4, "extras": 0, "total": 4}}}, {"18.3": {"batsman": "P Kumar", "bowler": "L Balaji", "non_striker": "B Akhil", "runs": {"batsman": 6, "extras": 0, "total": 6}}}, {"18.4": {"batsman": "P Kumar", "bowler": "L Balaji", "non_striker": "B Akhil", "runs": {"batsman": 1, "extras": 0, "total": 1}}}, {"18.5": {"batsman": "B Akhil", "bowler": "L Balaji", "non_striker": "P Kumar", "runs": {"batsman": 0, "extras": 0, "total": 0}}}, {"18.6": {"batsman": "B Akhil", "bowler": "L Balaji", "non_striker": "P Kumar", "runs": {"batsman": 0, "extras": 0, "total": 0}}}, {"19.1": {"batsman": "P Kumar", "bowler": "JA Morkel", "non_striker": "B Akhil", "runs": {"batsman": 0, "extras": 0, "total": 0}}}, {"19.2": {"batsman": "P Kumar", "bowler": "JA Morkel", "non_striker": "B Akhil", "runs": {"batsman": 1, "extras": 0, "total": 1}}}, {"19.3": {"batsman": "B Akhil", "bowler": "JA Morkel", "non_striker": "P Kumar", "runs": {"batsman": 1, "extras": 0, "total": 1}}}, {"19.4": {"batsman": "P Kumar", "bowler": "JA Morkel", "non_striker": "B Akhil", "runs": {"batsman": 0, "extras": 0, "total": 0}, "wicket": {"kind": "bowled", "player_out": "P Kumar"}}}, {"19.5": {"batsman": "R Vinay Kumar", "bowler": "JA Morkel", "non_striker": "B Akhil", "runs": {"batsman": 0, "extras": 0, "total": 0}, "wicket": {"kind": "bowled", "player_out": "R Vinay Kumar"}}}, {"19.6": {"batsman": "A Kumble", "bowler": "JA Morkel", "non_striker": "B Akhil", "runs": {"batsman": 2, "extras": 0, "total": 2}}}]