[{"0.1": {"batsman": "PA Patel", "bowler": "Sohail Tanvir", "non_striker": "S Vidyut", "runs": {"batsman": 0, "extras": 0, "total": 0}}}, {"0.2": {"batsman": "PA Patel", "bowler": "Sohail Tanvir", "extras": {"wides": 1}, "non_striker": "S Vidyut", "runs": {"batsman": 0, "extras": 1, "total": 1}}}, {"0.3": {"batsman": "PA Patel", "bowler": "Sohail Tanvir", "non_striker": "S Vidyut", "runs": {"batsman": 0, "extras": 0, "total": 0}}}, {"0.4": {"batsman": "PA Patel", "bowler": "Sohail Tanvir", "non_striker": "S Vidyut", "runs": {"batsman": 0, "extras": 0, "total": 0}}}, {"0.5": {"batsman": "PA Patel", "bowler": "Sohail Tanvir", "non_striker": "S Vidyut", "runs": {"batsman": 0, "extras": 0, "total": 0}}}, {"0.6": {"batsman": "PA Patel", "bowler": "Sohail Tanvir", "non_striker": "S Vidyut", "runs": {"batsman": 4, "extras": 0, "total": 4}}}, {"0.7": {"batsman": "PA Patel", "bowler": "Sohail Tanvir", "non_striker": "S Vidyut", "runs": {"batsman": 1, "extras": 0, "total": 1}}}, {"1.1": {"batsman": "PA Patel", "bowler": "SR Watson", "non_striker": "S Vidyut", "runs": {"batsman": 0, "extras": 0, "total": 0}}}, {"1.2": {"batsman": "PA Patel", "bowler": "SR Watson", "non_striker": "S Vidyut", "runs": {"batsman": 1, "extras": 0, "total": 1}}}, {"1.3": {"batsman": "S Vidyut", "bowler": "SR Watson", "non_striker": "PA Patel", "runs": {"batsman": 0, "extras": 0, "total": 0}}}, {"1.4": {"batsman": "S Vidyut", "bowler": "SR Watson", "non_striker": "PA Patel", "runs": {"batsman": 1, "extras": 0, "total": 1}}}, {"1.5": {"batsman": "PA Patel", "bowler": "SR Watson", "non_striker": "S Vidyut", "runs": {"batsman": 0, "extras": 0, "total": 0}}}, {"1.6": {"batsman": "PA Patel", "bowler": "SR Watson", "non_striker": "S Vidyut", "runs": {"batsman": 4, "extras": 0, "total": 4}}}, {"2.1": {"batsman": "S Vidyut", "bowler": "MM Patel", "non_striker": "PA Patel", "runs": {"batsman": 0, "extras": 0, "total": 0}}}, {"2.2": {"batsman": "S Vidyut", "bowler": "MM Patel", "non_striker": "PA Patel", "runs": {"batsman": 1, "extras": 0, "total": 1}}}, {"2.3": {"batsman": "PA Patel", "bowler": "MM Patel", "non_striker": "S Vidyut", "runs": {"batsman": 1, "extras": 0, "total": 1}}}, {"2.4": {"batsman": "S Vidyut", "bowler": "MM Patel", "non_striker": "PA Patel", "runs": {"batsman": 1, "extras": 0, "total": 1}}}, {"2.5": {"batsman": "PA Patel", "bowler": "MM Patel", "non_striker": "S Vidyut", "runs": {"batsman": 1, "extras": 0, "total": 1}}}, {"2.6": {"batsman": "S Vidyut", "bowler": "MM Patel", "non_striker": "PA Patel", "runs": {"batsman": 0, "extras": 0, "total": 0}}}, {"3.1": {"batsman": "PA Patel", "bowler": "SR Watson", "extras": {"legbyes": 1}, "non_striker": "S Vidyut", "runs": {"batsman": 0, "extras": 1, "total": 1}}}, {"3.2": {"batsman": "S Vidyut", "bowler": "SR Watson", "non_striker": "PA Patel", "runs": {"batsman": 0, "extras": 0, "total": 0}}}, {"3.3": {"batsman": "S Vidyut", "bowler": "SR Watson", "non_striker": "PA Patel", "runs": {"batsman": 4, "extras": 0, "total": 4}}}, {"3.4": {"batsman": "S Vidyut", "bowler": "SR Watson", "non_striker": "PA Patel", "runs": {"batsman": 0, "extras": 0, "total": 0}}}, {"3.5": {"batsman": "S Vidyut", "bowler": "SR Watson", "non_striker": "PA Patel", "runs": {"batsman": 2, "extras": 0, "total": 2}}}, {"3.6": {"batsman": "S Vidyut", "bowler": "SR Watson", "non_striker": "PA Patel", "runs": {"batsman": 6, "extras": 0, "total": 6}}}, {"4.1": {"batsman": "PA Patel", "bowler": "MM Patel", "non_striker": "S Vidyut", "runs": {"batsman": 1, "extras": 0, "total": 1}}}, {"4.2": {"batsman": "S Vidyut", "bowler": "MM Patel", "non_striker": "PA Patel", "runs": {"batsman": 1, "extras": 0, "total": 1}}}, {"4.3": {"batsman": "PA Patel", "bowler": "MM Patel", "non_striker": "S Vidyut", "runs": {"batsman": 4, "extras": 0, "total": 4}}}, {"4.4": {"batsman": "PA Patel", "bowler": "MM Patel", "non_striker": "S Vidyut", "runs": {"batsman": 0, "extras": 0, "total": 0}}}, {"4.5": {"batsman": "PA Patel", "bowler": "MM Patel", "non_striker": "S Vidyut", "runs": {"batsman": 2, "extras": 0, "total": 2}}}, {"4.6": {"batsman": "PA Patel", "bowler": "MM Patel", "non_striker": "S Vidyut", "runs": {"batsman": 2, "extras": 0, "total": 2}}}, {"5.1": {"batsman": "S Vidyut", "bowler": "YK Pathan", "non_striker": "PA Patel", "runs": {"batsman": 0, "extras": 0, "total": 0}}}, {"5.2": {"batsman": "S Vidyut", "bowler": "YK Pathan", "non_striker": "PA Patel", "runs": {"batsman": 0, "extras": 0, "total": 0}, "wicket": {"fielders": ["RA Jadeja"], "kind": "caught", "player_out": "S Vidyut"}}}, {"5.3": {"batsman": "PA Patel", "bowler": "YK Pathan", "non_striker": "SK Raina", "runs": {"batsman": 0, "extras": 0, "total": 0}}}, {"5.4": {"batsman": "PA Patel", "bowler": "YK Pathan", "non_striker": "SK Raina", "runs": {"batsman": 1, "extras": 0, "total": 1}}}, {"5.5": {"batsman": "SK Raina", "bowler": "YK Pathan", "non_striker": "PA Patel", "runs": {"batsman": 1, "extras": 0, "total": 1}}}, {"5.6": {"batsman": "PA Patel", "bowler": "YK Pathan", "non_striker": "SK Raina", "runs": {"batsman": 1, "extras": 0, "total": 1}}}, {"6.1": {"batsman": "PA Patel", "bowler": "SK Trivedi", "non_striker": "SK Raina", "runs": {"batsman": 2, "extras": 0, "total": 2}}}, {"6.2": {"batsman": "PA Patel", "bowler": "SK Trivedi", "non_striker": "SK Raina", "runs": {"batsman": 4, "extras": 0, "total": 4}}}, {"6.3": {"batsman": "PA Patel", "bowler": "SK Trivedi", "non_striker": "SK Raina", "runs": {"batsman": 1, "extras": 0, "total": 1}}}, {"6.4": {"batsman": "SK Raina", "bowler": "SK Trivedi", "non_striker": "PA Patel", "runs": {"batsman": 1, "extras": 0, "total": 1}}}, {"6.5": {"batsman": "PA Patel", "bowler": "SK Trivedi", "non_striker": "SK Raina", "runs": {"batsman": 0, "extras": 0, "total": 0}}}, {"6.6": {"batsman": "PA Patel", "bowler": "SK Trivedi", "non_striker": "SK Raina", "runs": {"batsman": 1, "extras": 0, "total": 1}}}, {"7.1": {"batsman": "PA Patel", "bowler": "SK Warne", "non_striker": "SK Raina", "runs": {"batsman": 1, "extras": 0, "total": 1}}}, {"7.2": {"batsman": "SK Raina", "bowler": "SK Warne", "non_striker": "PA Patel", "runs": {"batsman": 1, "extras": 0, "total": 1}}}, {"7.3": {"batsman": "PA Patel", "bowler": "SK Warne", "extras": {"legbyes": 1}, "non_striker": "SK Raina", "runs": {"batsman": 0, "extras": 1, "total": 1}}}, {"7.4": {"batsman": "SK Raina", "bowler": "SK Warne", "non_striker": "PA Patel", "runs": {"batsman": 1, "extras": 0, "total": 1}}}, {"7.5": {"batsman": "PA Patel", "bowler": "SK Warne", "non_striker": "SK Raina", "runs": {"batsman": 1, "extras": 0, "total": 1}}}, {"7.6": {"batsman": "SK Raina", "bowler": "SK Warne", "non_striker": "PA Patel", "runs": {"batsman": 1, "extras": 0, "total": 1}}}, {"8.1": {"batsman": "SK Raina", "bowler": "YK Pathan", "non_striker": "PA Patel", "runs": {"batsman": 1, "extras": 0, "total": 1}}}, {"8.2": {"batsman": "PA Patel", "bowler": "YK Pathan", "non_striker": "SK Raina", "runs": {"batsman": 0, "extras": 0, "total": 0}}}, {"8.3": {"batsman": "PA Patel", "bowler": "YK Pathan", "non_striker": "SK Raina", "runs": {"batsman": 1, "extras": 0, "total": 1}}}, {"8.4": {"batsman": "SK Raina", "bowler": "YK Pathan", "non_striker": "PA Patel", "runs": {"batsman": 1, "extras": 0, "total": 1}}}, {"8.5": {"batsman": "PA Patel", "bowler": "YK Pathan", "non_striker": "SK Raina", "runs": {"batsman": 4, "extras": 0, "total": 4}}}, {"8.6": {"batsman": "PA Patel", "bowler": "YK Pathan", "non_striker": "SK Raina", "runs": {"batsman": 0, "extras": 0, "total": 0}, "wicket": {"fielders": ["Kamran Akmal"], "kind": "caught", "player_out": "PA Patel"}}}, {"9.1": {"batsman": "SK Raina", "bowler": "SK Warne", "non_striker": "JA Morkel", "runs": {"batsman": 2, "extras": 0, "total": 2}}}, {"9.2": {"batsman": "SK Raina", "bowler": "SK Warne", "non_striker": "JA Morkel", "runs": {"batsman": 0, "extras": 0, "total": 0}}}, {"9.3": {"batsman": "SK Raina", "bowler": "SK Warne", "non_striker": "JA Morkel", "runs": {"batsman": 0, "extras": 0, "total": 0}}}, {"9.4": {"batsman": "SK Raina", "bowler": "SK Warne", "non_striker": "JA Morkel", "runs": {"batsman": 6, "extras": 0, "total": 6}}}, {"9.5": {"batsman": "SK Raina", "bowler": "SK Warne", "non_striker": "JA Morkel", "runs": {"batsman": 2, "extras": 0, "total": 2}}}, {"9.6": {"batsman": "SK Raina", "bowler": "SK Warne", "non_striker": "JA Morkel", "runs": {"batsman": 1, "extras": 0, "total": 1}}}, {"10.1": {"batsman": "SK Raina", "bowler": "YK Pathan", "non_striker": "JA Morkel", "runs": {"batsman": 1, "extras": 0, "total": 1}}}, {"10.2": {"batsman": "JA Morkel", "bowler": "YK Pathan", "non_striker": "SK Raina", "runs": {"batsman": 0, "extras": 0, "total": 0}}}, {"10.3": {"batsman": "JA Morkel", "bowler": "YK Pathan", "non_striker": "SK Raina", "runs": {"batsman": 0, "extras": 0, "total": 0}}}, {"10.4": {"batsman": "JA Morkel", "bowler": "YK Pathan", "non_striker": "SK Raina", "runs": {"batsman": 0, "extras": 0, "total": 0}}}, {"10.5": {"batsman": "JA Morkel", "bowler": "YK Pathan", "non_striker": "SK Raina", "runs": {"batsman": 0, "extras": 0, "total": 0}}}, {"10.6": {"batsman": "JA Morkel", "bowler": "YK Pathan", "non_striker": "SK Raina", "runs": {"batsman": 1, "extras": 0, "total": 1}}}, {"11.1": {"batsman": "JA Morkel", "bowler": "SK Warne", "non_striker": "SK Raina", "runs": {"batsman": 0, "extras": 0, "total": 0}}}, {"11.2": {"batsman": "JA Morkel", "bowler": "SK Warne", "non_striker": "SK Raina", "runs": {"batsman": 1, "extras": 0, "total": 1}}}, {"11.3": {"batsman": "SK Raina", "bowler": "SK Warne", "non_striker": "JA Morkel", "runs": {"batsman": 1, "extras": 0, "total": 1}}}, {"11.4": {"batsman": "JA Morkel", "bowler": "SK Warne", "non_striker": "SK Raina", "runs": {"batsman": 6, "extras": 0, "total": 6}}}, {"11.5": {"batsman": "JA Morkel", "bowler": "SK Warne", "non_striker": "SK Raina", "runs": {"batsman": 0, "extras": 0, "total": 0}}}, {"11.6": {"batsman": "JA Morkel", "bowler": "SK Warne", "extras": {"wides": 1}, "non_striker": "SK Raina", "runs": {"batsman": 0, "extras": 1, "total": 1}}}, {"11.7": {"batsman": "JA Morkel", "bowler": "SK Warne", "non_striker": "SK Raina", "runs": {"batsman": 1, "extras": 0, "total": 1}}}, {"12.1": {"batsman": "JA Morkel", "bowler": "YK Pathan", "non_striker": "SK Raina", "runs": {"batsman": 1, "extras": 0, "total": 1}}}, {"12.2": {"batsman": "SK Raina", "bowler": "YK Pathan", "non_striker": "JA Morkel", "runs": {"batsman": 1, "extras": 0, "total": 1}}}, {"12.3": {"batsman": "JA Morkel", "bowler": "YK Pathan", "non_striker": "SK Raina", "runs": {"batsman": 6, "extras": 0, "total": 6}}}, {"12.4": {"batsman": "JA Morkel", "bowler": "YK Pathan", "non_striker": "SK Raina", "runs": {"batsman": 0, "extras": 0, "total": 0}, "wicket": {"fielders": ["Kamran Akmal"], "kind": "caught", "player_out": "JA Morkel"}}}, {"12.5": {"batsman": "MS Dhoni", "bowler": "YK Pathan", "non_striker": "SK Raina", "runs": {"batsman": 1, "extras": 0, "total": 1}}}, {"12.6": {"batsman": "SK Raina", "bowler": "YK Pathan", "non_striker": "MS Dhoni", "runs": {"batsman": 1, "extras": 0, "total": 1}}}, {"13.1": {"batsman": "SK Raina", "bowler": "SK Trivedi", "non_striker": "MS Dhoni", "runs": {"batsman": 2, "extras": 0, "total": 2}}}, {"13.2": {"batsman": "SK Raina", "bowler": "SK Trivedi", "non_striker": "MS Dhoni", "runs": {"batsman": 1, "extras": 0, "total": 1}}}, {"13.3": {"batsman": "MS Dhoni", "bowler": "SK Trivedi", "non_striker": "SK Raina", "runs": {"batsman": 1, "extras": 0, "total": 1}}}, {"13.4": {"batsman": "SK Raina", "bowler": "SK Trivedi", "non_striker": "MS Dhoni", "runs": {"batsman": 6, "extras": 0, "total": 6}}}, {"13.5": {"batsman": "SK Raina", "bowler": "SK Trivedi", "non_striker": "MS Dhoni", "runs": {"batsman": 0, "extras": 0, "total": 0}}}, {"13.6": {"batsman": "SK Raina", "bowler": "SK Trivedi", "non_striker": "MS Dhoni", "runs": {"batsman": 2, "extras": 0, "total": 2}}}, {"14.1": {"batsman": "MS Dhoni", "bowler": "SK Warne", "non_striker": "SK Raina", "runs": {"batsman": 0, "extras": 0, "total": 0}}}, {"14.2": {"batsman": "MS Dhoni", "bowler": "SK Warne", "non_striker": "SK Raina", "runs": {"batsman": 0, "extras": 0, "total": 0}}}, {"14.3": {"batsman": "MS Dhoni", "bowler": "SK Warne", "non_striker": "SK Raina", "runs": {"batsman": 6, "extras": 0, "total": 6}}}, {"14.4": {"batsman": "MS Dhoni", "bowler": "SK Warne", "non_striker": "SK Raina", "runs": {"batsman": 1, "extras": 0, "total": 1}}}, {"14.5": {"batsman": "SK Raina", "bowler": "SK Warne", "non_striker": "MS Dhoni", "runs": {"batsman": 0, "extras": 0, "total": 0}}}, {"14.6": {"batsman": "SK Raina", "bowler": "SK Warne", "non_striker": "MS Dhoni", "runs": {"batsman": 1, "extras": 0, "total": 1}}}, {"15.1": {"batsman": "SK Raina", "bowler": "Sohail Tanvir", "non_striker": "MS Dhoni", "runs": {"batsman": 0, "extras": 0, "total": 0}}}, {"15.2": {"batsman": "SK Raina", "bowler": "Sohail Tanvir", "non_striker": "MS Dhoni", "runs": {"batsman": 2, "extras": 0, "total": 2}}}, {"15.3": {"batsman": "SK Raina", "bowler": "Sohail Tanvir", "non_striker": "MS Dhoni", "runs": {"batsman": 2, "extras": 0, "total": 2}}}, {"15.4": {"batsman": "SK Raina", "bowler": "Sohail Tanvir", "non_striker": "MS Dhoni", "runs": {"batsman": 4, "extras": 0, "total": 4}}}, {"15.5": {"batsman": "SK Raina", "bowler": "Sohail Tanvir", "non_striker": "MS Dhoni", "runs": {"batsman": 1, "extras": 0, "total": 1}}}, {"15.6": {"batsman": "MS Dhoni", "bowler": "Sohail Tanvir", "non_striker": "SK Raina", "runs": {"batsman": 1, "extras": 0, "total": 1}}}, {"16.1": {"batsman": "MS Dhoni", "bowler": "SR Watson", "non_striker": "SK Raina", "runs": {"batsman": 1, "extras": 0, "total": 1}}}, {"16.2": {"batsman": "SK Raina", "bowler": "SR Watson", "non_striker": "MS Dhoni", "runs": {"batsman": 0, "extras": 0, "total": 0}, "wicket": {"fielders": ["RA Jadeja"], "kind": "caught", "player_out": "SK Raina"}}}, {"16.3": {"batsman": "MS Dhoni", "bowler": "SR Watson", "non_striker": "CK Kapugedera", "runs": {"batsman": 1, "extras": 0, "total": 1}}}, {"16.4": {"batsman": "CK Kapugedera", "bowler": "SR Watson", "non_striker": "MS Dhoni", "runs": {"batsman": 0, "extras": 0, "total": 0}}}, {"16.5": {"batsman": "CK Kapugedera", "bowler": "SR Watson", "non_striker": "MS Dhoni", "runs": {"batsman": 0, "extras": 0, "total": 0}}}, {"16.6": {"batsman": "CK Kapugedera", "bowler": "SR Watson", "non_striker": "MS Dhoni", "runs": {"batsman": 1, "extras": 0, "total": 1}}}, {"17.1": {"batsman": "CK Kapugedera", "bowler": "Sohail Tanvir", "non_striker": "MS Dhoni", "runs": {"batsman": 1, "extras": 0, "total": 1}}}, {"17.2": {"batsman": "MS Dhoni", "bowler": "Sohail Tanvir", "non_striker": "CK Kapugedera", "runs": {"batsman": 1, "extras": 0, "total": 1}}}, {"17.3": {"batsman": "CK Kapugedera", "bowler": "Sohail Tanvir", "non_striker": "MS Dhoni", "runs": {"batsman": 1, "extras": 0, "total": 1}}}, {"17.4": {"batsman": "MS Dhoni", "bowler": "Sohail Tanvir", "non_striker": "CK Kapugedera", "runs": {"batsman": 1, "extras": 0, "total": 1}}}, {"17.5": {"batsman": "CK Kapugedera", "bowler": "Sohail Tanvir", "non_striker": "MS Dhoni", "runs": {"batsman": 1, "extras": 0, "total": 1}}}, {"17.6": {"batsman": "MS Dhoni", "bowler": "Sohail Tanvir", "non_striker": "CK Kapugedera", "runs": {"batsman": 4, "extras": 0, "total": 4}}}, {"18.1": {"batsman": "CK Kapugedera", "bowler": "SR Watson", "non_striker": "MS Dhoni", "runs": {"batsman": 0, "extras": 0, "total": 0}}}, {"18.2": {"batsman": "CK Kapugedera", "bowler": "SR Watson", "extras": {"wides": 1}, "non_striker": "MS Dhoni", "runs": {"batsman": 0, "extras": 1, "total": 1}}}, {"18.3": {"batsman": "CK Kapugedera", "bowler": "SR Watson", "extras": {"noballs": 1}, "non_striker": "MS Dhoni", "runs": {"batsman": 0, "extras": 1, "total": 1}}}, {"18.4": {"batsman": "CK Kapugedera", "bowler": "SR Watson", "non_striker": "MS Dhoni", "runs": {"batsman": 1, "extras": 0, "total": 1}}}, {"18.5": {"batsman": "MS Dhoni", "bowler": "SR Watson", "extras": {"byes": 1}, "non_striker": "CK Kapugedera", "runs": {"batsman": 0, "extras": 1, "total": 1}}}, {"18.6": {"batsman": "CK Kapugedera", "bowler": "SR Watson", "non_striker": "MS Dhoni", "runs": {"batsman": 2, "extras": 0, "total": 2}}}, {"18.7": {"batsman": "CK Kapugedera", "bowler": "SR Watson", "non_striker": "MS Dhoni", "runs": {"batsman": 1, "extras": 0, "total": 1}}}, {"18.8": {"batsman": "MS Dhoni", "bowler": "SR Watson", "non_striker": "CK Kapugedera", "runs": {"batsman": 2, "extras": 0, "total": 2}}}, {"19.1": {"batsman": "CK Kapugedera", "bowler": "Sohail Tanvir", "non_striker": "MS Dhoni", "runs": {"batsman": 0, "extras": 0, "total": 0}, "wicket": {"fielders": ["SA Asnodkar"], "kind": "caught", "player_out": "CK Kapugedera"}}}, {"19.2": {"batsman": "MS Dhoni", "bowler": "Sohail Tanvir", "non_striker": "S Badrinath", "runs": {"batsman": 2, "extras": 0, "total": 2}}}, {"19.3": {"batsman": "MS Dhoni", "bowler": "Sohail Tanvir", "non_striker": "S Badrinath", "runs": {"batsman": 6, "extras": 0, "total": 6}}}, {"19.4": {"batsman": "MS Dhoni", "bowler": "Sohail Tanvir", "non_striker": "S Badrinath", "runs": {"batsman": 1, "extras": 0, "total": 1}}}, {"19.5": {"batsman": "S Badrinath", "bowler": "Sohail Tanvir", "non_striker": "MS Dhoni", "runs": {"batsman": 4, "extras": 0, "total": 4}}}, {"19.6": {"batsman": "S Badrinath", "bowler": "Sohail Tanvir", "non_striker": "MS Dhoni", "runs": {"batsman": 2, "extras": 0, "total": 2}}}]