[{"0.1": {"batsman": "S Vidyut", "bowler": "SM Pollock", "non_striker": "SP Fleming", "runs": {"batsman": 0, "extras": 0, "total": 0}}}, {"0.2": {"batsman": "S Vidyut", "bowler": "SM Pollock", "non_striker": "SP Fleming", "runs": {"batsman": 1, "extras": 0, "total": 1}}}, {"0.3": {"batsman": "SP Fleming", "bowler": "SM Pollock", "non_striker": "S Vidyut", "runs": {"batsman": 0, "extras": 0, "total": 0}}}, {"0.4": {"batsman": "SP Fleming", "bowler": "SM Pollock", "non_striker": "S Vidyut", "runs": {"batsman": 0, "extras": 0, "total": 0}}}, {"0.5": {"batsman": "SP Fleming", "bowler": "SM Pollock", "non_striker": "S Vidyut", "runs": {"batsman": 0, "extras": 0, "total": 0}}}, {"0.6": {"batsman": "SP Fleming", "bowler": "SM Pollock", "non_striker": "S Vidyut", "runs": {"batsman": 0, "extras": 0, "total": 0}}}, {"1.1": {"batsman": "S Vidyut", "bowler": "A Nehra", "non_striker": "SP Fleming", "runs": {"batsman": 4, "extras": 0, "total": 4}}}, {"1.2": {"batsman": "S Vidyut", "bowler": "A Nehra", "non_striker": "SP Fleming", "runs": {"batsman": 0, "extras": 0, "total": 0}}}, {"1.3": {"batsman": "S Vidyut", "bowler": "A Nehra", "non_striker": "SP Fleming", "runs": {"batsman": 0, "extras": 0, "total": 0}}}, {"1.4": {"batsman": "S Vidyut", "bowler": "A Nehra", "non_striker": "SP Fleming", "runs": {"batsman": 4, "extras": 0, "total": 4}}}, {"1.5": {"batsman": "S Vidyut", "bowler": "A Nehra", "non_striker": "SP Fleming", "runs": {"batsman": 0, "extras": 0, "total": 0}}}, {"1.6": {"batsman": "S Vidyut", "bowler": "A Nehra", "non_striker": "SP Fleming", "runs": {"batsman": 4, "extras": 0, "total": 4}}}, {"2.1": {"batsman": "SP Fleming", "bowler": "SM Pollock", "non_striker": "S Vidyut", "runs": {"batsman": 1, "extras": 0, "total": 1}}}, {"2.2": {"batsman": "S Vidyut", "bowler": "SM Pollock", "non_striker": "SP Fleming", "runs": {"batsman": 1, "extras": 0, "total": 1}}}, {"2.3": {"batsman": "SP Fleming", "bowler": "SM Pollock", "non_striker": "S Vidyut", "runs": {"batsman": 1, "extras": 0, "total": 1}}}, {"2.4": {"batsman": "S Vidyut", "bowler": "SM Pollock", "non_striker": "SP Fleming", "runs": {"batsman": 2, "extras": 0, "total": 2}}}, {"2.5": {"batsman": "S Vidyut", "bowler": "SM Pollock", "non_striker": "SP Fleming", "runs": {"batsman": 0, "extras": 0, "total": 0}, "wicket": {"fielders": ["RR Raje"], "kind": "caught", "player_out": "S Vidyut"}}}, {"2.6": {"batsman": "SP Fleming", "bowler": "SM Pollock", "non_striker": "SK Raina", "runs": {"batsman": 0, "extras": 0, "total": 0}}}, {"3.1": {"batsman": "SK Raina", "bowler": "A Nehra", "non_striker": "SP Fleming", "runs": {"batsman": 0, "extras": 0, "total": 0}}}, {"3.2": {"batsman": "SK Raina", "bowler": "A Nehra", "non_striker": "SP Fleming", "runs": {"batsman": 1, "extras": 0, "total": 1}}}, {"3.3": {"batsman": "SP Fleming", "bowler": "A Nehra", "non_striker": "SK Raina", "runs": {"batsman": 0, "extras": 0, "total": 0}}}, {"3.4": {"batsman": "SP Fleming", "bowler": "A Nehra", "non_striker": "SK Raina", "runs": {"batsman": 1, "extras": 0, "total": 1}}}, {"3.5": {"batsman": "SK Raina", "bowler": "A Nehra", "non_striker": "SP Fleming", "runs": {"batsman": 0, "extras": 0, "total": 0}}}, {"3.6": {"batsman": "SK Raina", "bowler": "A Nehra", "non_striker": "SP Fleming", "runs": {"batsman": 0, "extras": 0, "total": 0}}}, {"4.1": {"batsman": "SP Fleming", "bowler": "SM Pollock", "non_striker": "SK Raina", "runs": {"batsman": 0, "extras": 0, "total": 0}}}, {"4.2": {"batsman": "SP Fleming", "bowler": "SM Pollock", "non_striker": "SK Raina", "runs": {"batsman": 0, "extras": 0, "total": 0}}}, {"4.3": {"batsman": "SP Fleming", "bowler": "SM Pollock", "non_striker": "SK Raina", "runs": {"batsman": 2, "extras": 0, "total": 2}}}, {"4.4": {"batsman": "SP Fleming", "bowler": "SM Pollock", "non_striker": "SK Raina", "runs": {"batsman": 0, "extras": 0, "total": 0}}}, {"4.5": {"batsman": "SP Fleming", "bowler": "SM Pollock", "non_striker": "SK Raina", "runs": {"batsman": 1, "extras": 0, "total": 1}}}, {"4.6": {"batsman": "SK Raina", "bowler": "SM Pollock", "non_striker": "SP Fleming", "runs": {"batsman": 0, "extras": 0, "total": 0}}}, {"5.1": {"batsman": "SP Fleming", "bowler": "DJ Bravo", "non_striker": "SK Raina", "runs": {"batsman": 4, "extras": 0, "total": 4}}}, {"5.2": {"batsman": "SP Fleming", "bowler": "DJ Bravo", "non_striker": "SK Raina", "runs": {"batsman": 0, "extras": 0, "total": 0}}}, {"5.3": {"batsman": "SP Fleming", "bowler": "DJ Bravo", "non_striker": "SK Raina", "runs": {"batsman": 0, "extras": 0, "total": 0}}}, {"5.4": {"batsman": "SP Fleming", "bowler": "DJ Bravo", "non_striker": "SK Raina", "runs": {"batsman": 1, "extras": 0, "total": 1}}}, {"5.5": {"batsman": "SK Raina", "bowler": "DJ Bravo", "non_striker": "SP Fleming", "runs": {"batsman": 0, "extras": 0, "total": 0}, "wicket": {"fielders": ["YV Takawale"], "kind": "caught", "player_out": "SK Raina"}}}, {"5.6": {"batsman": "S Badrinath", "bowler": "DJ Bravo", "non_striker": "SP Fleming", "runs": {"batsman": 0, "extras": 0, "total": 0}}}, {"6.1": {"batsman": "SP Fleming", "bowler": "DS Kulkarni", "non_striker": "S Badrinath", "runs": {"batsman": 0, "extras": 0, "total": 0}}}, {"6.2": {"batsman": "SP Fleming", "bowler": "DS Kulkarni", "non_striker": "S Badrinath", "runs": {"batsman": 2, "extras": 0, "total": 2}}}, {"6.3": {"batsman": "SP Fleming", "bowler": "DS Kulkarni", "non_striker": "S Badrinath", "runs": {"batsman": 0, "extras": 0, "total": 0}}}, {"6.4": {"batsman": "SP Fleming", "bowler": "DS Kulkarni", "non_striker": "S Badrinath", "runs": {"batsman": 1, "extras": 0, "total": 1}}}, {"6.5": {"batsman": "S Badrinath", "bowler": "DS Kulkarni", "non_striker": "SP Fleming", "runs": {"batsman": 1, "extras": 0, "total": 1}}}, {"6.6": {"batsman": "SP Fleming", "bowler": "DS Kulkarni", "non_striker": "S Badrinath", "runs": {"batsman": 4, "extras": 0, "total": 4}}}, {"7.1": {"batsman": "S Badrinath", "bowler": "DJ Bravo", "non_striker": "SP Fleming", "runs": {"batsman": 0, "extras": 0, "total": 0}}}, {"7.2": {"batsman": "S Badrinath", "bowler": "DJ Bravo", "non_striker": "SP Fleming", "runs": {"batsman": 0, "extras": 0, "total": 0}}}, {"7.3": {"batsman": "S Badrinath", "bowler": "DJ Bravo", "non_striker": "SP Fleming", "runs": {"batsman": 1, "extras": 0, "total": 1}}}, {"7.4": {"batsman": "SP Fleming", "bowler": "DJ Bravo", "non_striker": "S Badrinath", "runs": {"batsman": 0, "extras": 0, "total": 0}}}, {"7.5": {"batsman": "SP Fleming", "bowler": "DJ Bravo", "non_striker": "S Badrinath", "runs": {"batsman": 4, "extras": 0, "total": 4}}}, {"7.6": {"batsman": "SP Fleming", "bowler": "DJ Bravo", "extras": {"legbyes": 1}, "non_striker": "S Badrinath", "runs": {"batsman": 0, "extras": 1, "total": 1}}}, {"8.1": {"batsman": "SP Fleming", "bowler": "DS Kulkarni", "non_striker": "S Badrinath", "runs": {"batsman": 0, "extras": 0, "total": 0}}}, {"8.2": {"batsman": "SP Fleming", "bowler": "DS Kulkarni", "non_striker": "S Badrinath", "runs": {"batsman": 4, "extras": 0, "total": 4}}}, {"8.3": {"batsman": "SP Fleming", "bowler": "DS Kulkarni", "non_striker": "S Badrinath", "runs": {"batsman": 0, "extras": 0, "total": 0}, "wicket": {"kind": "bowled", "player_out": "SP Fleming"}}}, {"8.4": {"batsman": "CK Kapugedera", "bowler": "DS Kulkarni", "non_striker": "S Badrinath", "runs": {"batsman": 0, "extras": 0, "total": 0}}}, {"8.5": {"batsman": "CK Kapugedera", "bowler": "DS Kulkarni", "non_striker": "S Badrinath", "runs": {"batsman": 0, "extras": 0, "total": 0}, "wicket": {"fielders": ["YV Takawale"], "kind": "caught", "player_out": "CK Kapugedera"}}}, {"8.6": {"batsman": "MS Dhoni", "bowler": "DS Kulkarni", "non_striker": "S Badrinath", "runs": {"batsman": 0, "extras": 0, "total": 0}}}, {"9.1": {"batsman": "S Badrinath", "bowler": "RR Raje", "non_striker": "MS Dhoni", "runs": {"batsman": 0, "extras": 0, "total": 0}}}, {"9.2": {"batsman": "S Badrinath", "bowler": "RR Raje", "non_striker": "MS Dhoni", "runs": {"batsman": 0, "extras": 0, "total": 0}}}, {"9.3": {"batsman": "S Badrinath", "bowler": "RR Raje", "non_striker": "MS Dhoni", "runs": {"batsman": 4, "extras": 0, "total": 4}}}, {"9.4": {"batsman": "S Badrinath", "bowler": "RR Raje", "non_striker": "MS Dhoni", "runs": {"batsman": 1, "extras": 0, "total": 1}}}, {"9.5": {"batsman": "MS Dhoni", "bowler": "RR Raje", "extras": {"wides": 1}, "non_striker": "S Badrinath", "runs": {"batsman": 0, "extras": 1, "total": 1}}}, {"9.6": {"batsman": "MS Dhoni", "bowler": "RR Raje", "extras": {"legbyes": 1}, "non_striker": "S Badrinath", "runs": {"batsman": 0, "extras": 1, "total": 1}}}, {"9.7": {"batsman": "S Badrinath", "bowler": "RR Raje", "non_striker": "MS Dhoni", "runs": {"batsman": 4, "extras": 0, "total": 4}}}, {"10.1": {"batsman": "MS Dhoni", "bowler": "SM Pollock", "non_striker": "S Badrinath", "runs": {"batsman": 0, "extras": 0, "total": 0}}}, {"10.2": {"batsman": "MS Dhoni", "bowler": "SM Pollock", "non_striker": "S Badrinath", "runs": {"batsman": 0, "extras": 0, "total": 0}}}, {"10.3": {"batsman": "MS Dhoni", "bowler": "SM Pollock", "non_striker": "S Badrinath", "runs": {"batsman": 0, "extras": 0, "total": 0}}}, {"10.4": {"batsman": "MS Dhoni", "bowler": "SM Pollock", "non_striker": "S Badrinath", "runs": {"batsman": 0, "extras": 0, "total": 0}}}, {"10.5": {"batsman": "MS Dhoni", "bowler": "SM Pollock", "non_striker": "S Badrinath", "runs": {"batsman": 0, "extras": 0, "total": 0}}}, {"10.6": {"batsman": "MS Dhoni", "bowler": "SM Pollock", "non_striker": "S Badrinath", "runs": {"batsman": 0, "extras": 0, "total": 0}}}, {"11.1": {"batsman": "S Badrinath", "bowler": "RR Raje", "non_striker": "MS Dhoni", "runs": {"batsman": 1, "extras": 0, "total": 1}}}, {"11.2": {"batsman": "MS Dhoni", "bowler": "RR Raje", "non_striker": "S Badrinath", "runs": {"batsman": 1, "extras": 0, "total": 1}}}, {"11.3": {"batsman": "S Badrinath", "bowler": "RR Raje", "non_striker": "MS Dhoni", "runs": {"batsman": 1, "extras": 0, "total": 1}}}, {"11.4": {"batsman": "MS Dhoni", "bowler": "RR Raje", "non_striker": "S Badrinath", "runs": {"batsman": 4, "extras": 0, "total": 4}}}, {"11.5": {"batsman": "MS Dhoni", "bowler": "RR Raje", "non_striker": "S Badrinath", "runs": {"batsman": 2, "extras": 0, "total": 2}}}, {"11.6": {"batsman": "MS Dhoni", "bowler": "RR Raje", "non_striker": "S Badrinath", "runs": {"batsman": 0, "extras": 0, "total": 0}}}, {"12.1": {"batsman": "S Badrinath", "bowler": "A Nehra", "non_striker": "MS Dhoni", "runs": {"batsman": 0, "extras": 0, "total": 0}}}, {"12.2": {"batsman": "S Badrinath", "bowler": "A Nehra", "extras": {"wides": 1}, "non_striker": "MS Dhoni", "runs": {"batsman": 0, "extras": 1, "total": 1}}}, {"12.3": {"batsman": "S Badrinath", "bowler": "A Nehra", "non_striker": "MS Dhoni", "runs": {"batsman": 0, "extras": 0, "total": 0}}}, {"12.4": {"batsman": "S Badrinath", "bowler": "A Nehra", "non_striker": "MS Dhoni", "runs": {"batsman": 1, "extras": 0, "total": 1}}}, {"12.5": {"batsman": "MS Dhoni", "bowler": "A Nehra", "non_striker": "S Badrinath", "runs": {"batsman": 4, "extras": 0, "total": 4}}}, {"12.6": {"batsman": "MS Dhoni", "bowler": "A Nehra", "non_striker": "S Badrinath", "runs": {"batsman": 1, "extras": 0, "total": 1}}}, {"12.7": {"batsman": "S Badrinath", "bowler": "A Nehra", "non_striker": "MS Dhoni", "runs": {"batsman": 0, "extras": 0, "total": 0}}}, {"13.1": {"batsman": "MS Dhoni", "bowler": "DJ Thornely", "extras": {"wides": 1}, "non_striker": "S Badrinath", "runs": {"batsman": 0, "extras": 1, "total": 1}}}, {"13.2": {"batsman": "MS Dhoni", "bowler": "DJ Thornely", "non_striker": "S Badrinath", "runs": {"batsman": 0, "extras": 0, "total": 0}}}, {"13.3": {"batsman": "MS Dhoni", "bowler": "DJ Thornely", "non_striker": "S Badrinath", "runs": {"batsman": 4, "extras": 0, "total": 4}}}, {"13.4": {"batsman": "MS Dhoni", "bowler": "DJ Thornely", "non_striker": "S Badrinath", "runs": {"batsman": 0, "extras": 0, "total": 0}}}, {"13.5": {"batsman": "MS Dhoni", "bowler": "DJ Thornely", "non_striker": "S Badrinath", "runs": {"batsman": 4, "extras": 0, "total": 4}}}, {"13.6": {"batsman": "MS Dhoni", "bowler": "DJ Thornely", "non_striker": "S Badrinath", "runs": {"batsman": 0, "extras": 0, "total": 0}}}, {"13.7": {"batsman": "MS Dhoni", "bowler": "DJ Thornely", "non_striker": "S Badrinath", "runs": {"batsman": 1, "extras": 0, "total": 1}}}, {"14.1": {"batsman": "MS Dhoni", "bowler": "DS Kulkarni", "non_striker": "S Badrinath", "runs": {"batsman": 0, "extras": 0, "total": 0}}}, {"14.2": {"batsman": "MS Dhoni", "bowler": "DS Kulkarni", "non_striker": "S Badrinath", "runs": {"batsman": 1, "extras": 0, "total": 1}}}, {"14.3": {"batsman": "S Badrinath", "bowler": "DS Kulkarni", "non_striker": "MS Dhoni", "runs": {"batsman": 0, "extras": 0, "total": 0}}}, {"14.4": {"batsman": "S Badrinath", "bowler": "DS Kulkarni", "non_striker": "MS Dhoni", "runs": {"batsman": 0, "extras": 0, "total": 0}}}, {"14.5": {"batsman": "S Badrinath", "bowler": "DS Kulkarni", "extras": {"wides": 1}, "non_striker": "MS Dhoni", "runs": {"batsman": 0, "extras": 1, "total": 1}}}, {"14.6": {"batsman": "S Badrinath", "bowler": "DS Kulkarni", "non_striker": "MS Dhoni", "runs": {"batsman": 0, "extras": 0, "total": 0}}}, {"14.7": {"batsman": "S Badrinath", "bowler": "DS Kulkarni", "non_striker": "MS Dhoni", "runs": {"batsman": 4, "extras": 0, "total": 4}}}, {"15.1": {"batsman": "MS Dhoni", "bowler": "DJ Bravo", "non_striker": "S Badrinath", "runs": {"batsman": 1, "extras": 0, "total": 1}}}, {"15.2": {"batsman": "S Badrinath", "bowler": "DJ Bravo", "non_striker": "MS Dhoni", "runs": {"batsman": 4, "extras": 0, "total": 4}}}, {"15.3": {"batsman": "S Badrinath", "bowler": "DJ Bravo", "non_striker": "MS Dhoni", "runs": {"batsman": 2, "extras": 0, "total": 2}}}, {"15.4": {"batsman": "S Badrinath", "bowler": "DJ Bravo", "non_striker": "MS Dhoni", "runs": {"batsman": 1, "extras": 0, "total": 1}}}, {"15.5": {"batsman": "MS Dhoni", "bowler": "DJ Bravo", "non_striker": "S Badrinath", "runs": {"batsman": 1, "extras": 0, "total": 1}}}, {"15.6": {"batsman": "S Badrinath", "bowler": "DJ Bravo", "non_striker": "MS Dhoni", "runs": {"batsman": 4, "extras": 0, "total": 4}}}, {"16.1": {"batsman": "MS Dhoni", "bowler": "A Nehra", "non_striker": "S Badrinath", "runs": {"batsman": 1, "extras": 0, "total": 1}}}, {"16.2": {"batsman": "S Badrinath", "bowler": "A Nehra", "non_striker": "MS Dhoni", "runs": {"batsman": 1, "extras": 0, "total": 1}}}, {"16.3": {"batsman": "MS Dhoni", "bowler": "A Nehra", "non_striker": "S Badrinath", "runs": {"batsman": 4, "extras": 0, "total": 4}}}, {"16.4": {"batsman": "MS Dhoni", "bowler": "A Nehra", "non_striker": "S Badrinath", "runs": {"batsman": 0, "extras": 0, "total": 0}}}, {"16.5": {"batsman": "MS Dhoni", "bowler": "A Nehra", "extras": {"legbyes": 1}, "non_striker": "S Badrinath", "runs": {"batsman": 0, "extras": 1, "total": 1}}}, {"16.6": {"batsman": "S Badrinath", "bowler": "A Nehra", "non_striker": "MS Dhoni", "runs": {"batsman": 4, "extras": 0, "total": 4}}}, {"17.1": {"batsman": "MS Dhoni", "bowler": "RR Raje", "non_striker": "S Badrinath", "runs": {"batsman": 1, "extras": 0, "total": 1}}}, {"17.2": {"batsman": "S Badrinath", "bowler": "RR Raje", "non_striker": "MS Dhoni", "runs": {"batsman": 1, "extras": 0, "total": 1}}}, {"17.3": {"batsman": "MS Dhoni", "bowler": "RR Raje", "non_striker": "S Badrinath", "runs": {"batsman": 1, "extras": 0, "total": 1}}}, {"17.4": {"batsman": "S Badrinath", "bowler": "RR Raje", "non_striker": "MS Dhoni", "runs": {"batsman": 6, "extras": 0, "total": 6}}}, {"17.5": {"batsman": "S Badrinath", "bowler": "RR Raje", "non_striker": "MS Dhoni", "runs": {"batsman": 4, "extras": 0, "total": 4}}}, {"17.6": {"batsman": "S Badrinath", "bowler": "RR Raje", "non_striker": "MS Dhoni", "runs": {"batsman": 1, "extras": 0, "total": 1}}}, {"18.1": {"batsman": "S Badrinath", "bowler": "DJ Bravo", "non_striker": "MS Dhoni", "runs": {"batsman": 1, "extras": 0, "total": 1}}}, {"18.2": {"batsman": "MS Dhoni", "bowler": "DJ Bravo", "non_striker": "S Badrinath", "runs": {"batsman": 6, "extras": 0, "total": 6}}}, {"18.3": {"batsman": "MS Dhoni", "bowler": "DJ Bravo", "non_striker": "S Badrinath", "runs": {"batsman": 0, "extras": 0, "total": 0}}}, {"18.4": {"batsman": "MS Dhoni", "bowler": "DJ Bravo", "non_striker": "S Badrinath", "runs": {"batsman": 1, "extras": 0, "total": 1}}}, {"18.5": {"batsman": "S Badrinath", "bowler": "DJ Bravo", "non_striker": "MS Dhoni", "runs": {"batsman": 6, "extras": 0, "total": 6}}}, {"18.6": {"batsman": "S Badrinath", "bowler": "DJ Bravo", "non_striker": "MS Dhoni", "runs": {"batsman": 0, "extras": 0, "total": 0}, "wicket": {"kind": "caught and bowled", "player_out": "S Badrinath"}}}, {"19.1": {"batsman": "JA Morkel", "bowler": "DS Kulkarni", "extras": {"wides": 1}, "non_striker": "MS Dhoni", "runs": {"batsman": 0, "extras": 1, "total": 1}}}, {"19.2": {"batsman": "JA Morkel", "bowler": "DS Kulkarni", "extras": {"wides": 3}, "non_striker": "MS Dhoni", "runs": {"batsman": 0, "extras": 3, "total": 3}}}, {"19.3": {"batsman": "JA Morkel", "bowler": "DS Kulkarni", "extras": {"wides": 1}, "non_striker": "MS Dhoni", "runs": {"batsman": 0, "extras": 1, "total": 1}}}, {"19.4": {"batsman": "JA Morkel", "bowler": "DS Kulkarni", "non_striker": "MS Dhoni", "runs": {"batsman": 0, "extras": 0, "total": 0}}}, {"19.5": {"batsman": "JA Morkel", "bowler": "DS Kulkarni", "non_striker": "MS Dhoni", "runs": {"batsman": 1, "extras": 0, "total": 1}}}, {"19.6": {"batsman": "MS Dhoni", "bowler": "DS Kulkarni", "non_striker": "JA Morkel", "runs": {"batsman": 4, "extras": 0, "total": 4}}}, {"19.7": {"batsman": "MS Dhoni", "bowler": "DS Kulkarni", "non_striker": "JA Morkel", "runs": {"batsman": 1, "extras": 0, "total": 1}}}, {"19.8": {"batsman": "JA Morkel", "bowler": "DS Kulkarni", "non_striker": "MS Dhoni", "runs": {"batsman": 4, "extras": 0, "total": 4}}}, {"19.9": {"batsman": "JA Morkel", "bowler": "DS Kulkarni", "non_striker": "MS Dhoni", "runs": {"batsman": 0, "extras": 0, "total": 0}, "wicket": {"fielders": ["RV Uthappa"], "kind": "caught", "player_out": "JA Morkel"}}}]