[{"0.1": {"batsman": "AC Gilchrist", "bowler": "P Kumar", "non_striker": "HH Gibbs", "runs": {"batsman": 0, "extras": 0, "total": 0}}}, {"0.2": {"batsman": "AC Gilchrist", "bowler": "P Kumar", "non_striker": "HH Gibbs", "runs": {"batsman": 4, "extras": 0, "total": 4}}}, {"0.3": {"batsman": "AC Gilchrist", "bowler": "P Kumar", "non_striker": "HH Gibbs", "runs": {"batsman": 4, "extras": 0, "total": 4}}}, {"0.4": {"batsman": "AC Gilchrist", "bowler": "P Kumar", "non_striker": "HH Gibbs", "runs": {"batsman": 4, "extras": 0, "total": 4}}}, {"0.5": {"batsman": "AC Gilchrist", "bowler": "P Kumar", "non_striker": "HH Gibbs", "runs": {"batsman": 0, "extras": 0, "total": 0}}}, {"0.6": {"batsman": "AC Gilchrist", "bowler": "P Kumar", "non_striker": "HH Gibbs", "runs": {"batsman": 0, "extras": 0, "total": 0}}}, {"1.1": {"batsman": "HH Gibbs", "bowler": "DW Steyn", "non_striker": "AC Gilchrist", "runs": {"batsman": 1, "extras": 0, "total": 1}}}, {"1.2": {"batsman": "AC Gilchrist", "bowler": "DW Steyn", "non_striker": "HH Gibbs", "runs": {"batsman": 4, "extras": 0, "total": 4}}}, {"1.3": {"batsman": "AC Gilchrist", "bowler": "DW Steyn", "non_striker": "HH Gibbs", "runs": {"batsman": 0, "extras": 0, "total": 0}}}, {"1.4": {"batsman": "AC Gilchrist", "bowler": "DW Steyn", "non_striker": "HH Gibbs", "runs": {"batsman": 4, "extras": 0, "total": 4}}}, {"1.5": {"batsman": "AC Gilchrist", "bowler": "DW Steyn", "non_striker": "HH Gibbs", "runs": {"batsman": 0, "extras": 0, "total": 0}}}, {"1.6": {"batsman": "AC Gilchrist", "bowler": "DW Steyn", "non_striker": "HH Gibbs", "runs": {"batsman": 6, "extras": 0, "total": 6}}}, {"2.1": {"batsman": "HH Gibbs", "bowler": "JH Kallis", "non_striker": "AC Gilchrist", "runs": {"batsman": 4, "extras": 0, "total": 4}}}, {"2.2": {"batsman": "HH Gibbs", "bowler": "JH Kallis", "non_striker": "AC Gilchrist", "runs": {"batsman": 1, "extras": 0, "total": 1}}}, {"2.3": {"batsman": "AC Gilchrist", "bowler": "JH Kallis", "extras": {"legbyes": 1}, "non_striker": "HH Gibbs", "runs": {"batsman": 0, "extras": 1, "total": 1}}}, {"2.4": {"batsman": "HH Gibbs", "bowler": "JH Kallis", "non_striker": "AC Gilchrist", "runs": {"batsman": 0, "extras": 0, "total": 0}}}, {"2.5": {"batsman": "HH Gibbs", "bowler": "JH Kallis", "non_striker": "AC Gilchrist", "runs": {"batsman": 1, "extras": 0, "total": 1}}}, {"2.6": {"batsman": "AC Gilchrist", "bowler": "JH Kallis", "extras": {"legbyes": 1}, "non_striker": "HH Gibbs", "runs": {"batsman": 0, "extras": 1, "total": 1}}}, {"3.1": {"batsman": "AC Gilchrist", "bowler": "P Kumar", "non_striker": "HH Gibbs", "runs": {"batsman": 0, "extras": 0, "total": 0}}}, {"3.2": {"batsman": "AC Gilchrist", "bowler": "P Kumar", "extras": {"legbyes": 4}, "non_striker": "HH Gibbs", "runs": {"batsman": 0, "extras": 4, "total": 4}}}, {"3.3": {"batsman": "AC Gilchrist", "bowler": "P Kumar", "non_striker": "HH Gibbs", "runs": {"batsman": 1, "extras": 0, "total": 1}}}, {"3.4": {"batsman": "HH Gibbs", "bowler": "P Kumar", "non_striker": "AC Gilchrist", "runs": {"batsman": 6, "extras": 0, "total": 6}}}, {"3.5": {"batsman": "HH Gibbs", "bowler": "P Kumar", "non_striker": "AC Gilchrist", "runs": {"batsman": 0, "extras": 0, "total": 0}, "wicket": {"kind": "lbw", "player_out": "HH Gibbs"}}}, {"3.6": {"batsman": "VVS Laxman", "bowler": "P Kumar", "non_striker": "AC Gilchrist", "runs": {"batsman": 1, "extras": 0, "total": 1}}}, {"4.1": {"batsman": "VVS Laxman", "bowler": "DW Steyn", "non_striker": "AC Gilchrist", "runs": {"batsman": 0, "extras": 0, "total": 0}}}, {"4.2": {"batsman": "VVS Laxman", "bowler": "DW Steyn", "non_striker": "AC Gilchrist", "runs": {"batsman": 0, "extras": 0, "total": 0}}}, {"4.3": {"batsman": "VVS Laxman", "bowler": "DW Steyn", "non_striker": "AC Gilchrist", "runs": {"batsman": 1, "extras": 0, "total": 1}}}, {"4.4": {"batsman": "AC Gilchrist", "bowler": "DW Steyn", "non_striker": "VVS Laxman", "runs": {"batsman": 0, "extras": 0, "total": 0}}}, {"4.5": {"batsman": "AC Gilchrist", "bowler": "DW Steyn", "non_striker": "VVS Laxman", "runs": {"batsman": 1, "extras": 0, "total": 1}}}, {"4.6": {"batsman": "VVS Laxman", "bowler": "DW Steyn", "non_striker": "AC Gilchrist", "runs": {"batsman": 0, "extras": 0, "total": 0}}}, {"5.1": {"batsman": "AC Gilchrist", "bowler": "JH Kallis", "non_striker": "VVS Laxman", "runs": {"batsman": 0, "extras": 0, "total": 0}}}, {"5.2": {"batsman": "AC Gilchrist", "bowler": "JH Kallis", "non_striker": "VVS Laxman", "runs": {"batsman": 6, "extras": 0, "total": 6}}}, {"5.3": {"batsman": "AC Gilchrist", "bowler": "JH Kallis", "non_striker": "VVS Laxman", "runs": {"batsman": 4, "extras": 0, "total": 4}}}, {"5.4": {"batsman": "AC Gilchrist", "bowler": "JH Kallis", "non_striker": "VVS Laxman", "runs": {"batsman": 1, "extras": 0, "total": 1}}}, {"5.5": {"batsman": "VVS Laxman", "bowler": "JH Kallis", "non_striker": "AC Gilchrist", "runs": {"batsman": 1, "extras": 0, "total": 1}}}, {"5.6": {"batsman": "AC Gilchrist", "bowler": "JH Kallis", "non_striker": "VVS Laxman", "runs": {"batsman": 1, "extras": 0, "total": 1}}}, {"6.1": {"batsman": "AC Gilchrist", "bowler": "A Kumble", "non_striker": "VVS Laxman", "runs": {"batsman": 1, "extras": 0, "total": 1}}}, {"6.2": {"batsman": "VVS Laxman", "bowler": "A Kumble", "non_striker": "AC Gilchrist", "runs": {"batsman": 0, "extras": 0, "total": 0}}}, {"6.3": {"batsman": "VVS Laxman", "bowler": "A Kumble", "non_striker": "AC Gilchrist", "runs": {"batsman": 1, "extras": 0, "total": 1}}}, {"6.4": {"batsman": "AC Gilchrist", "bowler": "A Kumble", "non_striker": "VVS Laxman", "runs": {"batsman": 1, "extras": 0, "total": 1}}}, {"6.5": {"batsman": "VVS Laxman", "bowler": "A Kumble", "non_striker": "AC Gilchrist", "runs": {"batsman": 1, "extras": 0, "total": 1}}}, {"6.6": {"batsman": "AC Gilchrist", "bowler": "A Kumble", "non_striker": "VVS Laxman", "runs": {"batsman": 0, "extras": 0, "total": 0}}}, {"7.1": {"batsman": "VVS Laxman", "bowler": "JD Ryder", "non_striker": "AC Gilchrist", "runs": {"batsman": 0, "extras": 0, "total": 0}, "wicket": {"fielders": ["DW Steyn"], "kind": "caught", "player_out": "VVS Laxman"}}}, {"7.2": {"batsman": "AC Gilchrist", "bowler": "JD Ryder", "non_striker": "RG Sharma", "runs": {"batsman": 1, "extras": 0, "total": 1}}}, {"7.3": {"batsman": "RG Sharma", "bowler": "JD Ryder", "non_striker": "AC Gilchrist", "runs": {"batsman": 4, "extras": 0, "total": 4}}}, {"7.4": {"batsman": "RG Sharma", "bowler": "JD Ryder", "non_striker": "AC Gilchrist", "runs": {"batsman": 0, "extras": 0, "total": 0}}}, {"7.5": {"batsman": "RG Sharma", "bowler": "JD Ryder", "non_striker": "AC Gilchrist", "runs": {"batsman": 0, "extras": 0, "total": 0}}}, {"7.6": {"batsman": "RG Sharma", "bowler": "JD Ryder", "extras": {"wides": 1}, "non_striker": "AC Gilchrist", "runs": {"batsman": 0, "extras": 1, "total": 1}}}, {"7.7": {"batsman": "RG Sharma", "bowler": "JD Ryder", "non_striker": "AC Gilchrist", "runs": {"batsman": 0, "extras": 0, "total": 0}}}, {"8.1": {"batsman": "AC Gilchrist", "bowler": "A Kumble", "non_striker": "RG Sharma", "runs": {"batsman": 1, "extras": 0, "total": 1}}}, {"8.2": {"batsman": "RG Sharma", "bowler": "A Kumble", "non_striker": "AC Gilchrist", "runs": {"batsman": 1, "extras": 0, "total": 1}}}, {"8.3": {"batsman": "AC Gilchrist", "bowler": "A Kumble", "non_striker": "RG Sharma", "runs": {"batsman": 0, "extras": 0, "total": 0}}}, {"8.4": {"batsman": "AC Gilchrist", "bowler": "A Kumble", "non_striker": "RG Sharma", "runs": {"batsman": 1, "extras": 0, "total": 1}}}, {"8.5": {"batsman": "RG Sharma", "bowler": "A Kumble", "non_striker": "AC Gilchrist", "runs": {"batsman": 0, "extras": 0, "total": 0}}}, {"8.6": {"batsman": "RG Sharma", "bowler": "A Kumble", "non_striker": "AC Gilchrist", "runs": {"batsman": 2, "extras": 0, "total": 2}}}, {"9.1": {"batsman": "AC Gilchrist", "bowler": "JD Ryder", "non_striker": "RG Sharma", "runs": {"batsman": 6, "extras": 0, "total": 6}}}, {"9.2": {"batsman": "AC Gilchrist", "bowler": "JD Ryder", "non_striker": "RG Sharma", "runs": {"batsman": 1, "extras": 0, "total": 1}}}, {"9.3": {"batsman": "RG Sharma", "bowler": "JD Ryder", "non_striker": "AC Gilchrist", "runs": {"batsman": 1, "extras": 0, "total": 1}}}, {"9.4": {"batsman": "AC Gilchrist", "bowler": "JD Ryder", "non_striker": "RG Sharma", "runs": {"batsman": 6, "extras": 0, "total": 6}}}, {"9.5": {"batsman": "AC Gilchrist", "bowler": "JD Ryder", "non_striker": "RG Sharma", "runs": {"batsman": 0, "extras": 0, "total": 0}}}, {"9.6": {"batsman": "AC Gilchrist", "bowler": "JD Ryder", "non_striker": "RG Sharma", "runs": {"batsman": 0, "extras": 0, "total": 0}}}, {"10.1": {"batsman": "RG Sharma", "bowler": "A Kumble", "non_striker": "AC Gilchrist", "runs": {"batsman": 1, "extras": 0, "total": 1}}}, {"10.2": {"batsman": "AC Gilchrist", "bowler": "A Kumble", "non_striker": "RG Sharma", "runs": {"batsman": 1, "extras": 0, "total": 1}}}, {"10.3": {"batsman": "RG Sharma", "bowler": "A Kumble", "non_striker": "AC Gilchrist", "runs": {"batsman": 1, "extras": 0, "total": 1}}}, {"10.4": {"batsman": "AC Gilchrist", "bowler": "A Kumble", "non_striker": "RG Sharma", "runs": {"batsman": 6, "extras": 0, "total": 6}}}, {"10.5": {"batsman": "AC Gilchrist", "bowler": "A Kumble", "non_striker": "RG Sharma", "runs": {"batsman": 0, "extras": 0, "total": 0}}}, {"10.6": {"batsman": "AC Gilchrist", "bowler": "A Kumble", "non_striker": "RG Sharma", "runs": {"batsman": 1, "extras": 0, "total": 1}}}, {"11.1": {"batsman": "AC Gilchrist", "bowler": "KP Pietersen", "non_striker": "RG Sharma", "runs": {"batsman": 1, "extras": 0, "total": 1}}}, {"11.2": {"batsman": "RG Sharma", "bowler": "KP Pietersen", "extras": {"legbyes": 1}, "non_striker": "AC Gilchrist", "runs": {"batsman": 0, "extras": 1, "total": 1}}}, {"11.3": {"batsman": "AC Gilchrist", "bowler": "KP Pietersen", "non_striker": "RG Sharma", "runs": {"batsman": 2, "extras": 0, "total": 2}}}, {"11.4": {"batsman": "AC Gilchrist", "bowler": "KP Pietersen", "non_striker": "RG Sharma", "runs": {"batsman": 1, "extras": 0, "total": 1}}}, {"11.5": {"batsman": "RG Sharma", "bowler": "KP Pietersen", "extras": {"legbyes": 1}, "non_striker": "AC Gilchrist", "runs": {"batsman": 0, "extras": 1, "total": 1}}}, {"11.6": {"batsman": "AC Gilchrist", "bowler": "KP Pietersen", "non_striker": "RG Sharma", "runs": {"batsman": 0, "extras": 0, "total": 0}}}, {"12.1": {"batsman": "RG Sharma", "bowler": "A Kumble", "non_striker": "AC Gilchrist", "runs": {"batsman": 6, "extras": 0, "total": 6}}}, {"12.2": {"batsman": "RG Sharma", "bowler": "A Kumble", "non_striker": "AC Gilchrist", "runs": {"batsman": 0, "extras": 0, "total": 0}}}, {"12.3": {"batsman": "RG Sharma", "bowler": "A Kumble", "non_striker": "AC Gilchrist", "runs": {"batsman": 6, "extras": 0, "total": 6}}}, {"12.4": {"batsman": "RG Sharma", "bowler": "A Kumble", "non_striker": "AC Gilchrist", "runs": {"batsman": 6, "extras": 0, "total": 6}}}, {"12.5": {"batsman": "RG Sharma", "bowler": "A Kumble", "non_striker": "AC Gilchrist", "runs": {"batsman": 1, "extras": 0, "total": 1}}}, {"12.6": {"batsman": "AC Gilchrist", "bowler": "A Kumble", "non_striker": "RG Sharma", "runs": {"batsman": 1, "extras": 0, "total": 1}}}, {"13.1": {"batsman": "AC Gilchrist", "bowler": "KP Pietersen", "non_striker": "RG Sharma", "runs": {"batsman": 0, "extras": 0, "total": 0}, "wicket": {"fielders": ["V Kohli"], "kind": "caught", "player_out": "AC Gilchrist"}}}, {"13.2": {"batsman": "SB Styris", "bowler": "KP Pietersen", "non_striker": "RG Sharma", "runs": {"batsman": 1, "extras": 0, "total": 1}}}, {"13.3": {"batsman": "RG Sharma", "bowler": "KP Pietersen", "non_striker": "SB Styris", "runs": {"batsman": 1, "extras": 0, "total": 1}}}, {"13.4": {"batsman": "SB Styris", "bowler": "KP Pietersen", "non_striker": "RG Sharma", "runs": {"batsman": 1, "extras": 0, "total": 1}}}, {"13.5": {"batsman": "RG Sharma", "bowler": "KP Pietersen", "non_striker": "SB Styris", "runs": {"batsman": 0, "extras": 0, "total": 0}}}, {"13.6": {"batsman": "RG Sharma", "bowler": "KP Pietersen", "non_striker": "SB Styris", "runs": {"batsman": 2, "extras": 0, "total": 2}}}, {"14.1": {"batsman": "SB Styris", "bowler": "P Kumar", "non_striker": "RG Sharma", "runs": {"batsman": 1, "extras": 0, "total": 1}}}, {"14.2": {"batsman": "RG Sharma", "bowler": "P Kumar", "non_striker": "SB Styris", "runs": {"batsman": 0, "extras": 0, "total": 0}}}, {"14.3": {"batsman": "RG Sharma", "bowler": "P Kumar", "non_striker": "SB Styris", "runs": {"batsman": 1, "extras": 0, "total": 1}}}, {"14.4": {"batsman": "SB Styris", "bowler": "P Kumar", "non_striker": "RG Sharma", "runs": {"batsman": 2, "extras": 0, "total": 2}}}, {"14.5": {"batsman": "SB Styris", "bowler": "P Kumar", "non_striker": "RG Sharma", "runs": {"batsman": 1, "extras": 0, "total": 1}}}, {"14.6": {"batsman": "RG Sharma", "bowler": "P Kumar", "non_striker": "SB Styris", "runs": {"batsman": 2, "extras": 0, "total": 2}}}, {"15.1": {"batsman": "SB Styris", "bowler": "KP Pietersen", "non_striker": "RG Sharma", "runs": {"batsman": 2, "extras": 0, "total": 2}}}, {"15.2": {"batsman": "SB Styris", "bowler": "KP Pietersen", "non_striker": "RG Sharma", "runs": {"batsman": 6, "extras": 0, "total": 6}}}, {"15.3": {"batsman": "SB Styris", "bowler": "KP Pietersen", "non_striker": "RG Sharma", "runs": {"batsman": 0, "extras": 0, "total": 0}, "wicket": {"fielders": ["P Kumar"], "kind": "caught", "player_out": "SB Styris"}}}, {"15.4": {"batsman": "RG Sharma", "bowler": "KP Pietersen", "non_striker": "Y Venugopal Rao", "runs": {"batsman": 1, "extras": 0, "total": 1}}}, {"15.5": {"batsman": "Y Venugopal Rao", "bowler": "KP Pietersen", "non_striker": "RG Sharma", "runs": {"batsman": 0, "extras": 0, "total": 0}}}, {"15.6": {"batsman": "Y Venugopal Rao", "bowler": "KP Pietersen", "non_striker": "RG Sharma", "runs": {"batsman": 1, "extras": 0, "total": 1}}}, {"16.1": {"batsman": "Y Venugopal Rao", "bowler": "JD Ryder", "non_striker": "RG Sharma", "runs": {"batsman": 0, "extras": 0, "total": 0}}}, {"16.2": {"batsman": "Y Venugopal Rao", "bowler": "JD Ryder", "non_striker": "RG Sharma", "runs": {"batsman": 1, "extras": 0, "total": 1}}}, {"16.3": {"batsman": "RG Sharma", "bowler": "JD Ryder", "non_striker": "Y Venugopal Rao", "runs": {"batsman": 6, "extras": 0, "total": 6}}}, {"16.4": {"batsman": "RG Sharma", "bowler": "JD Ryder", "non_striker": "Y Venugopal Rao", "runs": {"batsman": 1, "extras": 0, "total": 1}}}, {"16.5": {"batsman": "Y Venugopal Rao", "bowler": "JD Ryder", "non_striker": "RG Sharma", "runs": {"batsman": 0, "extras": 0, "total": 0}}}, {"16.6": {"batsman": "Y Venugopal Rao", "bowler": "JD Ryder", "non_striker": "RG Sharma", "runs": {"batsman": 1, "extras": 0, "total": 1}}}, {"17.1": {"batsman": "Y Venugopal Rao", "bowler": "KP Pietersen", "non_striker": "RG Sharma", "runs": {"batsman": 0, "extras": 0, "total": 0}}}, {"17.2": {"batsman": "Y Venugopal Rao", "bowler": "KP Pietersen", "non_striker": "RG Sharma", "runs": {"batsman": 2, "extras": 0, "total": 2}}}, {"17.3": {"batsman": "Y Venugopal Rao", "bowler": "KP Pietersen", "non_striker": "RG Sharma", "runs": {"batsman": 1, "extras": 0, "total": 1}}}, {"17.4": {"batsman": "RG Sharma", "bowler": "KP Pietersen", "non_striker": "Y Venugopal Rao", "runs": {"batsman": 6, "extras": 0, "total": 6}}}, {"17.5": {"batsman": "RG Sharma", "bowler": "KP Pietersen", "non_striker": "Y Venugopal Rao", "runs": {"batsman": 1, "extras": 0, "total": 1}}}, {"17.6": {"batsman": "Y Venugopal Rao", "bowler": "KP Pietersen", "non_striker": "RG Sharma", "runs": {"batsman": 2, "extras": 0, "total": 2}}}, {"18.1": {"batsman": "RG Sharma", "bowler": "DW Steyn", "non_striker": "Y Venugopal Rao", "runs": {"batsman": 2, "extras": 0, "total": 2}}}, {"18.2": {"batsman": "RG Sharma", "bowler": "DW Steyn", "non_striker": "Y Venugopal Rao", "runs": {"batsman": 0, "extras": 0, "total": 0}, "wicket": {"fielders": ["KP Pietersen"], "kind": "caught", "player_out": "RG Sharma"}}}, {"18.3": {"batsman": "Y Venugopal Rao", "bowler": "DW Steyn", "non_striker": "DB Ravi Teja", "runs": {"batsman": 0, "extras": 0, "total": 0}}}, {"18.4": {"batsman": "Y Venugopal Rao", "bowler": "DW Steyn", "non_striker": "DB Ravi Teja", "runs": {"batsman": 0, "extras": 0, "total": 0}}}, {"18.5": {"batsman": "Y Venugopal Rao", "bowler": "DW Steyn", "non_striker": "DB Ravi Teja", "runs": {"batsman": 1, "extras": 0, "total": 1}}}, {"18.6": {"batsman": "DB Ravi Teja", "bowler": "DW Steyn", "non_striker": "Y Venugopal Rao", "runs": {"batsman": 1, "extras": 0, "total": 1}, "wicket": {"fielders": ["KV Sharma", "RV Uthappa"], "kind": "run out", "player_out": "Y Venugopal Rao"}}}, {"19.1": {"batsman": "DB Ravi Teja", "bowler": "P Kumar", "non_striker": "FH Edwards", "runs": {"batsman": 1, "extras": 0, "total": 1}}}, {"19.2": {"batsman": "FH Edwards", "bowler": "P Kumar", "non_striker": "DB Ravi Teja", "runs": {"batsman": 0, "extras": 0, "total": 0}}}, {"19.3": {"batsman": "FH Edwards", "bowler": "P Kumar", "non_striker": "DB Ravi Teja", "runs": {"batsman": 3, "extras": 0, "total": 3}}}, {"19.4": {"batsman": "DB Ravi Teja", "bowler": "P Kumar", "non_striker": "FH Edwards", "runs": {"batsman": 0, "extras": 0, "total": 0}}}, {"19.5": {"batsman": "DB Ravi Teja", "bowler": "P Kumar", "non_striker": "FH Edwards", "runs": {"batsman": 2, "extras": 0, "total": 2}}}, {"19.6": {"batsman": "DB Ravi Teja", "bowler": "P Kumar", "non_striker": "FH Edwards", "runs": {"batsman": 4, "extras": 0, "total": 4}}}]