[{"0.1": {"batsman": "RS Bopara", "bowler": "Kamran Khan", "non_striker": "K Goel", "runs": {"batsman": 0, "extras": 0, "total": 0}, "wicket": {"fielders": ["RA Jadeja", "SA Asnodkar"], "kind": "run out", "player_out": "K Goel"}}}, {"0.2": {"batsman": "RS Bopara", "bowler": "Kamran Khan", "non_striker": "KC Sangakkara", "runs": {"batsman": 0, "extras": 0, "total": 0}}}, {"0.3": {"batsman": "RS Bopara", "bowler": "Kamran Khan", "extras": {"wides": 1}, "non_striker": "KC Sangakkara", "runs": {"batsman": 0, "extras": 1, "total": 1}}}, {"0.4": {"batsman": "RS Bopara", "bowler": "Kamran Khan", "non_striker": "KC Sangakkara", "runs": {"batsman": 0, "extras": 0, "total": 0}}}, {"0.5": {"batsman": "RS Bopara", "bowler": "Kamran Khan", "non_striker": "KC Sangakkara", "runs": {"batsman": 0, "extras": 0, "total": 0}}}, {"0.6": {"batsman": "RS Bopara", "bowler": "Kamran Khan", "non_striker": "KC Sangakkara", "runs": {"batsman": 0, "extras": 0, "total": 0}}}, {"0.7": {"batsman": "RS Bopara", "bowler": "Kamran Khan", "non_striker": "KC Sangakkara", "runs": {"batsman": 0, "extras": 0, "total": 0}}}, {"1.1": {"batsman": "KC Sangakkara", "bowler": "AD Mascarenhas", "non_striker": "RS Bopara", "runs": {"batsman": 0, "extras": 0, "total": 0}}}, {"1.2": {"batsman": "KC Sangakkara", "bowler": "AD Mascarenhas", "non_striker": "RS Bopara", "runs": {"batsman": 0, "extras": 0, "total": 0}}}, {"1.3": {"batsman": "KC Sangakkara", "bowler": "AD Mascarenhas", "non_striker": "RS Bopara", "runs": {"batsman": 0, "extras": 0, "total": 0}}}, {"1.4": {"batsman": "KC Sangakkara", "bowler": "AD Mascarenhas", "non_striker": "RS Bopara", "runs": {"batsman": 4, "extras": 0, "total": 4}}}, {"1.5": {"batsman": "KC Sangakkara", "bowler": "AD Mascarenhas", "non_striker": "RS Bopara", "runs": {"batsman": 1, "extras": 0, "total": 1}}}, {"1.6": {"batsman": "RS Bopara", "bowler": "AD Mascarenhas", "non_striker": "KC Sangakkara", "runs": {"batsman": 1, "extras": 0, "total": 1}}}, {"2.1": {"batsman": "RS Bopara", "bowler": "MM Patel", "non_striker": "KC Sangakkara", "runs": {"batsman": 4, "extras": 0, "total": 4}}}, {"2.2": {"batsman": "RS Bopara", "bowler": "MM Patel", "non_striker": "KC Sangakkara", "runs": {"batsman": 0, "extras": 0, "total": 0}}}, {"2.3": {"batsman": "RS Bopara", "bowler": "MM Patel", "non_striker": "KC Sangakkara", "runs": {"batsman": 1, "extras": 0, "total": 1}}}, {"2.4": {"batsman": "KC Sangakkara", "bowler": "MM Patel", "non_striker": "RS Bopara", "runs": {"batsman": 0, "extras": 0, "total": 0}}}, {"2.5": {"batsman": "KC Sangakkara", "bowler": "MM Patel", "non_striker": "RS Bopara", "runs": {"batsman": 0, "extras": 0, "total": 0}}}, {"2.6": {"batsman": "KC Sangakkara", "bowler": "MM Patel", "non_striker": "RS Bopara", "runs": {"batsman": 0, "extras": 0, "total": 0}}}, {"3.1": {"batsman": "RS Bopara", "bowler": "AD Mascarenhas", "non_striker": "KC Sangakkara", "runs": {"batsman": 0, "extras": 0, "total": 0}}}, {"3.2": {"batsman": "RS Bopara", "bowler": "AD Mascarenhas", "non_striker": "KC Sangakkara", "runs": {"batsman": 4, "extras": 0, "total": 4}}}, {"3.3": {"batsman": "RS Bopara", "bowler": "AD Mascarenhas", "non_striker": "KC Sangakkara", "runs": {"batsman": 0, "extras": 0, "total": 0}}}, {"3.4": {"batsman": "RS Bopara", "bowler": "AD Mascarenhas", "non_striker": "KC Sangakkara", "runs": {"batsman": 1, "extras": 0, "total": 1}}}, {"3.5": {"batsman": "KC Sangakkara", "bowler": "AD Mascarenhas", "non_striker": "RS Bopara", "runs": {"batsman": 0, "extras": 0, "total": 0}}}, {"3.6": {"batsman": "KC Sangakkara", "bowler": "AD Mascarenhas", "non_striker": "RS Bopara", "runs": {"batsman": 4, "extras": 0, "total": 4}}}, {"4.1": {"batsman": "RS Bopara", "bowler": "Kamran Khan", "non_striker": "KC Sangakkara", "runs": {"batsman": 0, "extras": 0, "total": 0}, "wicket": {"fielders": ["MM Patel"], "kind": "caught", "player_out": "RS Bopara"}}}, {"4.2": {"batsman": "Yuvraj Singh", "bowler": "Kamran Khan", "extras": {"wides": 1}, "non_striker": "KC Sangakkara", "runs": {"batsman": 0, "extras": 1, "total": 1}}}, {"4.3": {"batsman": "Yuvraj Singh", "bowler": "Kamran Khan", "non_striker": "KC Sangakkara", "runs": {"batsman": 1, "extras": 0, "total": 1}}}, {"4.4": {"batsman": "KC Sangakkara", "bowler": "Kamran Khan", "non_striker": "Yuvraj Singh", "runs": {"batsman": 0, "extras": 0, "total": 0}}}, {"4.5": {"batsman": "KC Sangakkara", "bowler": "Kamran Khan", "non_striker": "Yuvraj Singh", "runs": {"batsman": 0, "extras": 0, "total": 0}}}, {"4.6": {"batsman": "KC Sangakkara", "bowler": "Kamran Khan", "extras": {"wides": 1}, "non_striker": "Yuvraj Singh", "runs": {"batsman": 0, "extras": 1, "total": 1}}}, {"4.7": {"batsman": "KC Sangakkara", "bowler": "Kamran Khan", "non_striker": "Yuvraj Singh", "runs": {"batsman": 0, "extras": 0, "total": 0}}}, {"4.8": {"batsman": "KC Sangakkara", "bowler": "Kamran Khan", "non_striker": "Yuvraj Singh", "runs": {"batsman": 4, "extras": 0, "total": 4}}}, {"5.1": {"batsman": "Yuvraj Singh", "bowler": "YK Pathan", "extras": {"wides": 1}, "non_striker": "KC Sangakkara", "runs": {"batsman": 0, "extras": 1, "total": 1}}}, {"5.2": {"batsman": "Yuvraj Singh", "bowler": "YK Pathan", "extras": {"wides": 1}, "non_striker": "KC Sangakkara", "runs": {"batsman": 0, "extras": 1, "total": 1}}}, {"5.3": {"batsman": "Yuvraj Singh", "bowler": "YK Pathan", "non_striker": "KC Sangakkara", "runs": {"batsman": 1, "extras": 0, "total": 1}}}, {"5.4": {"batsman": "KC Sangakkara", "bowler": "YK Pathan", "extras": {"wides": 1}, "non_striker": "Yuvraj Singh", "runs": {"batsman": 0, "extras": 1, "total": 1}}}, {"5.5": {"batsman": "KC Sangakkara", "bowler": "YK Pathan", "non_striker": "Yuvraj Singh", "runs": {"batsman": 0, "extras": 0, "total": 0}}}, {"5.6": {"batsman": "KC Sangakkara", "bowler": "YK Pathan", "non_striker": "Yuvraj Singh", "runs": {"batsman": 0, "extras": 0, "total": 0}}}, {"5.7": {"batsman": "KC Sangakkara", "bowler": "YK Pathan", "non_striker": "Yuvraj Singh", "runs": {"batsman": 2, "extras": 0, "total": 2}}}, {"5.8": {"batsman": "KC Sangakkara", "bowler": "YK Pathan", "non_striker": "Yuvraj Singh", "runs": {"batsman": 0, "extras": 0, "total": 0}}}, {"5.9": {"batsman": "KC Sangakkara", "bowler": "YK Pathan", "non_striker": "Yuvraj Singh", "runs": {"batsman": 4, "extras": 0, "total": 4}}}, {"6.1": {"batsman": "Yuvraj Singh", "bowler": "MM Patel", "non_striker": "KC Sangakkara", "runs": {"batsman": 0, "extras": 0, "total": 0}, "wicket": {"fielders": ["M Rawat"], "kind": "caught", "player_out": "Yuvraj Singh"}}}, {"6.2": {"batsman": "DPMD Jayawardene", "bowler": "MM Patel", "non_striker": "KC Sangakkara", "runs": {"batsman": 0, "extras": 0, "total": 0}}}, {"6.3": {"batsman": "DPMD Jayawardene", "bowler": "MM Patel", "non_striker": "KC Sangakkara", "runs": {"batsman": 1, "extras": 0, "total": 1}}}, {"6.4": {"batsman": "KC Sangakkara", "bowler": "MM Patel", "non_striker": "DPMD Jayawardene", "runs": {"batsman": 1, "extras": 0, "total": 1}}}, {"6.5": {"batsman": "DPMD Jayawardene", "bowler": "MM Patel", "non_striker": "KC Sangakkara", "runs": {"batsman": 2, "extras": 0, "total": 2}}}, {"6.6": {"batsman": "DPMD Jayawardene", "bowler": "MM Patel", "non_striker": "KC Sangakkara", "runs": {"batsman": 0, "extras": 0, "total": 0}}}, {"7.1": {"batsman": "KC Sangakkara", "bowler": "AD Mascarenhas", "non_striker": "DPMD Jayawardene", "runs": {"batsman": 1, "extras": 0, "total": 1}}}, {"7.2": {"batsman": "DPMD Jayawardene", "bowler": "AD Mascarenhas", "non_striker": "KC Sangakkara", "runs": {"batsman": 0, "extras": 0, "total": 0}}}, {"7.3": {"batsman": "DPMD Jayawardene", "bowler": "AD Mascarenhas", "non_striker": "KC Sangakkara", "runs": {"batsman": 1, "extras": 0, "total": 1}}}, {"7.4": {"batsman": "KC Sangakkara", "bowler": "AD Mascarenhas", "non_striker": "DPMD Jayawardene", "runs": {"batsman": 1, "extras": 0, "total": 1}}}, {"7.5": {"batsman": "DPMD Jayawardene", "bowler": "AD Mascarenhas", "non_striker": "KC Sangakkara", "runs": {"batsman": 0, "extras": 0, "total": 0}}}, {"7.6": {"batsman": "DPMD Jayawardene", "bowler": "AD Mascarenhas", "non_striker": "KC Sangakkara", "runs": {"batsman": 1, "extras": 0, "total": 1}}}, {"8.1": {"batsman": "DPMD Jayawardene", "bowler": "MM Patel", "non_striker": "KC Sangakkara", "runs": {"batsman": 2, "extras": 0, "total": 2}}}, {"8.2": {"batsman": "DPMD Jayawardene", "bowler": "MM Patel", "non_striker": "KC Sangakkara", "runs": {"batsman": 0, "extras": 0, "total": 0}, "wicket": {"fielders": ["Kamran Khan"], "kind": "caught", "player_out": "DPMD Jayawardene"}}}, {"8.3": {"batsman": "IK Pathan", "bowler": "MM Patel", "non_striker": "KC Sangakkara", "runs": {"batsman": 0, "extras": 0, "total": 0}}}, {"8.4": {"batsman": "IK Pathan", "bowler": "MM Patel", "non_striker": "KC Sangakkara", "runs": {"batsman": 0, "extras": 0, "total": 0}}}, {"8.5": {"batsman": "IK Pathan", "bowler": "MM Patel", "non_striker": "KC Sangakkara", "runs": {"batsman": 3, "extras": 0, "total": 3}}}, {"8.6": {"batsman": "KC Sangakkara", "bowler": "MM Patel", "non_striker": "IK Pathan", "runs": {"batsman": 1, "extras": 0, "total": 1}}}, {"9.1": {"batsman": "KC Sangakkara", "bowler": "SK Warne", "non_striker": "IK Pathan", "runs": {"batsman": 0, "extras": 0, "total": 0}}}, {"9.2": {"batsman": "KC Sangakkara", "bowler": "SK Warne", "non_striker": "IK Pathan", "runs": {"batsman": 1, "extras": 0, "total": 1}}}, {"9.3": {"batsman": "IK Pathan", "bowler": "SK Warne", "non_striker": "KC Sangakkara", "runs": {"batsman": 0, "extras": 0, "total": 0}}}, {"9.4": {"batsman": "IK Pathan", "bowler": "SK Warne", "non_striker": "KC Sangakkara", "runs": {"batsman": 0, "extras": 0, "total": 0}}}, {"9.5": {"batsman": "IK Pathan", "bowler": "SK Warne", "non_striker": "KC Sangakkara", "runs": {"batsman": 6, "extras": 0, "total": 6}}}, {"9.6": {"batsman": "IK Pathan", "bowler": "SK Warne", "non_striker": "KC Sangakkara", "runs": {"batsman": 1, "extras": 0, "total": 1}}}, {"10.1": {"batsman": "IK Pathan", "bowler": "YK Pathan", "non_striker": "KC Sangakkara", "runs": {"batsman": 1, "extras": 0, "total": 1}}}, {"10.2": {"batsman": "KC Sangakkara", "bowler": "YK Pathan", "non_striker": "IK Pathan", "runs": {"batsman": 0, "extras": 0, "total": 0}}}, {"10.3": {"batsman": "KC Sangakkara", "bowler": "YK Pathan", "non_striker": "IK Pathan", "runs": {"batsman": 1, "extras": 0, "total": 1}}}, {"10.4": {"batsman": "IK Pathan", "bowler": "YK Pathan", "non_striker": "KC Sangakkara", "runs": {"batsman": 1, "extras": 0, "total": 1}}}, {"10.5": {"batsman": "KC Sangakkara", "bowler": "YK Pathan", "non_striker": "IK Pathan", "runs": {"batsman": 0, "extras": 0, "total": 0}}}, {"10.6": {"batsman": "KC Sangakkara", "bowler": "YK Pathan", "non_striker": "IK Pathan", "runs": {"batsman": 0, "extras": 0, "total": 0}}}, {"11.1": {"batsman": "IK Pathan", "bowler": "SK Warne", "non_striker": "KC Sangakkara", "runs": {"batsman": 1, "extras": 0, "total": 1}}}, {"11.2": {"batsman": "KC Sangakkara", "bowler": "SK Warne", "non_striker": "IK Pathan", "runs": {"batsman": 4, "extras": 0, "total": 4}}}, {"11.3": {"batsman": "KC Sangakkara", "bowler": "SK Warne", "non_striker": "IK Pathan", "runs": {"batsman": 1, "extras": 0, "total": 1}}}, {"11.4": {"batsman": "IK Pathan", "bowler": "SK Warne", "non_striker": "KC Sangakkara", "runs": {"batsman": 0, "extras": 0, "total": 0}}}, {"11.5": {"batsman": "IK Pathan", "bowler": "SK Warne", "non_striker": "KC Sangakkara", "runs": {"batsman": 1, "extras": 0, "total": 1}}}, {"11.6": {"batsman": "KC Sangakkara", "bowler": "SK Warne", "non_striker": "IK Pathan", "runs": {"batsman": 1, "extras": 0, "total": 1}}}, {"12.1": {"batsman": "KC Sangakkara", "bowler": "YK Pathan", "non_striker": "IK Pathan", "runs": {"batsman": 1, "extras": 0, "total": 1}}}, {"12.2": {"batsman": "IK Pathan", "bowler": "YK Pathan", "non_striker": "KC Sangakkara", "runs": {"batsman": 1, "extras": 0, "total": 1}}}, {"12.3": {"batsman": "KC Sangakkara", "bowler": "YK Pathan", "non_striker": "IK Pathan", "runs": {"batsman": 1, "extras": 0, "total": 1}}}, {"12.4": {"batsman": "IK Pathan", "bowler": "YK Pathan", "non_striker": "KC Sangakkara", "runs": {"batsman": 1, "extras": 0, "total": 1}}}, {"12.5": {"batsman": "KC Sangakkara", "bowler": "YK Pathan", "non_striker": "IK Pathan", "runs": {"batsman": 0, "extras": 0, "total": 0}}}, {"12.6": {"batsman": "KC Sangakkara", "bowler": "YK Pathan", "non_striker": "IK Pathan", "runs": {"batsman": 1, "extras": 0, "total": 1}}}, {"13.1": {"batsman": "KC Sangakkara", "bowler": "AD Mascarenhas", "non_striker": "IK Pathan", "runs": {"batsman": 4, "extras": 0, "total": 4}}}, {"13.2": {"batsman": "KC Sangakkara", "bowler": "AD Mascarenhas", "non_striker": "IK Pathan", "runs": {"batsman": 1, "extras": 0, "total": 1}}}, {"13.3": {"batsman": "IK Pathan", "bowler": "AD Mascarenhas", "non_striker": "KC Sangakkara", "runs": {"batsman": 1, "extras": 0, "total": 1}}}, {"13.4": {"batsman": "KC Sangakkara", "bowler": "AD Mascarenhas", "non_striker": "IK Pathan", "runs": {"batsman": 1, "extras": 0, "total": 1}}}, {"13.5": {"batsman": "IK Pathan", "bowler": "AD Mascarenhas", "non_striker": "KC Sangakkara", "runs": {"batsman": 1, "extras": 0, "total": 1}}}, {"13.6": {"batsman": "KC Sangakkara", "bowler": "AD Mascarenhas", "non_striker": "IK Pathan", "runs": {"batsman": 2, "extras": 0, "total": 2}}}, {"14.1": {"batsman": "IK Pathan", "bowler": "YK Pathan", "non_striker": "KC Sangakkara", "runs": {"batsman": 6, "extras": 0, "total": 6}}}, {"14.2": {"batsman": "IK Pathan", "bowler": "YK Pathan", "non_striker": "KC Sangakkara", "runs": {"batsman": 1, "extras": 0, "total": 1}}}, {"14.3": {"batsman": "KC Sangakkara", "bowler": "YK Pathan", "non_striker": "IK Pathan", "runs": {"batsman": 1, "extras": 0, "total": 1}}}, {"14.4": {"batsman": "IK Pathan", "bowler": "YK Pathan", "non_striker": "KC Sangakkara", "runs": {"batsman": 2, "extras": 0, "total": 2}}}, {"14.5": {"batsman": "IK Pathan", "bowler": "YK Pathan", "extras": {"wides": 1}, "non_striker": "KC Sangakkara", "runs": {"batsman": 0, "extras": 1, "total": 1}}}, {"14.6": {"batsman": "IK Pathan", "bowler": "YK Pathan", "non_striker": "KC Sangakkara", "runs": {"batsman": 0, "extras": 0, "total": 0}}}, {"14.7": {"batsman": "IK Pathan", "bowler": "YK Pathan", "non_striker": "KC Sangakkara", "runs": {"batsman": 1, "extras": 0, "total": 1}}}, {"15.1": {"batsman": "IK Pathan", "bowler": "SK Warne", "non_striker": "KC Sangakkara", "runs": {"batsman": 4, "extras": 0, "total": 4}}}, {"15.2": {"batsman": "IK Pathan", "bowler": "SK Warne", "non_striker": "KC Sangakkara", "runs": {"batsman": 0, "extras": 0, "total": 0}}}, {"15.3": {"batsman": "IK Pathan", "bowler": "SK Warne", "non_striker": "KC Sangakkara", "runs": {"batsman": 1, "extras": 0, "total": 1}}}, {"15.4": {"batsman": "KC Sangakkara", "bowler": "SK Warne", "non_striker": "IK Pathan", "runs": {"batsman": 1, "extras": 0, "total": 1}}}, {"15.5": {"batsman": "IK Pathan", "bowler": "SK Warne", "non_striker": "KC Sangakkara", "runs": {"batsman": 1, "extras": 0, "total": 1}}}, {"15.6": {"batsman": "KC Sangakkara", "bowler": "SK Warne", "non_striker": "IK Pathan", "runs": {"batsman": 2, "extras": 0, "total": 2}}}, {"16.1": {"batsman": "IK Pathan", "bowler": "Kamran Khan", "extras": {"legbyes": 1}, "non_striker": "KC Sangakkara", "runs": {"batsman": 0, "extras": 1, "total": 1}}}, {"16.2": {"batsman": "KC Sangakkara", "bowler": "Kamran Khan", "non_striker": "IK Pathan", "runs": {"batsman": 1, "extras": 0, "total": 1}}}, {"16.3": {"batsman": "IK Pathan", "bowler": "Kamran Khan", "non_striker": "KC Sangakkara", "runs": {"batsman": 0, "extras": 0, "total": 0}}}, {"16.4": {"batsman": "IK Pathan", "bowler": "Kamran Khan", "extras": {"byes": 1}, "non_striker": "KC Sangakkara", "runs": {"batsman": 0, "extras": 1, "total": 1}}}, {"16.5": {"batsman": "KC Sangakkara", "bowler": "Kamran Khan", "non_striker": "IK Pathan", "runs": {"batsman": 1, "extras": 0, "total": 1}}}, {"16.6": {"batsman": "IK Pathan", "bowler": "Kamran Khan", "non_striker": "KC Sangakkara", "runs": {"batsman": 0, "extras": 0, "total": 0}}}, {"17.1": {"batsman": "KC Sangakkara", "bowler": "SK Warne", "non_striker": "IK Pathan", "runs": {"batsman": 0, "extras": 0, "total": 0}}}, {"17.2": {"batsman": "KC Sangakkara", "bowler": "SK Warne", "non_striker": "IK Pathan", "runs": {"batsman": 6, "extras": 0, "total": 6}}}, {"17.3": {"batsman": "KC Sangakkara", "bowler": "SK Warne", "non_striker": "IK Pathan", "runs": {"batsman": 1, "extras": 0, "total": 1}}}, {"17.4": {"batsman": "IK Pathan", "bowler": "SK Warne", "non_striker": "KC Sangakkara", "runs": {"batsman": 0, "extras": 0, "total": 0}}}, {"17.5": {"batsman": "IK Pathan", "bowler": "SK Warne", "non_striker": "KC Sangakkara", "runs": {"batsman": 4, "extras": 0, "total": 4}}}, {"17.6": {"batsman": "IK Pathan", "bowler": "SK Warne", "non_striker": "KC Sangakkara", "runs": {"batsman": 1, "extras": 0, "total": 1}}}, {"18.1": {"batsman": "IK Pathan", "bowler": "Kamran Khan", "non_striker": "KC Sangakkara", "runs": {"batsman": 0, "extras": 0, "total": 0}, "wicket": {"kind": "bowled", "player_out": "IK Pathan"}}}, {"18.2": {"batsman": "PP Chawla", "bowler": "Kamran Khan", "extras": {"byes": 1}, "non_striker": "KC Sangakkara", "runs": {"batsman": 0, "extras": 1, "total": 1}}}, {"18.3": {"batsman": "KC Sangakkara", "bowler": "Kamran Khan", "non_striker": "PP Chawla", "runs": {"batsman": 4, "extras": 0, "total": 4}}}, {"18.4": {"batsman": "KC Sangakkara", "bowler": "Kamran Khan", "non_striker": "PP Chawla", "runs": {"batsman": 1, "extras": 0, "total": 1}}}, {"18.5": {"batsman": "PP Chawla", "bowler": "Kamran Khan", "extras": {"legbyes": 1}, "non_striker": "KC Sangakkara", "runs": {"batsman": 0, "extras": 1, "total": 1}}}, {"18.6": {"batsman": "KC Sangakkara", "bowler": "Kamran Khan", "non_striker": "PP Chawla", "runs": {"batsman": 0, "extras": 0, "total": 0}, "wicket": {"fielders": ["M Rawat"], "kind": "run out", "player_out": "KC Sangakkara"}}}, {"19.1": {"batsman": "PP Chawla", "bowler": "MM Patel", "non_striker": "WA Mota", "runs": {"batsman": 4, "extras": 0, "total": 4}}}, {"19.2": {"batsman": "PP Chawla", "bowler": "MM Patel", "non_striker": "WA Mota", "runs": {"batsman": 0, "extras": 0, "total": 0}}}, {"19.3": {"batsman": "PP Chawla", "bowler": "MM Patel", "non_striker": "WA Mota", "runs": {"batsman": 0, "extras": 0, "total": 0}}}, {"19.4": {"batsman": "PP Chawla", "bowler": "MM Patel", "extras": {"wides": 2}, "non_striker": "WA Mota", "runs": {"batsman": 0, "extras": 2, "total": 2}}}, {"19.5": {"batsman": "WA Mota", "bowler": "MM Patel", "non_striker": "PP Chawla", "runs": {"batsman": 0, "extras": 0, "total": 0}}}, {"19.6": {"batsman": "WA Mota", "bowler": "MM Patel", "non_striker": "PP Chawla", "runs": {"batsman": 1, "extras": 0, "total": 1}}}, {"19.7": {"batsman": "PP Chawla", "bowler": "MM Patel", "non_striker": "WA Mota", "runs": {"batsman": 2, "extras": 0, "total": 2}}}]