[{"0.1": {"batsman": "AC Gilchrist", "bowler": "L Balaji", "non_striker": "HH Gibbs", "runs": {"batsman": 0, "extras": 0, "total": 0}}}, {"0.2": {"batsman": "AC Gilchrist", "bowler": "L Balaji", "non_striker": "HH Gibbs", "runs": {"batsman": 2, "extras": 0, "total": 2}}}, {"0.3": {"batsman": "AC Gilchrist", "bowler": "L Balaji", "non_striker": "HH Gibbs", "runs": {"batsman": 4, "extras": 0, "total": 4}}}, {"0.4": {"batsman": "AC Gilchrist", "bowler": "L Balaji", "non_striker": "HH Gibbs", "runs": {"batsman": 4, "extras": 0, "total": 4}}}, {"0.5": {"batsman": "AC Gilchrist", "bowler": "L Balaji", "non_striker": "HH Gibbs", "runs": {"batsman": 1, "extras": 0, "total": 1}}}, {"0.6": {"batsman": "HH Gibbs", "bowler": "L Balaji", "non_striker": "AC Gilchrist", "runs": {"batsman": 0, "extras": 0, "total": 0}}}, {"1.1": {"batsman": "AC Gilchrist", "bowler": "MS Gony", "non_striker": "HH Gibbs", "runs": {"batsman": 1, "extras": 0, "total": 1}}}, {"1.2": {"batsman": "HH Gibbs", "bowler": "MS Gony", "non_striker": "AC Gilchrist", "runs": {"batsman": 4, "extras": 0, "total": 4}}}, {"1.3": {"batsman": "HH Gibbs", "bowler": "MS Gony", "non_striker": "AC Gilchrist", "runs": {"batsman": 0, "extras": 0, "total": 0}}}, {"1.4": {"batsman": "HH Gibbs", "bowler": "MS Gony", "extras": {"wides": 1}, "non_striker": "AC Gilchrist", "runs": {"batsman": 0, "extras": 1, "total": 1}}}, {"1.5": {"batsman": "HH Gibbs", "bowler": "MS Gony", "non_striker": "AC Gilchrist", "runs": {"batsman": 6, "extras": 0, "total": 6}}}, {"1.6": {"batsman": "HH Gibbs", "bowler": "MS Gony", "non_striker": "AC Gilchrist", "runs": {"batsman": 4, "extras": 0, "total": 4}}}, {"1.7": {"batsman": "HH Gibbs", "bowler": "MS Gony", "non_striker": "AC Gilchrist", "runs": {"batsman": 4, "extras": 0, "total": 4}}}, {"2.1": {"batsman": "AC Gilchrist", "bowler": "L Balaji", "non_striker": "HH Gibbs", "runs": {"batsman": 0, "extras": 0, "total": 0}}}, {"2.2": {"batsman": "AC Gilchrist", "bowler": "L Balaji", "extras": {"wides": 1}, "non_striker": "HH Gibbs", "runs": {"batsman": 0, "extras": 1, "total": 1}}}, {"2.3": {"batsman": "AC Gilchrist", "bowler": "L Balaji", "non_striker": "HH Gibbs", "runs": {"batsman": 6, "extras": 0, "total": 6}}}, {"2.4": {"batsman": "AC Gilchrist", "bowler": "L Balaji", "non_striker": "HH Gibbs", "runs": {"batsman": 4, "extras": 0, "total": 4}}}, {"2.5": {"batsman": "AC Gilchrist", "bowler": "L Balaji", "non_striker": "HH Gibbs", "runs": {"batsman": 0, "extras": 0, "total": 0}}}, {"2.6": {"batsman": "AC Gilchrist", "bowler": "L Balaji", "non_striker": "HH Gibbs", "runs": {"batsman": 6, "extras": 0, "total": 6}}}, {"2.7": {"batsman": "AC Gilchrist", "bowler": "L Balaji", "non_striker": "HH Gibbs", "runs": {"batsman": 0, "extras": 0, "total": 0}}}, {"3.1": {"batsman": "HH Gibbs", "bowler": "JA Morkel", "non_striker": "AC Gilchrist", "runs": {"batsman": 0, "extras": 0, "total": 0}}}, {"3.2": {"batsman": "HH Gibbs", "bowler": "JA Morkel", "non_striker": "AC Gilchrist", "runs": {"batsman": 1, "extras": 0, "total": 1}}}, {"3.3": {"batsman": "AC Gilchrist", "bowler": "JA Morkel", "non_striker": "HH Gibbs", "runs": {"batsman": 4, "extras": 0, "total": 4}}}, {"3.4": {"batsman": "AC Gilchrist", "bowler": "JA Morkel", "non_striker": "HH Gibbs", "runs": {"batsman": 6, "extras": 0, "total": 6}}}, {"3.5": {"batsman": "AC Gilchrist", "bowler": "JA Morkel", "non_striker": "HH Gibbs", "runs": {"batsman": 1, "extras": 0, "total": 1}}}, {"3.6": {"batsman": "HH Gibbs", "bowler": "JA Morkel", "non_striker": "AC Gilchrist", "runs": {"batsman": 0, "extras": 0, "total": 0}}}, {"4.1": {"batsman": "AC Gilchrist", "bowler": "M Muralitharan", "non_striker": "HH Gibbs", "runs": {"batsman": 1, "extras": 0, "total": 1}}}, {"4.2": {"batsman": "HH Gibbs", "bowler": "M Muralitharan", "non_striker": "AC Gilchrist", "runs": {"batsman": 0, "extras": 0, "total": 0}}}, {"4.3": {"batsman": "HH Gibbs", "bowler": "M Muralitharan", "non_striker": "AC Gilchrist", "runs": {"batsman": 0, "extras": 0, "total": 0}}}, {"4.4": {"batsman": "HH Gibbs", "bowler": "M Muralitharan", "non_striker": "AC Gilchrist", "runs": {"batsman": 1, "extras": 0, "total": 1}}}, {"4.5": {"batsman": "AC Gilchrist", "bowler": "M Muralitharan", "non_striker": "HH Gibbs", "runs": {"batsman": 0, "extras": 0, "total": 0}}}, {"4.6": {"batsman": "AC Gilchrist", "bowler": "M Muralitharan", "non_striker": "HH Gibbs", "runs": {"batsman": 4, "extras": 0, "total": 4}}}, {"5.1": {"batsman": "HH Gibbs", "bowler": "SK Raina", "non_striker": "AC Gilchrist", "runs": {"batsman": 0, "extras": 0, "total": 0}}}, {"5.2": {"batsman": "HH Gibbs", "bowler": "SK Raina", "non_striker": "AC Gilchrist", "runs": {"batsman": 0, "extras": 0, "total": 0}}}, {"5.3": {"batsman": "HH Gibbs", "bowler": "SK Raina", "non_striker": "AC Gilchrist", "runs": {"batsman": 1, "extras": 0, "total": 1}}}, {"5.4": {"batsman": "AC Gilchrist", "bowler": "SK Raina", "non_striker": "HH Gibbs", "runs": {"batsman": 0, "extras": 0, "total": 0}, "wicket": {"fielders": ["M Muralitharan"], "kind": "caught", "player_out": "AC Gilchrist"}}}, {"5.5": {"batsman": "VVS Laxman", "bowler": "SK Raina", "non_striker": "HH Gibbs", "runs": {"batsman": 1, "extras": 0, "total": 1}}}, {"5.6": {"batsman": "HH Gibbs", "bowler": "SK Raina", "non_striker": "VVS Laxman", "runs": {"batsman": 1, "extras": 0, "total": 1}}}, {"6.1": {"batsman": "HH Gibbs", "bowler": "M Muralitharan", "non_striker": "VVS Laxman", "runs": {"batsman": 1, "extras": 0, "total": 1}}}, {"6.2": {"batsman": "VVS Laxman", "bowler": "M Muralitharan", "non_striker": "HH Gibbs", "runs": {"batsman": 1, "extras": 0, "total": 1}}}, {"6.3": {"batsman": "HH Gibbs", "bowler": "M Muralitharan", "non_striker": "VVS Laxman", "runs": {"batsman": 1, "extras": 0, "total": 1}}}, {"6.4": {"batsman": "VVS Laxman", "bowler": "M Muralitharan", "non_striker": "HH Gibbs", "runs": {"batsman": 1, "extras": 0, "total": 1}}}, {"6.5": {"batsman": "HH Gibbs", "bowler": "M Muralitharan", "non_striker": "VVS Laxman", "runs": {"batsman": 0, "extras": 0, "total": 0}}}, {"6.6": {"batsman": "HH Gibbs", "bowler": "M Muralitharan", "non_striker": "VVS Laxman", "runs": {"batsman": 0, "extras": 0, "total": 0}}}, {"7.1": {"batsman": "VVS Laxman", "bowler": "SK Raina", "non_striker": "HH Gibbs", "runs": {"batsman": 1, "extras": 0, "total": 1}}}, {"7.2": {"batsman": "HH Gibbs", "bowler": "SK Raina", "non_striker": "VVS Laxman", "runs": {"batsman": 1, "extras": 0, "total": 1}}}, {"7.3": {"batsman": "VVS Laxman", "bowler": "SK Raina", "non_striker": "HH Gibbs", "runs": {"batsman": 0, "extras": 0, "total": 0}, "wicket": {"fielders": ["JDP Oram"], "kind": "caught", "player_out": "VVS Laxman"}}}, {"7.4": {"batsman": "RG Sharma", "bowler": "SK Raina", "non_striker": "HH Gibbs", "runs": {"batsman": 0, "extras": 0, "total": 0}}}, {"7.5": {"batsman": "RG Sharma", "bowler": "SK Raina", "non_striker": "HH Gibbs", "runs": {"batsman": 0, "extras": 0, "total": 0}}}, {"7.6": {"batsman": "RG Sharma", "bowler": "SK Raina", "non_striker": "HH Gibbs", "runs": {"batsman": 0, "extras": 0, "total": 0}}}, {"8.1": {"batsman": "HH Gibbs", "bowler": "M Muralitharan", "non_striker": "RG Sharma", "runs": {"batsman": 1, "extras": 0, "total": 1}}}, {"8.2": {"batsman": "RG Sharma", "bowler": "M Muralitharan", "extras": {"wides": 1}, "non_striker": "HH Gibbs", "runs": {"batsman": 0, "extras": 1, "total": 1}}}, {"8.3": {"batsman": "RG Sharma", "bowler": "M Muralitharan", "non_striker": "HH Gibbs", "runs": {"batsman": 1, "extras": 0, "total": 1}}}, {"8.4": {"batsman": "HH Gibbs", "bowler": "M Muralitharan", "non_striker": "RG Sharma", "runs": {"batsman": 0, "extras": 0, "total": 0}}}, {"8.5": {"batsman": "HH Gibbs", "bowler": "M Muralitharan", "non_striker": "RG Sharma", "runs": {"batsman": 1, "extras": 0, "total": 1}}}, {"8.6": {"batsman": "RG Sharma", "bowler": "M Muralitharan", "non_striker": "HH Gibbs", "runs": {"batsman": 1, "extras": 0, "total": 1}}}, {"8.7": {"batsman": "HH Gibbs", "bowler": "M Muralitharan", "non_striker": "RG Sharma", "runs": {"batsman": 0, "extras": 0, "total": 0}}}, {"9.1": {"batsman": "RG Sharma", "bowler": "SK Raina", "non_striker": "HH Gibbs", "runs": {"batsman": 1, "extras": 0, "total": 1}}}, {"9.2": {"batsman": "HH Gibbs", "bowler": "SK Raina", "non_striker": "RG Sharma", "runs": {"batsman": 2, "extras": 0, "total": 2}}}, {"9.3": {"batsman": "HH Gibbs", "bowler": "SK Raina", "non_striker": "RG Sharma", "runs": {"batsman": 0, "extras": 0, "total": 0}}}, {"9.4": {"batsman": "HH Gibbs", "bowler": "SK Raina", "non_striker": "RG Sharma", "runs": {"batsman": 1, "extras": 0, "total": 1}}}, {"9.5": {"batsman": "RG Sharma", "bowler": "SK Raina", "non_striker": "HH Gibbs", "runs": {"batsman": 0, "extras": 0, "total": 0}}}, {"9.6": {"batsman": "RG Sharma", "bowler": "SK Raina", "non_striker": "HH Gibbs", "runs": {"batsman": 1, "extras": 0, "total": 1}}}, {"10.1": {"batsman": "RG Sharma", "bowler": "Joginder Sharma", "non_striker": "HH Gibbs", "runs": {"batsman": 1, "extras": 0, "total": 1}}}, {"10.2": {"batsman": "HH Gibbs", "bowler": "Joginder Sharma", "non_striker": "RG Sharma", "runs": {"batsman": 4, "extras": 0, "total": 4}}}, {"10.3": {"batsman": "HH Gibbs", "bowler": "Joginder Sharma", "non_striker": "RG Sharma", "runs": {"batsman": 1, "extras": 0, "total": 1}}}, {"10.4": {"batsman": "RG Sharma", "bowler": "Joginder Sharma", "non_striker": "HH Gibbs", "runs": {"batsman": 6, "extras": 0, "total": 6}}}, {"10.5": {"batsman": "RG Sharma", "bowler": "Joginder Sharma", "non_striker": "HH Gibbs", "runs": {"batsman": 1, "extras": 0, "total": 1}}}, {"10.6": {"batsman": "HH Gibbs", "bowler": "Joginder Sharma", "non_striker": "RG Sharma", "runs": {"batsman": 1, "extras": 0, "total": 1}}}, {"11.1": {"batsman": "HH Gibbs", "bowler": "SK Raina", "non_striker": "RG Sharma", "runs": {"batsman": 0, "extras": 0, "total": 0}}}, {"11.2": {"batsman": "HH Gibbs", "bowler": "SK Raina", "non_striker": "RG Sharma", "runs": {"batsman": 1, "extras": 0, "total": 1}}}, {"11.3": {"batsman": "RG Sharma", "bowler": "SK Raina", "non_striker": "HH Gibbs", "runs": {"batsman": 1, "extras": 0, "total": 1}}}, {"11.4": {"batsman": "HH Gibbs", "bowler": "SK Raina", "non_striker": "RG Sharma", "runs": {"batsman": 4, "extras": 0, "total": 4}}}, {"11.5": {"batsman": "HH Gibbs", "bowler": "SK Raina", "non_striker": "RG Sharma", "runs": {"batsman": 1, "extras": 0, "total": 1}}}, {"11.6": {"batsman": "RG Sharma", "bowler": "SK Raina", "non_striker": "HH Gibbs", "runs": {"batsman": 1, "extras": 0, "total": 1}}}, {"12.1": {"batsman": "RG Sharma", "bowler": "JDP Oram", "non_striker": "HH Gibbs", "runs": {"batsman": 1, "extras": 0, "total": 1}}}, {"12.2": {"batsman": "HH Gibbs", "bowler": "JDP Oram", "non_striker": "RG Sharma", "runs": {"batsman": 0, "extras": 0, "total": 0}}}, {"12.3": {"batsman": "HH Gibbs", "bowler": "JDP Oram", "non_striker": "RG Sharma", "runs": {"batsman": 1, "extras": 0, "total": 1}}}, {"12.4": {"batsman": "RG Sharma", "bowler": "JDP Oram", "non_striker": "HH Gibbs", "runs": {"batsman": 1, "extras": 0, "total": 1}}}, {"12.5": {"batsman": "HH Gibbs", "bowler": "JDP Oram", "non_striker": "RG Sharma", "runs": {"batsman": 1, "extras": 0, "total": 1}}}, {"12.6": {"batsman": "RG Sharma", "bowler": "JDP Oram", "non_striker": "HH Gibbs", "runs": {"batsman": 2, "extras": 0, "total": 2}}}, {"13.1": {"batsman": "HH Gibbs", "bowler": "L Balaji", "non_striker": "RG Sharma", "runs": {"batsman": 1, "extras": 0, "total": 1}}}, {"13.2": {"batsman": "RG Sharma", "bowler": "L Balaji", "non_striker": "HH Gibbs", "runs": {"batsman": 0, "extras": 0, "total": 0}}}, {"13.3": {"batsman": "RG Sharma", "bowler": "L Balaji", "non_striker": "HH Gibbs", "runs": {"batsman": 0, "extras": 0, "total": 0}}}, {"13.4": {"batsman": "RG Sharma", "bowler": "L Balaji", "non_striker": "HH Gibbs", "runs": {"batsman": 0, "extras": 0, "total": 0}, "wicket": {"fielders": ["MS Dhoni"], "kind": "caught", "player_out": "RG Sharma"}}}, {"13.5": {"batsman": "DR Smith", "bowler": "L Balaji", "non_striker": "HH Gibbs", "runs": {"batsman": 1, "extras": 0, "total": 1}}}, {"13.6": {"batsman": "HH Gibbs", "bowler": "L Balaji", "non_striker": "DR Smith", "runs": {"batsman": 0, "extras": 0, "total": 0}}}, {"14.1": {"batsman": "DR Smith", "bowler": "JDP Oram", "non_striker": "HH Gibbs", "runs": {"batsman": 4, "extras": 0, "total": 4}}}, {"14.2": {"batsman": "DR Smith", "bowler": "JDP Oram", "non_striker": "HH Gibbs", "runs": {"batsman": 1, "extras": 0, "total": 1}}}, {"14.3": {"batsman": "HH Gibbs", "bowler": "JDP Oram", "non_striker": "DR Smith", "runs": {"batsman": 2, "extras": 0, "total": 2}}}, {"14.4": {"batsman": "HH Gibbs", "bowler": "JDP Oram", "non_striker": "DR Smith", "runs": {"batsman": 0, "extras": 0, "total": 0}}}, {"14.5": {"batsman": "HH Gibbs", "bowler": "JDP Oram", "non_striker": "DR Smith", "runs": {"batsman": 1, "extras": 0, "total": 1}}}, {"14.6": {"batsman": "DR Smith", "bowler": "JDP Oram", "non_striker": "HH Gibbs", "runs": {"batsman": 6, "extras": 0, "total": 6}}}, {"15.1": {"batsman": "HH Gibbs", "bowler": "M Muralitharan", "non_striker": "DR Smith", "runs": {"batsman": 1, "extras": 0, "total": 1}}}, {"15.2": {"batsman": "DR Smith", "bowler": "M Muralitharan", "non_striker": "HH Gibbs", "runs": {"batsman": 0, "extras": 0, "total": 0}, "wicket": {"kind": "lbw", "player_out": "DR Smith"}}}, {"15.3": {"batsman": "AA Bilakhia", "bowler": "M Muralitharan", "non_striker": "HH Gibbs", "runs": {"batsman": 0, "extras": 0, "total": 0}}}, {"15.4": {"batsman": "AA Bilakhia", "bowler": "M Muralitharan", "non_striker": "HH Gibbs", "runs": {"batsman": 0, "extras": 0, "total": 0}}}, {"15.5": {"batsman": "AA Bilakhia", "bowler": "M Muralitharan", "non_striker": "HH Gibbs", "runs": {"batsman": 0, "extras": 0, "total": 0}}}, {"15.6": {"batsman": "AA Bilakhia", "bowler": "M Muralitharan", "non_striker": "HH Gibbs", "runs": {"batsman": 1, "extras": 0, "total": 1}}}, {"16.1": {"batsman": "AA Bilakhia", "bowler": "JA Morkel", "non_striker": "HH Gibbs", "runs": {"batsman": 1, "extras": 0, "total": 1}}}, {"16.2": {"batsman": "HH Gibbs", "bowler": "JA Morkel", "extras": {"noballs": 5}, "non_striker": "AA Bilakhia", "runs": {"batsman": 0, "extras": 5, "total": 5}}}, {"16.3": {"batsman": "HH Gibbs", "bowler": "JA Morkel", "non_striker": "AA Bilakhia", "runs": {"batsman": 1, "extras": 0, "total": 1}}}, {"16.4": {"batsman": "AA Bilakhia", "bowler": "JA Morkel", "non_striker": "HH Gibbs", "runs": {"batsman": 1, "extras": 0, "total": 1}}}, {"16.5": {"batsman": "HH Gibbs", "bowler": "JA Morkel", "non_striker": "AA Bilakhia", "runs": {"batsman": 1, "extras": 0, "total": 1}}}, {"16.6": {"batsman": "AA Bilakhia", "bowler": "JA Morkel", "non_striker": "HH Gibbs", "runs": {"batsman": 0, "extras": 0, "total": 0}}}, {"16.7": {"batsman": "AA Bilakhia", "bowler": "JA Morkel", "non_striker": "HH Gibbs", "runs": {"batsman": 1, "extras": 0, "total": 1}}}, {"17.1": {"batsman": "AA Bilakhia", "bowler": "JDP Oram", "non_striker": "HH Gibbs", "runs": {"batsman": 1, "extras": 0, "total": 1}}}, {"17.2": {"batsman": "HH Gibbs", "bowler": "JDP Oram", "non_striker": "AA Bilakhia", "runs": {"batsman": 4, "extras": 0, "total": 4}}}, {"17.3": {"batsman": "HH Gibbs", "bowler": "JDP Oram", "non_striker": "AA Bilakhia", "runs": {"batsman": 0, "extras": 0, "total": 0}}}, {"17.4": {"batsman": "HH Gibbs", "bowler": "JDP Oram", "non_striker": "AA Bilakhia", "runs": {"batsman": 2, "extras": 0, "total": 2}}}, {"17.5": {"batsman": "HH Gibbs", "bowler": "JDP Oram", "non_striker": "AA Bilakhia", "runs": {"batsman": 1, "extras": 0, "total": 1}}}, {"17.6": {"batsman": "AA Bilakhia", "bowler": "JDP Oram", "extras": {"legbyes": 1}, "non_striker": "HH Gibbs", "runs": {"batsman": 0, "extras": 1, "total": 1}}}, {"18.1": {"batsman": "AA Bilakhia", "bowler": "JA Morkel", "non_striker": "HH Gibbs", "runs": {"batsman": 2, "extras": 0, "total": 2}}}, {"18.2": {"batsman": "AA Bilakhia", "bowler": "JA Morkel", "non_striker": "HH Gibbs", "runs": {"batsman": 1, "extras": 0, "total": 1}}}, {"18.3": {"batsman": "HH Gibbs", "bowler": "JA Morkel", "non_striker": "AA Bilakhia", "runs": {"batsman": 2, "extras": 0, "total": 2}}}, {"18.4": {"batsman": "HH Gibbs", "bowler": "JA Morkel", "non_striker": "AA Bilakhia", "runs": {"batsman": 1, "extras": 0, "total": 1}}}, {"18.5": {"batsman": "AA Bilakhia", "bowler": "JA Morkel", "extras": {"legbyes": 1}, "non_striker": "HH Gibbs", "runs": {"batsman": 0, "extras": 1, "total": 1}}}, {"18.6": {"batsman": "HH Gibbs", "bowler": "JA Morkel", "non_striker": "AA Bilakhia", "runs": {"batsman": 1, "extras": 0, "total": 1}}}, {"19.1": {"batsman": "HH Gibbs", "bowler": "L Balaji", "non_striker": "AA Bilakhia", "runs": {"batsman": 6, "extras": 0, "total": 6}}}, {"19.2": {"batsman": "HH Gibbs", "bowler": "L Balaji", "non_striker": "AA Bilakhia", "runs": {"batsman": 1, "extras": 0, "total": 1}}}, {"19.3": {"batsman": "AA Bilakhia", "bowler": "L Balaji", "non_striker": "HH Gibbs", "runs": {"batsman": 4, "extras": 0, "total": 4}}}]