[{"0.1": {"batsman": "GC Smith", "bowler": "I Sharma", "non_striker": "PC Valthaty", "runs": {"batsman": 0, "extras": 0, "total": 0}}}, {"0.2": {"batsman": "GC Smith", "bowler": "I Sharma", "extras": {"legbyes": 1}, "non_striker": "PC Valthaty", "runs": {"batsman": 0, "extras": 1, "total": 1}}}, {"0.3": {"batsman": "PC Valthaty", "bowler": "I Sharma", "non_striker": "GC Smith", "runs": {"batsman": 1, "extras": 0, "total": 1}}}, {"0.4": {"batsman": "GC Smith", "bowler": "I Sharma", "non_striker": "PC Valthaty", "runs": {"batsman": 0, "extras": 0, "total": 0}}}, {"0.5": {"batsman": "GC Smith", "bowler": "I Sharma", "non_striker": "PC Valthaty", "runs": {"batsman": 0, "extras": 0, "total": 0}}}, {"0.6": {"batsman": "GC Smith", "bowler": "I Sharma", "non_striker": "PC Valthaty", "runs": {"batsman": 2, "extras": 0, "total": 2}}}, {"1.1": {"batsman": "PC Valthaty", "bowler": "Anureet Singh", "non_striker": "GC Smith", "runs": {"batsman": 0, "extras": 0, "total": 0}}}, {"1.2": {"batsman": "PC Valthaty", "bowler": "Anureet Singh", "non_striker": "GC Smith", "runs": {"batsman": 0, "extras": 0, "total": 0}}}, {"1.3": {"batsman": "PC Valthaty", "bowler": "Anureet Singh", "non_striker": "GC Smith", "runs": {"batsman": 0, "extras": 0, "total": 0}}}, {"1.4": {"batsman": "PC Valthaty", "bowler": "Anureet Singh", "non_striker": "GC Smith", "runs": {"batsman": 4, "extras": 0, "total": 4}}}, {"1.5": {"batsman": "PC Valthaty", "bowler": "Anureet Singh", "non_striker": "GC Smith", "runs": {"batsman": 0, "extras": 0, "total": 0}}}, {"1.6": {"batsman": "PC Valthaty", "bowler": "Anureet Singh", "non_striker": "GC Smith", "runs": {"batsman": 0, "extras": 0, "total": 0}, "wicket": {"fielders": ["I Sharma"], "kind": "caught", "player_out": "PC Valthaty"}}}, {"2.1": {"batsman": "RJ Quiney", "bowler": "I Sharma", "non_striker": "GC Smith", "runs": {"batsman": 6, "extras": 0, "total": 6}}}, {"2.2": {"batsman": "RJ Quiney", "bowler": "I Sharma", "non_striker": "GC Smith", "runs": {"batsman": 0, "extras": 0, "total": 0}, "wicket": {"fielders": ["CH Gayle"], "kind": "caught", "player_out": "RJ Quiney"}}}, {"2.3": {"batsman": "YK Pathan", "bowler": "I Sharma", "non_striker": "GC Smith", "runs": {"batsman": 0, "extras": 0, "total": 0}}}, {"2.4": {"batsman": "YK Pathan", "bowler": "I Sharma", "non_striker": "GC Smith", "runs": {"batsman": 0, "extras": 0, "total": 0}}}, {"2.5": {"batsman": "YK Pathan", "bowler": "I Sharma", "non_striker": "GC Smith", "runs": {"batsman": 6, "extras": 0, "total": 6}}}, {"2.6": {"batsman": "YK Pathan", "bowler": "I Sharma", "non_striker": "GC Smith", "runs": {"batsman": 4, "extras": 0, "total": 4}}}, {"3.1": {"batsman": "GC Smith", "bowler": "Anureet Singh", "non_striker": "YK Pathan", "runs": {"batsman": 0, "extras": 0, "total": 0}}}, {"3.2": {"batsman": "GC Smith", "bowler": "Anureet Singh", "non_striker": "YK Pathan", "runs": {"batsman": 0, "extras": 0, "total": 0}}}, {"3.3": {"batsman": "GC Smith", "bowler": "Anureet Singh", "non_striker": "YK Pathan", "runs": {"batsman": 1, "extras": 0, "total": 1}}}, {"3.4": {"batsman": "YK Pathan", "bowler": "Anureet Singh", "non_striker": "GC Smith", "runs": {"batsman": 6, "extras": 0, "total": 6}}}, {"3.5": {"batsman": "YK Pathan", "bowler": "Anureet Singh", "non_striker": "GC Smith", "runs": {"batsman": 0, "extras": 0, "total": 0}}}, {"3.6": {"batsman": "YK Pathan", "bowler": "Anureet Singh", "non_striker": "GC Smith", "runs": {"batsman": 0, "extras": 0, "total": 0}}}, {"4.1": {"batsman": "GC Smith", "bowler": "I Sharma", "non_striker": "YK Pathan", "runs": {"batsman": 0, "extras": 0, "total": 0}}}, {"4.2": {"batsman": "GC Smith", "bowler": "I Sharma", "non_striker": "YK Pathan", "runs": {"batsman": 0, "extras": 0, "total": 0}}}, {"4.3": {"batsman": "GC Smith", "bowler": "I Sharma", "non_striker": "YK Pathan", "runs": {"batsman": 4, "extras": 0, "total": 4}}}, {"4.4": {"batsman": "GC Smith", "bowler": "I Sharma", "non_striker": "YK Pathan", "runs": {"batsman": 1, "extras": 0, "total": 1}}}, {"4.5": {"batsman": "YK Pathan", "bowler": "I Sharma", "non_striker": "GC Smith", "runs": {"batsman": 4, "extras": 0, "total": 4}}}, {"4.6": {"batsman": "YK Pathan", "bowler": "I Sharma", "non_striker": "GC Smith", "runs": {"batsman": 0, "extras": 0, "total": 0}}}, {"5.1": {"batsman": "GC Smith", "bowler": "AB Agarkar", "non_striker": "YK Pathan", "runs": {"batsman": 0, "extras": 0, "total": 0}}}, {"5.2": {"batsman": "GC Smith", "bowler": "AB Agarkar", "non_striker": "YK Pathan", "runs": {"batsman": 1, "extras": 0, "total": 1}}}, {"5.3": {"batsman": "YK Pathan", "bowler": "AB Agarkar", "non_striker": "GC Smith", "runs": {"batsman": 4, "extras": 0, "total": 4}}}, {"5.4": {"batsman": "YK Pathan", "bowler": "AB Agarkar", "extras": {"wides": 1}, "non_striker": "GC Smith", "runs": {"batsman": 0, "extras": 1, "total": 1}}}, {"5.5": {"batsman": "YK Pathan", "bowler": "AB Agarkar", "non_striker": "GC Smith", "runs": {"batsman": 0, "extras": 0, "total": 0}}}, {"5.6": {"batsman": "YK Pathan", "bowler": "AB Agarkar", "non_striker": "GC Smith", "runs": {"batsman": 4, "extras": 0, "total": 4}}}, {"5.7": {"batsman": "YK Pathan", "bowler": "AB Agarkar", "non_striker": "GC Smith", "runs": {"batsman": 4, "extras": 0, "total": 4}}}, {"6.1": {"batsman": "GC Smith", "bowler": "BAW Mendis", "extras": {"legbyes": 1}, "non_striker": "YK Pathan", "runs": {"batsman": 0, "extras": 1, "total": 1}}}, {"6.2": {"batsman": "YK Pathan", "bowler": "BAW Mendis", "non_striker": "GC Smith", "runs": {"batsman": 0, "extras": 0, "total": 0}}}, {"6.3": {"batsman": "YK Pathan", "bowler": "BAW Mendis", "non_striker": "GC Smith", "runs": {"batsman": 4, "extras": 0, "total": 4}}}, {"6.4": {"batsman": "YK Pathan", "bowler": "BAW Mendis", "non_striker": "GC Smith", "runs": {"batsman": 1, "extras": 0, "total": 1}}}, {"6.5": {"batsman": "GC Smith", "bowler": "BAW Mendis", "non_striker": "YK Pathan", "runs": {"batsman": 0, "extras": 0, "total": 0}}}, {"6.6": {"batsman": "GC Smith", "bowler": "BAW Mendis", "non_striker": "YK Pathan", "runs": {"batsman": 1, "extras": 0, "total": 1}}}, {"7.1": {"batsman": "GC Smith", "bowler": "SC Ganguly", "non_striker": "YK Pathan", "runs": {"batsman": 1, "extras": 0, "total": 1}}}, {"7.2": {"batsman": "YK Pathan", "bowler": "SC Ganguly", "non_striker": "GC Smith", "runs": {"batsman": 1, "extras": 0, "total": 1}}}, {"7.3": {"batsman": "GC Smith", "bowler": "SC Ganguly", "non_striker": "YK Pathan", "runs": {"batsman": 1, "extras": 0, "total": 1}}}, {"7.4": {"batsman": "YK Pathan", "bowler": "SC Ganguly", "non_striker": "GC Smith", "runs": {"batsman": 1, "extras": 0, "total": 1}}}, {"7.5": {"batsman": "GC Smith", "bowler": "SC Ganguly", "non_striker": "YK Pathan", "runs": {"batsman": 3, "extras": 0, "total": 3}}}, {"7.6": {"batsman": "YK Pathan", "bowler": "SC Ganguly", "non_striker": "GC Smith", "runs": {"batsman": 2, "extras": 0, "total": 2}}}, {"8.1": {"batsman": "GC Smith", "bowler": "BAW Mendis", "non_striker": "YK Pathan", "runs": {"batsman": 0, "extras": 0, "total": 0}, "wicket": {"fielders": ["CH Gayle"], "kind": "caught", "player_out": "GC Smith"}}}, {"8.2": {"batsman": "RA Jadeja", "bowler": "BAW Mendis", "non_striker": "YK Pathan", "runs": {"batsman": 0, "extras": 0, "total": 0}}}, {"8.3": {"batsman": "RA Jadeja", "bowler": "BAW Mendis", "non_striker": "YK Pathan", "runs": {"batsman": 1, "extras": 0, "total": 1}}}, {"8.4": {"batsman": "YK Pathan", "bowler": "BAW Mendis", "non_striker": "RA Jadeja", "runs": {"batsman": 1, "extras": 0, "total": 1}}}, {"8.5": {"batsman": "RA Jadeja", "bowler": "BAW Mendis", "non_striker": "YK Pathan", "runs": {"batsman": 1, "extras": 0, "total": 1}}}, {"8.6": {"batsman": "YK Pathan", "bowler": "BAW Mendis", "non_striker": "RA Jadeja", "runs": {"batsman": 0, "extras": 0, "total": 0}, "wicket": {"fielders": ["Yashpal Singh"], "kind": "caught", "player_out": "YK Pathan"}}}, {"9.1": {"batsman": "AD Mascarenhas", "bowler": "SC Ganguly", "non_striker": "RA Jadeja", "runs": {"batsman": 0, "extras": 0, "total": 0}}}, {"9.2": {"batsman": "AD Mascarenhas", "bowler": "SC Ganguly", "extras": {"legbyes": 1}, "non_striker": "RA Jadeja", "runs": {"batsman": 0, "extras": 1, "total": 1}}}, {"9.3": {"batsman": "RA Jadeja", "bowler": "SC Ganguly", "non_striker": "AD Mascarenhas", "runs": {"batsman": 1, "extras": 0, "total": 1}}}, {"9.4": {"batsman": "AD Mascarenhas", "bowler": "SC Ganguly", "non_striker": "RA Jadeja", "runs": {"batsman": 1, "extras": 0, "total": 1}}}, {"9.5": {"batsman": "RA Jadeja", "bowler": "SC Ganguly", "non_striker": "AD Mascarenhas", "runs": {"batsman": 0, "extras": 0, "total": 0}}}, {"9.6": {"batsman": "RA Jadeja", "bowler": "SC Ganguly", "non_striker": "AD Mascarenhas", "runs": {"batsman": 2, "extras": 0, "total": 2}}}, {"10.1": {"batsman": "AD Mascarenhas", "bowler": "BAW Mendis", "non_striker": "RA Jadeja", "runs": {"batsman": 1, "extras": 0, "total": 1}}}, {"10.2": {"batsman": "RA Jadeja", "bowler": "BAW Mendis", "non_striker": "AD Mascarenhas", "runs": {"batsman": 1, "extras": 0, "total": 1}}}, {"10.3": {"batsman": "AD Mascarenhas", "bowler": "BAW Mendis", "non_striker": "RA Jadeja", "runs": {"batsman": 0, "extras": 0, "total": 0}}}, {"10.4": {"batsman": "AD Mascarenhas", "bowler": "BAW Mendis", "non_striker": "RA Jadeja", "runs": {"batsman": 0, "extras": 0, "total": 0}}}, {"10.5": {"batsman": "AD Mascarenhas", "bowler": "BAW Mendis", "non_striker": "RA Jadeja", "runs": {"batsman": 0, "extras": 0, "total": 0}}}, {"10.6": {"batsman": "AD Mascarenhas", "bowler": "BAW Mendis", "non_striker": "RA Jadeja", "runs": {"batsman": 0, "extras": 0, "total": 0}}}, {"11.1": {"batsman": "RA Jadeja", "bowler": "CH Gayle", "non_striker": "AD Mascarenhas", "runs": {"batsman": 1, "extras": 0, "total": 1}}}, {"11.2": {"batsman": "AD Mascarenhas", "bowler": "CH Gayle", "non_striker": "RA Jadeja", "runs": {"batsman": 1, "extras": 0, "total": 1}}}, {"11.3": {"batsman": "RA Jadeja", "bowler": "CH Gayle", "non_striker": "AD Mascarenhas", "runs": {"batsman": 1, "extras": 0, "total": 1}}}, {"11.4": {"batsman": "AD Mascarenhas", "bowler": "CH Gayle", "non_striker": "RA Jadeja", "runs": {"batsman": 1, "extras": 0, "total": 1}}}, {"11.5": {"batsman": "RA Jadeja", "bowler": "CH Gayle", "non_striker": "AD Mascarenhas", "runs": {"batsman": 1, "extras": 0, "total": 1}}}, {"11.6": {"batsman": "AD Mascarenhas", "bowler": "CH Gayle", "non_striker": "RA Jadeja", "runs": {"batsman": 0, "extras": 0, "total": 0}}}, {"12.1": {"batsman": "RA Jadeja", "bowler": "BAW Mendis", "non_striker": "AD Mascarenhas", "runs": {"batsman": 1, "extras": 0, "total": 1}}}, {"12.2": {"batsman": "AD Mascarenhas", "bowler": "BAW Mendis", "non_striker": "RA Jadeja", "runs": {"batsman": 1, "extras": 0, "total": 1}}}, {"12.3": {"batsman": "RA Jadeja", "bowler": "BAW Mendis", "extras": {"wides": 1}, "non_striker": "AD Mascarenhas", "runs": {"batsman": 0, "extras": 1, "total": 1}}}, {"12.4": {"batsman": "RA Jadeja", "bowler": "BAW Mendis", "non_striker": "AD Mascarenhas", "runs": {"batsman": 2, "extras": 0, "total": 2}}}, {"12.5": {"batsman": "RA Jadeja", "bowler": "BAW Mendis", "non_striker": "AD Mascarenhas", "runs": {"batsman": 1, "extras": 0, "total": 1}}}, {"12.6": {"batsman": "AD Mascarenhas", "bowler": "BAW Mendis", "non_striker": "RA Jadeja", "runs": {"batsman": 1, "extras": 0, "total": 1}}}, {"12.7": {"batsman": "RA Jadeja", "bowler": "BAW Mendis", "non_striker": "AD Mascarenhas", "runs": {"batsman": 1, "extras": 0, "total": 1}}}, {"13.1": {"batsman": "RA Jadeja", "bowler": "CH Gayle", "non_striker": "AD Mascarenhas", "runs": {"batsman": 1, "extras": 0, "total": 1}}}, {"13.2": {"batsman": "AD Mascarenhas", "bowler": "CH Gayle", "non_striker": "RA Jadeja", "runs": {"batsman": 1, "extras": 0, "total": 1}}}, {"13.3": {"batsman": "RA Jadeja", "bowler": "CH Gayle", "non_striker": "AD Mascarenhas", "runs": {"batsman": 0, "extras": 0, "total": 0}}}, {"13.4": {"batsman": "RA Jadeja", "bowler": "CH Gayle", "non_striker": "AD Mascarenhas", "runs": {"batsman": 1, "extras": 0, "total": 1}}}, {"13.5": {"batsman": "AD Mascarenhas", "bowler": "CH Gayle", "non_striker": "RA Jadeja", "runs": {"batsman": 1, "extras": 0, "total": 1}}}, {"13.6": {"batsman": "RA Jadeja", "bowler": "CH Gayle", "non_striker": "AD Mascarenhas", "runs": {"batsman": 0, "extras": 0, "total": 0}}}, {"14.1": {"batsman": "AD Mascarenhas", "bowler": "SC Ganguly", "non_striker": "RA Jadeja", "runs": {"batsman": 1, "extras": 0, "total": 1}}}, {"14.2": {"batsman": "RA Jadeja", "bowler": "SC Ganguly", "non_striker": "AD Mascarenhas", "runs": {"batsman": 2, "extras": 0, "total": 2}}}, {"14.3": {"batsman": "RA Jadeja", "bowler": "SC Ganguly", "non_striker": "AD Mascarenhas", "runs": {"batsman": 1, "extras": 0, "total": 1}}}, {"14.4": {"batsman": "AD Mascarenhas", "bowler": "SC Ganguly", "non_striker": "RA Jadeja", "runs": {"batsman": 4, "extras": 0, "total": 4}}}, {"14.5": {"batsman": "AD Mascarenhas", "bowler": "SC Ganguly", "non_striker": "RA Jadeja", "runs": {"batsman": 1, "extras": 0, "total": 1}}}, {"14.6": {"batsman": "RA Jadeja", "bowler": "SC Ganguly", "non_striker": "AD Mascarenhas", "runs": {"batsman": 1, "extras": 0, "total": 1}}}, {"15.1": {"batsman": "RA Jadeja", "bowler": "CH Gayle", "non_striker": "AD Mascarenhas", "runs": {"batsman": 1, "extras": 0, "total": 1}}}, {"15.2": {"batsman": "AD Mascarenhas", "bowler": "CH Gayle", "non_striker": "RA Jadeja", "runs": {"batsman": 1, "extras": 0, "total": 1}}}, {"15.3": {"batsman": "RA Jadeja", "bowler": "CH Gayle", "non_striker": "AD Mascarenhas", "runs": {"batsman": 0, "extras": 0, "total": 0}}}, {"15.4": {"batsman": "RA Jadeja", "bowler": "CH Gayle", "non_striker": "AD Mascarenhas", "runs": {"batsman": 1, "extras": 0, "total": 1}}}, {"15.5": {"batsman": "AD Mascarenhas", "bowler": "CH Gayle", "non_striker": "RA Jadeja", "runs": {"batsman": 1, "extras": 0, "total": 1}}}, {"15.6": {"batsman": "RA Jadeja", "bowler": "CH Gayle", "non_striker": "AD Mascarenhas", "runs": {"batsman": 0, "extras": 0, "total": 0}}}, {"16.1": {"batsman": "AD Mascarenhas", "bowler": "I Sharma", "non_striker": "RA Jadeja", "runs": {"batsman": 1, "extras": 0, "total": 1}}}, {"16.2": {"batsman": "RA Jadeja", "bowler": "I Sharma", "non_striker": "AD Mascarenhas", "runs": {"batsman": 0, "extras": 0, "total": 0}, "wicket": {"fielders": ["Yashpal Singh"], "kind": "caught", "player_out": "RA Jadeja"}}}, {"16.3": {"batsman": "AD Mascarenhas", "bowler": "I Sharma", "non_striker": "AS Raut", "runs": {"batsman": 2, "extras": 0, "total": 2}}}, {"16.4": {"batsman": "AD Mascarenhas", "bowler": "I Sharma", "non_striker": "AS Raut", "runs": {"batsman": 0, "extras": 0, "total": 0}}}, {"16.5": {"batsman": "AD Mascarenhas", "bowler": "I Sharma", "non_striker": "AS Raut", "runs": {"batsman": 4, "extras": 0, "total": 4}}}, {"16.6": {"batsman": "AD Mascarenhas", "bowler": "I Sharma", "non_striker": "AS Raut", "runs": {"batsman": 1, "extras": 0, "total": 1}}}, {"17.1": {"batsman": "AD Mascarenhas", "bowler": "Anureet Singh", "non_striker": "AS Raut", "runs": {"batsman": 2, "extras": 0, "total": 2}}}, {"17.2": {"batsman": "AD Mascarenhas", "bowler": "Anureet Singh", "non_striker": "AS Raut", "runs": {"batsman": 1, "extras": 0, "total": 1}}}, {"17.3": {"batsman": "AS Raut", "bowler": "Anureet Singh", "extras": {"wides": 1}, "non_striker": "AD Mascarenhas", "runs": {"batsman": 0, "extras": 1, "total": 1}}}, {"17.4": {"batsman": "AS Raut", "bowler": "Anureet Singh", "non_striker": "AD Mascarenhas", "runs": {"batsman": 0, "extras": 0, "total": 0}}}, {"17.5": {"batsman": "AS Raut", "bowler": "Anureet Singh", "non_striker": "AD Mascarenhas", "runs": {"batsman": 0, "extras": 0, "total": 0}}}, {"17.6": {"batsman": "AS Raut", "bowler": "Anureet Singh", "extras": {"wides": 1}, "non_striker": "AD Mascarenhas", "runs": {"batsman": 0, "extras": 1, "total": 1}}}, {"17.7": {"batsman": "AS Raut", "bowler": "Anureet Singh", "non_striker": "AD Mascarenhas", "runs": {"batsman": 1, "extras": 0, "total": 1}}}, {"17.8": {"batsman": "AD Mascarenhas", "bowler": "Anureet Singh", "non_striker": "AS Raut", "runs": {"batsman": 0, "extras": 0, "total": 0}, "wicket": {"kind": "bowled", "player_out": "AD Mascarenhas"}}}, {"18.1": {"batsman": "AS Raut", "bowler": "CH Gayle", "extras": {"wides": 1}, "non_striker": "SK Warne", "runs": {"batsman": 0, "extras": 1, "total": 1}}}, {"18.2": {"batsman": "AS Raut", "bowler": "CH Gayle", "non_striker": "SK Warne", "runs": {"batsman": 1, "extras": 0, "total": 1}}}, {"18.3": {"batsman": "SK Warne", "bowler": "CH Gayle", "non_striker": "AS Raut", "runs": {"batsman": 1, "extras": 0, "total": 1}}}, {"18.4": {"batsman": "AS Raut", "bowler": "CH Gayle", "non_striker": "SK Warne", "runs": {"batsman": 0, "extras": 0, "total": 0}}}, {"18.5": {"batsman": "AS Raut", "bowler": "CH Gayle", "non_striker": "SK Warne", "runs": {"batsman": 0, "extras": 0, "total": 0}}}, {"18.6": {"batsman": "AS Raut", "bowler": "CH Gayle", "extras": {"wides": 2}, "non_striker": "SK Warne", "runs": {"batsman": 0, "extras": 2, "total": 2}}}, {"18.7": {"batsman": "SK Warne", "bowler": "CH Gayle", "non_striker": "AS Raut", "runs": {"batsman": 1, "extras": 0, "total": 1}}}, {"18.8": {"batsman": "AS Raut", "bowler": "CH Gayle", "non_striker": "SK Warne", "runs": {"batsman": 1, "extras": 0, "total": 1}}}, {"19.1": {"batsman": "AS Raut", "bowler": "Anureet Singh", "non_striker": "SK Warne", "runs": {"batsman": 4, "extras": 0, "total": 4}}}, {"19.2": {"batsman": "AS Raut", "bowler": "Anureet Singh", "non_striker": "SK Warne", "runs": {"batsman": 0, "extras": 0, "total": 0}}}, {"19.3": {"batsman": "AS Raut", "bowler": "Anureet Singh", "non_striker": "SK Warne", "runs": {"batsman": 0, "extras": 0, "total": 0}}}, {"19.4": {"batsman": "AS Raut", "bowler": "Anureet Singh", "non_striker": "SK Warne", "runs": {"batsman": 6, "extras": 0, "total": 6}}}, {"19.5": {"batsman": "AS Raut", "bowler": "Anureet Singh", "non_striker": "SK Warne", "runs": {"batsman": 6, "extras": 0, "total": 6}}}, {"19.6": {"batsman": "AS Raut", "bowler": "Anureet Singh", "non_striker": "SK Warne", "runs": {"batsman": 2, "extras": 0, "total": 2}}}]