[{"0.1": {"batsman": "CH Gayle", "bowler": "YK Pathan", "non_striker": "BB McCullum", "runs": {"batsman": 0, "extras": 0, "total": 0}}}, {"0.2": {"batsman": "CH Gayle", "bowler": "YK Pathan", "non_striker": "BB McCullum", "runs": {"batsman": 0, "extras": 0, "total": 0}}}, {"0.3": {"batsman": "CH Gayle", "bowler": "YK Pathan", "extras": {"wides": 1}, "non_striker": "BB McCullum", "runs": {"batsman": 0, "extras": 1, "total": 1}}}, {"0.4": {"batsman": "CH Gayle", "bowler": "YK Pathan", "non_striker": "BB McCullum", "runs": {"batsman": 2, "extras": 0, "total": 2}}}, {"0.5": {"batsman": "CH Gayle", "bowler": "YK Pathan", "non_striker": "BB McCullum", "runs": {"batsman": 0, "extras": 0, "total": 0}}}, {"0.6": {"batsman": "CH Gayle", "bowler": "YK Pathan", "non_striker": "BB McCullum", "runs": {"batsman": 0, "extras": 0, "total": 0}}}, {"0.7": {"batsman": "CH Gayle", "bowler": "YK Pathan", "non_striker": "BB McCullum", "runs": {"batsman": 4, "extras": 0, "total": 4}}}, {"1.1": {"batsman": "BB McCullum", "bowler": "AD Mascarenhas", "non_striker": "CH Gayle", "runs": {"batsman": 0, "extras": 0, "total": 0}}}, {"1.2": {"batsman": "BB McCullum", "bowler": "AD Mascarenhas", "non_striker": "CH Gayle", "runs": {"batsman": 0, "extras": 0, "total": 0}}}, {"1.3": {"batsman": "BB McCullum", "bowler": "AD Mascarenhas", "extras": {"legbyes": 1}, "non_striker": "CH Gayle", "runs": {"batsman": 0, "extras": 1, "total": 1}}}, {"1.4": {"batsman": "CH Gayle", "bowler": "AD Mascarenhas", "non_striker": "BB McCullum", "runs": {"batsman": 0, "extras": 0, "total": 0}}}, {"1.5": {"batsman": "CH Gayle", "bowler": "AD Mascarenhas", "non_striker": "BB McCullum", "runs": {"batsman": 0, "extras": 0, "total": 0}}}, {"1.6": {"batsman": "CH Gayle", "bowler": "AD Mascarenhas", "non_striker": "BB McCullum", "runs": {"batsman": 0, "extras": 0, "total": 0}}}, {"2.1": {"batsman": "BB McCullum", "bowler": "YK Pathan", "non_striker": "CH Gayle", "runs": {"batsman": 0, "extras": 0, "total": 0}}}, {"2.2": {"batsman": "BB McCullum", "bowler": "YK Pathan", "non_striker": "CH Gayle", "runs": {"batsman": 0, "extras": 0, "total": 0}}}, {"2.3": {"batsman": "BB McCullum", "bowler": "YK Pathan", "non_striker": "CH Gayle", "runs": {"batsman": 0, "extras": 0, "total": 0}}}, {"2.4": {"batsman": "BB McCullum", "bowler": "YK Pathan", "non_striker": "CH Gayle", "runs": {"batsman": 1, "extras": 0, "total": 1}}}, {"2.5": {"batsman": "CH Gayle", "bowler": "YK Pathan", "non_striker": "BB McCullum", "runs": {"batsman": 0, "extras": 0, "total": 0}}}, {"2.6": {"batsman": "CH Gayle", "bowler": "YK Pathan", "non_striker": "BB McCullum", "runs": {"batsman": 1, "extras": 0, "total": 1}}}, {"3.1": {"batsman": "CH Gayle", "bowler": "AD Mascarenhas", "non_striker": "BB McCullum", "runs": {"batsman": 0, "extras": 0, "total": 0}}}, {"3.2": {"batsman": "CH Gayle", "bowler": "AD Mascarenhas", "non_striker": "BB McCullum", "runs": {"batsman": 6, "extras": 0, "total": 6}}}, {"3.3": {"batsman": "CH Gayle", "bowler": "AD Mascarenhas", "non_striker": "BB McCullum", "runs": {"batsman": 6, "extras": 0, "total": 6}}}, {"3.4": {"batsman": "CH Gayle", "bowler": "AD Mascarenhas", "non_striker": "BB McCullum", "runs": {"batsman": 1, "extras": 0, "total": 1}}}, {"3.5": {"batsman": "BB McCullum", "bowler": "AD Mascarenhas", "non_striker": "CH Gayle", "runs": {"batsman": 2, "extras": 0, "total": 2}}}, {"3.6": {"batsman": "BB McCullum", "bowler": "AD Mascarenhas", "non_striker": "CH Gayle", "runs": {"batsman": 0, "extras": 0, "total": 0}, "wicket": {"fielders": ["Kamran Khan"], "kind": "caught", "player_out": "BB McCullum"}}}, {"4.1": {"batsman": "LR Shukla", "bowler": "YK Pathan", "non_striker": "CH Gayle", "runs": {"batsman": 0, "extras": 0, "total": 0}}}, {"4.2": {"batsman": "LR Shukla", "bowler": "YK Pathan", "non_striker": "CH Gayle", "runs": {"batsman": 0, "extras": 0, "total": 0}}}, {"4.3": {"batsman": "LR Shukla", "bowler": "YK Pathan", "non_striker": "CH Gayle", "runs": {"batsman": 1, "extras": 0, "total": 1}}}, {"4.4": {"batsman": "CH Gayle", "bowler": "YK Pathan", "extras": {"wides": 1}, "non_striker": "LR Shukla", "runs": {"batsman": 0, "extras": 1, "total": 1}}}, {"4.5": {"batsman": "CH Gayle", "bowler": "YK Pathan", "non_striker": "LR Shukla", "runs": {"batsman": 0, "extras": 0, "total": 0}}}, {"4.6": {"batsman": "CH Gayle", "bowler": "YK Pathan", "non_striker": "LR Shukla", "runs": {"batsman": 0, "extras": 0, "total": 0}}}, {"4.7": {"batsman": "CH Gayle", "bowler": "YK Pathan", "non_striker": "LR Shukla", "runs": {"batsman": 1, "extras": 0, "total": 1}}}, {"5.1": {"batsman": "CH Gayle", "bowler": "AD Mascarenhas", "non_striker": "LR Shukla", "runs": {"batsman": 0, "extras": 0, "total": 0}}}, {"5.2": {"batsman": "CH Gayle", "bowler": "AD Mascarenhas", "non_striker": "LR Shukla", "runs": {"batsman": 4, "extras": 0, "total": 4}}}, {"5.3": {"batsman": "CH Gayle", "bowler": "AD Mascarenhas", "non_striker": "LR Shukla", "runs": {"batsman": 6, "extras": 0, "total": 6}}}, {"5.4": {"batsman": "CH Gayle", "bowler": "AD Mascarenhas", "non_striker": "LR Shukla", "runs": {"batsman": 0, "extras": 0, "total": 0}}}, {"5.5": {"batsman": "CH Gayle", "bowler": "AD Mascarenhas", "non_striker": "LR Shukla", "runs": {"batsman": 0, "extras": 0, "total": 0}}}, {"5.6": {"batsman": "CH Gayle", "bowler": "AD Mascarenhas", "non_striker": "LR Shukla", "runs": {"batsman": 0, "extras": 0, "total": 0}}}, {"6.1": {"batsman": "LR Shukla", "bowler": "SK Warne", "non_striker": "CH Gayle", "runs": {"batsman": 0, "extras": 0, "total": 0}}}, {"6.2": {"batsman": "LR Shukla", "bowler": "SK Warne", "non_striker": "CH Gayle", "runs": {"batsman": 1, "extras": 0, "total": 1}}}, {"6.3": {"batsman": "CH Gayle", "bowler": "SK Warne", "extras": {"wides": 1}, "non_striker": "LR Shukla", "runs": {"batsman": 0, "extras": 1, "total": 1}}}, {"6.4": {"batsman": "CH Gayle", "bowler": "SK Warne", "non_striker": "LR Shukla", "runs": {"batsman": 1, "extras": 0, "total": 1}}}, {"6.5": {"batsman": "LR Shukla", "bowler": "SK Warne", "non_striker": "CH Gayle", "runs": {"batsman": 1, "extras": 0, "total": 1}}}, {"6.6": {"batsman": "CH Gayle", "bowler": "SK Warne", "non_striker": "LR Shukla", "runs": {"batsman": 0, "extras": 0, "total": 0}}}, {"6.7": {"batsman": "CH Gayle", "bowler": "SK Warne", "non_striker": "LR Shukla", "runs": {"batsman": 1, "extras": 0, "total": 1}}}, {"7.1": {"batsman": "CH Gayle", "bowler": "YK Pathan", "extras": {"wides": 1}, "non_striker": "LR Shukla", "runs": {"batsman": 0, "extras": 1, "total": 1}}}, {"7.2": {"batsman": "CH Gayle", "bowler": "YK Pathan", "non_striker": "LR Shukla", "runs": {"batsman": 1, "extras": 0, "total": 1}}}, {"7.3": {"batsman": "LR Shukla", "bowler": "YK Pathan", "non_striker": "CH Gayle", "runs": {"batsman": 1, "extras": 0, "total": 1}}}, {"7.4": {"batsman": "CH Gayle", "bowler": "YK Pathan", "extras": {"legbyes": 2}, "non_striker": "LR Shukla", "runs": {"batsman": 0, "extras": 2, "total": 2}}}, {"7.5": {"batsman": "CH Gayle", "bowler": "YK Pathan", "non_striker": "LR Shukla", "runs": {"batsman": 6, "extras": 0, "total": 6}}}, {"7.6": {"batsman": "CH Gayle", "bowler": "YK Pathan", "extras": {"wides": 1}, "non_striker": "LR Shukla", "runs": {"batsman": 0, "extras": 1, "total": 1}}}, {"7.7": {"batsman": "CH Gayle", "bowler": "YK Pathan", "non_striker": "LR Shukla", "runs": {"batsman": 1, "extras": 0, "total": 1}}}, {"7.8": {"batsman": "LR Shukla", "bowler": "YK Pathan", "non_striker": "CH Gayle", "runs": {"batsman": 4, "extras": 0, "total": 4}}}, {"8.1": {"batsman": "CH Gayle", "bowler": "SK Warne", "non_striker": "LR Shukla", "runs": {"batsman": 0, "extras": 0, "total": 0}}}, {"8.2": {"batsman": "CH Gayle", "bowler": "SK Warne", "non_striker": "LR Shukla", "runs": {"batsman": 0, "extras": 0, "total": 0}, "wicket": {"fielders": ["RA Jadeja"], "kind": "caught", "player_out": "CH Gayle"}}}, {"8.3": {"batsman": "LR Shukla", "bowler": "SK Warne", "non_striker": "BJ Hodge", "runs": {"batsman": 2, "extras": 0, "total": 2}}}, {"8.4": {"batsman": "LR Shukla", "bowler": "SK Warne", "non_striker": "BJ Hodge", "runs": {"batsman": 1, "extras": 0, "total": 1}}}, {"8.5": {"batsman": "BJ Hodge", "bowler": "SK Warne", "non_striker": "LR Shukla", "runs": {"batsman": 0, "extras": 0, "total": 0}}}, {"8.6": {"batsman": "BJ Hodge", "bowler": "SK Warne", "non_striker": "LR Shukla", "runs": {"batsman": 0, "extras": 0, "total": 0}}}, {"9.1": {"batsman": "LR Shukla", "bowler": "Kamran Khan", "non_striker": "BJ Hodge", "runs": {"batsman": 1, "extras": 0, "total": 1}}}, {"9.2": {"batsman": "BJ Hodge", "bowler": "Kamran Khan", "non_striker": "LR Shukla", "runs": {"batsman": 1, "extras": 0, "total": 1}}}, {"9.3": {"batsman": "LR Shukla", "bowler": "Kamran Khan", "non_striker": "BJ Hodge", "runs": {"batsman": 1, "extras": 0, "total": 1}}}, {"9.4": {"batsman": "BJ Hodge", "bowler": "Kamran Khan", "non_striker": "LR Shukla", "runs": {"batsman": 1, "extras": 0, "total": 1}}}, {"9.5": {"batsman": "LR Shukla", "bowler": "Kamran Khan", "non_striker": "BJ Hodge", "runs": {"batsman": 0, "extras": 0, "total": 0}, "wicket": {"fielders": ["M Rawat"], "kind": "caught", "player_out": "LR Shukla"}}}, {"9.6": {"batsman": "SC Ganguly", "bowler": "Kamran Khan", "non_striker": "BJ Hodge", "runs": {"batsman": 0, "extras": 0, "total": 0}}}, {"10.1": {"batsman": "BJ Hodge", "bowler": "MM Patel", "non_striker": "SC Ganguly", "runs": {"batsman": 1, "extras": 0, "total": 1}}}, {"10.2": {"batsman": "SC Ganguly", "bowler": "MM Patel", "non_striker": "BJ Hodge", "runs": {"batsman": 0, "extras": 0, "total": 0}}}, {"10.3": {"batsman": "SC Ganguly", "bowler": "MM Patel", "non_striker": "BJ Hodge", "runs": {"batsman": 1, "extras": 0, "total": 1}}}, {"10.4": {"batsman": "BJ Hodge", "bowler": "MM Patel", "non_striker": "SC Ganguly", "runs": {"batsman": 2, "extras": 0, "total": 2}}}, {"10.5": {"batsman": "BJ Hodge", "bowler": "MM Patel", "non_striker": "SC Ganguly", "runs": {"batsman": 0, "extras": 0, "total": 0}, "wicket": {"fielders": ["M Rawat"], "kind": "caught", "player_out": "BJ Hodge"}}}, {"10.6": {"batsman": "SB Bangar", "bowler": "MM Patel", "extras": {"legbyes": 2}, "non_striker": "SC Ganguly", "runs": {"batsman": 0, "extras": 2, "total": 2}}}, {"11.1": {"batsman": "SC Ganguly", "bowler": "Kamran Khan", "non_striker": "SB Bangar", "runs": {"batsman": 1, "extras": 0, "total": 1}}}, {"11.2": {"batsman": "SB Bangar", "bowler": "Kamran Khan", "non_striker": "SC Ganguly", "runs": {"batsman": 0, "extras": 0, "total": 0}}}, {"11.3": {"batsman": "SB Bangar", "bowler": "Kamran Khan", "extras": {"legbyes": 1}, "non_striker": "SC Ganguly", "runs": {"batsman": 0, "extras": 1, "total": 1}}}, {"11.4": {"batsman": "SC Ganguly", "bowler": "Kamran Khan", "non_striker": "SB Bangar", "runs": {"batsman": 0, "extras": 0, "total": 0}}}, {"11.5": {"batsman": "SC Ganguly", "bowler": "Kamran Khan", "non_striker": "SB Bangar", "runs": {"batsman": 0, "extras": 0, "total": 0}}}, {"11.6": {"batsman": "SC Ganguly", "bowler": "Kamran Khan", "non_striker": "SB Bangar", "runs": {"batsman": 4, "extras": 0, "total": 4}}}, {"12.1": {"batsman": "SB Bangar", "bowler": "MM Patel", "non_striker": "SC Ganguly", "runs": {"batsman": 0, "extras": 0, "total": 0}}}, {"12.2": {"batsman": "SB Bangar", "bowler": "MM Patel", "non_striker": "SC Ganguly", "runs": {"batsman": 1, "extras": 0, "total": 1}}}, {"12.3": {"batsman": "SC Ganguly", "bowler": "MM Patel", "non_striker": "SB Bangar", "runs": {"batsman": 0, "extras": 0, "total": 0}}}, {"12.4": {"batsman": "SC Ganguly", "bowler": "MM Patel", "non_striker": "SB Bangar", "runs": {"batsman": 4, "extras": 0, "total": 4}}}, {"12.5": {"batsman": "SC Ganguly", "bowler": "MM Patel", "non_striker": "SB Bangar", "runs": {"batsman": 4, "extras": 0, "total": 4}}}, {"12.6": {"batsman": "SC Ganguly", "bowler": "MM Patel", "non_striker": "SB Bangar", "runs": {"batsman": 1, "extras": 0, "total": 1}}}, {"13.1": {"batsman": "SC Ganguly", "bowler": "Kamran Khan", "extras": {"wides": 1}, "non_striker": "SB Bangar", "runs": {"batsman": 0, "extras": 1, "total": 1}}}, {"13.2": {"batsman": "SC Ganguly", "bowler": "Kamran Khan", "non_striker": "SB Bangar", "runs": {"batsman": 1, "extras": 0, "total": 1}}}, {"13.3": {"batsman": "SB Bangar", "bowler": "Kamran Khan", "non_striker": "SC Ganguly", "runs": {"batsman": 1, "extras": 0, "total": 1}}}, {"13.4": {"batsman": "SC Ganguly", "bowler": "Kamran Khan", "extras": {"wides": 1}, "non_striker": "SB Bangar", "runs": {"batsman": 0, "extras": 1, "total": 1}}}, {"13.5": {"batsman": "SC Ganguly", "bowler": "Kamran Khan", "non_striker": "SB Bangar", "runs": {"batsman": 1, "extras": 0, "total": 1}}}, {"13.6": {"batsman": "SB Bangar", "bowler": "Kamran Khan", "non_striker": "SC Ganguly", "runs": {"batsman": 0, "extras": 0, "total": 0}}}, {"13.7": {"batsman": "SB Bangar", "bowler": "Kamran Khan", "non_striker": "SC Ganguly", "runs": {"batsman": 0, "extras": 0, "total": 0}}}, {"13.8": {"batsman": "SB Bangar", "bowler": "Kamran Khan", "non_striker": "SC Ganguly", "runs": {"batsman": 0, "extras": 0, "total": 0}, "wicket": {"fielders": ["GC Smith"], "kind": "caught", "player_out": "SB Bangar"}}}, {"14.1": {"batsman": "SC Ganguly", "bowler": "AD Mascarenhas", "non_striker": "Yashpal Singh", "runs": {"batsman": 1, "extras": 0, "total": 1}}}, {"14.2": {"batsman": "Yashpal Singh", "bowler": "AD Mascarenhas", "non_striker": "SC Ganguly", "runs": {"batsman": 0, "extras": 0, "total": 0}}}, {"14.3": {"batsman": "Yashpal Singh", "bowler": "AD Mascarenhas", "non_striker": "SC Ganguly", "runs": {"batsman": 0, "extras": 0, "total": 0}}}, {"14.4": {"batsman": "Yashpal Singh", "bowler": "AD Mascarenhas", "non_striker": "SC Ganguly", "runs": {"batsman": 2, "extras": 0, "total": 2}}}, {"14.5": {"batsman": "Yashpal Singh", "bowler": "AD Mascarenhas", "non_striker": "SC Ganguly", "runs": {"batsman": 0, "extras": 0, "total": 0}}}, {"14.6": {"batsman": "Yashpal Singh", "bowler": "AD Mascarenhas", "non_striker": "SC Ganguly", "runs": {"batsman": 1, "extras": 0, "total": 1}}}, {"15.1": {"batsman": "Yashpal Singh", "bowler": "MM Patel", "non_striker": "SC Ganguly", "runs": {"batsman": 1, "extras": 0, "total": 1}}}, {"15.2": {"batsman": "SC Ganguly", "bowler": "MM Patel", "non_striker": "Yashpal Singh", "runs": {"batsman": 1, "extras": 0, "total": 1}}}, {"15.3": {"batsman": "Yashpal Singh", "bowler": "MM Patel", "non_striker": "SC Ganguly", "runs": {"batsman": 4, "extras": 0, "total": 4}}}, {"15.4": {"batsman": "Yashpal Singh", "bowler": "MM Patel", "non_striker": "SC Ganguly", "runs": {"batsman": 1, "extras": 0, "total": 1}}}, {"15.5": {"batsman": "SC Ganguly", "bowler": "MM Patel", "non_striker": "Yashpal Singh", "runs": {"batsman": 2, "extras": 0, "total": 2}}}, {"15.6": {"batsman": "SC Ganguly", "bowler": "MM Patel", "extras": {"noballs": 1}, "non_striker": "Yashpal Singh", "runs": {"batsman": 6, "extras": 1, "total": 7}}}, {"15.7": {"batsman": "SC Ganguly", "bowler": "MM Patel", "non_striker": "Yashpal Singh", "runs": {"batsman": 6, "extras": 0, "total": 6}}}, {"16.1": {"batsman": "Yashpal Singh", "bowler": "SK Warne", "non_striker": "SC Ganguly", "runs": {"batsman": 0, "extras": 0, "total": 0}}}, {"16.2": {"batsman": "Yashpal Singh", "bowler": "SK Warne", "non_striker": "SC Ganguly", "runs": {"batsman": 1, "extras": 0, "total": 1}}}, {"16.3": {"batsman": "SC Ganguly", "bowler": "SK Warne", "non_striker": "Yashpal Singh", "runs": {"batsman": 4, "extras": 0, "total": 4}}}, {"16.4": {"batsman": "SC Ganguly", "bowler": "SK Warne", "non_striker": "Yashpal Singh", "runs": {"batsman": 1, "extras": 0, "total": 1}}}, {"16.5": {"batsman": "Yashpal Singh", "bowler": "SK Warne", "non_striker": "SC Ganguly", "runs": {"batsman": 1, "extras": 0, "total": 1}}}, {"16.6": {"batsman": "SC Ganguly", "bowler": "SK Warne", "non_striker": "Yashpal Singh", "runs": {"batsman": 1, "extras": 0, "total": 1}}}, {"17.1": {"batsman": "SC Ganguly", "bowler": "RA Jadeja", "non_striker": "Yashpal Singh", "runs": {"batsman": 1, "extras": 0, "total": 1}}}, {"17.2": {"batsman": "Yashpal Singh", "bowler": "RA Jadeja", "non_striker": "SC Ganguly", "runs": {"batsman": 0, "extras": 0, "total": 0}}}, {"17.3": {"batsman": "Yashpal Singh", "bowler": "RA Jadeja", "non_striker": "SC Ganguly", "runs": {"batsman": 0, "extras": 0, "total": 0}}}, {"17.4": {"batsman": "Yashpal Singh", "bowler": "RA Jadeja", "non_striker": "SC Ganguly", "runs": {"batsman": 4, "extras": 0, "total": 4}}}, {"17.5": {"batsman": "Yashpal Singh", "bowler": "RA Jadeja", "non_striker": "SC Ganguly", "runs": {"batsman": 1, "extras": 0, "total": 1}}}, {"17.6": {"batsman": "SC Ganguly", "bowler": "RA Jadeja", "non_striker": "Yashpal Singh", "runs": {"batsman": 1, "extras": 0, "total": 1}}}, {"18.1": {"batsman": "SC Ganguly", "bowler": "SK Warne", "non_striker": "Yashpal Singh", "runs": {"batsman": 2, "extras": 0, "total": 2}}}, {"18.2": {"batsman": "SC Ganguly", "bowler": "SK Warne", "extras": {"wides": 1}, "non_striker": "Yashpal Singh", "runs": {"batsman": 0, "extras": 1, "total": 1}}}, {"18.3": {"batsman": "SC Ganguly", "bowler": "SK Warne", "non_striker": "Yashpal Singh", "runs": {"batsman": 1, "extras": 0, "total": 1}}}, {"18.4": {"batsman": "Yashpal Singh", "bowler": "SK Warne", "non_striker": "SC Ganguly", "runs": {"batsman": 4, "extras": 0, "total": 4}}}, {"18.5": {"batsman": "Yashpal Singh", "bowler": "SK Warne", "non_striker": "SC Ganguly", "runs": {"batsman": 0, "extras": 0, "total": 0}}}, {"18.6": {"batsman": "Yashpal Singh", "bowler": "SK Warne", "non_striker": "SC Ganguly", "runs": {"batsman": 0, "extras": 0, "total": 0}, "wicket": {"fielders": ["AS Raut"], "kind": "caught", "player_out": "Yashpal Singh"}}}, {"18.7": {"batsman": "SC Ganguly", "bowler": "SK Warne", "non_striker": "AB Agarkar", "runs": {"batsman": 1, "extras": 0, "total": 1}}}, {"19.1": {"batsman": "SC Ganguly", "bowler": "Kamran Khan", "extras": {"wides": 1}, "non_striker": "AB Agarkar", "runs": {"batsman": 0, "extras": 1, "total": 1}}}, {"19.2": {"batsman": "SC Ganguly", "bowler": "Kamran Khan", "non_striker": "AB Agarkar", "runs": {"batsman": 1, "extras": 0, "total": 1}}}, {"19.3": {"batsman": "AB Agarkar", "bowler": "Kamran Khan", "non_striker": "SC Ganguly", "runs": {"batsman": 1, "extras": 0, "total": 1}}}, {"19.4": {"batsman": "SC Ganguly", "bowler": "Kamran Khan", "non_striker": "AB Agarkar", "runs": {"batsman": 0, "extras": 0, "total": 0}}}, {"19.5": {"batsman": "SC Ganguly", "bowler": "Kamran Khan", "extras": {"legbyes": 2}, "non_striker": "AB Agarkar", "runs": {"batsman": 0, "extras": 2, "total": 2}}}, {"19.6": {"batsman": "SC Ganguly", "bowler": "Kamran Khan", "non_striker": "AB Agarkar", "runs": {"batsman": 0, "extras": 0, "total": 0}, "wicket": {"fielders": ["M Rawat"], "kind": "caught", "player_out": "SC Ganguly"}}}, {"19.7": {"batsman": "I Sharma", "bowler": "Kamran Khan", "non_striker": "AB Agarkar", "runs": {"batsman": 1, "extras": 0, "total": 1}, "wicket": {"fielders": ["Kamran Khan", "M Rawat"], "kind": "run out", "player_out": "I Sharma"}}}]