[{"0.1": {"batsman": "BB McCullum", "bowler": "IK Pathan", "non_striker": "CH Gayle", "runs": {"batsman": 0, "extras": 0, "total": 0}}}, {"0.2": {"batsman": "BB McCullum", "bowler": "IK Pathan", "non_striker": "CH Gayle", "runs": {"batsman": 0, "extras": 0, "total": 0}}}, {"0.3": {"batsman": "BB McCullum", "bowler": "IK Pathan", "non_striker": "CH Gayle", "runs": {"batsman": 0, "extras": 0, "total": 0}}}, {"0.4": {"batsman": "BB McCullum", "bowler": "IK Pathan", "non_striker": "CH Gayle", "runs": {"batsman": 1, "extras": 0, "total": 1}}}, {"0.5": {"batsman": "CH Gayle", "bowler": "IK Pathan", "non_striker": "BB McCullum", "runs": {"batsman": 0, "extras": 0, "total": 0}}}, {"0.6": {"batsman": "CH Gayle", "bowler": "IK Pathan", "extras": {"wides": 1}, "non_striker": "BB McCullum", "runs": {"batsman": 0, "extras": 1, "total": 1}}}, {"0.7": {"batsman": "CH Gayle", "bowler": "IK Pathan", "non_striker": "BB McCullum", "runs": {"batsman": 1, "extras": 0, "total": 1}}}, {"1.1": {"batsman": "CH Gayle", "bowler": "YA Abdulla", "non_striker": "BB McCullum", "runs": {"batsman": 1, "extras": 0, "total": 1}}}, {"1.2": {"batsman": "BB McCullum", "bowler": "YA Abdulla", "non_striker": "CH Gayle", "runs": {"batsman": 0, "extras": 0, "total": 0}}}, {"1.3": {"batsman": "BB McCullum", "bowler": "YA Abdulla", "non_striker": "CH Gayle", "runs": {"batsman": 0, "extras": 0, "total": 0}}}, {"1.4": {"batsman": "BB McCullum", "bowler": "YA Abdulla", "extras": {"wides": 1}, "non_striker": "CH Gayle", "runs": {"batsman": 0, "extras": 1, "total": 1}}}, {"1.5": {"batsman": "BB McCullum", "bowler": "YA Abdulla", "non_striker": "CH Gayle", "runs": {"batsman": 1, "extras": 0, "total": 1}}}, {"1.6": {"batsman": "CH Gayle", "bowler": "YA Abdulla", "extras": {"wides": 1}, "non_striker": "BB McCullum", "runs": {"batsman": 0, "extras": 1, "total": 1}}}, {"1.7": {"batsman": "CH Gayle", "bowler": "YA Abdulla", "non_striker": "BB McCullum", "runs": {"batsman": 0, "extras": 0, "total": 0}}}, {"1.8": {"batsman": "CH Gayle", "bowler": "YA Abdulla", "non_striker": "BB McCullum", "runs": {"batsman": 2, "extras": 0, "total": 2}}}, {"2.1": {"batsman": "BB McCullum", "bowler": "IK Pathan", "non_striker": "CH Gayle", "runs": {"batsman": 1, "extras": 0, "total": 1}}}, {"2.2": {"batsman": "CH Gayle", "bowler": "IK Pathan", "non_striker": "BB McCullum", "runs": {"batsman": 0, "extras": 0, "total": 0}}}, {"2.3": {"batsman": "CH Gayle", "bowler": "IK Pathan", "non_striker": "BB McCullum", "runs": {"batsman": 0, "extras": 0, "total": 0}}}, {"2.4": {"batsman": "CH Gayle", "bowler": "IK Pathan", "non_striker": "BB McCullum", "runs": {"batsman": 0, "extras": 0, "total": 0}}}, {"2.5": {"batsman": "CH Gayle", "bowler": "IK Pathan", "non_striker": "BB McCullum", "runs": {"batsman": 6, "extras": 0, "total": 6}}}, {"2.6": {"batsman": "CH Gayle", "bowler": "IK Pathan", "non_striker": "BB McCullum", "runs": {"batsman": 0, "extras": 0, "total": 0}}}, {"3.1": {"batsman": "BB McCullum", "bowler": "YA Abdulla", "non_striker": "CH Gayle", "runs": {"batsman": 0, "extras": 0, "total": 0}}}, {"3.2": {"batsman": "BB McCullum", "bowler": "YA Abdulla", "non_striker": "CH Gayle", "runs": {"batsman": 1, "extras": 0, "total": 1}}}, {"3.3": {"batsman": "CH Gayle", "bowler": "YA Abdulla", "non_striker": "BB McCullum", "runs": {"batsman": 6, "extras": 0, "total": 6}}}, {"3.4": {"batsman": "CH Gayle", "bowler": "YA Abdulla", "non_striker": "BB McCullum", "runs": {"batsman": 1, "extras": 0, "total": 1}}}, {"3.5": {"batsman": "BB McCullum", "bowler": "YA Abdulla", "non_striker": "CH Gayle", "runs": {"batsman": 6, "extras": 0, "total": 6}}}, {"3.6": {"batsman": "BB McCullum", "bowler": "YA Abdulla", "non_striker": "CH Gayle", "runs": {"batsman": 0, "extras": 0, "total": 0}}}, {"4.1": {"batsman": "CH Gayle", "bowler": "IK Pathan", "non_striker": "BB McCullum", "runs": {"batsman": 4, "extras": 0, "total": 4}}}, {"4.2": {"batsman": "CH Gayle", "bowler": "IK Pathan", "non_striker": "BB McCullum", "runs": {"batsman": 4, "extras": 0, "total": 4}}}, {"4.3": {"batsman": "CH Gayle", "bowler": "IK Pathan", "non_striker": "BB McCullum", "runs": {"batsman": 6, "extras": 0, "total": 6}}}, {"4.4": {"batsman": "CH Gayle", "bowler": "IK Pathan", "non_striker": "BB McCullum", "runs": {"batsman": 1, "extras": 0, "total": 1}}}, {"4.5": {"batsman": "BB McCullum", "bowler": "IK Pathan", "non_striker": "CH Gayle", "runs": {"batsman": 1, "extras": 0, "total": 1}}}, {"4.6": {"batsman": "CH Gayle", "bowler": "IK Pathan", "extras": {"wides": 1}, "non_striker": "BB McCullum", "runs": {"batsman": 0, "extras": 1, "total": 1}}}, {"4.7": {"batsman": "CH Gayle", "bowler": "IK Pathan", "non_striker": "BB McCullum", "runs": {"batsman": 0, "extras": 0, "total": 0}}}, {"5.1": {"batsman": "BB McCullum", "bowler": "VS Malik", "non_striker": "CH Gayle", "runs": {"batsman": 4, "extras": 0, "total": 4}}}, {"5.2": {"batsman": "BB McCullum", "bowler": "VS Malik", "non_striker": "CH Gayle", "runs": {"batsman": 6, "extras": 0, "total": 6}}}, {"5.3": {"batsman": "BB McCullum", "bowler": "VS Malik", "non_striker": "CH Gayle", "runs": {"batsman": 0, "extras": 0, "total": 0}, "wicket": {"fielders": ["KC Sangakkara"], "kind": "caught", "player_out": "BB McCullum"}}}, {"5.4": {"batsman": "BJ Hodge", "bowler": "VS Malik", "non_striker": "CH Gayle", "runs": {"batsman": 2, "extras": 0, "total": 2}}}, {"5.5": {"batsman": "BJ Hodge", "bowler": "VS Malik", "non_striker": "CH Gayle", "runs": {"batsman": 0, "extras": 0, "total": 0}}}, {"5.6": {"batsman": "BJ Hodge", "bowler": "VS Malik", "non_striker": "CH Gayle", "runs": {"batsman": 1, "extras": 0, "total": 1}}}, {"6.1": {"batsman": "BJ Hodge", "bowler": "PP Chawla", "non_striker": "CH Gayle", "runs": {"batsman": 1, "extras": 0, "total": 1}}}, {"6.2": {"batsman": "CH Gayle", "bowler": "PP Chawla", "non_striker": "BJ Hodge", "runs": {"batsman": 0, "extras": 0, "total": 0}}}, {"6.3": {"batsman": "CH Gayle", "bowler": "PP Chawla", "non_striker": "BJ Hodge", "runs": {"batsman": 2, "extras": 0, "total": 2}}}, {"6.4": {"batsman": "CH Gayle", "bowler": "PP Chawla", "non_striker": "BJ Hodge", "runs": {"batsman": 1, "extras": 0, "total": 1}}}, {"6.5": {"batsman": "BJ Hodge", "bowler": "PP Chawla", "non_striker": "CH Gayle", "runs": {"batsman": 1, "extras": 0, "total": 1}}}, {"6.6": {"batsman": "CH Gayle", "bowler": "PP Chawla", "non_striker": "BJ Hodge", "runs": {"batsman": 1, "extras": 0, "total": 1}}}, {"7.1": {"batsman": "CH Gayle", "bowler": "VS Malik", "non_striker": "BJ Hodge", "runs": {"batsman": 1, "extras": 0, "total": 1}}}, {"7.2": {"batsman": "BJ Hodge", "bowler": "VS Malik", "non_striker": "CH Gayle", "runs": {"batsman": 0, "extras": 0, "total": 0}}}, {"7.3": {"batsman": "BJ Hodge", "bowler": "VS Malik", "non_striker": "CH Gayle", "runs": {"batsman": 3, "extras": 0, "total": 3}}}, {"7.4": {"batsman": "CH Gayle", "bowler": "VS Malik", "non_striker": "BJ Hodge", "runs": {"batsman": 0, "extras": 0, "total": 0}}}, {"7.5": {"batsman": "CH Gayle", "bowler": "VS Malik", "non_striker": "BJ Hodge", "runs": {"batsman": 0, "extras": 0, "total": 0}}}, {"7.6": {"batsman": "CH Gayle", "bowler": "VS Malik", "non_striker": "BJ Hodge", "runs": {"batsman": 6, "extras": 0, "total": 6}}}, {"8.1": {"batsman": "BJ Hodge", "bowler": "PP Chawla", "non_striker": "CH Gayle", "runs": {"batsman": 0, "extras": 0, "total": 0}}}, {"8.2": {"batsman": "BJ Hodge", "bowler": "PP Chawla", "non_striker": "CH Gayle", "runs": {"batsman": 0, "extras": 0, "total": 0}}}, {"8.3": {"batsman": "BJ Hodge", "bowler": "PP Chawla", "non_striker": "CH Gayle", "runs": {"batsman": 0, "extras": 0, "total": 0}}}, {"8.4": {"batsman": "BJ Hodge", "bowler": "PP Chawla", "non_striker": "CH Gayle", "runs": {"batsman": 0, "extras": 0, "total": 0}}}, {"8.5": {"batsman": "BJ Hodge", "bowler": "PP Chawla", "non_striker": "CH Gayle", "runs": {"batsman": 2, "extras": 0, "total": 2}}}, {"8.6": {"batsman": "BJ Hodge", "bowler": "PP Chawla", "non_striker": "CH Gayle", "runs": {"batsman": 0, "extras": 0, "total": 0}}}, {"9.1": {"batsman": "CH Gayle", "bowler": "RS Bopara", "non_striker": "BJ Hodge", "runs": {"batsman": 1, "extras": 0, "total": 1}}}, {"9.2": {"batsman": "BJ Hodge", "bowler": "RS Bopara", "non_striker": "CH Gayle", "runs": {"batsman": 0, "extras": 0, "total": 0}}}]