[{"0.1": {"batsman": "G Gambhir", "bowler": "FH Edwards", "non_striker": "V Sehwag", "runs": {"batsman": 0, "extras": 0, "total": 0}}}, {"0.2": {"batsman": "G Gambhir", "bowler": "FH Edwards", "non_striker": "V Sehwag", "runs": {"batsman": 0, "extras": 0, "total": 0}}}, {"0.3": {"batsman": "G Gambhir", "bowler": "FH Edwards", "non_striker": "V Sehwag", "runs": {"batsman": 4, "extras": 0, "total": 4}}}, {"0.4": {"batsman": "G Gambhir", "bowler": "FH Edwards", "non_striker": "V Sehwag", "runs": {"batsman": 0, "extras": 0, "total": 0}}}, {"0.5": {"batsman": "G Gambhir", "bowler": "FH Edwards", "non_striker": "V Sehwag", "runs": {"batsman": 1, "extras": 0, "total": 1}}}, {"0.6": {"batsman": "V Sehwag", "bowler": "FH Edwards", "non_striker": "G Gambhir", "runs": {"batsman": 0, "extras": 0, "total": 0}}}, {"1.1": {"batsman": "G Gambhir", "bowler": "RP Singh", "non_striker": "V Sehwag", "runs": {"batsman": 2, "extras": 0, "total": 2}}}, {"1.2": {"batsman": "G Gambhir", "bowler": "RP Singh", "non_striker": "V Sehwag", "runs": {"batsman": 0, "extras": 0, "total": 0}}}, {"1.3": {"batsman": "G Gambhir", "bowler": "RP Singh", "non_striker": "V Sehwag", "runs": {"batsman": 1, "extras": 0, "total": 1}}}, {"1.4": {"batsman": "V Sehwag", "bowler": "RP Singh", "non_striker": "G Gambhir", "runs": {"batsman": 0, "extras": 0, "total": 0}}}, {"1.5": {"batsman": "V Sehwag", "bowler": "RP Singh", "non_striker": "G Gambhir", "runs": {"batsman": 4, "extras": 0, "total": 4}}}, {"1.6": {"batsman": "V Sehwag", "bowler": "RP Singh", "non_striker": "G Gambhir", "runs": {"batsman": 4, "extras": 0, "total": 4}}}, {"2.1": {"batsman": "G Gambhir", "bowler": "FH Edwards", "non_striker": "V Sehwag", "runs": {"batsman": 1, "extras": 0, "total": 1}}}, {"2.2": {"batsman": "V Sehwag", "bowler": "FH Edwards", "non_striker": "G Gambhir", "runs": {"batsman": 4, "extras": 0, "total": 4}}}, {"2.3": {"batsman": "V Sehwag", "bowler": "FH Edwards", "non_striker": "G Gambhir", "runs": {"batsman": 4, "extras": 0, "total": 4}}}, {"2.4": {"batsman": "V Sehwag", "bowler": "FH Edwards", "non_striker": "G Gambhir", "runs": {"batsman": 1, "extras": 0, "total": 1}}}, {"2.5": {"batsman": "G Gambhir", "bowler": "FH Edwards", "extras": {"legbyes": 1}, "non_striker": "V Sehwag", "runs": {"batsman": 0, "extras": 1, "total": 1}}}, {"2.6": {"batsman": "V Sehwag", "bowler": "FH Edwards", "non_striker": "G Gambhir", "runs": {"batsman": 1, "extras": 0, "total": 1}}}, {"3.1": {"batsman": "V Sehwag", "bowler": "RP Singh", "non_striker": "G Gambhir", "runs": {"batsman": 0, "extras": 0, "total": 0}}}, {"3.2": {"batsman": "V Sehwag", "bowler": "RP Singh", "non_striker": "G Gambhir", "runs": {"batsman": 2, "extras": 0, "total": 2}}}, {"3.3": {"batsman": "V Sehwag", "bowler": "RP Singh", "non_striker": "G Gambhir", "runs": {"batsman": 0, "extras": 0, "total": 0}, "wicket": {"fielders": ["HH Gibbs"], "kind": "caught", "player_out": "V Sehwag"}}}, {"3.4": {"batsman": "AB de Villiers", "bowler": "RP Singh", "non_striker": "G Gambhir", "runs": {"batsman": 0, "extras": 0, "total": 0}}}, {"3.5": {"batsman": "AB de Villiers", "bowler": "RP Singh", "non_striker": "G Gambhir", "runs": {"batsman": 0, "extras": 0, "total": 0}}}, {"3.6": {"batsman": "AB de Villiers", "bowler": "RP Singh", "non_striker": "G Gambhir", "runs": {"batsman": 1, "extras": 0, "total": 1}}}, {"4.1": {"batsman": "AB de Villiers", "bowler": "Shoaib Ahmed", "non_striker": "G Gambhir", "runs": {"batsman": 0, "extras": 0, "total": 0}}}, {"4.2": {"batsman": "AB de Villiers", "bowler": "Shoaib Ahmed", "non_striker": "G Gambhir", "runs": {"batsman": 0, "extras": 0, "total": 0}}}, {"4.3": {"batsman": "AB de Villiers", "bowler": "Shoaib Ahmed", "non_striker": "G Gambhir", "runs": {"batsman": 4, "extras": 0, "total": 4}}}, {"4.4": {"batsman": "AB de Villiers", "bowler": "Shoaib Ahmed", "non_striker": "G Gambhir", "runs": {"batsman": 0, "extras": 0, "total": 0}}}, {"4.5": {"batsman": "AB de Villiers", "bowler": "Shoaib Ahmed", "non_striker": "G Gambhir", "runs": {"batsman": 0, "extras": 0, "total": 0}}}, {"4.6": {"batsman": "AB de Villiers", "bowler": "Shoaib Ahmed", "non_striker": "G Gambhir", "runs": {"batsman": 0, "extras": 0, "total": 0}, "wicket": {"fielders": ["PP Ojha"], "kind": "caught", "player_out": "AB de Villiers"}}}, {"5.1": {"batsman": "TM Dilshan", "bowler": "RP Singh", "extras": {"wides": 1}, "non_striker": "G Gambhir", "runs": {"batsman": 0, "extras": 1, "total": 1}}}, {"5.2": {"batsman": "TM Dilshan", "bowler": "RP Singh", "non_striker": "G Gambhir", "runs": {"batsman": 0, "extras": 0, "total": 0}}}, {"5.3": {"batsman": "TM Dilshan", "bowler": "RP Singh", "non_striker": "G Gambhir", "runs": {"batsman": 0, "extras": 0, "total": 0}}}, {"5.4": {"batsman": "TM Dilshan", "bowler": "RP Singh", "non_striker": "G Gambhir", "runs": {"batsman": 0, "extras": 0, "total": 0}}}, {"5.5": {"batsman": "TM Dilshan", "bowler": "RP Singh", "non_striker": "G Gambhir", "runs": {"batsman": 0, "extras": 0, "total": 0}}}, {"5.6": {"batsman": "TM Dilshan", "bowler": "RP Singh", "extras": {"wides": 1}, "non_striker": "G Gambhir", "runs": {"batsman": 0, "extras": 1, "total": 1}}}, {"5.7": {"batsman": "TM Dilshan", "bowler": "RP Singh", "non_striker": "G Gambhir", "runs": {"batsman": 0, "extras": 0, "total": 0}}}, {"5.8": {"batsman": "TM Dilshan", "bowler": "RP Singh", "non_striker": "G Gambhir", "runs": {"batsman": 4, "extras": 0, "total": 4}}}, {"6.1": {"batsman": "G Gambhir", "bowler": "Shoaib Ahmed", "non_striker": "TM Dilshan", "runs": {"batsman": 0, "extras": 0, "total": 0}}}, {"6.2": {"batsman": "G Gambhir", "bowler": "Shoaib Ahmed", "non_striker": "TM Dilshan", "runs": {"batsman": 4, "extras": 0, "total": 4}}}, {"6.3": {"batsman": "G Gambhir", "bowler": "Shoaib Ahmed", "non_striker": "TM Dilshan", "runs": {"batsman": 4, "extras": 0, "total": 4}}}, {"6.4": {"batsman": "G Gambhir", "bowler": "Shoaib Ahmed", "non_striker": "TM Dilshan", "runs": {"batsman": 0, "extras": 0, "total": 0}}}, {"6.5": {"batsman": "G Gambhir", "bowler": "Shoaib Ahmed", "non_striker": "TM Dilshan", "runs": {"batsman": 0, "extras": 0, "total": 0}, "wicket": {"kind": "lbw", "player_out": "G Gambhir"}}}, {"6.6": {"batsman": "KD Karthik", "bowler": "Shoaib Ahmed", "non_striker": "TM Dilshan", "runs": {"batsman": 1, "extras": 0, "total": 1}}}, {"7.1": {"batsman": "KD Karthik", "bowler": "PP Ojha", "extras": {"wides": 1}, "non_striker": "TM Dilshan", "runs": {"batsman": 0, "extras": 1, "total": 1}}}, {"7.2": {"batsman": "KD Karthik", "bowler": "PP Ojha", "non_striker": "TM Dilshan", "runs": {"batsman": 2, "extras": 0, "total": 2}}}, {"7.3": {"batsman": "KD Karthik", "bowler": "PP Ojha", "non_striker": "TM Dilshan", "runs": {"batsman": 1, "extras": 0, "total": 1}}}, {"7.4": {"batsman": "TM Dilshan", "bowler": "PP Ojha", "extras": {"legbyes": 1}, "non_striker": "KD Karthik", "runs": {"batsman": 0, "extras": 1, "total": 1}}}, {"7.5": {"batsman": "KD Karthik", "bowler": "PP Ojha", "non_striker": "TM Dilshan", "runs": {"batsman": 2, "extras": 0, "total": 2}}}, {"7.6": {"batsman": "KD Karthik", "bowler": "PP Ojha", "non_striker": "TM Dilshan", "runs": {"batsman": 1, "extras": 0, "total": 1}}}, {"7.7": {"batsman": "TM Dilshan", "bowler": "PP Ojha", "non_striker": "KD Karthik", "runs": {"batsman": 0, "extras": 0, "total": 0}}}, {"8.1": {"batsman": "KD Karthik", "bowler": "Shoaib Ahmed", "non_striker": "TM Dilshan", "runs": {"batsman": 0, "extras": 0, "total": 0}}}, {"8.2": {"batsman": "KD Karthik", "bowler": "Shoaib Ahmed", "non_striker": "TM Dilshan", "runs": {"batsman": 1, "extras": 0, "total": 1}}}, {"8.3": {"batsman": "TM Dilshan", "bowler": "Shoaib Ahmed", "non_striker": "KD Karthik", "runs": {"batsman": 0, "extras": 0, "total": 0}}}, {"8.4": {"batsman": "TM Dilshan", "bowler": "Shoaib Ahmed", "non_striker": "KD Karthik", "runs": {"batsman": 1, "extras": 0, "total": 1}}}, {"8.5": {"batsman": "KD Karthik", "bowler": "Shoaib Ahmed", "non_striker": "TM Dilshan", "runs": {"batsman": 1, "extras": 0, "total": 1}}}, {"8.6": {"batsman": "TM Dilshan", "bowler": "Shoaib Ahmed", "extras": {"legbyes": 1}, "non_striker": "KD Karthik", "runs": {"batsman": 0, "extras": 1, "total": 1}}}, {"9.1": {"batsman": "TM Dilshan", "bowler": "PP Ojha", "non_striker": "KD Karthik", "runs": {"batsman": 1, "extras": 0, "total": 1}}}, {"9.2": {"batsman": "KD Karthik", "bowler": "PP Ojha", "non_striker": "TM Dilshan", "runs": {"batsman": 0, "extras": 0, "total": 0}}}, {"9.3": {"batsman": "KD Karthik", "bowler": "PP Ojha", "non_striker": "TM Dilshan", "runs": {"batsman": 4, "extras": 0, "total": 4}}}, {"9.4": {"batsman": "KD Karthik", "bowler": "PP Ojha", "non_striker": "TM Dilshan", "runs": {"batsman": 1, "extras": 0, "total": 1}}}, {"9.5": {"batsman": "TM Dilshan", "bowler": "PP Ojha", "non_striker": "KD Karthik", "runs": {"batsman": 1, "extras": 0, "total": 1}}}, {"9.6": {"batsman": "KD Karthik", "bowler": "PP Ojha", "non_striker": "TM Dilshan", "runs": {"batsman": 1, "extras": 0, "total": 1}}}, {"10.1": {"batsman": "KD Karthik", "bowler": "Shoaib Ahmed", "extras": {"legbyes": 1}, "non_striker": "TM Dilshan", "runs": {"batsman": 0, "extras": 1, "total": 1}}}, {"10.2": {"batsman": "TM Dilshan", "bowler": "Shoaib Ahmed", "non_striker": "KD Karthik", "runs": {"batsman": 1, "extras": 0, "total": 1}}}, {"10.3": {"batsman": "KD Karthik", "bowler": "Shoaib Ahmed", "non_striker": "TM Dilshan", "runs": {"batsman": 1, "extras": 0, "total": 1}}}, {"10.4": {"batsman": "TM Dilshan", "bowler": "Shoaib Ahmed", "non_striker": "KD Karthik", "runs": {"batsman": 0, "extras": 0, "total": 0}}}, {"10.5": {"batsman": "TM Dilshan", "bowler": "Shoaib Ahmed", "non_striker": "KD Karthik", "runs": {"batsman": 2, "extras": 0, "total": 2}}}, {"10.6": {"batsman": "TM Dilshan", "bowler": "Shoaib Ahmed", "non_striker": "KD Karthik", "runs": {"batsman": 0, "extras": 0, "total": 0}}}, {"11.1": {"batsman": "KD Karthik", "bowler": "RG Sharma", "non_striker": "TM Dilshan", "runs": {"batsman": 1, "extras": 0, "total": 1}}}, {"11.2": {"batsman": "TM Dilshan", "bowler": "RG Sharma", "non_striker": "KD Karthik", "runs": {"batsman": 0, "extras": 0, "total": 0}}}, {"11.3": {"batsman": "TM Dilshan", "bowler": "RG Sharma", "non_striker": "KD Karthik", "runs": {"batsman": 1, "extras": 0, "total": 1}}}, {"11.4": {"batsman": "KD Karthik", "bowler": "RG Sharma", "non_striker": "TM Dilshan", "runs": {"batsman": 1, "extras": 0, "total": 1}}}, {"11.5": {"batsman": "TM Dilshan", "bowler": "RG Sharma", "non_striker": "KD Karthik", "runs": {"batsman": 1, "extras": 0, "total": 1}}}, {"11.6": {"batsman": "KD Karthik", "bowler": "RG Sharma", "non_striker": "TM Dilshan", "runs": {"batsman": 6, "extras": 0, "total": 6}}}, {"12.1": {"batsman": "TM Dilshan", "bowler": "DR Smith", "non_striker": "KD Karthik", "runs": {"batsman": 0, "extras": 0, "total": 0}}}, {"12.2": {"batsman": "TM Dilshan", "bowler": "DR Smith", "non_striker": "KD Karthik", "runs": {"batsman": 2, "extras": 0, "total": 2}}}, {"12.3": {"batsman": "TM Dilshan", "bowler": "DR Smith", "non_striker": "KD Karthik", "runs": {"batsman": 0, "extras": 0, "total": 0}}}, {"12.4": {"batsman": "TM Dilshan", "bowler": "DR Smith", "non_striker": "KD Karthik", "runs": {"batsman": 6, "extras": 0, "total": 6}}}, {"12.5": {"batsman": "TM Dilshan", "bowler": "DR Smith", "non_striker": "KD Karthik", "runs": {"batsman": 0, "extras": 0, "total": 0}}}, {"12.6": {"batsman": "TM Dilshan", "bowler": "DR Smith", "non_striker": "KD Karthik", "runs": {"batsman": 0, "extras": 0, "total": 0}}}, {"13.1": {"batsman": "KD Karthik", "bowler": "PP Ojha", "non_striker": "TM Dilshan", "runs": {"batsman": 1, "extras": 0, "total": 1}}}, {"13.2": {"batsman": "TM Dilshan", "bowler": "PP Ojha", "non_striker": "KD Karthik", "runs": {"batsman": 1, "extras": 0, "total": 1}}}, {"13.3": {"batsman": "KD Karthik", "bowler": "PP Ojha", "non_striker": "TM Dilshan", "runs": {"batsman": 1, "extras": 0, "total": 1}}}, {"13.4": {"batsman": "TM Dilshan", "bowler": "PP Ojha", "non_striker": "KD Karthik", "runs": {"batsman": 0, "extras": 0, "total": 0}}}, {"13.5": {"batsman": "TM Dilshan", "bowler": "PP Ojha", "non_striker": "KD Karthik", "runs": {"batsman": 1, "extras": 0, "total": 1}}}, {"13.6": {"batsman": "KD Karthik", "bowler": "PP Ojha", "non_striker": "TM Dilshan", "runs": {"batsman": 1, "extras": 0, "total": 1}}}, {"14.1": {"batsman": "KD Karthik", "bowler": "Y Venugopal Rao", "non_striker": "TM Dilshan", "runs": {"batsman": 1, "extras": 0, "total": 1}}}, {"14.2": {"batsman": "TM Dilshan", "bowler": "Y Venugopal Rao", "non_striker": "KD Karthik", "runs": {"batsman": 0, "extras": 0, "total": 0}}}, {"14.3": {"batsman": "TM Dilshan", "bowler": "Y Venugopal Rao", "non_striker": "KD Karthik", "runs": {"batsman": 0, "extras": 0, "total": 0}}}, {"14.4": {"batsman": "TM Dilshan", "bowler": "Y Venugopal Rao", "extras": {"wides": 1}, "non_striker": "KD Karthik", "runs": {"batsman": 0, "extras": 1, "total": 1}}}, {"14.5": {"batsman": "TM Dilshan", "bowler": "Y Venugopal Rao", "non_striker": "KD Karthik", "runs": {"batsman": 0, "extras": 0, "total": 0}}}, {"14.6": {"batsman": "TM Dilshan", "bowler": "Y Venugopal Rao", "non_striker": "KD Karthik", "runs": {"batsman": 1, "extras": 0, "total": 1}}}, {"14.7": {"batsman": "KD Karthik", "bowler": "Y Venugopal Rao", "non_striker": "TM Dilshan", "runs": {"batsman": 0, "extras": 0, "total": 0}}}, {"15.1": {"batsman": "TM Dilshan", "bowler": "FH Edwards", "non_striker": "KD Karthik", "runs": {"batsman": 1, "extras": 0, "total": 1}}}, {"15.2": {"batsman": "KD Karthik", "bowler": "FH Edwards", "non_striker": "TM Dilshan", "runs": {"batsman": 4, "extras": 0, "total": 4}}}, {"15.3": {"batsman": "KD Karthik", "bowler": "FH Edwards", "non_striker": "TM Dilshan", "runs": {"batsman": 1, "extras": 0, "total": 1}}}, {"15.4": {"batsman": "TM Dilshan", "bowler": "FH Edwards", "extras": {"wides": 1}, "non_striker": "KD Karthik", "runs": {"batsman": 0, "extras": 1, "total": 1}}}, {"15.5": {"batsman": "TM Dilshan", "bowler": "FH Edwards", "non_striker": "KD Karthik", "runs": {"batsman": 1, "extras": 0, "total": 1}}}, {"15.6": {"batsman": "KD Karthik", "bowler": "FH Edwards", "extras": {"wides": 1}, "non_striker": "TM Dilshan", "runs": {"batsman": 0, "extras": 1, "total": 1}}}, {"15.7": {"batsman": "KD Karthik", "bowler": "FH Edwards", "non_striker": "TM Dilshan", "runs": {"batsman": 1, "extras": 0, "total": 1}}}, {"15.8": {"batsman": "TM Dilshan", "bowler": "FH Edwards", "non_striker": "KD Karthik", "runs": {"batsman": 0, "extras": 0, "total": 0}}}, {"16.1": {"batsman": "KD Karthik", "bowler": "Y Venugopal Rao", "non_striker": "TM Dilshan", "runs": {"batsman": 2, "extras": 0, "total": 2}}}, {"16.2": {"batsman": "KD Karthik", "bowler": "Y Venugopal Rao", "non_striker": "TM Dilshan", "runs": {"batsman": 0, "extras": 0, "total": 0}}}, {"16.3": {"batsman": "KD Karthik", "bowler": "Y Venugopal Rao", "non_striker": "TM Dilshan", "runs": {"batsman": 4, "extras": 0, "total": 4}}}, {"16.4": {"batsman": "KD Karthik", "bowler": "Y Venugopal Rao", "non_striker": "TM Dilshan", "runs": {"batsman": 1, "extras": 0, "total": 1}}}, {"16.5": {"batsman": "TM Dilshan", "bowler": "Y Venugopal Rao", "non_striker": "KD Karthik", "runs": {"batsman": 6, "extras": 0, "total": 6}}}, {"16.6": {"batsman": "TM Dilshan", "bowler": "Y Venugopal Rao", "non_striker": "KD Karthik", "runs": {"batsman": 4, "extras": 0, "total": 4}}}, {"17.1": {"batsman": "KD Karthik", "bowler": "PP Ojha", "non_striker": "TM Dilshan", "runs": {"batsman": 0, "extras": 0, "total": 0}, "wicket": {"kind": "lbw", "player_out": "KD Karthik"}}}, {"17.2": {"batsman": "M Manhas", "bowler": "PP Ojha", "non_striker": "TM Dilshan", "runs": {"batsman": 1, "extras": 0, "total": 1}}}, {"17.3": {"batsman": "TM Dilshan", "bowler": "PP Ojha", "non_striker": "M Manhas", "runs": {"batsman": 0, "extras": 0, "total": 0}}}, {"17.4": {"batsman": "TM Dilshan", "bowler": "PP Ojha", "non_striker": "M Manhas", "runs": {"batsman": 0, "extras": 0, "total": 0}}}, {"17.5": {"batsman": "TM Dilshan", "bowler": "PP Ojha", "non_striker": "M Manhas", "runs": {"batsman": 1, "extras": 0, "total": 1}}}, {"17.6": {"batsman": "M Manhas", "bowler": "PP Ojha", "non_striker": "TM Dilshan", "runs": {"batsman": 2, "extras": 0, "total": 2}}}, {"18.1": {"batsman": "TM Dilshan", "bowler": "FH Edwards", "non_striker": "M Manhas", "runs": {"batsman": 4, "extras": 0, "total": 4}}}, {"18.2": {"batsman": "TM Dilshan", "bowler": "FH Edwards", "extras": {"wides": 1}, "non_striker": "M Manhas", "runs": {"batsman": 0, "extras": 1, "total": 1}}}, {"18.3": {"batsman": "TM Dilshan", "bowler": "FH Edwards", "non_striker": "M Manhas", "runs": {"batsman": 0, "extras": 0, "total": 0}}}, {"18.4": {"batsman": "TM Dilshan", "bowler": "FH Edwards", "extras": {"noballs": 1}, "non_striker": "M Manhas", "runs": {"batsman": 4, "extras": 1, "total": 5}}}, {"18.5": {"batsman": "TM Dilshan", "bowler": "FH Edwards", "non_striker": "M Manhas", "runs": {"batsman": 2, "extras": 0, "total": 2}}}, {"18.6": {"batsman": "TM Dilshan", "bowler": "FH Edwards", "non_striker": "M Manhas", "runs": {"batsman": 6, "extras": 0, "total": 6}}}]