[{"0.1": {"batsman": "HH Gibbs", "bowler": "YK Pathan", "non_striker": "AC Gilchrist", "runs": {"batsman": 0, "extras": 0, "total": 0}}}, {"0.2": {"batsman": "HH Gibbs", "bowler": "YK Pathan", "non_striker": "AC Gilchrist", "runs": {"batsman": 1, "extras": 0, "total": 1}}}, {"0.3": {"batsman": "AC Gilchrist", "bowler": "YK Pathan", "non_striker": "HH Gibbs", "runs": {"batsman": 2, "extras": 0, "total": 2}}}, {"0.4": {"batsman": "AC Gilchrist", "bowler": "YK Pathan", "non_striker": "HH Gibbs", "runs": {"batsman": 4, "extras": 0, "total": 4}}}, {"0.5": {"batsman": "AC Gilchrist", "bowler": "YK Pathan", "non_striker": "HH Gibbs", "runs": {"batsman": 0, "extras": 0, "total": 0}}}, {"0.6": {"batsman": "AC Gilchrist", "bowler": "YK Pathan", "non_striker": "HH Gibbs", "runs": {"batsman": 1, "extras": 0, "total": 1}}}, {"1.1": {"batsman": "AC Gilchrist", "bowler": "MM Patel", "non_striker": "HH Gibbs", "runs": {"batsman": 0, "extras": 0, "total": 0}}}, {"1.2": {"batsman": "AC Gilchrist", "bowler": "MM Patel", "non_striker": "HH Gibbs", "runs": {"batsman": 0, "extras": 0, "total": 0}}}, {"1.3": {"batsman": "AC Gilchrist", "bowler": "MM Patel", "non_striker": "HH Gibbs", "runs": {"batsman": 4, "extras": 0, "total": 4}}}, {"1.4": {"batsman": "AC Gilchrist", "bowler": "MM Patel", "non_striker": "HH Gibbs", "runs": {"batsman": 0, "extras": 0, "total": 0}}}, {"1.5": {"batsman": "AC Gilchrist", "bowler": "MM Patel", "non_striker": "HH Gibbs", "runs": {"batsman": 6, "extras": 0, "total": 6}}}, {"1.6": {"batsman": "AC Gilchrist", "bowler": "MM Patel", "non_striker": "HH Gibbs", "runs": {"batsman": 0, "extras": 0, "total": 0}}}, {"2.1": {"batsman": "HH Gibbs", "bowler": "YK Pathan", "non_striker": "AC Gilchrist", "runs": {"batsman": 1, "extras": 0, "total": 1}}}, {"2.2": {"batsman": "AC Gilchrist", "bowler": "YK Pathan", "non_striker": "HH Gibbs", "runs": {"batsman": 4, "extras": 0, "total": 4}}}, {"2.3": {"batsman": "AC Gilchrist", "bowler": "YK Pathan", "non_striker": "HH Gibbs", "runs": {"batsman": 0, "extras": 0, "total": 0}}}, {"2.4": {"batsman": "AC Gilchrist", "bowler": "YK Pathan", "non_striker": "HH Gibbs", "runs": {"batsman": 4, "extras": 0, "total": 4}}}, {"2.5": {"batsman": "AC Gilchrist", "bowler": "YK Pathan", "non_striker": "HH Gibbs", "runs": {"batsman": 0, "extras": 0, "total": 0}}}, {"2.6": {"batsman": "AC Gilchrist", "bowler": "YK Pathan", "non_striker": "HH Gibbs", "runs": {"batsman": 0, "extras": 0, "total": 0}}}, {"3.1": {"batsman": "HH Gibbs", "bowler": "RA Jadeja", "non_striker": "AC Gilchrist", "runs": {"batsman": 0, "extras": 0, "total": 0}}}, {"3.2": {"batsman": "HH Gibbs", "bowler": "RA Jadeja", "non_striker": "AC Gilchrist", "runs": {"batsman": 4, "extras": 0, "total": 4}}}, {"3.3": {"batsman": "HH Gibbs", "bowler": "RA Jadeja", "non_striker": "AC Gilchrist", "runs": {"batsman": 2, "extras": 0, "total": 2}}}, {"3.4": {"batsman": "HH Gibbs", "bowler": "RA Jadeja", "non_striker": "AC Gilchrist", "runs": {"batsman": 0, "extras": 0, "total": 0}}}, {"3.5": {"batsman": "HH Gibbs", "bowler": "RA Jadeja", "non_striker": "AC Gilchrist", "runs": {"batsman": 0, "extras": 0, "total": 0}}}, {"3.6": {"batsman": "HH Gibbs", "bowler": "RA Jadeja", "extras": {"legbyes": 1}, "non_striker": "AC Gilchrist", "runs": {"batsman": 0, "extras": 1, "total": 1}}}, {"4.1": {"batsman": "HH Gibbs", "bowler": "YK Pathan", "non_striker": "AC Gilchrist", "runs": {"batsman": 0, "extras": 0, "total": 0}, "wicket": {"kind": "lbw", "player_out": "HH Gibbs"}}}, {"4.2": {"batsman": "AA Bilakhia", "bowler": "YK Pathan", "non_striker": "AC Gilchrist", "runs": {"batsman": 0, "extras": 0, "total": 0}}}, {"4.3": {"batsman": "AA Bilakhia", "bowler": "YK Pathan", "non_striker": "AC Gilchrist", "runs": {"batsman": 0, "extras": 0, "total": 0}}}, {"4.4": {"batsman": "AA Bilakhia", "bowler": "YK Pathan", "non_striker": "AC Gilchrist", "runs": {"batsman": 0, "extras": 0, "total": 0}}}, {"4.5": {"batsman": "AA Bilakhia", "bowler": "YK Pathan", "non_striker": "AC Gilchrist", "runs": {"batsman": 1, "extras": 0, "total": 1}}}, {"4.6": {"batsman": "AC Gilchrist", "bowler": "YK Pathan", "non_striker": "AA Bilakhia", "runs": {"batsman": 0, "extras": 0, "total": 0}}}, {"5.1": {"batsman": "AA Bilakhia", "bowler": "SM Harwood", "non_striker": "AC Gilchrist", "runs": {"batsman": 0, "extras": 0, "total": 0}, "wicket": {"fielders": ["SK Trivedi"], "kind": "caught", "player_out": "AA Bilakhia"}}}, {"5.2": {"batsman": "AC Gilchrist", "bowler": "SM Harwood", "non_striker": "RG Sharma", "runs": {"batsman": 0, "extras": 0, "total": 0}}}, {"5.3": {"batsman": "AC Gilchrist", "bowler": "SM Harwood", "non_striker": "RG Sharma", "runs": {"batsman": 0, "extras": 0, "total": 0}}}, {"5.4": {"batsman": "AC Gilchrist", "bowler": "SM Harwood", "non_striker": "RG Sharma", "runs": {"batsman": 0, "extras": 0, "total": 0}}}, {"5.5": {"batsman": "AC Gilchrist", "bowler": "SM Harwood", "non_striker": "RG Sharma", "runs": {"batsman": 0, "extras": 0, "total": 0}}}, {"5.6": {"batsman": "AC Gilchrist", "bowler": "SM Harwood", "non_striker": "RG Sharma", "runs": {"batsman": 4, "extras": 0, "total": 4}}}, {"6.1": {"batsman": "RG Sharma", "bowler": "YK Pathan", "non_striker": "AC Gilchrist", "runs": {"batsman": 1, "extras": 0, "total": 1}}}, {"6.2": {"batsman": "AC Gilchrist", "bowler": "YK Pathan", "non_striker": "RG Sharma", "runs": {"batsman": 0, "extras": 0, "total": 0}}}, {"6.3": {"batsman": "AC Gilchrist", "bowler": "YK Pathan", "non_striker": "RG Sharma", "runs": {"batsman": 0, "extras": 0, "total": 0}}}, {"6.4": {"batsman": "AC Gilchrist", "bowler": "YK Pathan", "non_striker": "RG Sharma", "runs": {"batsman": 0, "extras": 0, "total": 0}}}, {"6.5": {"batsman": "AC Gilchrist", "bowler": "YK Pathan", "non_striker": "RG Sharma", "runs": {"batsman": 0, "extras": 0, "total": 0}}}, {"6.6": {"batsman": "AC Gilchrist", "bowler": "YK Pathan", "non_striker": "RG Sharma", "runs": {"batsman": 0, "extras": 0, "total": 0}}}, {"7.1": {"batsman": "RG Sharma", "bowler": "SM Harwood", "non_striker": "AC Gilchrist", "runs": {"batsman": 1, "extras": 0, "total": 1}}}, {"7.2": {"batsman": "AC Gilchrist", "bowler": "SM Harwood", "non_striker": "RG Sharma", "runs": {"batsman": 1, "extras": 0, "total": 1}}}, {"7.3": {"batsman": "RG Sharma", "bowler": "SM Harwood", "non_striker": "AC Gilchrist", "runs": {"batsman": 0, "extras": 0, "total": 0}}}, {"7.4": {"batsman": "RG Sharma", "bowler": "SM Harwood", "non_striker": "AC Gilchrist", "runs": {"batsman": 0, "extras": 0, "total": 0}}}, {"7.5": {"batsman": "RG Sharma", "bowler": "SM Harwood", "extras": {"legbyes": 1}, "non_striker": "AC Gilchrist", "runs": {"batsman": 0, "extras": 1, "total": 1}}}, {"7.6": {"batsman": "AC Gilchrist", "bowler": "SM Harwood", "non_striker": "RG Sharma", "runs": {"batsman": 0, "extras": 0, "total": 0}}}, {"8.1": {"batsman": "RG Sharma", "bowler": "SK Warne", "non_striker": "AC Gilchrist", "runs": {"batsman": 1, "extras": 0, "total": 1}}}, {"8.2": {"batsman": "AC Gilchrist", "bowler": "SK Warne", "non_striker": "RG Sharma", "runs": {"batsman": 0, "extras": 0, "total": 0}}}, {"8.3": {"batsman": "AC Gilchrist", "bowler": "SK Warne", "extras": {"legbyes": 1}, "non_striker": "RG Sharma", "runs": {"batsman": 0, "extras": 1, "total": 1}}}, {"8.4": {"batsman": "RG Sharma", "bowler": "SK Warne", "non_striker": "AC Gilchrist", "runs": {"batsman": 1, "extras": 0, "total": 1}}}, {"8.5": {"batsman": "AC Gilchrist", "bowler": "SK Warne", "non_striker": "RG Sharma", "runs": {"batsman": 6, "extras": 0, "total": 6}}}, {"8.6": {"batsman": "AC Gilchrist", "bowler": "SK Warne", "extras": {"wides": 1}, "non_striker": "RG Sharma", "runs": {"batsman": 0, "extras": 1, "total": 1}}}, {"8.7": {"batsman": "AC Gilchrist", "bowler": "SK Warne", "non_striker": "RG Sharma", "runs": {"batsman": 1, "extras": 0, "total": 1}}}, {"9.1": {"batsman": "AC Gilchrist", "bowler": "RA Jadeja", "non_striker": "RG Sharma", "runs": {"batsman": 1, "extras": 0, "total": 1}}}, {"9.2": {"batsman": "RG Sharma", "bowler": "RA Jadeja", "non_striker": "AC Gilchrist", "runs": {"batsman": 1, "extras": 0, "total": 1}}}, {"9.3": {"batsman": "AC Gilchrist", "bowler": "RA Jadeja", "non_striker": "RG Sharma", "runs": {"batsman": 1, "extras": 0, "total": 1}}}, {"9.4": {"batsman": "RG Sharma", "bowler": "RA Jadeja", "non_striker": "AC Gilchrist", "runs": {"batsman": 1, "extras": 0, "total": 1}}}, {"9.5": {"batsman": "AC Gilchrist", "bowler": "RA Jadeja", "non_striker": "RG Sharma", "runs": {"batsman": 0, "extras": 0, "total": 0}, "wicket": {"fielders": ["YK Pathan"], "kind": "caught", "player_out": "AC Gilchrist"}}}, {"9.6": {"batsman": "TL Suman", "bowler": "RA Jadeja", "non_striker": "RG Sharma", "runs": {"batsman": 0, "extras": 0, "total": 0}}}, {"10.1": {"batsman": "RG Sharma", "bowler": "SK Warne", "non_striker": "TL Suman", "runs": {"batsman": 1, "extras": 0, "total": 1}}}, {"10.2": {"batsman": "TL Suman", "bowler": "SK Warne", "non_striker": "RG Sharma", "runs": {"batsman": 2, "extras": 0, "total": 2}}}, {"10.3": {"batsman": "TL Suman", "bowler": "SK Warne", "non_striker": "RG Sharma", "runs": {"batsman": 2, "extras": 0, "total": 2}}}, {"10.4": {"batsman": "TL Suman", "bowler": "SK Warne", "non_striker": "RG Sharma", "runs": {"batsman": 0, "extras": 0, "total": 0}}}, {"10.5": {"batsman": "TL Suman", "bowler": "SK Warne", "non_striker": "RG Sharma", "runs": {"batsman": 1, "extras": 0, "total": 1}}}, {"10.6": {"batsman": "RG Sharma", "bowler": "SK Warne", "non_striker": "TL Suman", "runs": {"batsman": 1, "extras": 0, "total": 1}}}, {"11.1": {"batsman": "RG Sharma", "bowler": "RA Jadeja", "non_striker": "TL Suman", "runs": {"batsman": 0, "extras": 0, "total": 0}}}, {"11.2": {"batsman": "RG Sharma", "bowler": "RA Jadeja", "non_striker": "TL Suman", "runs": {"batsman": 0, "extras": 0, "total": 0}}}, {"11.3": {"batsman": "RG Sharma", "bowler": "RA Jadeja", "non_striker": "TL Suman", "runs": {"batsman": 1, "extras": 0, "total": 1}}}, {"11.4": {"batsman": "TL Suman", "bowler": "RA Jadeja", "non_striker": "RG Sharma", "runs": {"batsman": 1, "extras": 0, "total": 1}}}, {"11.5": {"batsman": "RG Sharma", "bowler": "RA Jadeja", "non_striker": "TL Suman", "runs": {"batsman": 1, "extras": 0, "total": 1}}}, {"11.6": {"batsman": "TL Suman", "bowler": "RA Jadeja", "extras": {"wides": 1}, "non_striker": "RG Sharma", "runs": {"batsman": 0, "extras": 1, "total": 1}}}, {"11.7": {"batsman": "TL Suman", "bowler": "RA Jadeja", "non_striker": "RG Sharma", "runs": {"batsman": 1, "extras": 0, "total": 1}}}, {"12.1": {"batsman": "TL Suman", "bowler": "SK Warne", "non_striker": "RG Sharma", "runs": {"batsman": 4, "extras": 0, "total": 4}}}, {"12.2": {"batsman": "TL Suman", "bowler": "SK Warne", "non_striker": "RG Sharma", "runs": {"batsman": 6, "extras": 0, "total": 6}}}, {"12.3": {"batsman": "TL Suman", "bowler": "SK Warne", "non_striker": "RG Sharma", "runs": {"batsman": 0, "extras": 0, "total": 0}}}, {"12.4": {"batsman": "TL Suman", "bowler": "SK Warne", "non_striker": "RG Sharma", "runs": {"batsman": 1, "extras": 0, "total": 1}}}, {"12.5": {"batsman": "RG Sharma", "bowler": "SK Warne", "non_striker": "TL Suman", "runs": {"batsman": 1, "extras": 0, "total": 1}}}, {"12.6": {"batsman": "TL Suman", "bowler": "SK Warne", "non_striker": "RG Sharma", "runs": {"batsman": 0, "extras": 0, "total": 0}}}, {"13.1": {"batsman": "RG Sharma", "bowler": "RA Jadeja", "extras": {"wides": 1}, "non_striker": "TL Suman", "runs": {"batsman": 0, "extras": 1, "total": 1}}}, {"13.2": {"batsman": "RG Sharma", "bowler": "RA Jadeja", "non_striker": "TL Suman", "runs": {"batsman": 1, "extras": 0, "total": 1}}}, {"13.3": {"batsman": "TL Suman", "bowler": "RA Jadeja", "non_striker": "RG Sharma", "runs": {"batsman": 0, "extras": 0, "total": 0}}}, {"13.4": {"batsman": "TL Suman", "bowler": "RA Jadeja", "non_striker": "RG Sharma", "runs": {"batsman": 1, "extras": 0, "total": 1}}}, {"13.5": {"batsman": "RG Sharma", "bowler": "RA Jadeja", "non_striker": "TL Suman", "runs": {"batsman": 1, "extras": 0, "total": 1}}}, {"13.6": {"batsman": "TL Suman", "bowler": "RA Jadeja", "non_striker": "RG Sharma", "runs": {"batsman": 1, "extras": 0, "total": 1}}}, {"13.7": {"batsman": "RG Sharma", "bowler": "RA Jadeja", "extras": {"wides": 1}, "non_striker": "TL Suman", "runs": {"batsman": 0, "extras": 1, "total": 1}}}, {"13.8": {"batsman": "RG Sharma", "bowler": "RA Jadeja", "non_striker": "TL Suman", "runs": {"batsman": 1, "extras": 0, "total": 1}}}, {"14.1": {"batsman": "RG Sharma", "bowler": "MM Patel", "non_striker": "TL Suman", "runs": {"batsman": 6, "extras": 0, "total": 6}}}, {"14.2": {"batsman": "RG Sharma", "bowler": "MM Patel", "non_striker": "TL Suman", "runs": {"batsman": 0, "extras": 0, "total": 0}}}, {"14.3": {"batsman": "RG Sharma", "bowler": "MM Patel", "non_striker": "TL Suman", "runs": {"batsman": 4, "extras": 0, "total": 4}}}, {"14.4": {"batsman": "RG Sharma", "bowler": "MM Patel", "non_striker": "TL Suman", "runs": {"batsman": 1, "extras": 0, "total": 1}}}, {"14.5": {"batsman": "TL Suman", "bowler": "MM Patel", "non_striker": "RG Sharma", "runs": {"batsman": 0, "extras": 0, "total": 0}}}, {"14.6": {"batsman": "TL Suman", "bowler": "MM Patel", "non_striker": "RG Sharma", "runs": {"batsman": 2, "extras": 0, "total": 2}}}, {"15.1": {"batsman": "RG Sharma", "bowler": "AS Raut", "non_striker": "TL Suman", "runs": {"batsman": 1, "extras": 0, "total": 1}}}, {"15.2": {"batsman": "TL Suman", "bowler": "AS Raut", "non_striker": "RG Sharma", "runs": {"batsman": 1, "extras": 0, "total": 1}}}, {"15.3": {"batsman": "RG Sharma", "bowler": "AS Raut", "non_striker": "TL Suman", "runs": {"batsman": 4, "extras": 0, "total": 4}}}, {"15.4": {"batsman": "RG Sharma", "bowler": "AS Raut", "non_striker": "TL Suman", "runs": {"batsman": 0, "extras": 0, "total": 0}}}, {"15.5": {"batsman": "RG Sharma", "bowler": "AS Raut", "non_striker": "TL Suman", "runs": {"batsman": 0, "extras": 0, "total": 0}}}, {"15.6": {"batsman": "RG Sharma", "bowler": "AS Raut", "non_striker": "TL Suman", "runs": {"batsman": 1, "extras": 0, "total": 1}}}, {"16.1": {"batsman": "RG Sharma", "bowler": "SK Trivedi", "non_striker": "TL Suman", "runs": {"batsman": 0, "extras": 0, "total": 0}}}, {"16.2": {"batsman": "RG Sharma", "bowler": "SK Trivedi", "non_striker": "TL Suman", "runs": {"batsman": 1, "extras": 0, "total": 1}}}, {"16.3": {"batsman": "TL Suman", "bowler": "SK Trivedi", "non_striker": "RG Sharma", "runs": {"batsman": 1, "extras": 0, "total": 1}}}, {"16.4": {"batsman": "RG Sharma", "bowler": "SK Trivedi", "non_striker": "TL Suman", "runs": {"batsman": 6, "extras": 0, "total": 6}}}, {"16.5": {"batsman": "RG Sharma", "bowler": "SK Trivedi", "non_striker": "TL Suman", "runs": {"batsman": 0, "extras": 0, "total": 0}, "wicket": {"fielders": ["SK Warne"], "kind": "caught", "player_out": "RG Sharma"}}}, {"16.6": {"batsman": "TL Suman", "bowler": "SK Trivedi", "non_striker": "DR Smith", "runs": {"batsman": 1, "extras": 0, "total": 1}}}, {"17.1": {"batsman": "TL Suman", "bowler": "SM Harwood", "non_striker": "DR Smith", "runs": {"batsman": 4, "extras": 0, "total": 4}}}, {"17.2": {"batsman": "TL Suman", "bowler": "SM Harwood", "non_striker": "DR Smith", "runs": {"batsman": 1, "extras": 0, "total": 1}}}, {"17.3": {"batsman": "DR Smith", "bowler": "SM Harwood", "non_striker": "TL Suman", "runs": {"batsman": 0, "extras": 0, "total": 0}}}, {"17.4": {"batsman": "DR Smith", "bowler": "SM Harwood", "non_striker": "TL Suman", "runs": {"batsman": 1, "extras": 0, "total": 1}}}, {"17.5": {"batsman": "TL Suman", "bowler": "SM Harwood", "non_striker": "DR Smith", "runs": {"batsman": 3, "extras": 0, "total": 3}}}, {"17.6": {"batsman": "DR Smith", "bowler": "SM Harwood", "non_striker": "TL Suman", "runs": {"batsman": 0, "extras": 0, "total": 0}}}, {"18.1": {"batsman": "TL Suman", "bowler": "SK Trivedi", "non_striker": "DR Smith", "runs": {"batsman": 1, "extras": 0, "total": 1}}}, {"18.2": {"batsman": "DR Smith", "bowler": "SK Trivedi", "non_striker": "TL Suman", "runs": {"batsman": 1, "extras": 0, "total": 1}}}, {"18.3": {"batsman": "TL Suman", "bowler": "SK Trivedi", "non_striker": "DR Smith", "runs": {"batsman": 1, "extras": 0, "total": 1}}}, {"18.4": {"batsman": "DR Smith", "bowler": "SK Trivedi", "non_striker": "TL Suman", "runs": {"batsman": 0, "extras": 0, "total": 0}}}, {"18.5": {"batsman": "DR Smith", "bowler": "SK Trivedi", "non_striker": "TL Suman", "runs": {"batsman": 1, "extras": 0, "total": 1}}}, {"18.6": {"batsman": "TL Suman", "bowler": "SK Trivedi", "non_striker": "DR Smith", "runs": {"batsman": 0, "extras": 0, "total": 0}}}, {"19.1": {"batsman": "DR Smith", "bowler": "SM Harwood", "non_striker": "TL Suman", "runs": {"batsman": 4, "extras": 0, "total": 4}}}, {"19.2": {"batsman": "DR Smith", "bowler": "SM Harwood", "non_striker": "TL Suman", "runs": {"batsman": 0, "extras": 0, "total": 0}, "wicket": {"fielders": ["SK Warne"], "kind": "caught", "player_out": "DR Smith"}}}, {"19.3": {"batsman": "TL Suman", "bowler": "SM Harwood", "non_striker": "Y Venugopal Rao", "runs": {"batsman": 0, "extras": 0, "total": 0}}}, {"19.4": {"batsman": "TL Suman", "bowler": "SM Harwood", "non_striker": "Y Venugopal Rao", "runs": {"batsman": 2, "extras": 0, "total": 2}}}, {"19.5": {"batsman": "TL Suman", "bowler": "SM Harwood", "non_striker": "Y Venugopal Rao", "runs": {"batsman": 2, "extras": 0, "total": 2}}}, {"19.6": {"batsman": "TL Suman", "bowler": "SM Harwood", "non_striker": "Y Venugopal Rao", "runs": {"batsman": 2, "extras": 0, "total": 2}}}]