[{"0.1": {"batsman": "Yuvraj Singh", "bowler": "P Kumar", "non_striker": "K Goel", "runs": {"batsman": 0, "extras": 0, "total": 0}}}, {"0.2": {"batsman": "Yuvraj Singh", "bowler": "P Kumar", "non_striker": "K Goel", "runs": {"batsman": 0, "extras": 0, "total": 0}}}, {"0.3": {"batsman": "Yuvraj Singh", "bowler": "P Kumar", "non_striker": "K Goel", "runs": {"batsman": 1, "extras": 0, "total": 1}}}, {"0.4": {"batsman": "K Goel", "bowler": "P Kumar", "non_striker": "Yuvraj Singh", "runs": {"batsman": 0, "extras": 0, "total": 0}}}, {"0.5": {"batsman": "K Goel", "bowler": "P Kumar", "non_striker": "Yuvraj Singh", "runs": {"batsman": 2, "extras": 0, "total": 2}}}, {"0.6": {"batsman": "K Goel", "bowler": "P Kumar", "non_striker": "Yuvraj Singh", "runs": {"batsman": 0, "extras": 0, "total": 0}}}, {"1.1": {"batsman": "Yuvraj Singh", "bowler": "JH Kallis", "non_striker": "K Goel", "runs": {"batsman": 1, "extras": 0, "total": 1}}}, {"1.2": {"batsman": "K Goel", "bowler": "JH Kallis", "non_striker": "Yuvraj Singh", "runs": {"batsman": 0, "extras": 0, "total": 0}}}, {"1.3": {"batsman": "K Goel", "bowler": "JH Kallis", "non_striker": "Yuvraj Singh", "runs": {"batsman": 0, "extras": 0, "total": 0}}}, {"1.4": {"batsman": "K Goel", "bowler": "JH Kallis", "non_striker": "Yuvraj Singh", "runs": {"batsman": 0, "extras": 0, "total": 0}}}, {"1.5": {"batsman": "K Goel", "bowler": "JH Kallis", "non_striker": "Yuvraj Singh", "runs": {"batsman": 0, "extras": 0, "total": 0}}}, {"1.6": {"batsman": "K Goel", "bowler": "JH Kallis", "non_striker": "Yuvraj Singh", "runs": {"batsman": 0, "extras": 0, "total": 0}}}, {"2.1": {"batsman": "Yuvraj Singh", "bowler": "P Kumar", "non_striker": "K Goel", "runs": {"batsman": 0, "extras": 0, "total": 0}}}, {"2.2": {"batsman": "Yuvraj Singh", "bowler": "P Kumar", "non_striker": "K Goel", "runs": {"batsman": 0, "extras": 0, "total": 0}}}, {"2.3": {"batsman": "Yuvraj Singh", "bowler": "P Kumar", "non_striker": "K Goel", "runs": {"batsman": 0, "extras": 0, "total": 0}}}, {"2.4": {"batsman": "Yuvraj Singh", "bowler": "P Kumar", "extras": {"wides": 1}, "non_striker": "K Goel", "runs": {"batsman": 0, "extras": 1, "total": 1}}}, {"2.5": {"batsman": "Yuvraj Singh", "bowler": "P Kumar", "non_striker": "K Goel", "runs": {"batsman": 1, "extras": 0, "total": 1}}}, {"2.6": {"batsman": "K Goel", "bowler": "P Kumar", "non_striker": "Yuvraj Singh", "runs": {"batsman": 4, "extras": 0, "total": 4}}}, {"2.7": {"batsman": "K Goel", "bowler": "P Kumar", "non_striker": "Yuvraj Singh", "runs": {"batsman": 0, "extras": 0, "total": 0}}}, {"3.1": {"batsman": "Yuvraj Singh", "bowler": "JH Kallis", "non_striker": "K Goel", "runs": {"batsman": 2, "extras": 0, "total": 2}}}, {"3.2": {"batsman": "Yuvraj Singh", "bowler": "JH Kallis", "non_striker": "K Goel", "runs": {"batsman": 0, "extras": 0, "total": 0}}}, {"3.3": {"batsman": "Yuvraj Singh", "bowler": "JH Kallis", "non_striker": "K Goel", "runs": {"batsman": 4, "extras": 0, "total": 4}}}, {"3.4": {"batsman": "Yuvraj Singh", "bowler": "JH Kallis", "non_striker": "K Goel", "runs": {"batsman": 1, "extras": 0, "total": 1}}}, {"3.5": {"batsman": "K Goel", "bowler": "JH Kallis", "non_striker": "Yuvraj Singh", "runs": {"batsman": 4, "extras": 0, "total": 4}}}, {"3.6": {"batsman": "K Goel", "bowler": "JH Kallis", "non_striker": "Yuvraj Singh", "runs": {"batsman": 0, "extras": 0, "total": 0}}}, {"4.1": {"batsman": "Yuvraj Singh", "bowler": "JD Ryder", "non_striker": "K Goel", "runs": {"batsman": 0, "extras": 0, "total": 0}}}, {"4.2": {"batsman": "Yuvraj Singh", "bowler": "JD Ryder", "non_striker": "K Goel", "runs": {"batsman": 4, "extras": 0, "total": 4}}}, {"4.3": {"batsman": "Yuvraj Singh", "bowler": "JD Ryder", "non_striker": "K Goel", "runs": {"batsman": 0, "extras": 0, "total": 0}}}, {"4.4": {"batsman": "Yuvraj Singh", "bowler": "JD Ryder", "non_striker": "K Goel", "runs": {"batsman": 1, "extras": 0, "total": 1}}}, {"4.5": {"batsman": "K Goel", "bowler": "JD Ryder", "non_striker": "Yuvraj Singh", "runs": {"batsman": 2, "extras": 0, "total": 2}}}, {"4.6": {"batsman": "K Goel", "bowler": "JD Ryder", "non_striker": "Yuvraj Singh", "runs": {"batsman": 0, "extras": 0, "total": 0}}}, {"5.1": {"batsman": "Yuvraj Singh", "bowler": "JH Kallis", "non_striker": "K Goel", "runs": {"batsman": 1, "extras": 0, "total": 1}}}, {"5.2": {"batsman": "K Goel", "bowler": "JH Kallis", "non_striker": "Yuvraj Singh", "runs": {"batsman": 0, "extras": 0, "total": 0}}}, {"5.3": {"batsman": "K Goel", "bowler": "JH Kallis", "non_striker": "Yuvraj Singh", "runs": {"batsman": 3, "extras": 0, "total": 3}}}, {"5.4": {"batsman": "Yuvraj Singh", "bowler": "JH Kallis", "non_striker": "K Goel", "runs": {"batsman": 1, "extras": 0, "total": 1}}}, {"5.5": {"batsman": "K Goel", "bowler": "JH Kallis", "non_striker": "Yuvraj Singh", "runs": {"batsman": 1, "extras": 0, "total": 1}}}, {"5.6": {"batsman": "Yuvraj Singh", "bowler": "JH Kallis", "non_striker": "K Goel", "runs": {"batsman": 1, "extras": 0, "total": 1}}}, {"6.1": {"batsman": "Yuvraj Singh", "bowler": "RE van der Merwe", "non_striker": "K Goel", "runs": {"batsman": 6, "extras": 0, "total": 6}}}, {"6.2": {"batsman": "Yuvraj Singh", "bowler": "RE van der Merwe", "non_striker": "K Goel", "runs": {"batsman": 0, "extras": 0, "total": 0}}}, {"6.3": {"batsman": "Yuvraj Singh", "bowler": "RE van der Merwe", "non_striker": "K Goel", "runs": {"batsman": 4, "extras": 0, "total": 4}}}, {"6.4": {"batsman": "Yuvraj Singh", "bowler": "RE van der Merwe", "non_striker": "K Goel", "runs": {"batsman": 0, "extras": 0, "total": 0}}}, {"6.5": {"batsman": "Yuvraj Singh", "bowler": "RE van der Merwe", "non_striker": "K Goel", "runs": {"batsman": 1, "extras": 0, "total": 1}}}, {"6.6": {"batsman": "K Goel", "bowler": "RE van der Merwe", "non_striker": "Yuvraj Singh", "runs": {"batsman": 0, "extras": 0, "total": 0}}}, {"7.1": {"batsman": "Yuvraj Singh", "bowler": "A Kumble", "non_striker": "K Goel", "runs": {"batsman": 6, "extras": 0, "total": 6}}}, {"7.2": {"batsman": "Yuvraj Singh", "bowler": "A Kumble", "non_striker": "K Goel", "runs": {"batsman": 1, "extras": 0, "total": 1}}}, {"7.3": {"batsman": "K Goel", "bowler": "A Kumble", "non_striker": "Yuvraj Singh", "runs": {"batsman": 0, "extras": 0, "total": 0}}}, {"7.4": {"batsman": "K Goel", "bowler": "A Kumble", "non_striker": "Yuvraj Singh", "runs": {"batsman": 0, "extras": 0, "total": 0}}}, {"7.5": {"batsman": "K Goel", "bowler": "A Kumble", "non_striker": "Yuvraj Singh", "runs": {"batsman": 0, "extras": 0, "total": 0}}}, {"7.6": {"batsman": "K Goel", "bowler": "A Kumble", "non_striker": "Yuvraj Singh", "runs": {"batsman": 0, "extras": 0, "total": 0}}}, {"8.1": {"batsman": "Yuvraj Singh", "bowler": "JD Ryder", "non_striker": "K Goel", "runs": {"batsman": 1, "extras": 0, "total": 1}}}, {"8.2": {"batsman": "K Goel", "bowler": "JD Ryder", "non_striker": "Yuvraj Singh", "runs": {"batsman": 1, "extras": 0, "total": 1}}}, {"8.3": {"batsman": "Yuvraj Singh", "bowler": "JD Ryder", "non_striker": "K Goel", "runs": {"batsman": 0, "extras": 0, "total": 0}}}, {"8.4": {"batsman": "Yuvraj Singh", "bowler": "JD Ryder", "non_striker": "K Goel", "runs": {"batsman": 1, "extras": 0, "total": 1}}}, {"8.5": {"batsman": "K Goel", "bowler": "JD Ryder", "non_striker": "Yuvraj Singh", "runs": {"batsman": 1, "extras": 0, "total": 1}}}, {"8.6": {"batsman": "Yuvraj Singh", "bowler": "JD Ryder", "non_striker": "K Goel", "runs": {"batsman": 6, "extras": 0, "total": 6}}}, {"9.1": {"batsman": "K Goel", "bowler": "A Kumble", "non_striker": "Yuvraj Singh", "runs": {"batsman": 1, "extras": 0, "total": 1}}}, {"9.2": {"batsman": "Yuvraj Singh", "bowler": "A Kumble", "non_striker": "K Goel", "runs": {"batsman": 0, "extras": 0, "total": 0}}}, {"9.3": {"batsman": "Yuvraj Singh", "bowler": "A Kumble", "non_striker": "K Goel", "runs": {"batsman": 0, "extras": 0, "total": 0}}}, {"9.4": {"batsman": "Yuvraj Singh", "bowler": "A Kumble", "non_striker": "K Goel", "runs": {"batsman": 6, "extras": 0, "total": 6}}}, {"9.5": {"batsman": "Yuvraj Singh", "bowler": "A Kumble", "non_striker": "K Goel", "runs": {"batsman": 0, "extras": 0, "total": 0}, "wicket": {"fielders": ["JH Kallis"], "kind": "caught", "player_out": "Yuvraj Singh"}}}, {"9.6": {"batsman": "K Goel", "bowler": "A Kumble", "non_striker": "SM Katich", "runs": {"batsman": 0, "extras": 0, "total": 0}}}, {"10.1": {"batsman": "SM Katich", "bowler": "RE van der Merwe", "non_striker": "K Goel", "runs": {"batsman": 1, "extras": 0, "total": 1}}}, {"10.2": {"batsman": "K Goel", "bowler": "RE van der Merwe", "non_striker": "SM Katich", "runs": {"batsman": 1, "extras": 0, "total": 1}}}, {"10.3": {"batsman": "SM Katich", "bowler": "RE van der Merwe", "non_striker": "K Goel", "runs": {"batsman": 0, "extras": 0, "total": 0}}}, {"10.4": {"batsman": "SM Katich", "bowler": "RE van der Merwe", "non_striker": "K Goel", "runs": {"batsman": 1, "extras": 0, "total": 1}}}, {"10.5": {"batsman": "K Goel", "bowler": "RE van der Merwe", "non_striker": "SM Katich", "runs": {"batsman": 0, "extras": 0, "total": 0}}}, {"10.6": {"batsman": "K Goel", "bowler": "RE van der Merwe", "non_striker": "SM Katich", "runs": {"batsman": 0, "extras": 0, "total": 0}, "wicket": {"fielders": ["V Kohli"], "kind": "caught", "player_out": "K Goel"}}}, {"11.1": {"batsman": "KC Sangakkara", "bowler": "KP Appanna", "non_striker": "SM Katich", "runs": {"batsman": 1, "extras": 0, "total": 1}}}, {"11.2": {"batsman": "SM Katich", "bowler": "KP Appanna", "non_striker": "KC Sangakkara", "runs": {"batsman": 1, "extras": 0, "total": 1}}}, {"11.3": {"batsman": "KC Sangakkara", "bowler": "KP Appanna", "non_striker": "SM Katich", "runs": {"batsman": 0, "extras": 0, "total": 0}}}, {"11.4": {"batsman": "KC Sangakkara", "bowler": "KP Appanna", "extras": {"byes": 4}, "non_striker": "SM Katich", "runs": {"batsman": 0, "extras": 4, "total": 4}}}, {"11.5": {"batsman": "KC Sangakkara", "bowler": "KP Appanna", "non_striker": "SM Katich", "runs": {"batsman": 1, "extras": 0, "total": 1}}}, {"11.6": {"batsman": "SM Katich", "bowler": "KP Appanna", "non_striker": "KC Sangakkara", "runs": {"batsman": 0, "extras": 0, "total": 0}}}, {"12.1": {"batsman": "KC Sangakkara", "bowler": "JD Ryder", "non_striker": "SM Katich", "runs": {"batsman": 0, "extras": 0, "total": 0}}}, {"12.2": {"batsman": "KC Sangakkara", "bowler": "JD Ryder", "non_striker": "SM Katich", "runs": {"batsman": 4, "extras": 0, "total": 4}}}, {"12.3": {"batsman": "KC Sangakkara", "bowler": "JD Ryder", "non_striker": "SM Katich", "runs": {"batsman": 0, "extras": 0, "total": 0}}}, {"12.4": {"batsman": "KC Sangakkara", "bowler": "JD Ryder", "non_striker": "SM Katich", "runs": {"batsman": 0, "extras": 0, "total": 0}, "wicket": {"fielders": ["RE van der Merwe", "MV Boucher"], "kind": "run out", "player_out": "SM Katich"}}}, {"12.5": {"batsman": "DPMD Jayawardene", "bowler": "JD Ryder", "non_striker": "KC Sangakkara", "runs": {"batsman": 0, "extras": 0, "total": 0}}}, {"12.6": {"batsman": "DPMD Jayawardene", "bowler": "JD Ryder", "non_striker": "KC Sangakkara", "runs": {"batsman": 0, "extras": 0, "total": 0}}}, {"13.1": {"batsman": "KC Sangakkara", "bowler": "KP Appanna", "non_striker": "DPMD Jayawardene", "runs": {"batsman": 1, "extras": 0, "total": 1}}}, {"13.2": {"batsman": "DPMD Jayawardene", "bowler": "KP Appanna", "non_striker": "KC Sangakkara", "runs": {"batsman": 1, "extras": 0, "total": 1}}}, {"13.3": {"batsman": "KC Sangakkara", "bowler": "KP Appanna", "non_striker": "DPMD Jayawardene", "runs": {"batsman": 4, "extras": 0, "total": 4}}}, {"13.4": {"batsman": "KC Sangakkara", "bowler": "KP Appanna", "non_striker": "DPMD Jayawardene", "runs": {"batsman": 0, "extras": 0, "total": 0}}}, {"13.5": {"batsman": "KC Sangakkara", "bowler": "KP Appanna", "non_striker": "DPMD Jayawardene", "runs": {"batsman": 0, "extras": 0, "total": 0}}}, {"13.6": {"batsman": "KC Sangakkara", "bowler": "KP Appanna", "non_striker": "DPMD Jayawardene", "runs": {"batsman": 1, "extras": 0, "total": 1}}}, {"14.1": {"batsman": "KC Sangakkara", "bowler": "JD Ryder", "non_striker": "DPMD Jayawardene", "runs": {"batsman": 0, "extras": 0, "total": 0}}}, {"14.2": {"batsman": "KC Sangakkara", "bowler": "JD Ryder", "non_striker": "DPMD Jayawardene", "runs": {"batsman": 0, "extras": 0, "total": 0}}}, {"14.3": {"batsman": "KC Sangakkara", "bowler": "JD Ryder", "non_striker": "DPMD Jayawardene", "runs": {"batsman": 2, "extras": 0, "total": 2}}}, {"14.4": {"batsman": "KC Sangakkara", "bowler": "JD Ryder", "non_striker": "DPMD Jayawardene", "runs": {"batsman": 0, "extras": 0, "total": 0}}}, {"14.5": {"batsman": "KC Sangakkara", "bowler": "JD Ryder", "non_striker": "DPMD Jayawardene", "runs": {"batsman": 1, "extras": 0, "total": 1}}}, {"14.6": {"batsman": "DPMD Jayawardene", "bowler": "JD Ryder", "extras": {"legbyes": 1}, "non_striker": "KC Sangakkara", "runs": {"batsman": 0, "extras": 1, "total": 1}}}, {"15.1": {"batsman": "DPMD Jayawardene", "bowler": "A Kumble", "non_striker": "KC Sangakkara", "runs": {"batsman": 1, "extras": 0, "total": 1}}}, {"15.2": {"batsman": "KC Sangakkara", "bowler": "A Kumble", "non_striker": "DPMD Jayawardene", "runs": {"batsman": 1, "extras": 0, "total": 1}}}, {"15.3": {"batsman": "DPMD Jayawardene", "bowler": "A Kumble", "non_striker": "KC Sangakkara", "runs": {"batsman": 0, "extras": 0, "total": 0}}}, {"15.4": {"batsman": "DPMD Jayawardene", "bowler": "A Kumble", "non_striker": "KC Sangakkara", "runs": {"batsman": 2, "extras": 0, "total": 2}}}, {"15.5": {"batsman": "DPMD Jayawardene", "bowler": "A Kumble", "non_striker": "KC Sangakkara", "runs": {"batsman": 2, "extras": 0, "total": 2}}}, {"15.6": {"batsman": "DPMD Jayawardene", "bowler": "A Kumble", "non_striker": "KC Sangakkara", "runs": {"batsman": 1, "extras": 0, "total": 1}}}, {"16.1": {"batsman": "DPMD Jayawardene", "bowler": "P Kumar", "non_striker": "KC Sangakkara", "runs": {"batsman": 4, "extras": 0, "total": 4}}}, {"16.2": {"batsman": "DPMD Jayawardene", "bowler": "P Kumar", "non_striker": "KC Sangakkara", "runs": {"batsman": 4, "extras": 0, "total": 4}}}, {"16.3": {"batsman": "DPMD Jayawardene", "bowler": "P Kumar", "non_striker": "KC Sangakkara", "runs": {"batsman": 1, "extras": 0, "total": 1}}}, {"16.4": {"batsman": "KC Sangakkara", "bowler": "P Kumar", "non_striker": "DPMD Jayawardene", "runs": {"batsman": 1, "extras": 0, "total": 1}}}, {"16.5": {"batsman": "DPMD Jayawardene", "bowler": "P Kumar", "extras": {"wides": 1}, "non_striker": "KC Sangakkara", "runs": {"batsman": 0, "extras": 1, "total": 1}}}, {"16.6": {"batsman": "DPMD Jayawardene", "bowler": "P Kumar", "non_striker": "KC Sangakkara", "runs": {"batsman": 2, "extras": 0, "total": 2}}}, {"16.7": {"batsman": "DPMD Jayawardene", "bowler": "P Kumar", "non_striker": "KC Sangakkara", "runs": {"batsman": 1, "extras": 0, "total": 1}}}, {"17.1": {"batsman": "DPMD Jayawardene", "bowler": "RE van der Merwe", "non_striker": "KC Sangakkara", "runs": {"batsman": 0, "extras": 0, "total": 0}, "wicket": {"fielders": ["JH Kallis"], "kind": "caught", "player_out": "DPMD Jayawardene"}}}, {"17.2": {"batsman": "IK Pathan", "bowler": "RE van der Merwe", "extras": {"legbyes": 4}, "non_striker": "KC Sangakkara", "runs": {"batsman": 0, "extras": 4, "total": 4}}}, {"17.3": {"batsman": "IK Pathan", "bowler": "RE van der Merwe", "non_striker": "KC Sangakkara", "runs": {"batsman": 4, "extras": 0, "total": 4}}}, {"17.4": {"batsman": "IK Pathan", "bowler": "RE van der Merwe", "extras": {"wides": 1}, "non_striker": "KC Sangakkara", "runs": {"batsman": 0, "extras": 1, "total": 1}}}, {"17.5": {"batsman": "IK Pathan", "bowler": "RE van der Merwe", "non_striker": "KC Sangakkara", "runs": {"batsman": 1, "extras": 0, "total": 1}}}, {"17.6": {"batsman": "KC Sangakkara", "bowler": "RE van der Merwe", "extras": {"legbyes": 1}, "non_striker": "IK Pathan", "runs": {"batsman": 0, "extras": 1, "total": 1}}}, {"17.7": {"batsman": "IK Pathan", "bowler": "RE van der Merwe", "non_striker": "KC Sangakkara", "runs": {"batsman": 2, "extras": 0, "total": 2}}}, {"18.1": {"batsman": "KC Sangakkara", "bowler": "A Kumble", "non_striker": "IK Pathan", "runs": {"batsman": 0, "extras": 0, "total": 0}}}, {"18.2": {"batsman": "KC Sangakkara", "bowler": "A Kumble", "non_striker": "IK Pathan", "runs": {"batsman": 0, "extras": 0, "total": 0}, "wicket": {"kind": "bowled", "player_out": "KC Sangakkara"}}}, {"18.3": {"batsman": "PP Chawla", "bowler": "A Kumble", "non_striker": "IK Pathan", "runs": {"batsman": 1, "extras": 0, "total": 1}}}, {"18.4": {"batsman": "IK Pathan", "bowler": "A Kumble", "non_striker": "PP Chawla", "runs": {"batsman": 1, "extras": 0, "total": 1}}}, {"18.5": {"batsman": "PP Chawla", "bowler": "A Kumble", "non_striker": "IK Pathan", "runs": {"batsman": 0, "extras": 0, "total": 0}}}, {"18.6": {"batsman": "PP Chawla", "bowler": "A Kumble", "non_striker": "IK Pathan", "runs": {"batsman": 2, "extras": 0, "total": 2}}}, {"19.1": {"batsman": "IK Pathan", "bowler": "P Kumar", "non_striker": "PP Chawla", "runs": {"batsman": 0, "extras": 0, "total": 0}}}, {"19.2": {"batsman": "IK Pathan", "bowler": "P Kumar", "non_striker": "PP Chawla", "runs": {"batsman": 4, "extras": 0, "total": 4}}}, {"19.3": {"batsman": "IK Pathan", "bowler": "P Kumar", "non_striker": "PP Chawla", "runs": {"batsman": 0, "extras": 0, "total": 0}}}, {"19.4": {"batsman": "IK Pathan", "bowler": "P Kumar", "non_striker": "PP Chawla", "runs": {"batsman": 0, "extras": 0, "total": 0}, "wicket": {"fielders": ["V Kohli"], "kind": "caught", "player_out": "IK Pathan"}}}, {"19.5": {"batsman": "PP Chawla", "bowler": "P Kumar", "non_striker": "RR Powar", "runs": {"batsman": 0, "extras": 0, "total": 0}, "wicket": {"kind": "bowled", "player_out": "PP Chawla"}}}, {"19.6": {"batsman": "TM Srivastava", "bowler": "P Kumar", "non_striker": "RR Powar", "runs": {"batsman": 0, "extras": 0, "total": 0}}}]