[{"0.1": {"batsman": "AC Gilchrist", "bowler": "DP Nannes", "non_striker": "HH Gibbs", "runs": {"batsman": 0, "extras": 0, "total": 0}}}, {"0.2": {"batsman": "AC Gilchrist", "bowler": "DP Nannes", "non_striker": "HH Gibbs", "runs": {"batsman": 0, "extras": 0, "total": 0}}}, {"0.3": {"batsman": "AC Gilchrist", "bowler": "DP Nannes", "non_striker": "HH Gibbs", "runs": {"batsman": 4, "extras": 0, "total": 4}}}, {"0.4": {"batsman": "AC Gilchrist", "bowler": "DP Nannes", "non_striker": "HH Gibbs", "runs": {"batsman": 4, "extras": 0, "total": 4}}}, {"0.5": {"batsman": "AC Gilchrist", "bowler": "DP Nannes", "non_striker": "HH Gibbs", "runs": {"batsman": 0, "extras": 0, "total": 0}, "wicket": {"fielders": ["KD Karthik"], "kind": "caught", "player_out": "AC Gilchrist"}}}, {"0.6": {"batsman": "HH Gibbs", "bowler": "DP Nannes", "non_striker": "AA Bilakhia", "runs": {"batsman": 0, "extras": 0, "total": 0}}}, {"1.1": {"batsman": "AA Bilakhia", "bowler": "A Nehra", "non_striker": "HH Gibbs", "runs": {"batsman": 4, "extras": 0, "total": 4}}}, {"1.2": {"batsman": "AA Bilakhia", "bowler": "A Nehra", "non_striker": "HH Gibbs", "runs": {"batsman": 0, "extras": 0, "total": 0}}}, {"1.3": {"batsman": "AA Bilakhia", "bowler": "A Nehra", "non_striker": "HH Gibbs", "runs": {"batsman": 2, "extras": 0, "total": 2}}}, {"1.4": {"batsman": "AA Bilakhia", "bowler": "A Nehra", "non_striker": "HH Gibbs", "runs": {"batsman": 0, "extras": 0, "total": 0}}}, {"1.5": {"batsman": "AA Bilakhia", "bowler": "A Nehra", "extras": {"noballs": 1}, "non_striker": "HH Gibbs", "runs": {"batsman": 0, "extras": 1, "total": 1}}}, {"1.6": {"batsman": "AA Bilakhia", "bowler": "A Nehra", "non_striker": "HH Gibbs", "runs": {"batsman": 2, "extras": 0, "total": 2}}}, {"1.7": {"batsman": "AA Bilakhia", "bowler": "A Nehra", "non_striker": "HH Gibbs", "runs": {"batsman": 2, "extras": 0, "total": 2}}}, {"2.1": {"batsman": "HH Gibbs", "bowler": "DP Nannes", "non_striker": "AA Bilakhia", "runs": {"batsman": 0, "extras": 0, "total": 0}}}, {"2.2": {"batsman": "HH Gibbs", "bowler": "DP Nannes", "non_striker": "AA Bilakhia", "runs": {"batsman": 0, "extras": 0, "total": 0}}}, {"2.3": {"batsman": "HH Gibbs", "bowler": "DP Nannes", "non_striker": "AA Bilakhia", "runs": {"batsman": 0, "extras": 0, "total": 0}, "wicket": {"fielders": ["AB de Villiers"], "kind": "caught", "player_out": "HH Gibbs"}}}, {"2.4": {"batsman": "RG Sharma", "bowler": "DP Nannes", "non_striker": "AA Bilakhia", "runs": {"batsman": 0, "extras": 0, "total": 0}}}, {"2.5": {"batsman": "RG Sharma", "bowler": "DP Nannes", "non_striker": "AA Bilakhia", "runs": {"batsman": 1, "extras": 0, "total": 1}}}, {"2.6": {"batsman": "AA Bilakhia", "bowler": "DP Nannes", "non_striker": "RG Sharma", "runs": {"batsman": 2, "extras": 0, "total": 2}}}, {"3.1": {"batsman": "RG Sharma", "bowler": "PJ Sangwan", "non_striker": "AA Bilakhia", "runs": {"batsman": 0, "extras": 0, "total": 0}}}, {"3.2": {"batsman": "RG Sharma", "bowler": "PJ Sangwan", "non_striker": "AA Bilakhia", "runs": {"batsman": 0, "extras": 0, "total": 0}}}, {"3.3": {"batsman": "RG Sharma", "bowler": "PJ Sangwan", "non_striker": "AA Bilakhia", "runs": {"batsman": 0, "extras": 0, "total": 0}}}, {"3.4": {"batsman": "RG Sharma", "bowler": "PJ Sangwan", "non_striker": "AA Bilakhia", "runs": {"batsman": 0, "extras": 0, "total": 0}}}, {"3.5": {"batsman": "RG Sharma", "bowler": "PJ Sangwan", "non_striker": "AA Bilakhia", "runs": {"batsman": 0, "extras": 0, "total": 0}}}, {"3.6": {"batsman": "RG Sharma", "bowler": "PJ Sangwan", "non_striker": "AA Bilakhia", "runs": {"batsman": 4, "extras": 0, "total": 4}}}, {"4.1": {"batsman": "AA Bilakhia", "bowler": "DP Nannes", "non_striker": "RG Sharma", "runs": {"batsman": 0, "extras": 0, "total": 0}}}, {"4.2": {"batsman": "AA Bilakhia", "bowler": "DP Nannes", "non_striker": "RG Sharma", "runs": {"batsman": 0, "extras": 0, "total": 0}}}, {"4.3": {"batsman": "AA Bilakhia", "bowler": "DP Nannes", "non_striker": "RG Sharma", "runs": {"batsman": 0, "extras": 0, "total": 0}}}, {"4.4": {"batsman": "AA Bilakhia", "bowler": "DP Nannes", "non_striker": "RG Sharma", "runs": {"batsman": 0, "extras": 0, "total": 0}}}, {"4.5": {"batsman": "AA Bilakhia", "bowler": "DP Nannes", "non_striker": "RG Sharma", "runs": {"batsman": 4, "extras": 0, "total": 4}}}, {"4.6": {"batsman": "AA Bilakhia", "bowler": "DP Nannes", "non_striker": "RG Sharma", "runs": {"batsman": 0, "extras": 0, "total": 0}}}, {"5.1": {"batsman": "RG Sharma", "bowler": "PJ Sangwan", "non_striker": "AA Bilakhia", "runs": {"batsman": 1, "extras": 0, "total": 1}}}, {"5.2": {"batsman": "AA Bilakhia", "bowler": "PJ Sangwan", "non_striker": "RG Sharma", "runs": {"batsman": 0, "extras": 0, "total": 0}}}, {"5.3": {"batsman": "AA Bilakhia", "bowler": "PJ Sangwan", "non_striker": "RG Sharma", "runs": {"batsman": 1, "extras": 0, "total": 1}}}, {"5.4": {"batsman": "RG Sharma", "bowler": "PJ Sangwan", "non_striker": "AA Bilakhia", "runs": {"batsman": 4, "extras": 0, "total": 4}}}, {"5.5": {"batsman": "RG Sharma", "bowler": "PJ Sangwan", "non_striker": "AA Bilakhia", "runs": {"batsman": 0, "extras": 0, "total": 0}}}, {"5.6": {"batsman": "RG Sharma", "bowler": "PJ Sangwan", "non_striker": "AA Bilakhia", "runs": {"batsman": 1, "extras": 0, "total": 1}}}, {"6.1": {"batsman": "RG Sharma", "bowler": "A Mishra", "non_striker": "AA Bilakhia", "runs": {"batsman": 1, "extras": 0, "total": 1}}}, {"6.2": {"batsman": "AA Bilakhia", "bowler": "A Mishra", "non_striker": "RG Sharma", "runs": {"batsman": 0, "extras": 0, "total": 0}}}, {"6.3": {"batsman": "AA Bilakhia", "bowler": "A Mishra", "non_striker": "RG Sharma", "runs": {"batsman": 1, "extras": 0, "total": 1}}}, {"6.4": {"batsman": "RG Sharma", "bowler": "A Mishra", "non_striker": "AA Bilakhia", "runs": {"batsman": 1, "extras": 0, "total": 1}}}, {"6.5": {"batsman": "AA Bilakhia", "bowler": "A Mishra", "non_striker": "RG Sharma", "runs": {"batsman": 1, "extras": 0, "total": 1}}}, {"6.6": {"batsman": "RG Sharma", "bowler": "A Mishra", "non_striker": "AA Bilakhia", "runs": {"batsman": 0, "extras": 0, "total": 0}}}, {"7.1": {"batsman": "AA Bilakhia", "bowler": "DL Vettori", "extras": {"legbyes": 3}, "non_striker": "RG Sharma", "runs": {"batsman": 0, "extras": 3, "total": 3}}}, {"7.2": {"batsman": "RG Sharma", "bowler": "DL Vettori", "non_striker": "AA Bilakhia", "runs": {"batsman": 1, "extras": 0, "total": 1}}}, {"7.3": {"batsman": "AA Bilakhia", "bowler": "DL Vettori", "non_striker": "RG Sharma", "runs": {"batsman": 1, "extras": 0, "total": 1}}}, {"7.4": {"batsman": "RG Sharma", "bowler": "DL Vettori", "non_striker": "AA Bilakhia", "runs": {"batsman": 1, "extras": 0, "total": 1}}}, {"7.5": {"batsman": "AA Bilakhia", "bowler": "DL Vettori", "non_striker": "RG Sharma", "runs": {"batsman": 0, "extras": 0, "total": 0}}}, {"7.6": {"batsman": "AA Bilakhia", "bowler": "DL Vettori", "extras": {"wides": 1}, "non_striker": "RG Sharma", "runs": {"batsman": 0, "extras": 1, "total": 1}}}, {"7.7": {"batsman": "AA Bilakhia", "bowler": "DL Vettori", "non_striker": "RG Sharma", "runs": {"batsman": 0, "extras": 0, "total": 0}}}, {"8.1": {"batsman": "RG Sharma", "bowler": "A Mishra", "non_striker": "AA Bilakhia", "runs": {"batsman": 1, "extras": 0, "total": 1}}}, {"8.2": {"batsman": "AA Bilakhia", "bowler": "A Mishra", "non_striker": "RG Sharma", "runs": {"batsman": 1, "extras": 0, "total": 1}}}, {"8.3": {"batsman": "RG Sharma", "bowler": "A Mishra", "non_striker": "AA Bilakhia", "runs": {"batsman": 1, "extras": 0, "total": 1}}}, {"8.4": {"batsman": "AA Bilakhia", "bowler": "A Mishra", "non_striker": "RG Sharma", "runs": {"batsman": 0, "extras": 0, "total": 0}}}, {"8.5": {"batsman": "AA Bilakhia", "bowler": "A Mishra", "non_striker": "RG Sharma", "runs": {"batsman": 1, "extras": 0, "total": 1}}}, {"8.6": {"batsman": "RG Sharma", "bowler": "A Mishra", "non_striker": "AA Bilakhia", "runs": {"batsman": 0, "extras": 0, "total": 0}, "wicket": {"fielders": ["M Manhas"], "kind": "caught", "player_out": "RG Sharma"}}}, {"9.1": {"batsman": "TL Suman", "bowler": "DL Vettori", "non_striker": "AA Bilakhia", "runs": {"batsman": 1, "extras": 0, "total": 1}}}, {"9.2": {"batsman": "AA Bilakhia", "bowler": "DL Vettori", "non_striker": "TL Suman", "runs": {"batsman": 0, "extras": 0, "total": 0}, "wicket": {"kind": "lbw", "player_out": "AA Bilakhia"}}}, {"9.3": {"batsman": "DR Smith", "bowler": "DL Vettori", "non_striker": "TL Suman", "runs": {"batsman": 1, "extras": 0, "total": 1}}}, {"9.4": {"batsman": "TL Suman", "bowler": "DL Vettori", "non_striker": "DR Smith", "runs": {"batsman": 0, "extras": 0, "total": 0}}}, {"9.5": {"batsman": "TL Suman", "bowler": "DL Vettori", "non_striker": "DR Smith", "runs": {"batsman": 1, "extras": 0, "total": 1}}}, {"9.6": {"batsman": "DR Smith", "bowler": "DL Vettori", "non_striker": "TL Suman", "runs": {"batsman": 0, "extras": 0, "total": 0}}}, {"10.1": {"batsman": "TL Suman", "bowler": "A Mishra", "non_striker": "DR Smith", "runs": {"batsman": 1, "extras": 0, "total": 1}}}, {"10.2": {"batsman": "DR Smith", "bowler": "A Mishra", "non_striker": "TL Suman", "runs": {"batsman": 2, "extras": 0, "total": 2}}}, {"10.3": {"batsman": "DR Smith", "bowler": "A Mishra", "non_striker": "TL Suman", "runs": {"batsman": 0, "extras": 0, "total": 0}}}, {"10.4": {"batsman": "DR Smith", "bowler": "A Mishra", "extras": {"legbyes": 1}, "non_striker": "TL Suman", "runs": {"batsman": 0, "extras": 1, "total": 1}}}, {"10.5": {"batsman": "TL Suman", "bowler": "A Mishra", "extras": {"legbyes": 1}, "non_striker": "DR Smith", "runs": {"batsman": 0, "extras": 1, "total": 1}}}, {"10.6": {"batsman": "DR Smith", "bowler": "A Mishra", "non_striker": "TL Suman", "runs": {"batsman": 1, "extras": 0, "total": 1}}}, {"11.1": {"batsman": "DR Smith", "bowler": "DL Vettori", "extras": {"wides": 1}, "non_striker": "TL Suman", "runs": {"batsman": 0, "extras": 1, "total": 1}}}, {"11.2": {"batsman": "DR Smith", "bowler": "DL Vettori", "non_striker": "TL Suman", "runs": {"batsman": 4, "extras": 0, "total": 4}}}, {"11.3": {"batsman": "DR Smith", "bowler": "DL Vettori", "non_striker": "TL Suman", "runs": {"batsman": 4, "extras": 0, "total": 4}}}, {"11.4": {"batsman": "DR Smith", "bowler": "DL Vettori", "non_striker": "TL Suman", "runs": {"batsman": 4, "extras": 0, "total": 4}}}, {"11.5": {"batsman": "DR Smith", "bowler": "DL Vettori", "non_striker": "TL Suman", "runs": {"batsman": 0, "extras": 0, "total": 0}}}, {"11.6": {"batsman": "DR Smith", "bowler": "DL Vettori", "non_striker": "TL Suman", "runs": {"batsman": 2, "extras": 0, "total": 2}}}, {"11.7": {"batsman": "DR Smith", "bowler": "DL Vettori", "non_striker": "TL Suman", "runs": {"batsman": 1, "extras": 0, "total": 1}}}, {"12.1": {"batsman": "DR Smith", "bowler": "A Mishra", "non_striker": "TL Suman", "runs": {"batsman": 4, "extras": 0, "total": 4}}}, {"12.2": {"batsman": "DR Smith", "bowler": "A Mishra", "non_striker": "TL Suman", "runs": {"batsman": 1, "extras": 0, "total": 1}}}, {"12.3": {"batsman": "TL Suman", "bowler": "A Mishra", "non_striker": "DR Smith", "runs": {"batsman": 1, "extras": 0, "total": 1}}}, {"12.4": {"batsman": "DR Smith", "bowler": "A Mishra", "non_striker": "TL Suman", "runs": {"batsman": 2, "extras": 0, "total": 2}}}, {"12.5": {"batsman": "DR Smith", "bowler": "A Mishra", "non_striker": "TL Suman", "runs": {"batsman": 6, "extras": 0, "total": 6}}}, {"12.6": {"batsman": "DR Smith", "bowler": "A Mishra", "non_striker": "TL Suman", "runs": {"batsman": 6, "extras": 0, "total": 6}}}, {"13.1": {"batsman": "TL Suman", "bowler": "TM Dilshan", "non_striker": "DR Smith", "runs": {"batsman": 4, "extras": 0, "total": 4}}}, {"13.2": {"batsman": "TL Suman", "bowler": "TM Dilshan", "non_striker": "DR Smith", "runs": {"batsman": 1, "extras": 0, "total": 1}}}, {"13.3": {"batsman": "DR Smith", "bowler": "TM Dilshan", "non_striker": "TL Suman", "runs": {"batsman": 1, "extras": 0, "total": 1}}}, {"13.4": {"batsman": "TL Suman", "bowler": "TM Dilshan", "non_striker": "DR Smith", "runs": {"batsman": 6, "extras": 0, "total": 6}}}, {"13.5": {"batsman": "TL Suman", "bowler": "TM Dilshan", "non_striker": "DR Smith", "runs": {"batsman": 3, "extras": 0, "total": 3}}}, {"13.6": {"batsman": "DR Smith", "bowler": "TM Dilshan", "non_striker": "TL Suman", "runs": {"batsman": 0, "extras": 0, "total": 0}}}, {"14.1": {"batsman": "TL Suman", "bowler": "PJ Sangwan", "non_striker": "DR Smith", "runs": {"batsman": 2, "extras": 0, "total": 2}}}, {"14.2": {"batsman": "TL Suman", "bowler": "PJ Sangwan", "non_striker": "DR Smith", "runs": {"batsman": 2, "extras": 0, "total": 2}}}, {"14.3": {"batsman": "TL Suman", "bowler": "PJ Sangwan", "non_striker": "DR Smith", "runs": {"batsman": 1, "extras": 0, "total": 1}}}, {"14.4": {"batsman": "DR Smith", "bowler": "PJ Sangwan", "non_striker": "TL Suman", "runs": {"batsman": 1, "extras": 0, "total": 1}}}, {"14.5": {"batsman": "TL Suman", "bowler": "PJ Sangwan", "non_striker": "DR Smith", "runs": {"batsman": 0, "extras": 0, "total": 0}, "wicket": {"fielders": ["AB de Villiers"], "kind": "caught", "player_out": "TL Suman"}}}, {"14.6": {"batsman": "DR Smith", "bowler": "PJ Sangwan", "non_striker": "Y Venugopal Rao", "runs": {"batsman": 0, "extras": 0, "total": 0}}}, {"15.1": {"batsman": "Y Venugopal Rao", "bowler": "A Nehra", "non_striker": "DR Smith", "runs": {"batsman": 0, "extras": 0, "total": 0}}}, {"15.2": {"batsman": "Y Venugopal Rao", "bowler": "A Nehra", "non_striker": "DR Smith", "runs": {"batsman": 1, "extras": 0, "total": 1}}}, {"15.3": {"batsman": "DR Smith", "bowler": "A Nehra", "non_striker": "Y Venugopal Rao", "runs": {"batsman": 4, "extras": 0, "total": 4}}}, {"15.4": {"batsman": "DR Smith", "bowler": "A Nehra", "non_striker": "Y Venugopal Rao", "runs": {"batsman": 1, "extras": 0, "total": 1}}}, {"15.5": {"batsman": "Y Venugopal Rao", "bowler": "A Nehra", "non_striker": "DR Smith", "runs": {"batsman": 1, "extras": 0, "total": 1}}}, {"15.6": {"batsman": "DR Smith", "bowler": "A Nehra", "extras": {"legbyes": 2}, "non_striker": "Y Venugopal Rao", "runs": {"batsman": 0, "extras": 2, "total": 2}}}, {"16.1": {"batsman": "Y Venugopal Rao", "bowler": "PJ Sangwan", "non_striker": "DR Smith", "runs": {"batsman": 0, "extras": 0, "total": 0}}}, {"16.2": {"batsman": "Y Venugopal Rao", "bowler": "PJ Sangwan", "non_striker": "DR Smith", "runs": {"batsman": 1, "extras": 0, "total": 1}}}, {"16.3": {"batsman": "DR Smith", "bowler": "PJ Sangwan", "non_striker": "Y Venugopal Rao", "runs": {"batsman": 1, "extras": 0, "total": 1}}}, {"16.4": {"batsman": "Y Venugopal Rao", "bowler": "PJ Sangwan", "non_striker": "DR Smith", "runs": {"batsman": 2, "extras": 0, "total": 2}}}, {"16.5": {"batsman": "Y Venugopal Rao", "bowler": "PJ Sangwan", "non_striker": "DR Smith", "runs": {"batsman": 2, "extras": 0, "total": 2}}}, {"16.6": {"batsman": "Y Venugopal Rao", "bowler": "PJ Sangwan", "non_striker": "DR Smith", "runs": {"batsman": 1, "extras": 0, "total": 1}}}, {"17.1": {"batsman": "Y Venugopal Rao", "bowler": "A Nehra", "non_striker": "DR Smith", "runs": {"batsman": 1, "extras": 0, "total": 1}}}, {"17.2": {"batsman": "DR Smith", "bowler": "A Nehra", "non_striker": "Y Venugopal Rao", "runs": {"batsman": 1, "extras": 0, "total": 1}}}, {"17.3": {"batsman": "Y Venugopal Rao", "bowler": "A Nehra", "non_striker": "DR Smith", "runs": {"batsman": 1, "extras": 0, "total": 1}}}, {"17.4": {"batsman": "DR Smith", "bowler": "A Nehra", "non_striker": "Y Venugopal Rao", "runs": {"batsman": 1, "extras": 0, "total": 1}}}, {"17.5": {"batsman": "Y Venugopal Rao", "bowler": "A Nehra", "non_striker": "DR Smith", "runs": {"batsman": 1, "extras": 0, "total": 1}}}, {"17.6": {"batsman": "DR Smith", "bowler": "A Nehra", "non_striker": "Y Venugopal Rao", "runs": {"batsman": 0, "extras": 0, "total": 0}, "wicket": {"fielders": ["DL Vettori"], "kind": "caught", "player_out": "DR Smith"}}}, {"18.1": {"batsman": "Shoaib Ahmed", "bowler": "DP Nannes", "non_striker": "Y Venugopal Rao", "runs": {"batsman": 0, "extras": 0, "total": 0}}}, {"18.2": {"batsman": "Shoaib Ahmed", "bowler": "DP Nannes", "non_striker": "Y Venugopal Rao", "runs": {"batsman": 0, "extras": 0, "total": 0}}}, {"18.3": {"batsman": "Shoaib Ahmed", "bowler": "DP Nannes", "non_striker": "Y Venugopal Rao", "runs": {"batsman": 0, "extras": 0, "total": 0}, "wicket": {"fielders": ["KD Karthik"], "kind": "run out", "player_out": "Shoaib Ahmed"}}}, {"18.4": {"batsman": "RP Singh", "bowler": "DP Nannes", "non_striker": "Y Venugopal Rao", "runs": {"batsman": 0, "extras": 0, "total": 0}}}, {"18.5": {"batsman": "RP Singh", "bowler": "DP Nannes", "non_striker": "Y Venugopal Rao", "runs": {"batsman": 1, "extras": 0, "total": 1}}}, {"18.6": {"batsman": "Y Venugopal Rao", "bowler": "DP Nannes", "non_striker": "RP Singh", "runs": {"batsman": 0, "extras": 0, "total": 0}}}, {"19.1": {"batsman": "RP Singh", "bowler": "A Nehra", "non_striker": "Y Venugopal Rao", "runs": {"batsman": 1, "extras": 0, "total": 1}}}, {"19.2": {"batsman": "Y Venugopal Rao", "bowler": "A Nehra", "non_striker": "RP Singh", "runs": {"batsman": 1, "extras": 0, "total": 1}}}, {"19.3": {"batsman": "RP Singh", "bowler": "A Nehra", "extras": {"legbyes": 1}, "non_striker": "Y Venugopal Rao", "runs": {"batsman": 0, "extras": 1, "total": 1}}}, {"19.4": {"batsman": "Y Venugopal Rao", "bowler": "A Nehra", "non_striker": "RP Singh", "runs": {"batsman": 4, "extras": 0, "total": 4}}}, {"19.5": {"batsman": "Y Venugopal Rao", "bowler": "A Nehra", "non_striker": "RP Singh", "runs": {"batsman": 0, "extras": 0, "total": 0}, "wicket": {"kind": "bowled", "player_out": "Y Venugopal Rao"}}}, {"19.6": {"batsman": "PP Ojha", "bowler": "A Nehra", "non_striker": "RP Singh", "runs": {"batsman": 1, "extras": 0, "total": 1}, "wicket": {"fielders": ["DL Vettori", "KD Karthik"], "kind": "run out", "player_out": "PP Ojha"}}}]