[{"0.1": {"batsman": "ST Jayasuriya", "bowler": "I Sharma", "extras": {"wides": 1}, "non_striker": "SR Tendulkar", "runs": {"batsman": 0, "extras": 1, "total": 1}}}, {"0.2": {"batsman": "ST Jayasuriya", "bowler": "I Sharma", "non_striker": "SR Tendulkar", "runs": {"batsman": 1, "extras": 0, "total": 1}}}, {"0.3": {"batsman": "SR Tendulkar", "bowler": "I Sharma", "extras": {"wides": 1}, "non_striker": "ST Jayasuriya", "runs": {"batsman": 0, "extras": 1, "total": 1}}}, {"0.4": {"batsman": "SR Tendulkar", "bowler": "I Sharma", "non_striker": "ST Jayasuriya", "runs": {"batsman": 0, "extras": 0, "total": 0}}}, {"0.5": {"batsman": "SR Tendulkar", "bowler": "I Sharma", "non_striker": "ST Jayasuriya", "runs": {"batsman": 2, "extras": 0, "total": 2}}}, {"0.6": {"batsman": "SR Tendulkar", "bowler": "I Sharma", "non_striker": "ST Jayasuriya", "runs": {"batsman": 0, "extras": 0, "total": 0}}}, {"0.7": {"batsman": "SR Tendulkar", "bowler": "I Sharma", "non_striker": "ST Jayasuriya", "runs": {"batsman": 0, "extras": 0, "total": 0}}}, {"0.8": {"batsman": "SR Tendulkar", "bowler": "I Sharma", "non_striker": "ST Jayasuriya", "runs": {"batsman": 4, "extras": 0, "total": 4}}}, {"1.1": {"batsman": "ST Jayasuriya", "bowler": "AB Dinda", "non_striker": "SR Tendulkar", "runs": {"batsman": 4, "extras": 0, "total": 4}}}, {"1.2": {"batsman": "ST Jayasuriya", "bowler": "AB Dinda", "non_striker": "SR Tendulkar", "runs": {"batsman": 0, "extras": 0, "total": 0}}}, {"1.3": {"batsman": "ST Jayasuriya", "bowler": "AB Dinda", "non_striker": "SR Tendulkar", "runs": {"batsman": 1, "extras": 0, "total": 1}}}, {"1.4": {"batsman": "SR Tendulkar", "bowler": "AB Dinda", "non_striker": "ST Jayasuriya", "runs": {"batsman": 0, "extras": 0, "total": 0}}}, {"1.5": {"batsman": "SR Tendulkar", "bowler": "AB Dinda", "non_striker": "ST Jayasuriya", "runs": {"batsman": 0, "extras": 0, "total": 0}}}, {"1.6": {"batsman": "SR Tendulkar", "bowler": "AB Dinda", "non_striker": "ST Jayasuriya", "runs": {"batsman": 1, "extras": 0, "total": 1}}}, {"2.1": {"batsman": "SR Tendulkar", "bowler": "I Sharma", "non_striker": "ST Jayasuriya", "runs": {"batsman": 0, "extras": 0, "total": 0}}}, {"2.2": {"batsman": "SR Tendulkar", "bowler": "I Sharma", "non_striker": "ST Jayasuriya", "runs": {"batsman": 0, "extras": 0, "total": 0}}}, {"2.3": {"batsman": "SR Tendulkar", "bowler": "I Sharma", "non_striker": "ST Jayasuriya", "runs": {"batsman": 1, "extras": 0, "total": 1}}}, {"2.4": {"batsman": "ST Jayasuriya", "bowler": "I Sharma", "extras": {"byes": 2}, "non_striker": "SR Tendulkar", "runs": {"batsman": 0, "extras": 2, "total": 2}}}, {"2.5": {"batsman": "ST Jayasuriya", "bowler": "I Sharma", "non_striker": "SR Tendulkar", "runs": {"batsman": 0, "extras": 0, "total": 0}}}, {"2.6": {"batsman": "ST Jayasuriya", "bowler": "I Sharma", "non_striker": "SR Tendulkar", "runs": {"batsman": 0, "extras": 0, "total": 0}}}, {"3.1": {"batsman": "SR Tendulkar", "bowler": "AB Dinda", "extras": {"legbyes": 1}, "non_striker": "ST Jayasuriya", "runs": {"batsman": 0, "extras": 1, "total": 1}}}, {"3.2": {"batsman": "ST Jayasuriya", "bowler": "AB Dinda", "non_striker": "SR Tendulkar", "runs": {"batsman": 0, "extras": 0, "total": 0}, "wicket": {"fielders": ["MN van Wyk"], "kind": "caught", "player_out": "ST Jayasuriya"}}}, {"3.3": {"batsman": "Harbhajan Singh", "bowler": "AB Dinda", "extras": {"wides": 1}, "non_striker": "SR Tendulkar", "runs": {"batsman": 0, "extras": 1, "total": 1}}}, {"3.4": {"batsman": "Harbhajan Singh", "bowler": "AB Dinda", "non_striker": "SR Tendulkar", "runs": {"batsman": 0, "extras": 0, "total": 0}}}, {"3.5": {"batsman": "Harbhajan Singh", "bowler": "AB Dinda", "non_striker": "SR Tendulkar", "runs": {"batsman": 2, "extras": 0, "total": 2}}}, {"3.6": {"batsman": "Harbhajan Singh", "bowler": "AB Dinda", "non_striker": "SR Tendulkar", "runs": {"batsman": 1, "extras": 0, "total": 1}}}, {"3.7": {"batsman": "SR Tendulkar", "bowler": "AB Dinda", "non_striker": "Harbhajan Singh", "runs": {"batsman": 1, "extras": 0, "total": 1}}}, {"4.1": {"batsman": "SR Tendulkar", "bowler": "LR Shukla", "non_striker": "Harbhajan Singh", "runs": {"batsman": 0, "extras": 0, "total": 0}}}, {"4.2": {"batsman": "SR Tendulkar", "bowler": "LR Shukla", "non_striker": "Harbhajan Singh", "runs": {"batsman": 1, "extras": 0, "total": 1}}}, {"4.3": {"batsman": "Harbhajan Singh", "bowler": "LR Shukla", "non_striker": "SR Tendulkar", "runs": {"batsman": 1, "extras": 0, "total": 1}}}, {"4.4": {"batsman": "SR Tendulkar", "bowler": "LR Shukla", "non_striker": "Harbhajan Singh", "runs": {"batsman": 4, "extras": 0, "total": 4}}}, {"4.5": {"batsman": "SR Tendulkar", "bowler": "LR Shukla", "non_striker": "Harbhajan Singh", "runs": {"batsman": 0, "extras": 0, "total": 0}}}, {"4.6": {"batsman": "SR Tendulkar", "bowler": "LR Shukla", "non_striker": "Harbhajan Singh", "runs": {"batsman": 1, "extras": 0, "total": 1}}}, {"5.1": {"batsman": "SR Tendulkar", "bowler": "M Kartik", "non_striker": "Harbhajan Singh", "runs": {"batsman": 6, "extras": 0, "total": 6}}}, {"5.2": {"batsman": "SR Tendulkar", "bowler": "M Kartik", "non_striker": "Harbhajan Singh", "runs": {"batsman": 1, "extras": 0, "total": 1}}}, {"5.3": {"batsman": "Harbhajan Singh", "bowler": "M Kartik", "non_striker": "SR Tendulkar", "runs": {"batsman": 2, "extras": 0, "total": 2}}}, {"5.4": {"batsman": "Harbhajan Singh", "bowler": "M Kartik", "non_striker": "SR Tendulkar", "runs": {"batsman": 0, "extras": 0, "total": 0}}}, {"5.5": {"batsman": "Harbhajan Singh", "bowler": "M Kartik", "non_striker": "SR Tendulkar", "runs": {"batsman": 0, "extras": 0, "total": 0}, "wicket": {"fielders": ["AB Dinda"], "kind": "caught", "player_out": "Harbhajan Singh"}}}, {"5.6": {"batsman": "AM Nayar", "bowler": "M Kartik", "non_striker": "SR Tendulkar", "runs": {"batsman": 0, "extras": 0, "total": 0}}}, {"6.1": {"batsman": "SR Tendulkar", "bowler": "LR Shukla", "non_striker": "AM Nayar", "runs": {"batsman": 0, "extras": 0, "total": 0}}}, {"6.2": {"batsman": "SR Tendulkar", "bowler": "LR Shukla", "non_striker": "AM Nayar", "runs": {"batsman": 2, "extras": 0, "total": 2}}}, {"6.3": {"batsman": "SR Tendulkar", "bowler": "LR Shukla", "non_striker": "AM Nayar", "runs": {"batsman": 0, "extras": 0, "total": 0}}}, {"6.4": {"batsman": "SR Tendulkar", "bowler": "LR Shukla", "non_striker": "AM Nayar", "runs": {"batsman": 0, "extras": 0, "total": 0}}}, {"6.5": {"batsman": "SR Tendulkar", "bowler": "LR Shukla", "non_striker": "AM Nayar", "runs": {"batsman": 0, "extras": 0, "total": 0}}}, {"6.6": {"batsman": "SR Tendulkar", "bowler": "LR Shukla", "non_striker": "AM Nayar", "runs": {"batsman": 0, "extras": 0, "total": 0}}}, {"7.1": {"batsman": "AM Nayar", "bowler": "AB Agarkar", "non_striker": "SR Tendulkar", "runs": {"batsman": 1, "extras": 0, "total": 1}}}, {"7.2": {"batsman": "SR Tendulkar", "bowler": "AB Agarkar", "non_striker": "AM Nayar", "runs": {"batsman": 0, "extras": 0, "total": 0}}}, {"7.3": {"batsman": "SR Tendulkar", "bowler": "AB Agarkar", "non_striker": "AM Nayar", "runs": {"batsman": 6, "extras": 0, "total": 6}}}, {"7.4": {"batsman": "SR Tendulkar", "bowler": "AB Agarkar", "non_striker": "AM Nayar", "runs": {"batsman": 4, "extras": 0, "total": 4}}}, {"7.5": {"batsman": "SR Tendulkar", "bowler": "AB Agarkar", "extras": {"wides": 1}, "non_striker": "AM Nayar", "runs": {"batsman": 0, "extras": 1, "total": 1}}}, {"7.6": {"batsman": "SR Tendulkar", "bowler": "AB Agarkar", "non_striker": "AM Nayar", "runs": {"batsman": 0, "extras": 0, "total": 0}, "wicket": {"fielders": ["BB McCullum"], "kind": "caught", "player_out": "SR Tendulkar"}}}, {"7.7": {"batsman": "JP Duminy", "bowler": "AB Agarkar", "non_striker": "AM Nayar", "runs": {"batsman": 0, "extras": 0, "total": 0}}}, {"8.1": {"batsman": "AM Nayar", "bowler": "CH Gayle", "non_striker": "JP Duminy", "runs": {"batsman": 0, "extras": 0, "total": 0}}}, {"8.2": {"batsman": "AM Nayar", "bowler": "CH Gayle", "non_striker": "JP Duminy", "runs": {"batsman": 0, "extras": 0, "total": 0}}}, {"8.3": {"batsman": "AM Nayar", "bowler": "CH Gayle", "non_striker": "JP Duminy", "runs": {"batsman": 0, "extras": 0, "total": 0}}}, {"8.4": {"batsman": "AM Nayar", "bowler": "CH Gayle", "non_striker": "JP Duminy", "runs": {"batsman": 1, "extras": 0, "total": 1}}}, {"8.5": {"batsman": "JP Duminy", "bowler": "CH Gayle", "non_striker": "AM Nayar", "runs": {"batsman": 0, "extras": 0, "total": 0}}}, {"8.6": {"batsman": "JP Duminy", "bowler": "CH Gayle", "non_striker": "AM Nayar", "runs": {"batsman": 1, "extras": 0, "total": 1}}}, {"9.1": {"batsman": "JP Duminy", "bowler": "BJ Hodge", "non_striker": "AM Nayar", "runs": {"batsman": 0, "extras": 0, "total": 0}}}, {"9.2": {"batsman": "JP Duminy", "bowler": "BJ Hodge", "non_striker": "AM Nayar", "runs": {"batsman": 1, "extras": 0, "total": 1}}}, {"9.3": {"batsman": "AM Nayar", "bowler": "BJ Hodge", "non_striker": "JP Duminy", "runs": {"batsman": 1, "extras": 0, "total": 1}}}, {"9.4": {"batsman": "JP Duminy", "bowler": "BJ Hodge", "non_striker": "AM Nayar", "runs": {"batsman": 1, "extras": 0, "total": 1}}}, {"9.5": {"batsman": "AM Nayar", "bowler": "BJ Hodge", "non_striker": "JP Duminy", "runs": {"batsman": 1, "extras": 0, "total": 1}}}, {"9.6": {"batsman": "JP Duminy", "bowler": "BJ Hodge", "non_striker": "AM Nayar", "runs": {"batsman": 1, "extras": 0, "total": 1}}}, {"10.1": {"batsman": "JP Duminy", "bowler": "CH Gayle", "non_striker": "AM Nayar", "runs": {"batsman": 1, "extras": 0, "total": 1}}}, {"10.2": {"batsman": "AM Nayar", "bowler": "CH Gayle", "non_striker": "JP Duminy", "runs": {"batsman": 1, "extras": 0, "total": 1}}}, {"10.3": {"batsman": "JP Duminy", "bowler": "CH Gayle", "non_striker": "AM Nayar", "runs": {"batsman": 0, "extras": 0, "total": 0}}}, {"10.4": {"batsman": "JP Duminy", "bowler": "CH Gayle", "non_striker": "AM Nayar", "runs": {"batsman": 0, "extras": 0, "total": 0}}}, {"10.5": {"batsman": "JP Duminy", "bowler": "CH Gayle", "non_striker": "AM Nayar", "runs": {"batsman": 1, "extras": 0, "total": 1}}}, {"10.6": {"batsman": "AM Nayar", "bowler": "CH Gayle", "extras": {"legbyes": 1}, "non_striker": "JP Duminy", "runs": {"batsman": 0, "extras": 1, "total": 1}}}, {"11.1": {"batsman": "AM Nayar", "bowler": "BJ Hodge", "non_striker": "JP Duminy", "runs": {"batsman": 4, "extras": 0, "total": 4}}}, {"11.2": {"batsman": "AM Nayar", "bowler": "BJ Hodge", "non_striker": "JP Duminy", "runs": {"batsman": 1, "extras": 0, "total": 1}}}, {"11.3": {"batsman": "JP Duminy", "bowler": "BJ Hodge", "non_striker": "AM Nayar", "runs": {"batsman": 1, "extras": 0, "total": 1}}}, {"11.4": {"batsman": "AM Nayar", "bowler": "BJ Hodge", "non_striker": "JP Duminy", "runs": {"batsman": 0, "extras": 0, "total": 0}, "wicket": {"kind": "bowled", "player_out": "AM Nayar"}}}, {"11.5": {"batsman": "GR Napier", "bowler": "BJ Hodge", "non_striker": "JP Duminy", "runs": {"batsman": 1, "extras": 0, "total": 1}}}, {"11.6": {"batsman": "JP Duminy", "bowler": "BJ Hodge", "non_striker": "GR Napier", "runs": {"batsman": 1, "extras": 0, "total": 1}}}, {"12.1": {"batsman": "JP Duminy", "bowler": "M Kartik", "non_striker": "GR Napier", "runs": {"batsman": 1, "extras": 0, "total": 1}}}, {"12.2": {"batsman": "GR Napier", "bowler": "M Kartik", "non_striker": "JP Duminy", "runs": {"batsman": 0, "extras": 0, "total": 0}}}, {"12.3": {"batsman": "GR Napier", "bowler": "M Kartik", "non_striker": "JP Duminy", "runs": {"batsman": 2, "extras": 0, "total": 2}}}, {"12.4": {"batsman": "GR Napier", "bowler": "M Kartik", "non_striker": "JP Duminy", "runs": {"batsman": 0, "extras": 0, "total": 0}}}, {"12.5": {"batsman": "GR Napier", "bowler": "M Kartik", "non_striker": "JP Duminy", "runs": {"batsman": 0, "extras": 0, "total": 0}}}, {"12.6": {"batsman": "GR Napier", "bowler": "M Kartik", "non_striker": "JP Duminy", "runs": {"batsman": 0, "extras": 0, "total": 0}}}, {"13.1": {"batsman": "JP Duminy", "bowler": "CH Gayle", "non_striker": "GR Napier", "runs": {"batsman": 1, "extras": 0, "total": 1}}}, {"13.2": {"batsman": "GR Napier", "bowler": "CH Gayle", "non_striker": "JP Duminy", "runs": {"batsman": 1, "extras": 0, "total": 1}}}, {"13.3": {"batsman": "JP Duminy", "bowler": "CH Gayle", "non_striker": "GR Napier", "runs": {"batsman": 1, "extras": 0, "total": 1}}}, {"13.4": {"batsman": "GR Napier", "bowler": "CH Gayle", "non_striker": "JP Duminy", "runs": {"batsman": 2, "extras": 0, "total": 2}}}, {"13.5": {"batsman": "GR Napier", "bowler": "CH Gayle", "non_striker": "JP Duminy", "runs": {"batsman": 0, "extras": 0, "total": 0}}}, {"13.6": {"batsman": "GR Napier", "bowler": "CH Gayle", "non_striker": "JP Duminy", "runs": {"batsman": 2, "extras": 0, "total": 2}}}, {"14.1": {"batsman": "JP Duminy", "bowler": "I Sharma", "non_striker": "GR Napier", "runs": {"batsman": 0, "extras": 0, "total": 0}}}, {"14.2": {"batsman": "JP Duminy", "bowler": "I Sharma", "non_striker": "GR Napier", "runs": {"batsman": 1, "extras": 0, "total": 1}}}, {"14.3": {"batsman": "GR Napier", "bowler": "I Sharma", "non_striker": "JP Duminy", "runs": {"batsman": 1, "extras": 0, "total": 1}}}, {"14.4": {"batsman": "JP Duminy", "bowler": "I Sharma", "non_striker": "GR Napier", "runs": {"batsman": 1, "extras": 0, "total": 1}}}, {"14.5": {"batsman": "GR Napier", "bowler": "I Sharma", "non_striker": "JP Duminy", "runs": {"batsman": 1, "extras": 0, "total": 1}}}, {"14.6": {"batsman": "JP Duminy", "bowler": "I Sharma", "non_striker": "GR Napier", "runs": {"batsman": 1, "extras": 0, "total": 1}}}, {"15.1": {"batsman": "JP Duminy", "bowler": "CH Gayle", "non_striker": "GR Napier", "runs": {"batsman": 1, "extras": 0, "total": 1}}}, {"15.2": {"batsman": "GR Napier", "bowler": "CH Gayle", "non_striker": "JP Duminy", "runs": {"batsman": 0, "extras": 0, "total": 0}}}, {"15.3": {"batsman": "GR Napier", "bowler": "CH Gayle", "non_striker": "JP Duminy", "runs": {"batsman": 1, "extras": 0, "total": 1}}}, {"15.4": {"batsman": "JP Duminy", "bowler": "CH Gayle", "extras": {"wides": 2}, "non_striker": "GR Napier", "runs": {"batsman": 0, "extras": 2, "total": 2}}}, {"15.5": {"batsman": "GR Napier", "bowler": "CH Gayle", "non_striker": "JP Duminy", "runs": {"batsman": 4, "extras": 0, "total": 4}}}, {"15.6": {"batsman": "GR Napier", "bowler": "CH Gayle", "non_striker": "JP Duminy", "runs": {"batsman": 0, "extras": 0, "total": 0}, "wicket": {"fielders": ["BB McCullum"], "kind": "caught", "player_out": "GR Napier"}}}, {"15.7": {"batsman": "JP Duminy", "bowler": "CH Gayle", "non_striker": "AM Rahane", "runs": {"batsman": 1, "extras": 0, "total": 1}}}, {"16.1": {"batsman": "JP Duminy", "bowler": "M Kartik", "non_striker": "AM Rahane", "runs": {"batsman": 1, "extras": 0, "total": 1}}}, {"16.2": {"batsman": "AM Rahane", "bowler": "M Kartik", "non_striker": "JP Duminy", "runs": {"batsman": 1, "extras": 0, "total": 1}}}, {"16.3": {"batsman": "JP Duminy", "bowler": "M Kartik", "non_striker": "AM Rahane", "runs": {"batsman": 4, "extras": 0, "total": 4}}}, {"16.4": {"batsman": "JP Duminy", "bowler": "M Kartik", "extras": {"legbyes": 1}, "non_striker": "AM Rahane", "runs": {"batsman": 0, "extras": 1, "total": 1}}}, {"16.5": {"batsman": "AM Rahane", "bowler": "M Kartik", "non_striker": "JP Duminy", "runs": {"batsman": 1, "extras": 0, "total": 1}}}, {"16.6": {"batsman": "JP Duminy", "bowler": "M Kartik", "non_striker": "AM Rahane", "runs": {"batsman": 1, "extras": 0, "total": 1}}}, {"17.1": {"batsman": "JP Duminy", "bowler": "LR Shukla", "non_striker": "AM Rahane", "runs": {"batsman": 6, "extras": 0, "total": 6}}}, {"17.2": {"batsman": "JP Duminy", "bowler": "LR Shukla", "non_striker": "AM Rahane", "runs": {"batsman": 1, "extras": 0, "total": 1}}}, {"17.3": {"batsman": "AM Rahane", "bowler": "LR Shukla", "non_striker": "JP Duminy", "runs": {"batsman": 1, "extras": 0, "total": 1}}}, {"17.4": {"batsman": "JP Duminy", "bowler": "LR Shukla", "non_striker": "AM Rahane", "runs": {"batsman": 6, "extras": 0, "total": 6}}}, {"17.5": {"batsman": "JP Duminy", "bowler": "LR Shukla", "non_striker": "AM Rahane", "runs": {"batsman": 1, "extras": 0, "total": 1}}}, {"17.6": {"batsman": "AM Rahane", "bowler": "LR Shukla", "non_striker": "JP Duminy", "runs": {"batsman": 1, "extras": 0, "total": 1}}}, {"18.1": {"batsman": "AM Rahane", "bowler": "I Sharma", "non_striker": "JP Duminy", "runs": {"batsman": 4, "extras": 0, "total": 4}}}, {"18.2": {"batsman": "AM Rahane", "bowler": "I Sharma", "extras": {"noballs": 1}, "non_striker": "JP Duminy", "runs": {"batsman": 1, "extras": 1, "total": 2}}}, {"18.3": {"batsman": "JP Duminy", "bowler": "I Sharma", "extras": {"byes": 1}, "non_striker": "AM Rahane", "runs": {"batsman": 0, "extras": 1, "total": 1}}}, {"18.4": {"batsman": "AM Rahane", "bowler": "I Sharma", "non_striker": "JP Duminy", "runs": {"batsman": 1, "extras": 0, "total": 1}}}, {"18.5": {"batsman": "JP Duminy", "bowler": "I Sharma", "non_striker": "AM Rahane", "runs": {"batsman": 1, "extras": 0, "total": 1}}}, {"18.6": {"batsman": "AM Rahane", "bowler": "I Sharma", "non_striker": "JP Duminy", "runs": {"batsman": 0, "extras": 0, "total": 0}, "wicket": {"fielders": ["CH Gayle"], "kind": "caught", "player_out": "AM Rahane"}}}, {"18.7": {"batsman": "JP Duminy", "bowler": "I Sharma", "non_striker": "Z Khan", "runs": {"batsman": 1, "extras": 0, "total": 1}}}, {"19.1": {"batsman": "JP Duminy", "bowler": "AB Dinda", "non_striker": "Z Khan", "runs": {"batsman": 1, "extras": 0, "total": 1}}}, {"19.2": {"batsman": "Z Khan", "bowler": "AB Dinda", "non_striker": "JP Duminy", "runs": {"batsman": 1, "extras": 0, "total": 1}}}, {"19.3": {"batsman": "JP Duminy", "bowler": "AB Dinda", "non_striker": "Z Khan", "runs": {"batsman": 6, "extras": 0, "total": 6}}}, {"19.4": {"batsman": "JP Duminy", "bowler": "AB Dinda", "non_striker": "Z Khan", "runs": {"batsman": 1, "extras": 0, "total": 1}}}, {"19.5": {"batsman": "Z Khan", "bowler": "AB Dinda", "non_striker": "JP Duminy", "runs": {"batsman": 1, "extras": 0, "total": 1}}}, {"19.6": {"batsman": "JP Duminy", "bowler": "AB Dinda", "non_striker": "Z Khan", "runs": {"batsman": 6, "extras": 0, "total": 6}}}]